{
  "id" : "0eb010c0-9422-11ea-ba41-8b3cd48b35eb-48",
  "name" : "seattle-doc-67.txt",
  "createdDate" : 0,
  "version" : 3,
  "text" : "{\n    \"title\": \"Tips for housing\",\n    \"text\": \"Hi everyone,\\n\\nI'll be new to the city and wanted some recommendations on where to live that's convenient enough to travel to UW without a car? I saw some comments on living in Wallingford, Fremont, and East Lake as good options, but I thought it would be nice to hear what you guys have to say. I do want to stray away from the university district - I think I've had my share of undergrad experiences/ drunk weekends (that's what I heard that's like).\\n\\nAny tips would be greatly appreciated :)!\",\n    \"subreddit\": \"Seattle\",\n    \"created\": \"2020-04-10T17:06:28.000Z\"\n}",
  "docLength" : 0,
  "language" : "EN",
  "status" : "IN_PROGRESS",
  "modifiedDate" : 1589331918721,
  "documentSet" : [ ],
  "preannotation" : [ "PRE_LW" ],
  "sentences" : [ {
    "id" : "s0",
    "begin" : 0,
    "end" : 192,
    "text" : "{\n    \"title\": \"Tips for housing\",\n    \"text\": \"Hi everyone,\\n\\nI'll be new to the city and wanted some recommendations on where to live that's convenient enough to travel to UW without a car?",
    "tokens" : [ {
      "id" : "s0-t0",
      "begin" : 0,
      "end" : 1,
      "text" : "{",
      "whiteSpace" : false
    }, {
      "id" : "s0-t1",
      "begin" : 6,
      "end" : 7,
      "text" : "\"",
      "whiteSpace" : false
    }, {
      "id" : "s0-t2",
      "begin" : 7,
      "end" : 12,
      "text" : "title",
      "whiteSpace" : false
    }, {
      "id" : "s0-t3",
      "begin" : 12,
      "end" : 13,
      "text" : "\"",
      "whiteSpace" : false
    }, {
      "id" : "s0-t4",
      "begin" : 13,
      "end" : 14,
      "text" : ":",
      "whiteSpace" : false
    }, {
      "id" : "s0-t5",
      "begin" : 15,
      "end" : 16,
      "text" : "\"",
      "whiteSpace" : false
    }, {
      "id" : "s0-t6",
      "begin" : 16,
      "end" : 20,
      "text" : "Tips",
      "whiteSpace" : false
    }, {
      "id" : "s0-t7",
      "begin" : 21,
      "end" : 24,
      "text" : "for",
      "whiteSpace" : false
    }, {
      "id" : "s0-t8",
      "begin" : 25,
      "end" : 32,
      "text" : "housing",
      "whiteSpace" : false
    }, {
      "id" : "s0-t9",
      "begin" : 32,
      "end" : 33,
      "text" : "\"",
      "whiteSpace" : false
    }, {
      "id" : "s0-t10",
      "begin" : 33,
      "end" : 34,
      "text" : ",",
      "whiteSpace" : false
    }, {
      "id" : "s0-t11",
      "begin" : 39,
      "end" : 40,
      "text" : "\"",
      "whiteSpace" : false
    }, {
      "id" : "s0-t12",
      "begin" : 40,
      "end" : 44,
      "text" : "text",
      "whiteSpace" : false
    }, {
      "id" : "s0-t13",
      "begin" : 44,
      "end" : 45,
      "text" : "\"",
      "whiteSpace" : false
    }, {
      "id" : "s0-t14",
      "begin" : 45,
      "end" : 46,
      "text" : ":",
      "whiteSpace" : false
    }, {
      "id" : "s0-t15",
      "begin" : 47,
      "end" : 48,
      "text" : "\"",
      "whiteSpace" : false
    }, {
      "id" : "s0-t16",
      "begin" : 48,
      "end" : 50,
      "text" : "Hi",
      "whiteSpace" : false
    }, {
      "id" : "s0-t17",
      "begin" : 51,
      "end" : 59,
      "text" : "everyone",
      "whiteSpace" : false
    }, {
      "id" : "s0-t18",
      "begin" : 59,
      "end" : 60,
      "text" : ",",
      "whiteSpace" : false
    }, {
      "id" : "s0-t19",
      "begin" : 60,
      "end" : 62,
      "text" : "\\n",
      "whiteSpace" : false
    }, {
      "id" : "s0-t20",
      "begin" : 62,
      "end" : 65,
      "text" : "\\nI",
      "whiteSpace" : false
    }, {
      "id" : "s0-t21",
      "begin" : 65,
      "end" : 68,
      "text" : "'ll",
      "whiteSpace" : false
    }, {
      "id" : "s0-t22",
      "begin" : 69,
      "end" : 71,
      "text" : "be",
      "whiteSpace" : false
    }, {
      "id" : "s0-t23",
      "begin" : 72,
      "end" : 75,
      "text" : "new",
      "whiteSpace" : false
    }, {
      "id" : "s0-t24",
      "begin" : 76,
      "end" : 78,
      "text" : "to",
      "whiteSpace" : false
    }, {
      "id" : "s0-t25",
      "begin" : 79,
      "end" : 82,
      "text" : "the",
      "whiteSpace" : false
    }, {
      "id" : "s0-t26",
      "begin" : 83,
      "end" : 87,
      "text" : "city",
      "whiteSpace" : false
    }, {
      "id" : "s0-t27",
      "begin" : 88,
      "end" : 91,
      "text" : "and",
      "whiteSpace" : false
    }, {
      "id" : "s0-t28",
      "begin" : 92,
      "end" : 98,
      "text" : "wanted",
      "whiteSpace" : false
    }, {
      "id" : "s0-t29",
      "begin" : 99,
      "end" : 103,
      "text" : "some",
      "whiteSpace" : false
    }, {
      "id" : "s0-t30",
      "begin" : 104,
      "end" : 119,
      "text" : "recommendations",
      "whiteSpace" : false
    }, {
      "id" : "s0-t31",
      "begin" : 120,
      "end" : 122,
      "text" : "on",
      "whiteSpace" : false
    }, {
      "id" : "s0-t32",
      "begin" : 123,
      "end" : 128,
      "text" : "where",
      "whiteSpace" : false
    }, {
      "id" : "s0-t33",
      "begin" : 129,
      "end" : 131,
      "text" : "to",
      "whiteSpace" : false
    }, {
      "id" : "s0-t34",
      "begin" : 132,
      "end" : 136,
      "text" : "live",
      "whiteSpace" : false
    }, {
      "id" : "s0-t35",
      "begin" : 137,
      "end" : 141,
      "text" : "that",
      "whiteSpace" : false
    }, {
      "id" : "s0-t36",
      "begin" : 141,
      "end" : 143,
      "text" : "'s",
      "whiteSpace" : false
    }, {
      "id" : "s0-t37",
      "begin" : 144,
      "end" : 154,
      "text" : "convenient",
      "whiteSpace" : false
    }, {
      "id" : "s0-t38",
      "begin" : 155,
      "end" : 161,
      "text" : "enough",
      "whiteSpace" : false
    }, {
      "id" : "s0-t39",
      "begin" : 162,
      "end" : 164,
      "text" : "to",
      "whiteSpace" : false
    }, {
      "id" : "s0-t40",
      "begin" : 165,
      "end" : 171,
      "text" : "travel",
      "whiteSpace" : false
    }, {
      "id" : "s0-t41",
      "begin" : 172,
      "end" : 174,
      "text" : "to",
      "whiteSpace" : false
    }, {
      "id" : "s0-t42",
      "begin" : 175,
      "end" : 177,
      "text" : "UW",
      "whiteSpace" : false
    }, {
      "id" : "s0-t43",
      "begin" : 178,
      "end" : 185,
      "text" : "without",
      "whiteSpace" : false
    }, {
      "id" : "s0-t44",
      "begin" : 186,
      "end" : 187,
      "text" : "a",
      "whiteSpace" : false
    }, {
      "id" : "s0-t45",
      "begin" : 188,
      "end" : 191,
      "text" : "car",
      "whiteSpace" : false
    }, {
      "id" : "s0-t46",
      "begin" : 191,
      "end" : 192,
      "text" : "?",
      "whiteSpace" : false
    } ]
  }, {
    "id" : "s1",
    "begin" : 193,
    "end" : 344,
    "text" : "I saw some comments on living in Wallingford, Fremont, and East Lake as good options, but I thought it would be nice to hear what you guys have to say.",
    "tokens" : [ {
      "id" : "s1-t0",
      "begin" : 193,
      "end" : 194,
      "text" : "I",
      "whiteSpace" : false
    }, {
      "id" : "s1-t1",
      "begin" : 195,
      "end" : 198,
      "text" : "saw",
      "whiteSpace" : false
    }, {
      "id" : "s1-t2",
      "begin" : 199,
      "end" : 203,
      "text" : "some",
      "whiteSpace" : false
    }, {
      "id" : "s1-t3",
      "begin" : 204,
      "end" : 212,
      "text" : "comments",
      "whiteSpace" : false
    }, {
      "id" : "s1-t4",
      "begin" : 213,
      "end" : 215,
      "text" : "on",
      "whiteSpace" : false
    }, {
      "id" : "s1-t5",
      "begin" : 216,
      "end" : 222,
      "text" : "living",
      "whiteSpace" : false
    }, {
      "id" : "s1-t6",
      "begin" : 223,
      "end" : 225,
      "text" : "in",
      "whiteSpace" : false
    }, {
      "id" : "s1-t7",
      "begin" : 226,
      "end" : 237,
      "text" : "Wallingford",
      "whiteSpace" : false
    }, {
      "id" : "s1-t8",
      "begin" : 237,
      "end" : 238,
      "text" : ",",
      "whiteSpace" : false
    }, {
      "id" : "s1-t9",
      "begin" : 239,
      "end" : 246,
      "text" : "Fremont",
      "whiteSpace" : false
    }, {
      "id" : "s1-t10",
      "begin" : 246,
      "end" : 247,
      "text" : ",",
      "whiteSpace" : false
    }, {
      "id" : "s1-t11",
      "begin" : 248,
      "end" : 251,
      "text" : "and",
      "whiteSpace" : false
    }, {
      "id" : "s1-t12",
      "begin" : 252,
      "end" : 256,
      "text" : "East",
      "whiteSpace" : false
    }, {
      "id" : "s1-t13",
      "begin" : 257,
      "end" : 261,
      "text" : "Lake",
      "whiteSpace" : false
    }, {
      "id" : "s1-t14",
      "begin" : 262,
      "end" : 264,
      "text" : "as",
      "whiteSpace" : false
    }, {
      "id" : "s1-t15",
      "begin" : 265,
      "end" : 269,
      "text" : "good",
      "whiteSpace" : false
    }, {
      "id" : "s1-t16",
      "begin" : 270,
      "end" : 277,
      "text" : "options",
      "whiteSpace" : false
    }, {
      "id" : "s1-t17",
      "begin" : 277,
      "end" : 278,
      "text" : ",",
      "whiteSpace" : false
    }, {
      "id" : "s1-t18",
      "begin" : 279,
      "end" : 282,
      "text" : "but",
      "whiteSpace" : false
    }, {
      "id" : "s1-t19",
      "begin" : 283,
      "end" : 284,
      "text" : "I",
      "whiteSpace" : false
    }, {
      "id" : "s1-t20",
      "begin" : 285,
      "end" : 292,
      "text" : "thought",
      "whiteSpace" : false
    }, {
      "id" : "s1-t21",
      "begin" : 293,
      "end" : 295,
      "text" : "it",
      "whiteSpace" : false
    }, {
      "id" : "s1-t22",
      "begin" : 296,
      "end" : 301,
      "text" : "would",
      "whiteSpace" : false
    }, {
      "id" : "s1-t23",
      "begin" : 302,
      "end" : 304,
      "text" : "be",
      "whiteSpace" : false
    }, {
      "id" : "s1-t24",
      "begin" : 305,
      "end" : 309,
      "text" : "nice",
      "whiteSpace" : false
    }, {
      "id" : "s1-t25",
      "begin" : 310,
      "end" : 312,
      "text" : "to",
      "whiteSpace" : false
    }, {
      "id" : "s1-t26",
      "begin" : 313,
      "end" : 317,
      "text" : "hear",
      "whiteSpace" : false
    }, {
      "id" : "s1-t27",
      "begin" : 318,
      "end" : 322,
      "text" : "what",
      "whiteSpace" : false
    }, {
      "id" : "s1-t28",
      "begin" : 323,
      "end" : 326,
      "text" : "you",
      "whiteSpace" : false
    }, {
      "id" : "s1-t29",
      "begin" : 327,
      "end" : 331,
      "text" : "guys",
      "whiteSpace" : false
    }, {
      "id" : "s1-t30",
      "begin" : 332,
      "end" : 336,
      "text" : "have",
      "whiteSpace" : false
    }, {
      "id" : "s1-t31",
      "begin" : 337,
      "end" : 339,
      "text" : "to",
      "whiteSpace" : false
    }, {
      "id" : "s1-t32",
      "begin" : 340,
      "end" : 343,
      "text" : "say",
      "whiteSpace" : false
    }, {
      "id" : "s1-t33",
      "begin" : 343,
      "end" : 344,
      "text" : ".",
      "whiteSpace" : false
    } ]
  }, {
    "id" : "s2",
    "begin" : 345,
    "end" : 501,
    "text" : "I do want to stray away from the university district - I think I've had my share of undergrad experiences/ drunk weekends (that's what I heard that's like).",
    "tokens" : [ {
      "id" : "s2-t0",
      "begin" : 345,
      "end" : 346,
      "text" : "I",
      "whiteSpace" : false
    }, {
      "id" : "s2-t1",
      "begin" : 347,
      "end" : 349,
      "text" : "do",
      "whiteSpace" : false
    }, {
      "id" : "s2-t2",
      "begin" : 350,
      "end" : 354,
      "text" : "want",
      "whiteSpace" : false
    }, {
      "id" : "s2-t3",
      "begin" : 355,
      "end" : 357,
      "text" : "to",
      "whiteSpace" : false
    }, {
      "id" : "s2-t4",
      "begin" : 358,
      "end" : 363,
      "text" : "stray",
      "whiteSpace" : false
    }, {
      "id" : "s2-t5",
      "begin" : 364,
      "end" : 368,
      "text" : "away",
      "whiteSpace" : false
    }, {
      "id" : "s2-t6",
      "begin" : 369,
      "end" : 373,
      "text" : "from",
      "whiteSpace" : false
    }, {
      "id" : "s2-t7",
      "begin" : 374,
      "end" : 377,
      "text" : "the",
      "whiteSpace" : false
    }, {
      "id" : "s2-t8",
      "begin" : 378,
      "end" : 388,
      "text" : "university",
      "whiteSpace" : false
    }, {
      "id" : "s2-t9",
      "begin" : 389,
      "end" : 397,
      "text" : "district",
      "whiteSpace" : false
    }, {
      "id" : "s2-t10",
      "begin" : 398,
      "end" : 399,
      "text" : "-",
      "whiteSpace" : false
    }, {
      "id" : "s2-t11",
      "begin" : 400,
      "end" : 401,
      "text" : "I",
      "whiteSpace" : false
    }, {
      "id" : "s2-t12",
      "begin" : 402,
      "end" : 407,
      "text" : "think",
      "whiteSpace" : false
    }, {
      "id" : "s2-t13",
      "begin" : 408,
      "end" : 409,
      "text" : "I",
      "whiteSpace" : false
    }, {
      "id" : "s2-t14",
      "begin" : 409,
      "end" : 412,
      "text" : "'ve",
      "whiteSpace" : false
    }, {
      "id" : "s2-t15",
      "begin" : 413,
      "end" : 416,
      "text" : "had",
      "whiteSpace" : false
    }, {
      "id" : "s2-t16",
      "begin" : 417,
      "end" : 419,
      "text" : "my",
      "whiteSpace" : false
    }, {
      "id" : "s2-t17",
      "begin" : 420,
      "end" : 425,
      "text" : "share",
      "whiteSpace" : false
    }, {
      "id" : "s2-t18",
      "begin" : 426,
      "end" : 428,
      "text" : "of",
      "whiteSpace" : false
    }, {
      "id" : "s2-t19",
      "begin" : 429,
      "end" : 438,
      "text" : "undergrad",
      "whiteSpace" : false
    }, {
      "id" : "s2-t20",
      "begin" : 439,
      "end" : 450,
      "text" : "experiences",
      "whiteSpace" : false
    }, {
      "id" : "s2-t21",
      "begin" : 450,
      "end" : 451,
      "text" : "/",
      "whiteSpace" : false
    }, {
      "id" : "s2-t22",
      "begin" : 452,
      "end" : 457,
      "text" : "drunk",
      "whiteSpace" : false
    }, {
      "id" : "s2-t23",
      "begin" : 458,
      "end" : 466,
      "text" : "weekends",
      "whiteSpace" : false
    }, {
      "id" : "s2-t24",
      "begin" : 467,
      "end" : 468,
      "text" : "(",
      "whiteSpace" : false
    }, {
      "id" : "s2-t25",
      "begin" : 468,
      "end" : 472,
      "text" : "that",
      "whiteSpace" : false
    }, {
      "id" : "s2-t26",
      "begin" : 472,
      "end" : 474,
      "text" : "'s",
      "whiteSpace" : false
    }, {
      "id" : "s2-t27",
      "begin" : 475,
      "end" : 479,
      "text" : "what",
      "whiteSpace" : false
    }, {
      "id" : "s2-t28",
      "begin" : 480,
      "end" : 481,
      "text" : "I",
      "whiteSpace" : false
    }, {
      "id" : "s2-t29",
      "begin" : 482,
      "end" : 487,
      "text" : "heard",
      "whiteSpace" : false
    }, {
      "id" : "s2-t30",
      "begin" : 488,
      "end" : 492,
      "text" : "that",
      "whiteSpace" : false
    }, {
      "id" : "s2-t31",
      "begin" : 492,
      "end" : 494,
      "text" : "'s",
      "whiteSpace" : false
    }, {
      "id" : "s2-t32",
      "begin" : 495,
      "end" : 499,
      "text" : "like",
      "whiteSpace" : false
    }, {
      "id" : "s2-t33",
      "begin" : 499,
      "end" : 500,
      "text" : ")",
      "whiteSpace" : false
    }, {
      "id" : "s2-t34",
      "begin" : 500,
      "end" : 501,
      "text" : ".",
      "whiteSpace" : false
    } ]
  }, {
    "id" : "s3",
    "begin" : 501,
    "end" : 546,
    "text" : "\\n\\nAny tips would be greatly appreciated :)!",
    "tokens" : [ {
      "id" : "s3-t0",
      "begin" : 501,
      "end" : 503,
      "text" : "\\n",
      "whiteSpace" : false
    }, {
      "id" : "s3-t1",
      "begin" : 503,
      "end" : 508,
      "text" : "\\nAny",
      "whiteSpace" : false
    }, {
      "id" : "s3-t2",
      "begin" : 509,
      "end" : 513,
      "text" : "tips",
      "whiteSpace" : false
    }, {
      "id" : "s3-t3",
      "begin" : 514,
      "end" : 519,
      "text" : "would",
      "whiteSpace" : false
    }, {
      "id" : "s3-t4",
      "begin" : 520,
      "end" : 522,
      "text" : "be",
      "whiteSpace" : false
    }, {
      "id" : "s3-t5",
      "begin" : 523,
      "end" : 530,
      "text" : "greatly",
      "whiteSpace" : false
    }, {
      "id" : "s3-t6",
      "begin" : 531,
      "end" : 542,
      "text" : "appreciated",
      "whiteSpace" : false
    }, {
      "id" : "s3-t7",
      "begin" : 543,
      "end" : 544,
      "text" : ":",
      "whiteSpace" : false
    }, {
      "id" : "s3-t8",
      "begin" : 544,
      "end" : 545,
      "text" : ")",
      "whiteSpace" : false
    }, {
      "id" : "s3-t9",
      "begin" : 545,
      "end" : 546,
      "text" : "!",
      "whiteSpace" : false
    } ]
  }, {
    "id" : "s4",
    "begin" : 546,
    "end" : 620,
    "text" : "\",\n    \"subreddit\": \"Seattle\",\n    \"created\": \"2020-04-10T17:06:28.000Z\"\n}",
    "tokens" : [ {
      "id" : "s4-t0",
      "begin" : 546,
      "end" : 547,
      "text" : "\"",
      "whiteSpace" : false
    }, {
      "id" : "s4-t1",
      "begin" : 547,
      "end" : 548,
      "text" : ",",
      "whiteSpace" : false
    }, {
      "id" : "s4-t2",
      "begin" : 553,
      "end" : 554,
      "text" : "\"",
      "whiteSpace" : false
    }, {
      "id" : "s4-t3",
      "begin" : 554,
      "end" : 563,
      "text" : "subreddit",
      "whiteSpace" : false
    }, {
      "id" : "s4-t4",
      "begin" : 563,
      "end" : 564,
      "text" : "\"",
      "whiteSpace" : false
    }, {
      "id" : "s4-t5",
      "begin" : 564,
      "end" : 565,
      "text" : ":",
      "whiteSpace" : false
    }, {
      "id" : "s4-t6",
      "begin" : 566,
      "end" : 567,
      "text" : "\"",
      "whiteSpace" : false
    }, {
      "id" : "s4-t7",
      "begin" : 567,
      "end" : 574,
      "text" : "Seattle",
      "whiteSpace" : false
    }, {
      "id" : "s4-t8",
      "begin" : 574,
      "end" : 575,
      "text" : "\"",
      "whiteSpace" : false
    }, {
      "id" : "s4-t9",
      "begin" : 575,
      "end" : 576,
      "text" : ",",
      "whiteSpace" : false
    }, {
      "id" : "s4-t10",
      "begin" : 581,
      "end" : 582,
      "text" : "\"",
      "whiteSpace" : false
    }, {
      "id" : "s4-t11",
      "begin" : 582,
      "end" : 589,
      "text" : "created",
      "whiteSpace" : false
    }, {
      "id" : "s4-t12",
      "begin" : 589,
      "end" : 590,
      "text" : "\"",
      "whiteSpace" : false
    }, {
      "id" : "s4-t13",
      "begin" : 590,
      "end" : 591,
      "text" : ":",
      "whiteSpace" : false
    }, {
      "id" : "s4-t14",
      "begin" : 592,
      "end" : 593,
      "text" : "\"",
      "whiteSpace" : false
    }, {
      "id" : "s4-t15",
      "begin" : 593,
      "end" : 617,
      "text" : "2020-04-10T17:06:28.000Z",
      "whiteSpace" : false
    }, {
      "id" : "s4-t16",
      "begin" : 617,
      "end" : 618,
      "text" : "\"",
      "whiteSpace" : false
    }, {
      "id" : "s4-t17",
      "begin" : 619,
      "end" : 620,
      "text" : "}",
      "whiteSpace" : false
    } ]
  } ],
  "mentions" : [ {
    "id" : "s0-m1",
    "properties" : {
      "SIRE_MENTION_ROLE" : "No_Vehicle",
      "SIRE_ENTITY_SUBTYPE" : "NONE",
      "SIRE_MENTION_TYPE" : "NONE",
      "SIRE_MENTION_CLASS" : "SPC"
    },
    "type" : "No_Vehicle",
    "begin" : 178,
    "end" : 191,
    "inCoref" : false
  } ],
  "relations" : [ ],
  "corefs" : [ ],
  "typeResolved" : true,
  "userResolved" : false
}