{
  "id" : "0eb010c0-9422-11ea-ba41-8b3cd48b35eb-99",
  "name" : "seattle-doc-18.txt",
  "createdDate" : 0,
  "version" : 3,
  "text" : "{\n    \"title\": \"Wa state taking away the extra 600 a week from unemployment\",\n    \"text\": \"So I went to file my weekly claim last night and on the application it said if your getting regular unemployment you can’t qialify for anything else wtf is going on we have been told for weeks we are getting an extra 600 per week on top of our weekly claims now they r taking it away what the fuck is going on\",\n    \"subreddit\": \"Seattle\",\n    \"created\": \"2020-04-20T03:50:48.000Z\"\n}",
  "docLength" : 0,
  "language" : "EN",
  "status" : "IN_PROGRESS",
  "modifiedDate" : 1589334568359,
  "documentSet" : [ ],
  "preannotation" : [ "PRE_LW" ],
  "sentences" : [ {
    "id" : "s0",
    "begin" : 0,
    "end" : 474,
    "text" : "{\n    \"title\": \"Wa state taking away the extra 600 a week from unemployment\",\n    \"text\": \"So I went to file my weekly claim last night and on the application it said if your getting regular unemployment you can’t qialify for anything else wtf is going on we have been told for weeks we are getting an extra 600 per week on top of our weekly claims now they r taking it away what the fuck is going on\",\n    \"subreddit\": \"Seattle\",\n    \"created\": \"2020-04-20T03:50:48.000Z\"\n}",
    "tokens" : [ {
      "id" : "s0-t0",
      "begin" : 0,
      "end" : 1,
      "text" : "{",
      "whiteSpace" : false
    }, {
      "id" : "s0-t1",
      "begin" : 6,
      "end" : 7,
      "text" : "\"",
      "whiteSpace" : false
    }, {
      "id" : "s0-t2",
      "begin" : 7,
      "end" : 12,
      "text" : "title",
      "whiteSpace" : false
    }, {
      "id" : "s0-t3",
      "begin" : 12,
      "end" : 13,
      "text" : "\"",
      "whiteSpace" : false
    }, {
      "id" : "s0-t4",
      "begin" : 13,
      "end" : 14,
      "text" : ":",
      "whiteSpace" : false
    }, {
      "id" : "s0-t5",
      "begin" : 15,
      "end" : 16,
      "text" : "\"",
      "whiteSpace" : false
    }, {
      "id" : "s0-t6",
      "begin" : 16,
      "end" : 18,
      "text" : "Wa",
      "whiteSpace" : false
    }, {
      "id" : "s0-t7",
      "begin" : 19,
      "end" : 24,
      "text" : "state",
      "whiteSpace" : false
    }, {
      "id" : "s0-t8",
      "begin" : 25,
      "end" : 31,
      "text" : "taking",
      "whiteSpace" : false
    }, {
      "id" : "s0-t9",
      "begin" : 32,
      "end" : 36,
      "text" : "away",
      "whiteSpace" : false
    }, {
      "id" : "s0-t10",
      "begin" : 37,
      "end" : 40,
      "text" : "the",
      "whiteSpace" : false
    }, {
      "id" : "s0-t11",
      "begin" : 41,
      "end" : 46,
      "text" : "extra",
      "whiteSpace" : false
    }, {
      "id" : "s0-t12",
      "begin" : 47,
      "end" : 50,
      "text" : "600",
      "whiteSpace" : false
    }, {
      "id" : "s0-t13",
      "begin" : 51,
      "end" : 52,
      "text" : "a",
      "whiteSpace" : false
    }, {
      "id" : "s0-t14",
      "begin" : 53,
      "end" : 57,
      "text" : "week",
      "whiteSpace" : false
    }, {
      "id" : "s0-t15",
      "begin" : 58,
      "end" : 62,
      "text" : "from",
      "whiteSpace" : false
    }, {
      "id" : "s0-t16",
      "begin" : 63,
      "end" : 75,
      "text" : "unemployment",
      "whiteSpace" : false
    }, {
      "id" : "s0-t17",
      "begin" : 75,
      "end" : 76,
      "text" : "\"",
      "whiteSpace" : false
    }, {
      "id" : "s0-t18",
      "begin" : 76,
      "end" : 77,
      "text" : ",",
      "whiteSpace" : false
    }, {
      "id" : "s0-t19",
      "begin" : 82,
      "end" : 83,
      "text" : "\"",
      "whiteSpace" : false
    }, {
      "id" : "s0-t20",
      "begin" : 83,
      "end" : 87,
      "text" : "text",
      "whiteSpace" : false
    }, {
      "id" : "s0-t21",
      "begin" : 87,
      "end" : 88,
      "text" : "\"",
      "whiteSpace" : false
    }, {
      "id" : "s0-t22",
      "begin" : 88,
      "end" : 89,
      "text" : ":",
      "whiteSpace" : false
    }, {
      "id" : "s0-t23",
      "begin" : 90,
      "end" : 91,
      "text" : "\"",
      "whiteSpace" : false
    }, {
      "id" : "s0-t24",
      "begin" : 91,
      "end" : 93,
      "text" : "So",
      "whiteSpace" : false
    }, {
      "id" : "s0-t25",
      "begin" : 94,
      "end" : 95,
      "text" : "I",
      "whiteSpace" : false
    }, {
      "id" : "s0-t26",
      "begin" : 96,
      "end" : 100,
      "text" : "went",
      "whiteSpace" : false
    }, {
      "id" : "s0-t27",
      "begin" : 101,
      "end" : 103,
      "text" : "to",
      "whiteSpace" : false
    }, {
      "id" : "s0-t28",
      "begin" : 104,
      "end" : 108,
      "text" : "file",
      "whiteSpace" : false
    }, {
      "id" : "s0-t29",
      "begin" : 109,
      "end" : 111,
      "text" : "my",
      "whiteSpace" : false
    }, {
      "id" : "s0-t30",
      "begin" : 112,
      "end" : 118,
      "text" : "weekly",
      "whiteSpace" : false
    }, {
      "id" : "s0-t31",
      "begin" : 119,
      "end" : 124,
      "text" : "claim",
      "whiteSpace" : false
    }, {
      "id" : "s0-t32",
      "begin" : 125,
      "end" : 129,
      "text" : "last",
      "whiteSpace" : false
    }, {
      "id" : "s0-t33",
      "begin" : 130,
      "end" : 135,
      "text" : "night",
      "whiteSpace" : false
    }, {
      "id" : "s0-t34",
      "begin" : 136,
      "end" : 139,
      "text" : "and",
      "whiteSpace" : false
    }, {
      "id" : "s0-t35",
      "begin" : 140,
      "end" : 142,
      "text" : "on",
      "whiteSpace" : false
    }, {
      "id" : "s0-t36",
      "begin" : 143,
      "end" : 146,
      "text" : "the",
      "whiteSpace" : false
    }, {
      "id" : "s0-t37",
      "begin" : 147,
      "end" : 158,
      "text" : "application",
      "whiteSpace" : false
    }, {
      "id" : "s0-t38",
      "begin" : 159,
      "end" : 161,
      "text" : "it",
      "whiteSpace" : false
    }, {
      "id" : "s0-t39",
      "begin" : 162,
      "end" : 166,
      "text" : "said",
      "whiteSpace" : false
    }, {
      "id" : "s0-t40",
      "begin" : 167,
      "end" : 169,
      "text" : "if",
      "whiteSpace" : false
    }, {
      "id" : "s0-t41",
      "begin" : 170,
      "end" : 174,
      "text" : "your",
      "whiteSpace" : false
    }, {
      "id" : "s0-t42",
      "begin" : 175,
      "end" : 182,
      "text" : "getting",
      "whiteSpace" : false
    }, {
      "id" : "s0-t43",
      "begin" : 183,
      "end" : 190,
      "text" : "regular",
      "whiteSpace" : false
    }, {
      "id" : "s0-t44",
      "begin" : 191,
      "end" : 203,
      "text" : "unemployment",
      "whiteSpace" : false
    }, {
      "id" : "s0-t45",
      "begin" : 204,
      "end" : 207,
      "text" : "you",
      "whiteSpace" : false
    }, {
      "id" : "s0-t46",
      "begin" : 208,
      "end" : 210,
      "text" : "ca",
      "whiteSpace" : false
    }, {
      "id" : "s0-t47",
      "begin" : 210,
      "end" : 213,
      "text" : "n’t",
      "whiteSpace" : false
    }, {
      "id" : "s0-t48",
      "begin" : 214,
      "end" : 221,
      "text" : "qialify",
      "whiteSpace" : false
    }, {
      "id" : "s0-t49",
      "begin" : 222,
      "end" : 225,
      "text" : "for",
      "whiteSpace" : false
    }, {
      "id" : "s0-t50",
      "begin" : 226,
      "end" : 234,
      "text" : "anything",
      "whiteSpace" : false
    }, {
      "id" : "s0-t51",
      "begin" : 235,
      "end" : 239,
      "text" : "else",
      "whiteSpace" : false
    }, {
      "id" : "s0-t52",
      "begin" : 240,
      "end" : 243,
      "text" : "wtf",
      "whiteSpace" : false
    }, {
      "id" : "s0-t53",
      "begin" : 244,
      "end" : 246,
      "text" : "is",
      "whiteSpace" : false
    }, {
      "id" : "s0-t54",
      "begin" : 247,
      "end" : 252,
      "text" : "going",
      "whiteSpace" : false
    }, {
      "id" : "s0-t55",
      "begin" : 253,
      "end" : 255,
      "text" : "on",
      "whiteSpace" : false
    }, {
      "id" : "s0-t56",
      "begin" : 256,
      "end" : 258,
      "text" : "we",
      "whiteSpace" : false
    }, {
      "id" : "s0-t57",
      "begin" : 259,
      "end" : 263,
      "text" : "have",
      "whiteSpace" : false
    }, {
      "id" : "s0-t58",
      "begin" : 264,
      "end" : 268,
      "text" : "been",
      "whiteSpace" : false
    }, {
      "id" : "s0-t59",
      "begin" : 269,
      "end" : 273,
      "text" : "told",
      "whiteSpace" : false
    }, {
      "id" : "s0-t60",
      "begin" : 274,
      "end" : 277,
      "text" : "for",
      "whiteSpace" : false
    }, {
      "id" : "s0-t61",
      "begin" : 278,
      "end" : 283,
      "text" : "weeks",
      "whiteSpace" : false
    }, {
      "id" : "s0-t62",
      "begin" : 284,
      "end" : 286,
      "text" : "we",
      "whiteSpace" : false
    }, {
      "id" : "s0-t63",
      "begin" : 287,
      "end" : 290,
      "text" : "are",
      "whiteSpace" : false
    }, {
      "id" : "s0-t64",
      "begin" : 291,
      "end" : 298,
      "text" : "getting",
      "whiteSpace" : false
    }, {
      "id" : "s0-t65",
      "begin" : 299,
      "end" : 301,
      "text" : "an",
      "whiteSpace" : false
    }, {
      "id" : "s0-t66",
      "begin" : 302,
      "end" : 307,
      "text" : "extra",
      "whiteSpace" : false
    }, {
      "id" : "s0-t67",
      "begin" : 308,
      "end" : 311,
      "text" : "600",
      "whiteSpace" : false
    }, {
      "id" : "s0-t68",
      "begin" : 312,
      "end" : 315,
      "text" : "per",
      "whiteSpace" : false
    }, {
      "id" : "s0-t69",
      "begin" : 316,
      "end" : 320,
      "text" : "week",
      "whiteSpace" : false
    }, {
      "id" : "s0-t70",
      "begin" : 321,
      "end" : 323,
      "text" : "on",
      "whiteSpace" : false
    }, {
      "id" : "s0-t71",
      "begin" : 324,
      "end" : 327,
      "text" : "top",
      "whiteSpace" : false
    }, {
      "id" : "s0-t72",
      "begin" : 328,
      "end" : 330,
      "text" : "of",
      "whiteSpace" : false
    }, {
      "id" : "s0-t73",
      "begin" : 331,
      "end" : 334,
      "text" : "our",
      "whiteSpace" : false
    }, {
      "id" : "s0-t74",
      "begin" : 335,
      "end" : 341,
      "text" : "weekly",
      "whiteSpace" : false
    }, {
      "id" : "s0-t75",
      "begin" : 342,
      "end" : 348,
      "text" : "claims",
      "whiteSpace" : false
    }, {
      "id" : "s0-t76",
      "begin" : 349,
      "end" : 352,
      "text" : "now",
      "whiteSpace" : false
    }, {
      "id" : "s0-t77",
      "begin" : 353,
      "end" : 357,
      "text" : "they",
      "whiteSpace" : false
    }, {
      "id" : "s0-t78",
      "begin" : 358,
      "end" : 359,
      "text" : "r",
      "whiteSpace" : false
    }, {
      "id" : "s0-t79",
      "begin" : 360,
      "end" : 366,
      "text" : "taking",
      "whiteSpace" : false
    }, {
      "id" : "s0-t80",
      "begin" : 367,
      "end" : 369,
      "text" : "it",
      "whiteSpace" : false
    }, {
      "id" : "s0-t81",
      "begin" : 370,
      "end" : 374,
      "text" : "away",
      "whiteSpace" : false
    }, {
      "id" : "s0-t82",
      "begin" : 375,
      "end" : 379,
      "text" : "what",
      "whiteSpace" : false
    }, {
      "id" : "s0-t83",
      "begin" : 380,
      "end" : 383,
      "text" : "the",
      "whiteSpace" : false
    }, {
      "id" : "s0-t84",
      "begin" : 384,
      "end" : 388,
      "text" : "fuck",
      "whiteSpace" : false
    }, {
      "id" : "s0-t85",
      "begin" : 389,
      "end" : 391,
      "text" : "is",
      "whiteSpace" : false
    }, {
      "id" : "s0-t86",
      "begin" : 392,
      "end" : 397,
      "text" : "going",
      "whiteSpace" : false
    }, {
      "id" : "s0-t87",
      "begin" : 398,
      "end" : 400,
      "text" : "on",
      "whiteSpace" : false
    }, {
      "id" : "s0-t88",
      "begin" : 400,
      "end" : 401,
      "text" : "\"",
      "whiteSpace" : false
    }, {
      "id" : "s0-t89",
      "begin" : 401,
      "end" : 402,
      "text" : ",",
      "whiteSpace" : false
    }, {
      "id" : "s0-t90",
      "begin" : 407,
      "end" : 408,
      "text" : "\"",
      "whiteSpace" : false
    }, {
      "id" : "s0-t91",
      "begin" : 408,
      "end" : 417,
      "text" : "subreddit",
      "whiteSpace" : false
    }, {
      "id" : "s0-t92",
      "begin" : 417,
      "end" : 418,
      "text" : "\"",
      "whiteSpace" : false
    }, {
      "id" : "s0-t93",
      "begin" : 418,
      "end" : 419,
      "text" : ":",
      "whiteSpace" : false
    }, {
      "id" : "s0-t94",
      "begin" : 420,
      "end" : 421,
      "text" : "\"",
      "whiteSpace" : false
    }, {
      "id" : "s0-t95",
      "begin" : 421,
      "end" : 428,
      "text" : "Seattle",
      "whiteSpace" : false
    }, {
      "id" : "s0-t96",
      "begin" : 428,
      "end" : 429,
      "text" : "\"",
      "whiteSpace" : false
    }, {
      "id" : "s0-t97",
      "begin" : 429,
      "end" : 430,
      "text" : ",",
      "whiteSpace" : false
    }, {
      "id" : "s0-t98",
      "begin" : 435,
      "end" : 436,
      "text" : "\"",
      "whiteSpace" : false
    }, {
      "id" : "s0-t99",
      "begin" : 436,
      "end" : 443,
      "text" : "created",
      "whiteSpace" : false
    }, {
      "id" : "s0-t100",
      "begin" : 443,
      "end" : 444,
      "text" : "\"",
      "whiteSpace" : false
    }, {
      "id" : "s0-t101",
      "begin" : 444,
      "end" : 445,
      "text" : ":",
      "whiteSpace" : false
    }, {
      "id" : "s0-t102",
      "begin" : 446,
      "end" : 447,
      "text" : "\"",
      "whiteSpace" : false
    }, {
      "id" : "s0-t103",
      "begin" : 447,
      "end" : 471,
      "text" : "2020-04-20T03:50:48.000Z",
      "whiteSpace" : false
    }, {
      "id" : "s0-t104",
      "begin" : 471,
      "end" : 472,
      "text" : "\"",
      "whiteSpace" : false
    }, {
      "id" : "s0-t105",
      "begin" : 473,
      "end" : 474,
      "text" : "}",
      "whiteSpace" : false
    } ]
  } ],
  "mentions" : [ {
    "id" : "m1",
    "properties" : {
      "SIRE_MENTION_TYPE" : "NONE",
      "SIRE_MENTION_ROLE" : "Unemployed",
      "SIRE_MENTION_CLASS" : "SPC",
      "SIRE_ENTITY_SUBTYPE" : "NONE"
    },
    "type" : "Unemployed",
    "begin" : 63,
    "end" : 75,
    "inCoref" : false
  }, {
    "id" : "s0-m4",
    "properties" : {
      "SIRE_MENTION_ROLE" : "Unemployed",
      "SIRE_ENTITY_SUBTYPE" : "NONE",
      "SIRE_MENTION_TYPE" : "NONE",
      "SIRE_MENTION_CLASS" : "SPC"
    },
    "type" : "Unemployed",
    "begin" : 109,
    "end" : 124,
    "inCoref" : false
  }, {
    "id" : "m2",
    "properties" : {
      "SIRE_MENTION_TYPE" : "NONE",
      "SIRE_MENTION_ROLE" : "Unemployed",
      "SIRE_MENTION_CLASS" : "SPC",
      "SIRE_ENTITY_SUBTYPE" : "NONE"
    },
    "type" : "Unemployed",
    "begin" : 191,
    "end" : 203,
    "inCoref" : false
  }, {
    "id" : "m3",
    "properties" : {
      "SIRE_MENTION_TYPE" : "NONE",
      "SIRE_MENTION_ROLE" : "Unemployed",
      "SIRE_MENTION_CLASS" : "SPC",
      "SIRE_ENTITY_SUBTYPE" : "NONE"
    },
    "type" : "Unemployed",
    "begin" : 335,
    "end" : 348,
    "inCoref" : false
  } ],
  "relations" : [ ],
  "corefs" : [ ],
  "typeResolved" : true,
  "userResolved" : false
}