{
  "id" : "0eb010c0-9422-11ea-ba41-8b3cd48b35eb-57",
  "name" : "seattle-doc-60.txt",
  "createdDate" : 0,
  "version" : 3,
  "text" : "{\n    \"title\": \"Looking for advice on best Seattle neighborhood\",\n    \"text\": \"I am looking to rent a house somewhere in Seattle or a surrounding town. Any advice on neighborhoods/towns that fit the following?:\\n1. Single family rental home <$2,700 \\n2. Ideally no more than a 30-45 min bus or bike ride to downtown/south lake union \\n3. Safe (feel safe as a woman walking around or taking dog out at night)\\n4. Preferably has a suburban feel (not a lot of businesses, quiet, near nature, etc) \\n5. Beach, lake, or trail access within walking distance \\n\\nThank you!\",\n    \"subreddit\": \"Seattle\",\n    \"created\": \"2020-04-25T04:05:19.000Z\"\n}",
  "docLength" : 0,
  "language" : "EN",
  "status" : "IN_PROGRESS",
  "modifiedDate" : 1589327908844,
  "documentSet" : [ ],
  "preannotation" : [ "PRE_LW" ],
  "sentences" : [ {
    "id" : "s0",
    "begin" : 0,
    "end" : 151,
    "text" : "{\n    \"title\": \"Looking for advice on best Seattle neighborhood\",\n    \"text\": \"I am looking to rent a house somewhere in Seattle or a surrounding town.",
    "tokens" : [ {
      "id" : "s0-t0",
      "begin" : 0,
      "end" : 1,
      "text" : "{",
      "whiteSpace" : false
    }, {
      "id" : "s0-t1",
      "begin" : 6,
      "end" : 7,
      "text" : "\"",
      "whiteSpace" : false
    }, {
      "id" : "s0-t2",
      "begin" : 7,
      "end" : 12,
      "text" : "title",
      "whiteSpace" : false
    }, {
      "id" : "s0-t3",
      "begin" : 12,
      "end" : 13,
      "text" : "\"",
      "whiteSpace" : false
    }, {
      "id" : "s0-t4",
      "begin" : 13,
      "end" : 14,
      "text" : ":",
      "whiteSpace" : false
    }, {
      "id" : "s0-t5",
      "begin" : 15,
      "end" : 16,
      "text" : "\"",
      "whiteSpace" : false
    }, {
      "id" : "s0-t6",
      "begin" : 16,
      "end" : 23,
      "text" : "Looking",
      "whiteSpace" : false
    }, {
      "id" : "s0-t7",
      "begin" : 24,
      "end" : 27,
      "text" : "for",
      "whiteSpace" : false
    }, {
      "id" : "s0-t8",
      "begin" : 28,
      "end" : 34,
      "text" : "advice",
      "whiteSpace" : false
    }, {
      "id" : "s0-t9",
      "begin" : 35,
      "end" : 37,
      "text" : "on",
      "whiteSpace" : false
    }, {
      "id" : "s0-t10",
      "begin" : 38,
      "end" : 42,
      "text" : "best",
      "whiteSpace" : false
    }, {
      "id" : "s0-t11",
      "begin" : 43,
      "end" : 50,
      "text" : "Seattle",
      "whiteSpace" : false
    }, {
      "id" : "s0-t12",
      "begin" : 51,
      "end" : 63,
      "text" : "neighborhood",
      "whiteSpace" : false
    }, {
      "id" : "s0-t13",
      "begin" : 63,
      "end" : 64,
      "text" : "\"",
      "whiteSpace" : false
    }, {
      "id" : "s0-t14",
      "begin" : 64,
      "end" : 65,
      "text" : ",",
      "whiteSpace" : false
    }, {
      "id" : "s0-t15",
      "begin" : 70,
      "end" : 71,
      "text" : "\"",
      "whiteSpace" : false
    }, {
      "id" : "s0-t16",
      "begin" : 71,
      "end" : 75,
      "text" : "text",
      "whiteSpace" : false
    }, {
      "id" : "s0-t17",
      "begin" : 75,
      "end" : 76,
      "text" : "\"",
      "whiteSpace" : false
    }, {
      "id" : "s0-t18",
      "begin" : 76,
      "end" : 77,
      "text" : ":",
      "whiteSpace" : false
    }, {
      "id" : "s0-t19",
      "begin" : 78,
      "end" : 79,
      "text" : "\"",
      "whiteSpace" : false
    }, {
      "id" : "s0-t20",
      "begin" : 79,
      "end" : 80,
      "text" : "I",
      "whiteSpace" : false
    }, {
      "id" : "s0-t21",
      "begin" : 81,
      "end" : 83,
      "text" : "am",
      "whiteSpace" : false
    }, {
      "id" : "s0-t22",
      "begin" : 84,
      "end" : 91,
      "text" : "looking",
      "whiteSpace" : false
    }, {
      "id" : "s0-t23",
      "begin" : 92,
      "end" : 94,
      "text" : "to",
      "whiteSpace" : false
    }, {
      "id" : "s0-t24",
      "begin" : 95,
      "end" : 99,
      "text" : "rent",
      "whiteSpace" : false
    }, {
      "id" : "s0-t25",
      "begin" : 100,
      "end" : 101,
      "text" : "a",
      "whiteSpace" : false
    }, {
      "id" : "s0-t26",
      "begin" : 102,
      "end" : 107,
      "text" : "house",
      "whiteSpace" : false
    }, {
      "id" : "s0-t27",
      "begin" : 108,
      "end" : 117,
      "text" : "somewhere",
      "whiteSpace" : false
    }, {
      "id" : "s0-t28",
      "begin" : 118,
      "end" : 120,
      "text" : "in",
      "whiteSpace" : false
    }, {
      "id" : "s0-t29",
      "begin" : 121,
      "end" : 128,
      "text" : "Seattle",
      "whiteSpace" : false
    }, {
      "id" : "s0-t30",
      "begin" : 129,
      "end" : 131,
      "text" : "or",
      "whiteSpace" : false
    }, {
      "id" : "s0-t31",
      "begin" : 132,
      "end" : 133,
      "text" : "a",
      "whiteSpace" : false
    }, {
      "id" : "s0-t32",
      "begin" : 134,
      "end" : 145,
      "text" : "surrounding",
      "whiteSpace" : false
    }, {
      "id" : "s0-t33",
      "begin" : 146,
      "end" : 150,
      "text" : "town",
      "whiteSpace" : false
    }, {
      "id" : "s0-t34",
      "begin" : 150,
      "end" : 151,
      "text" : ".",
      "whiteSpace" : false
    } ]
  }, {
    "id" : "s1",
    "begin" : 152,
    "end" : 209,
    "text" : "Any advice on neighborhoods/towns that fit the following?",
    "tokens" : [ {
      "id" : "s1-t0",
      "begin" : 152,
      "end" : 155,
      "text" : "Any",
      "whiteSpace" : false
    }, {
      "id" : "s1-t1",
      "begin" : 156,
      "end" : 162,
      "text" : "advice",
      "whiteSpace" : false
    }, {
      "id" : "s1-t2",
      "begin" : 163,
      "end" : 165,
      "text" : "on",
      "whiteSpace" : false
    }, {
      "id" : "s1-t3",
      "begin" : 166,
      "end" : 179,
      "text" : "neighborhoods",
      "whiteSpace" : false
    }, {
      "id" : "s1-t4",
      "begin" : 179,
      "end" : 180,
      "text" : "/",
      "whiteSpace" : false
    }, {
      "id" : "s1-t5",
      "begin" : 180,
      "end" : 185,
      "text" : "towns",
      "whiteSpace" : false
    }, {
      "id" : "s1-t6",
      "begin" : 186,
      "end" : 190,
      "text" : "that",
      "whiteSpace" : false
    }, {
      "id" : "s1-t7",
      "begin" : 191,
      "end" : 194,
      "text" : "fit",
      "whiteSpace" : false
    }, {
      "id" : "s1-t8",
      "begin" : 195,
      "end" : 198,
      "text" : "the",
      "whiteSpace" : false
    }, {
      "id" : "s1-t9",
      "begin" : 199,
      "end" : 208,
      "text" : "following",
      "whiteSpace" : false
    }, {
      "id" : "s1-t10",
      "begin" : 208,
      "end" : 209,
      "text" : "?",
      "whiteSpace" : false
    } ]
  }, {
    "id" : "s2",
    "begin" : 209,
    "end" : 214,
    "text" : ":\\n1.",
    "tokens" : [ {
      "id" : "s2-t0",
      "begin" : 209,
      "end" : 210,
      "text" : ":",
      "whiteSpace" : false
    }, {
      "id" : "s2-t1",
      "begin" : 210,
      "end" : 213,
      "text" : "\\n1",
      "whiteSpace" : false
    }, {
      "id" : "s2-t2",
      "begin" : 213,
      "end" : 214,
      "text" : ".",
      "whiteSpace" : false
    } ]
  }, {
    "id" : "s3",
    "begin" : 215,
    "end" : 253,
    "text" : "Single family rental home <$2,700 \\n2.",
    "tokens" : [ {
      "id" : "s3-t0",
      "begin" : 215,
      "end" : 221,
      "text" : "Single",
      "whiteSpace" : false
    }, {
      "id" : "s3-t1",
      "begin" : 222,
      "end" : 228,
      "text" : "family",
      "whiteSpace" : false
    }, {
      "id" : "s3-t2",
      "begin" : 229,
      "end" : 235,
      "text" : "rental",
      "whiteSpace" : false
    }, {
      "id" : "s3-t3",
      "begin" : 236,
      "end" : 240,
      "text" : "home",
      "whiteSpace" : false
    }, {
      "id" : "s3-t4",
      "begin" : 241,
      "end" : 248,
      "text" : "<$2,700",
      "whiteSpace" : false
    }, {
      "id" : "s3-t5",
      "begin" : 249,
      "end" : 252,
      "text" : "\\n2",
      "whiteSpace" : false
    }, {
      "id" : "s3-t6",
      "begin" : 252,
      "end" : 253,
      "text" : ".",
      "whiteSpace" : false
    } ]
  }, {
    "id" : "s4",
    "begin" : 254,
    "end" : 337,
    "text" : "Ideally no more than a 30-45 min bus or bike ride to downtown/south lake union \\n3.",
    "tokens" : [ {
      "id" : "s4-t0",
      "begin" : 254,
      "end" : 261,
      "text" : "Ideally",
      "whiteSpace" : false
    }, {
      "id" : "s4-t1",
      "begin" : 262,
      "end" : 264,
      "text" : "no",
      "whiteSpace" : false
    }, {
      "id" : "s4-t2",
      "begin" : 265,
      "end" : 269,
      "text" : "more",
      "whiteSpace" : false
    }, {
      "id" : "s4-t3",
      "begin" : 270,
      "end" : 274,
      "text" : "than",
      "whiteSpace" : false
    }, {
      "id" : "s4-t4",
      "begin" : 275,
      "end" : 276,
      "text" : "a",
      "whiteSpace" : false
    }, {
      "id" : "s4-t5",
      "begin" : 277,
      "end" : 282,
      "text" : "30-45",
      "whiteSpace" : false
    }, {
      "id" : "s4-t6",
      "begin" : 283,
      "end" : 286,
      "text" : "min",
      "whiteSpace" : false
    }, {
      "id" : "s4-t7",
      "begin" : 287,
      "end" : 290,
      "text" : "bus",
      "whiteSpace" : false
    }, {
      "id" : "s4-t8",
      "begin" : 291,
      "end" : 293,
      "text" : "or",
      "whiteSpace" : false
    }, {
      "id" : "s4-t9",
      "begin" : 294,
      "end" : 298,
      "text" : "bike",
      "whiteSpace" : false
    }, {
      "id" : "s4-t10",
      "begin" : 299,
      "end" : 303,
      "text" : "ride",
      "whiteSpace" : false
    }, {
      "id" : "s4-t11",
      "begin" : 304,
      "end" : 306,
      "text" : "to",
      "whiteSpace" : false
    }, {
      "id" : "s4-t12",
      "begin" : 307,
      "end" : 315,
      "text" : "downtown",
      "whiteSpace" : false
    }, {
      "id" : "s4-t13",
      "begin" : 315,
      "end" : 316,
      "text" : "/",
      "whiteSpace" : false
    }, {
      "id" : "s4-t14",
      "begin" : 316,
      "end" : 321,
      "text" : "south",
      "whiteSpace" : false
    }, {
      "id" : "s4-t15",
      "begin" : 322,
      "end" : 326,
      "text" : "lake",
      "whiteSpace" : false
    }, {
      "id" : "s4-t16",
      "begin" : 327,
      "end" : 332,
      "text" : "union",
      "whiteSpace" : false
    }, {
      "id" : "s4-t17",
      "begin" : 333,
      "end" : 336,
      "text" : "\\n3",
      "whiteSpace" : false
    }, {
      "id" : "s4-t18",
      "begin" : 336,
      "end" : 337,
      "text" : ".",
      "whiteSpace" : false
    } ]
  }, {
    "id" : "s5",
    "begin" : 338,
    "end" : 411,
    "text" : "Safe (feel safe as a woman walking around or taking dog out at night)\\n4.",
    "tokens" : [ {
      "id" : "s5-t0",
      "begin" : 338,
      "end" : 342,
      "text" : "Safe",
      "whiteSpace" : false
    }, {
      "id" : "s5-t1",
      "begin" : 343,
      "end" : 344,
      "text" : "(",
      "whiteSpace" : false
    }, {
      "id" : "s5-t2",
      "begin" : 344,
      "end" : 348,
      "text" : "feel",
      "whiteSpace" : false
    }, {
      "id" : "s5-t3",
      "begin" : 349,
      "end" : 353,
      "text" : "safe",
      "whiteSpace" : false
    }, {
      "id" : "s5-t4",
      "begin" : 354,
      "end" : 356,
      "text" : "as",
      "whiteSpace" : false
    }, {
      "id" : "s5-t5",
      "begin" : 357,
      "end" : 358,
      "text" : "a",
      "whiteSpace" : false
    }, {
      "id" : "s5-t6",
      "begin" : 359,
      "end" : 364,
      "text" : "woman",
      "whiteSpace" : false
    }, {
      "id" : "s5-t7",
      "begin" : 365,
      "end" : 372,
      "text" : "walking",
      "whiteSpace" : false
    }, {
      "id" : "s5-t8",
      "begin" : 373,
      "end" : 379,
      "text" : "around",
      "whiteSpace" : false
    }, {
      "id" : "s5-t9",
      "begin" : 380,
      "end" : 382,
      "text" : "or",
      "whiteSpace" : false
    }, {
      "id" : "s5-t10",
      "begin" : 383,
      "end" : 389,
      "text" : "taking",
      "whiteSpace" : false
    }, {
      "id" : "s5-t11",
      "begin" : 390,
      "end" : 393,
      "text" : "dog",
      "whiteSpace" : false
    }, {
      "id" : "s5-t12",
      "begin" : 394,
      "end" : 397,
      "text" : "out",
      "whiteSpace" : false
    }, {
      "id" : "s5-t13",
      "begin" : 398,
      "end" : 400,
      "text" : "at",
      "whiteSpace" : false
    }, {
      "id" : "s5-t14",
      "begin" : 401,
      "end" : 406,
      "text" : "night",
      "whiteSpace" : false
    }, {
      "id" : "s5-t15",
      "begin" : 406,
      "end" : 407,
      "text" : ")",
      "whiteSpace" : false
    }, {
      "id" : "s5-t16",
      "begin" : 407,
      "end" : 410,
      "text" : "\\n4",
      "whiteSpace" : false
    }, {
      "id" : "s5-t17",
      "begin" : 410,
      "end" : 411,
      "text" : ".",
      "whiteSpace" : false
    } ]
  }, {
    "id" : "s6",
    "begin" : 412,
    "end" : 498,
    "text" : "Preferably has a suburban feel (not a lot of businesses, quiet, near nature, etc) \\n5.",
    "tokens" : [ {
      "id" : "s6-t0",
      "begin" : 412,
      "end" : 422,
      "text" : "Preferably",
      "whiteSpace" : false
    }, {
      "id" : "s6-t1",
      "begin" : 423,
      "end" : 426,
      "text" : "has",
      "whiteSpace" : false
    }, {
      "id" : "s6-t2",
      "begin" : 427,
      "end" : 428,
      "text" : "a",
      "whiteSpace" : false
    }, {
      "id" : "s6-t3",
      "begin" : 429,
      "end" : 437,
      "text" : "suburban",
      "whiteSpace" : false
    }, {
      "id" : "s6-t4",
      "begin" : 438,
      "end" : 442,
      "text" : "feel",
      "whiteSpace" : false
    }, {
      "id" : "s6-t5",
      "begin" : 443,
      "end" : 444,
      "text" : "(",
      "whiteSpace" : false
    }, {
      "id" : "s6-t6",
      "begin" : 444,
      "end" : 447,
      "text" : "not",
      "whiteSpace" : false
    }, {
      "id" : "s6-t7",
      "begin" : 448,
      "end" : 449,
      "text" : "a",
      "whiteSpace" : false
    }, {
      "id" : "s6-t8",
      "begin" : 450,
      "end" : 453,
      "text" : "lot",
      "whiteSpace" : false
    }, {
      "id" : "s6-t9",
      "begin" : 454,
      "end" : 456,
      "text" : "of",
      "whiteSpace" : false
    }, {
      "id" : "s6-t10",
      "begin" : 457,
      "end" : 467,
      "text" : "businesses",
      "whiteSpace" : false
    }, {
      "id" : "s6-t11",
      "begin" : 467,
      "end" : 468,
      "text" : ",",
      "whiteSpace" : false
    }, {
      "id" : "s6-t12",
      "begin" : 469,
      "end" : 474,
      "text" : "quiet",
      "whiteSpace" : false
    }, {
      "id" : "s6-t13",
      "begin" : 474,
      "end" : 475,
      "text" : ",",
      "whiteSpace" : false
    }, {
      "id" : "s6-t14",
      "begin" : 476,
      "end" : 480,
      "text" : "near",
      "whiteSpace" : false
    }, {
      "id" : "s6-t15",
      "begin" : 481,
      "end" : 487,
      "text" : "nature",
      "whiteSpace" : false
    }, {
      "id" : "s6-t16",
      "begin" : 487,
      "end" : 488,
      "text" : ",",
      "whiteSpace" : false
    }, {
      "id" : "s6-t17",
      "begin" : 489,
      "end" : 492,
      "text" : "etc",
      "whiteSpace" : false
    }, {
      "id" : "s6-t18",
      "begin" : 492,
      "end" : 493,
      "text" : ")",
      "whiteSpace" : false
    }, {
      "id" : "s6-t19",
      "begin" : 494,
      "end" : 497,
      "text" : "\\n5",
      "whiteSpace" : false
    }, {
      "id" : "s6-t20",
      "begin" : 497,
      "end" : 498,
      "text" : ".",
      "whiteSpace" : false
    } ]
  }, {
    "id" : "s7",
    "begin" : 499,
    "end" : 566,
    "text" : "Beach, lake, or trail access within walking distance \\n\\nThank you!",
    "tokens" : [ {
      "id" : "s7-t0",
      "begin" : 499,
      "end" : 504,
      "text" : "Beach",
      "whiteSpace" : false
    }, {
      "id" : "s7-t1",
      "begin" : 504,
      "end" : 505,
      "text" : ",",
      "whiteSpace" : false
    }, {
      "id" : "s7-t2",
      "begin" : 506,
      "end" : 510,
      "text" : "lake",
      "whiteSpace" : false
    }, {
      "id" : "s7-t3",
      "begin" : 510,
      "end" : 511,
      "text" : ",",
      "whiteSpace" : false
    }, {
      "id" : "s7-t4",
      "begin" : 512,
      "end" : 514,
      "text" : "or",
      "whiteSpace" : false
    }, {
      "id" : "s7-t5",
      "begin" : 515,
      "end" : 520,
      "text" : "trail",
      "whiteSpace" : false
    }, {
      "id" : "s7-t6",
      "begin" : 521,
      "end" : 527,
      "text" : "access",
      "whiteSpace" : false
    }, {
      "id" : "s7-t7",
      "begin" : 528,
      "end" : 534,
      "text" : "within",
      "whiteSpace" : false
    }, {
      "id" : "s7-t8",
      "begin" : 535,
      "end" : 542,
      "text" : "walking",
      "whiteSpace" : false
    }, {
      "id" : "s7-t9",
      "begin" : 543,
      "end" : 551,
      "text" : "distance",
      "whiteSpace" : false
    }, {
      "id" : "s7-t10",
      "begin" : 552,
      "end" : 554,
      "text" : "\\n",
      "whiteSpace" : false
    }, {
      "id" : "s7-t11",
      "begin" : 554,
      "end" : 561,
      "text" : "\\nThank",
      "whiteSpace" : false
    }, {
      "id" : "s7-t12",
      "begin" : 562,
      "end" : 565,
      "text" : "you",
      "whiteSpace" : false
    }, {
      "id" : "s7-t13",
      "begin" : 565,
      "end" : 566,
      "text" : "!",
      "whiteSpace" : false
    } ]
  }, {
    "id" : "s8",
    "begin" : 566,
    "end" : 640,
    "text" : "\",\n    \"subreddit\": \"Seattle\",\n    \"created\": \"2020-04-25T04:05:19.000Z\"\n}",
    "tokens" : [ {
      "id" : "s8-t0",
      "begin" : 566,
      "end" : 567,
      "text" : "\"",
      "whiteSpace" : false
    }, {
      "id" : "s8-t1",
      "begin" : 567,
      "end" : 568,
      "text" : ",",
      "whiteSpace" : false
    }, {
      "id" : "s8-t2",
      "begin" : 573,
      "end" : 574,
      "text" : "\"",
      "whiteSpace" : false
    }, {
      "id" : "s8-t3",
      "begin" : 574,
      "end" : 583,
      "text" : "subreddit",
      "whiteSpace" : false
    }, {
      "id" : "s8-t4",
      "begin" : 583,
      "end" : 584,
      "text" : "\"",
      "whiteSpace" : false
    }, {
      "id" : "s8-t5",
      "begin" : 584,
      "end" : 585,
      "text" : ":",
      "whiteSpace" : false
    }, {
      "id" : "s8-t6",
      "begin" : 586,
      "end" : 587,
      "text" : "\"",
      "whiteSpace" : false
    }, {
      "id" : "s8-t7",
      "begin" : 587,
      "end" : 594,
      "text" : "Seattle",
      "whiteSpace" : false
    }, {
      "id" : "s8-t8",
      "begin" : 594,
      "end" : 595,
      "text" : "\"",
      "whiteSpace" : false
    }, {
      "id" : "s8-t9",
      "begin" : 595,
      "end" : 596,
      "text" : ",",
      "whiteSpace" : false
    }, {
      "id" : "s8-t10",
      "begin" : 601,
      "end" : 602,
      "text" : "\"",
      "whiteSpace" : false
    }, {
      "id" : "s8-t11",
      "begin" : 602,
      "end" : 609,
      "text" : "created",
      "whiteSpace" : false
    }, {
      "id" : "s8-t12",
      "begin" : 609,
      "end" : 610,
      "text" : "\"",
      "whiteSpace" : false
    }, {
      "id" : "s8-t13",
      "begin" : 610,
      "end" : 611,
      "text" : ":",
      "whiteSpace" : false
    }, {
      "id" : "s8-t14",
      "begin" : 612,
      "end" : 613,
      "text" : "\"",
      "whiteSpace" : false
    }, {
      "id" : "s8-t15",
      "begin" : 613,
      "end" : 637,
      "text" : "2020-04-25T04:05:19.000Z",
      "whiteSpace" : false
    }, {
      "id" : "s8-t16",
      "begin" : 637,
      "end" : 638,
      "text" : "\"",
      "whiteSpace" : false
    }, {
      "id" : "s8-t17",
      "begin" : 639,
      "end" : 640,
      "text" : "}",
      "whiteSpace" : false
    } ]
  } ],
  "mentions" : [ {
    "id" : "s4-m1",
    "properties" : {
      "SIRE_MENTION_ROLE" : "No_Vehicle",
      "SIRE_ENTITY_SUBTYPE" : "NONE",
      "SIRE_MENTION_TYPE" : "NONE",
      "SIRE_MENTION_CLASS" : "SPC"
    },
    "type" : "No_Vehicle",
    "begin" : 287,
    "end" : 303,
    "inCoref" : false
  } ],
  "relations" : [ ],
  "corefs" : [ ],
  "typeResolved" : true,
  "userResolved" : false
}