{
  "id" : "0eb010c0-9422-11ea-ba41-8b3cd48b35eb-34",
  "name" : "seattle-doc-82.txt",
  "createdDate" : 0,
  "version" : 3,
  "text" : "{\n    \"title\": \"Finding someone that's homeless\",\n    \"text\": \"Does anyone know how to find someone who's homeless? The last time I heard from this person, they were living in the back of a truck on someone's property in the Burian/Seatac area. The phone number I have does not work anymore and no reply from emails. I know the person's name/sex and approx age and might be able to find a picture. But other than that, I am lost. She had a fair bit of health issues. But always seemed to land on her feet, one way or another.\",\n    \"subreddit\": \"Seattle\",\n    \"created\": \"2020-04-07T02:45:12.000Z\"\n}",
  "docLength" : 0,
  "language" : "EN",
  "status" : "IN_PROGRESS",
  "modifiedDate" : 1589331326583,
  "documentSet" : [ ],
  "preannotation" : [ "PRE_LW" ],
  "sentences" : [ {
    "id" : "s0",
    "begin" : 0,
    "end" : 115,
    "text" : "{\n    \"title\": \"Finding someone that's homeless\",\n    \"text\": \"Does anyone know how to find someone who's homeless?",
    "tokens" : [ {
      "id" : "s0-t0",
      "begin" : 0,
      "end" : 1,
      "text" : "{",
      "whiteSpace" : false
    }, {
      "id" : "s0-t1",
      "begin" : 6,
      "end" : 7,
      "text" : "\"",
      "whiteSpace" : false
    }, {
      "id" : "s0-t2",
      "begin" : 7,
      "end" : 12,
      "text" : "title",
      "whiteSpace" : false
    }, {
      "id" : "s0-t3",
      "begin" : 12,
      "end" : 13,
      "text" : "\"",
      "whiteSpace" : false
    }, {
      "id" : "s0-t4",
      "begin" : 13,
      "end" : 14,
      "text" : ":",
      "whiteSpace" : false
    }, {
      "id" : "s0-t5",
      "begin" : 15,
      "end" : 16,
      "text" : "\"",
      "whiteSpace" : false
    }, {
      "id" : "s0-t6",
      "begin" : 16,
      "end" : 23,
      "text" : "Finding",
      "whiteSpace" : false
    }, {
      "id" : "s0-t7",
      "begin" : 24,
      "end" : 31,
      "text" : "someone",
      "whiteSpace" : false
    }, {
      "id" : "s0-t8",
      "begin" : 32,
      "end" : 36,
      "text" : "that",
      "whiteSpace" : false
    }, {
      "id" : "s0-t9",
      "begin" : 36,
      "end" : 38,
      "text" : "'s",
      "whiteSpace" : false
    }, {
      "id" : "s0-t10",
      "begin" : 39,
      "end" : 47,
      "text" : "homeless",
      "whiteSpace" : false
    }, {
      "id" : "s0-t11",
      "begin" : 47,
      "end" : 48,
      "text" : "\"",
      "whiteSpace" : false
    }, {
      "id" : "s0-t12",
      "begin" : 48,
      "end" : 49,
      "text" : ",",
      "whiteSpace" : false
    }, {
      "id" : "s0-t13",
      "begin" : 54,
      "end" : 55,
      "text" : "\"",
      "whiteSpace" : false
    }, {
      "id" : "s0-t14",
      "begin" : 55,
      "end" : 59,
      "text" : "text",
      "whiteSpace" : false
    }, {
      "id" : "s0-t15",
      "begin" : 59,
      "end" : 60,
      "text" : "\"",
      "whiteSpace" : false
    }, {
      "id" : "s0-t16",
      "begin" : 60,
      "end" : 61,
      "text" : ":",
      "whiteSpace" : false
    }, {
      "id" : "s0-t17",
      "begin" : 62,
      "end" : 63,
      "text" : "\"",
      "whiteSpace" : false
    }, {
      "id" : "s0-t18",
      "begin" : 63,
      "end" : 67,
      "text" : "Does",
      "whiteSpace" : false
    }, {
      "id" : "s0-t19",
      "begin" : 68,
      "end" : 74,
      "text" : "anyone",
      "whiteSpace" : false
    }, {
      "id" : "s0-t20",
      "begin" : 75,
      "end" : 79,
      "text" : "know",
      "whiteSpace" : false
    }, {
      "id" : "s0-t21",
      "begin" : 80,
      "end" : 83,
      "text" : "how",
      "whiteSpace" : false
    }, {
      "id" : "s0-t22",
      "begin" : 84,
      "end" : 86,
      "text" : "to",
      "whiteSpace" : false
    }, {
      "id" : "s0-t23",
      "begin" : 87,
      "end" : 91,
      "text" : "find",
      "whiteSpace" : false
    }, {
      "id" : "s0-t24",
      "begin" : 92,
      "end" : 99,
      "text" : "someone",
      "whiteSpace" : false
    }, {
      "id" : "s0-t25",
      "begin" : 100,
      "end" : 103,
      "text" : "who",
      "whiteSpace" : false
    }, {
      "id" : "s0-t26",
      "begin" : 103,
      "end" : 105,
      "text" : "'s",
      "whiteSpace" : false
    }, {
      "id" : "s0-t27",
      "begin" : 106,
      "end" : 114,
      "text" : "homeless",
      "whiteSpace" : false
    }, {
      "id" : "s0-t28",
      "begin" : 114,
      "end" : 115,
      "text" : "?",
      "whiteSpace" : false
    } ]
  }, {
    "id" : "s1",
    "begin" : 116,
    "end" : 244,
    "text" : "The last time I heard from this person, they were living in the back of a truck on someone's property in the Burian/Seatac area.",
    "tokens" : [ {
      "id" : "s1-t0",
      "begin" : 116,
      "end" : 119,
      "text" : "The",
      "whiteSpace" : false
    }, {
      "id" : "s1-t1",
      "begin" : 120,
      "end" : 124,
      "text" : "last",
      "whiteSpace" : false
    }, {
      "id" : "s1-t2",
      "begin" : 125,
      "end" : 129,
      "text" : "time",
      "whiteSpace" : false
    }, {
      "id" : "s1-t3",
      "begin" : 130,
      "end" : 131,
      "text" : "I",
      "whiteSpace" : false
    }, {
      "id" : "s1-t4",
      "begin" : 132,
      "end" : 137,
      "text" : "heard",
      "whiteSpace" : false
    }, {
      "id" : "s1-t5",
      "begin" : 138,
      "end" : 142,
      "text" : "from",
      "whiteSpace" : false
    }, {
      "id" : "s1-t6",
      "begin" : 143,
      "end" : 147,
      "text" : "this",
      "whiteSpace" : false
    }, {
      "id" : "s1-t7",
      "begin" : 148,
      "end" : 154,
      "text" : "person",
      "whiteSpace" : false
    }, {
      "id" : "s1-t8",
      "begin" : 154,
      "end" : 155,
      "text" : ",",
      "whiteSpace" : false
    }, {
      "id" : "s1-t9",
      "begin" : 156,
      "end" : 160,
      "text" : "they",
      "whiteSpace" : false
    }, {
      "id" : "s1-t10",
      "begin" : 161,
      "end" : 165,
      "text" : "were",
      "whiteSpace" : false
    }, {
      "id" : "s1-t11",
      "begin" : 166,
      "end" : 172,
      "text" : "living",
      "whiteSpace" : false
    }, {
      "id" : "s1-t12",
      "begin" : 173,
      "end" : 175,
      "text" : "in",
      "whiteSpace" : false
    }, {
      "id" : "s1-t13",
      "begin" : 176,
      "end" : 179,
      "text" : "the",
      "whiteSpace" : false
    }, {
      "id" : "s1-t14",
      "begin" : 180,
      "end" : 184,
      "text" : "back",
      "whiteSpace" : false
    }, {
      "id" : "s1-t15",
      "begin" : 185,
      "end" : 187,
      "text" : "of",
      "whiteSpace" : false
    }, {
      "id" : "s1-t16",
      "begin" : 188,
      "end" : 189,
      "text" : "a",
      "whiteSpace" : false
    }, {
      "id" : "s1-t17",
      "begin" : 190,
      "end" : 195,
      "text" : "truck",
      "whiteSpace" : false
    }, {
      "id" : "s1-t18",
      "begin" : 196,
      "end" : 198,
      "text" : "on",
      "whiteSpace" : false
    }, {
      "id" : "s1-t19",
      "begin" : 199,
      "end" : 206,
      "text" : "someone",
      "whiteSpace" : false
    }, {
      "id" : "s1-t20",
      "begin" : 206,
      "end" : 208,
      "text" : "'s",
      "whiteSpace" : false
    }, {
      "id" : "s1-t21",
      "begin" : 209,
      "end" : 217,
      "text" : "property",
      "whiteSpace" : false
    }, {
      "id" : "s1-t22",
      "begin" : 218,
      "end" : 220,
      "text" : "in",
      "whiteSpace" : false
    }, {
      "id" : "s1-t23",
      "begin" : 221,
      "end" : 224,
      "text" : "the",
      "whiteSpace" : false
    }, {
      "id" : "s1-t24",
      "begin" : 225,
      "end" : 231,
      "text" : "Burian",
      "whiteSpace" : false
    }, {
      "id" : "s1-t25",
      "begin" : 231,
      "end" : 232,
      "text" : "/",
      "whiteSpace" : false
    }, {
      "id" : "s1-t26",
      "begin" : 232,
      "end" : 238,
      "text" : "Seatac",
      "whiteSpace" : false
    }, {
      "id" : "s1-t27",
      "begin" : 239,
      "end" : 243,
      "text" : "area",
      "whiteSpace" : false
    }, {
      "id" : "s1-t28",
      "begin" : 243,
      "end" : 244,
      "text" : ".",
      "whiteSpace" : false
    } ]
  }, {
    "id" : "s2",
    "begin" : 245,
    "end" : 316,
    "text" : "The phone number I have does not work anymore and no reply from emails.",
    "tokens" : [ {
      "id" : "s2-t0",
      "begin" : 245,
      "end" : 248,
      "text" : "The",
      "whiteSpace" : false
    }, {
      "id" : "s2-t1",
      "begin" : 249,
      "end" : 254,
      "text" : "phone",
      "whiteSpace" : false
    }, {
      "id" : "s2-t2",
      "begin" : 255,
      "end" : 261,
      "text" : "number",
      "whiteSpace" : false
    }, {
      "id" : "s2-t3",
      "begin" : 262,
      "end" : 263,
      "text" : "I",
      "whiteSpace" : false
    }, {
      "id" : "s2-t4",
      "begin" : 264,
      "end" : 268,
      "text" : "have",
      "whiteSpace" : false
    }, {
      "id" : "s2-t5",
      "begin" : 269,
      "end" : 273,
      "text" : "does",
      "whiteSpace" : false
    }, {
      "id" : "s2-t6",
      "begin" : 274,
      "end" : 277,
      "text" : "not",
      "whiteSpace" : false
    }, {
      "id" : "s2-t7",
      "begin" : 278,
      "end" : 282,
      "text" : "work",
      "whiteSpace" : false
    }, {
      "id" : "s2-t8",
      "begin" : 283,
      "end" : 290,
      "text" : "anymore",
      "whiteSpace" : false
    }, {
      "id" : "s2-t9",
      "begin" : 291,
      "end" : 294,
      "text" : "and",
      "whiteSpace" : false
    }, {
      "id" : "s2-t10",
      "begin" : 295,
      "end" : 297,
      "text" : "no",
      "whiteSpace" : false
    }, {
      "id" : "s2-t11",
      "begin" : 298,
      "end" : 303,
      "text" : "reply",
      "whiteSpace" : false
    }, {
      "id" : "s2-t12",
      "begin" : 304,
      "end" : 308,
      "text" : "from",
      "whiteSpace" : false
    }, {
      "id" : "s2-t13",
      "begin" : 309,
      "end" : 315,
      "text" : "emails",
      "whiteSpace" : false
    }, {
      "id" : "s2-t14",
      "begin" : 315,
      "end" : 316,
      "text" : ".",
      "whiteSpace" : false
    } ]
  }, {
    "id" : "s3",
    "begin" : 317,
    "end" : 397,
    "text" : "I know the person's name/sex and approx age and might be able to find a picture.",
    "tokens" : [ {
      "id" : "s3-t0",
      "begin" : 317,
      "end" : 318,
      "text" : "I",
      "whiteSpace" : false
    }, {
      "id" : "s3-t1",
      "begin" : 319,
      "end" : 323,
      "text" : "know",
      "whiteSpace" : false
    }, {
      "id" : "s3-t2",
      "begin" : 324,
      "end" : 327,
      "text" : "the",
      "whiteSpace" : false
    }, {
      "id" : "s3-t3",
      "begin" : 328,
      "end" : 334,
      "text" : "person",
      "whiteSpace" : false
    }, {
      "id" : "s3-t4",
      "begin" : 334,
      "end" : 336,
      "text" : "'s",
      "whiteSpace" : false
    }, {
      "id" : "s3-t5",
      "begin" : 337,
      "end" : 341,
      "text" : "name",
      "whiteSpace" : false
    }, {
      "id" : "s3-t6",
      "begin" : 341,
      "end" : 342,
      "text" : "/",
      "whiteSpace" : false
    }, {
      "id" : "s3-t7",
      "begin" : 342,
      "end" : 345,
      "text" : "sex",
      "whiteSpace" : false
    }, {
      "id" : "s3-t8",
      "begin" : 346,
      "end" : 349,
      "text" : "and",
      "whiteSpace" : false
    }, {
      "id" : "s3-t9",
      "begin" : 350,
      "end" : 356,
      "text" : "approx",
      "whiteSpace" : false
    }, {
      "id" : "s3-t10",
      "begin" : 357,
      "end" : 360,
      "text" : "age",
      "whiteSpace" : false
    }, {
      "id" : "s3-t11",
      "begin" : 361,
      "end" : 364,
      "text" : "and",
      "whiteSpace" : false
    }, {
      "id" : "s3-t12",
      "begin" : 365,
      "end" : 370,
      "text" : "might",
      "whiteSpace" : false
    }, {
      "id" : "s3-t13",
      "begin" : 371,
      "end" : 373,
      "text" : "be",
      "whiteSpace" : false
    }, {
      "id" : "s3-t14",
      "begin" : 374,
      "end" : 378,
      "text" : "able",
      "whiteSpace" : false
    }, {
      "id" : "s3-t15",
      "begin" : 379,
      "end" : 381,
      "text" : "to",
      "whiteSpace" : false
    }, {
      "id" : "s3-t16",
      "begin" : 382,
      "end" : 386,
      "text" : "find",
      "whiteSpace" : false
    }, {
      "id" : "s3-t17",
      "begin" : 387,
      "end" : 388,
      "text" : "a",
      "whiteSpace" : false
    }, {
      "id" : "s3-t18",
      "begin" : 389,
      "end" : 396,
      "text" : "picture",
      "whiteSpace" : false
    }, {
      "id" : "s3-t19",
      "begin" : 396,
      "end" : 397,
      "text" : ".",
      "whiteSpace" : false
    } ]
  }, {
    "id" : "s4",
    "begin" : 398,
    "end" : 429,
    "text" : "But other than that, I am lost.",
    "tokens" : [ {
      "id" : "s4-t0",
      "begin" : 398,
      "end" : 401,
      "text" : "But",
      "whiteSpace" : false
    }, {
      "id" : "s4-t1",
      "begin" : 402,
      "end" : 407,
      "text" : "other",
      "whiteSpace" : false
    }, {
      "id" : "s4-t2",
      "begin" : 408,
      "end" : 412,
      "text" : "than",
      "whiteSpace" : false
    }, {
      "id" : "s4-t3",
      "begin" : 413,
      "end" : 417,
      "text" : "that",
      "whiteSpace" : false
    }, {
      "id" : "s4-t4",
      "begin" : 417,
      "end" : 418,
      "text" : ",",
      "whiteSpace" : false
    }, {
      "id" : "s4-t5",
      "begin" : 419,
      "end" : 420,
      "text" : "I",
      "whiteSpace" : false
    }, {
      "id" : "s4-t6",
      "begin" : 421,
      "end" : 423,
      "text" : "am",
      "whiteSpace" : false
    }, {
      "id" : "s4-t7",
      "begin" : 424,
      "end" : 428,
      "text" : "lost",
      "whiteSpace" : false
    }, {
      "id" : "s4-t8",
      "begin" : 428,
      "end" : 429,
      "text" : ".",
      "whiteSpace" : false
    } ]
  }, {
    "id" : "s5",
    "begin" : 430,
    "end" : 466,
    "text" : "She had a fair bit of health issues.",
    "tokens" : [ {
      "id" : "s5-t0",
      "begin" : 430,
      "end" : 433,
      "text" : "She",
      "whiteSpace" : false
    }, {
      "id" : "s5-t1",
      "begin" : 434,
      "end" : 437,
      "text" : "had",
      "whiteSpace" : false
    }, {
      "id" : "s5-t2",
      "begin" : 438,
      "end" : 439,
      "text" : "a",
      "whiteSpace" : false
    }, {
      "id" : "s5-t3",
      "begin" : 440,
      "end" : 444,
      "text" : "fair",
      "whiteSpace" : false
    }, {
      "id" : "s5-t4",
      "begin" : 445,
      "end" : 448,
      "text" : "bit",
      "whiteSpace" : false
    }, {
      "id" : "s5-t5",
      "begin" : 449,
      "end" : 451,
      "text" : "of",
      "whiteSpace" : false
    }, {
      "id" : "s5-t6",
      "begin" : 452,
      "end" : 458,
      "text" : "health",
      "whiteSpace" : false
    }, {
      "id" : "s5-t7",
      "begin" : 459,
      "end" : 465,
      "text" : "issues",
      "whiteSpace" : false
    }, {
      "id" : "s5-t8",
      "begin" : 465,
      "end" : 466,
      "text" : ".",
      "whiteSpace" : false
    } ]
  }, {
    "id" : "s6",
    "begin" : 467,
    "end" : 525,
    "text" : "But always seemed to land on her feet, one way or another.",
    "tokens" : [ {
      "id" : "s6-t0",
      "begin" : 467,
      "end" : 470,
      "text" : "But",
      "whiteSpace" : false
    }, {
      "id" : "s6-t1",
      "begin" : 471,
      "end" : 477,
      "text" : "always",
      "whiteSpace" : false
    }, {
      "id" : "s6-t2",
      "begin" : 478,
      "end" : 484,
      "text" : "seemed",
      "whiteSpace" : false
    }, {
      "id" : "s6-t3",
      "begin" : 485,
      "end" : 487,
      "text" : "to",
      "whiteSpace" : false
    }, {
      "id" : "s6-t4",
      "begin" : 488,
      "end" : 492,
      "text" : "land",
      "whiteSpace" : false
    }, {
      "id" : "s6-t5",
      "begin" : 493,
      "end" : 495,
      "text" : "on",
      "whiteSpace" : false
    }, {
      "id" : "s6-t6",
      "begin" : 496,
      "end" : 499,
      "text" : "her",
      "whiteSpace" : false
    }, {
      "id" : "s6-t7",
      "begin" : 500,
      "end" : 504,
      "text" : "feet",
      "whiteSpace" : false
    }, {
      "id" : "s6-t8",
      "begin" : 504,
      "end" : 505,
      "text" : ",",
      "whiteSpace" : false
    }, {
      "id" : "s6-t9",
      "begin" : 506,
      "end" : 509,
      "text" : "one",
      "whiteSpace" : false
    }, {
      "id" : "s6-t10",
      "begin" : 510,
      "end" : 513,
      "text" : "way",
      "whiteSpace" : false
    }, {
      "id" : "s6-t11",
      "begin" : 514,
      "end" : 516,
      "text" : "or",
      "whiteSpace" : false
    }, {
      "id" : "s6-t12",
      "begin" : 517,
      "end" : 524,
      "text" : "another",
      "whiteSpace" : false
    }, {
      "id" : "s6-t13",
      "begin" : 524,
      "end" : 525,
      "text" : ".",
      "whiteSpace" : false
    } ]
  }, {
    "id" : "s7",
    "begin" : 525,
    "end" : 599,
    "text" : "\",\n    \"subreddit\": \"Seattle\",\n    \"created\": \"2020-04-07T02:45:12.000Z\"\n}",
    "tokens" : [ {
      "id" : "s7-t0",
      "begin" : 525,
      "end" : 526,
      "text" : "\"",
      "whiteSpace" : false
    }, {
      "id" : "s7-t1",
      "begin" : 526,
      "end" : 527,
      "text" : ",",
      "whiteSpace" : false
    }, {
      "id" : "s7-t2",
      "begin" : 532,
      "end" : 533,
      "text" : "\"",
      "whiteSpace" : false
    }, {
      "id" : "s7-t3",
      "begin" : 533,
      "end" : 542,
      "text" : "subreddit",
      "whiteSpace" : false
    }, {
      "id" : "s7-t4",
      "begin" : 542,
      "end" : 543,
      "text" : "\"",
      "whiteSpace" : false
    }, {
      "id" : "s7-t5",
      "begin" : 543,
      "end" : 544,
      "text" : ":",
      "whiteSpace" : false
    }, {
      "id" : "s7-t6",
      "begin" : 545,
      "end" : 546,
      "text" : "\"",
      "whiteSpace" : false
    }, {
      "id" : "s7-t7",
      "begin" : 546,
      "end" : 553,
      "text" : "Seattle",
      "whiteSpace" : false
    }, {
      "id" : "s7-t8",
      "begin" : 553,
      "end" : 554,
      "text" : "\"",
      "whiteSpace" : false
    }, {
      "id" : "s7-t9",
      "begin" : 554,
      "end" : 555,
      "text" : ",",
      "whiteSpace" : false
    }, {
      "id" : "s7-t10",
      "begin" : 560,
      "end" : 561,
      "text" : "\"",
      "whiteSpace" : false
    }, {
      "id" : "s7-t11",
      "begin" : 561,
      "end" : 568,
      "text" : "created",
      "whiteSpace" : false
    }, {
      "id" : "s7-t12",
      "begin" : 568,
      "end" : 569,
      "text" : "\"",
      "whiteSpace" : false
    }, {
      "id" : "s7-t13",
      "begin" : 569,
      "end" : 570,
      "text" : ":",
      "whiteSpace" : false
    }, {
      "id" : "s7-t14",
      "begin" : 571,
      "end" : 572,
      "text" : "\"",
      "whiteSpace" : false
    }, {
      "id" : "s7-t15",
      "begin" : 572,
      "end" : 596,
      "text" : "2020-04-07T02:45:12.000Z",
      "whiteSpace" : false
    }, {
      "id" : "s7-t16",
      "begin" : 596,
      "end" : 597,
      "text" : "\"",
      "whiteSpace" : false
    }, {
      "id" : "s7-t17",
      "begin" : 598,
      "end" : 599,
      "text" : "}",
      "whiteSpace" : false
    } ]
  } ],
  "mentions" : [ {
    "id" : "s1-m2",
    "properties" : {
      "SIRE_MENTION_ROLE" : "Mobile_Home_Owner",
      "SIRE_ENTITY_SUBTYPE" : "NONE",
      "SIRE_MENTION_TYPE" : "NONE",
      "SIRE_MENTION_CLASS" : "SPC"
    },
    "type" : "Mobile_Home_Owner",
    "begin" : 166,
    "end" : 217,
    "inCoref" : false
  } ],
  "relations" : [ ],
  "corefs" : [ ],
  "typeResolved" : true,
  "userResolved" : false
}