{
  "id" : "0eb010c0-9422-11ea-ba41-8b3cd48b35eb-36",
  "name" : "seattle-doc-79.txt",
  "createdDate" : 0,
  "version" : 3,
  "text" : "{\n    \"title\": \"Information on I-5 north accident today?\",\n    \"text\": \"\\n\\nDoes anyone know what happened on I-5 north bound this morning? I was heading north at around 6:40 am, and I passed the accident site, lots of WA State Patrol, and a yellow tarp covering up someone (I think?) but there were no damaged cars at the scene as far as I could tell.\",\n    \"subreddit\": \"Seattle\",\n    \"created\": \"2020-04-08T00:41:27.000Z\"\n}",
  "docLength" : 0,
  "language" : "EN",
  "status" : "IN_PROGRESS",
  "modifiedDate" : 1589327584329,
  "documentSet" : [ ],
  "preannotation" : [ "PRE_LW" ],
  "sentences" : [ {
    "id" : "s0",
    "begin" : 0,
    "end" : 56,
    "text" : "{\n    \"title\": \"Information on I-5 north accident today?",
    "tokens" : [ {
      "id" : "s0-t0",
      "begin" : 0,
      "end" : 1,
      "text" : "{",
      "whiteSpace" : false
    }, {
      "id" : "s0-t1",
      "begin" : 6,
      "end" : 7,
      "text" : "\"",
      "whiteSpace" : false
    }, {
      "id" : "s0-t2",
      "begin" : 7,
      "end" : 12,
      "text" : "title",
      "whiteSpace" : false
    }, {
      "id" : "s0-t3",
      "begin" : 12,
      "end" : 13,
      "text" : "\"",
      "whiteSpace" : false
    }, {
      "id" : "s0-t4",
      "begin" : 13,
      "end" : 14,
      "text" : ":",
      "whiteSpace" : false
    }, {
      "id" : "s0-t5",
      "begin" : 15,
      "end" : 16,
      "text" : "\"",
      "whiteSpace" : false
    }, {
      "id" : "s0-t6",
      "begin" : 16,
      "end" : 27,
      "text" : "Information",
      "whiteSpace" : false
    }, {
      "id" : "s0-t7",
      "begin" : 28,
      "end" : 30,
      "text" : "on",
      "whiteSpace" : false
    }, {
      "id" : "s0-t8",
      "begin" : 31,
      "end" : 34,
      "text" : "I-5",
      "whiteSpace" : false
    }, {
      "id" : "s0-t9",
      "begin" : 35,
      "end" : 40,
      "text" : "north",
      "whiteSpace" : false
    }, {
      "id" : "s0-t10",
      "begin" : 41,
      "end" : 49,
      "text" : "accident",
      "whiteSpace" : false
    }, {
      "id" : "s0-t11",
      "begin" : 50,
      "end" : 55,
      "text" : "today",
      "whiteSpace" : false
    }, {
      "id" : "s0-t12",
      "begin" : 55,
      "end" : 56,
      "text" : "?",
      "whiteSpace" : false
    } ]
  }, {
    "id" : "s1",
    "begin" : 56,
    "end" : 139,
    "text" : "\",\n    \"text\": \"\\n\\nDoes anyone know what happened on I-5 north bound this morning?",
    "tokens" : [ {
      "id" : "s1-t0",
      "begin" : 56,
      "end" : 57,
      "text" : "\"",
      "whiteSpace" : false
    }, {
      "id" : "s1-t1",
      "begin" : 57,
      "end" : 58,
      "text" : ",",
      "whiteSpace" : false
    }, {
      "id" : "s1-t2",
      "begin" : 63,
      "end" : 64,
      "text" : "\"",
      "whiteSpace" : false
    }, {
      "id" : "s1-t3",
      "begin" : 64,
      "end" : 68,
      "text" : "text",
      "whiteSpace" : false
    }, {
      "id" : "s1-t4",
      "begin" : 68,
      "end" : 69,
      "text" : "\"",
      "whiteSpace" : false
    }, {
      "id" : "s1-t5",
      "begin" : 69,
      "end" : 70,
      "text" : ":",
      "whiteSpace" : false
    }, {
      "id" : "s1-t6",
      "begin" : 71,
      "end" : 72,
      "text" : "\"",
      "whiteSpace" : false
    }, {
      "id" : "s1-t7",
      "begin" : 72,
      "end" : 74,
      "text" : "\\n",
      "whiteSpace" : false
    }, {
      "id" : "s1-t8",
      "begin" : 74,
      "end" : 80,
      "text" : "\\nDoes",
      "whiteSpace" : false
    }, {
      "id" : "s1-t9",
      "begin" : 81,
      "end" : 87,
      "text" : "anyone",
      "whiteSpace" : false
    }, {
      "id" : "s1-t10",
      "begin" : 88,
      "end" : 92,
      "text" : "know",
      "whiteSpace" : false
    }, {
      "id" : "s1-t11",
      "begin" : 93,
      "end" : 97,
      "text" : "what",
      "whiteSpace" : false
    }, {
      "id" : "s1-t12",
      "begin" : 98,
      "end" : 106,
      "text" : "happened",
      "whiteSpace" : false
    }, {
      "id" : "s1-t13",
      "begin" : 107,
      "end" : 109,
      "text" : "on",
      "whiteSpace" : false
    }, {
      "id" : "s1-t14",
      "begin" : 110,
      "end" : 113,
      "text" : "I-5",
      "whiteSpace" : false
    }, {
      "id" : "s1-t15",
      "begin" : 114,
      "end" : 119,
      "text" : "north",
      "whiteSpace" : false
    }, {
      "id" : "s1-t16",
      "begin" : 120,
      "end" : 125,
      "text" : "bound",
      "whiteSpace" : false
    }, {
      "id" : "s1-t17",
      "begin" : 126,
      "end" : 130,
      "text" : "this",
      "whiteSpace" : false
    }, {
      "id" : "s1-t18",
      "begin" : 131,
      "end" : 138,
      "text" : "morning",
      "whiteSpace" : false
    }, {
      "id" : "s1-t19",
      "begin" : 138,
      "end" : 139,
      "text" : "?",
      "whiteSpace" : false
    } ]
  }, {
    "id" : "s2",
    "begin" : 140,
    "end" : 283,
    "text" : "I was heading north at around 6:40 am, and I passed the accident site, lots of WA State Patrol, and a yellow tarp covering up someone (I think?",
    "tokens" : [ {
      "id" : "s2-t0",
      "begin" : 140,
      "end" : 141,
      "text" : "I",
      "whiteSpace" : false
    }, {
      "id" : "s2-t1",
      "begin" : 142,
      "end" : 145,
      "text" : "was",
      "whiteSpace" : false
    }, {
      "id" : "s2-t2",
      "begin" : 146,
      "end" : 153,
      "text" : "heading",
      "whiteSpace" : false
    }, {
      "id" : "s2-t3",
      "begin" : 154,
      "end" : 159,
      "text" : "north",
      "whiteSpace" : false
    }, {
      "id" : "s2-t4",
      "begin" : 160,
      "end" : 162,
      "text" : "at",
      "whiteSpace" : false
    }, {
      "id" : "s2-t5",
      "begin" : 163,
      "end" : 169,
      "text" : "around",
      "whiteSpace" : false
    }, {
      "id" : "s2-t6",
      "begin" : 170,
      "end" : 174,
      "text" : "6:40",
      "whiteSpace" : false
    }, {
      "id" : "s2-t7",
      "begin" : 175,
      "end" : 177,
      "text" : "am",
      "whiteSpace" : false
    }, {
      "id" : "s2-t8",
      "begin" : 177,
      "end" : 178,
      "text" : ",",
      "whiteSpace" : false
    }, {
      "id" : "s2-t9",
      "begin" : 179,
      "end" : 182,
      "text" : "and",
      "whiteSpace" : false
    }, {
      "id" : "s2-t10",
      "begin" : 183,
      "end" : 184,
      "text" : "I",
      "whiteSpace" : false
    }, {
      "id" : "s2-t11",
      "begin" : 185,
      "end" : 191,
      "text" : "passed",
      "whiteSpace" : false
    }, {
      "id" : "s2-t12",
      "begin" : 192,
      "end" : 195,
      "text" : "the",
      "whiteSpace" : false
    }, {
      "id" : "s2-t13",
      "begin" : 196,
      "end" : 204,
      "text" : "accident",
      "whiteSpace" : false
    }, {
      "id" : "s2-t14",
      "begin" : 205,
      "end" : 209,
      "text" : "site",
      "whiteSpace" : false
    }, {
      "id" : "s2-t15",
      "begin" : 209,
      "end" : 210,
      "text" : ",",
      "whiteSpace" : false
    }, {
      "id" : "s2-t16",
      "begin" : 211,
      "end" : 215,
      "text" : "lots",
      "whiteSpace" : false
    }, {
      "id" : "s2-t17",
      "begin" : 216,
      "end" : 218,
      "text" : "of",
      "whiteSpace" : false
    }, {
      "id" : "s2-t18",
      "begin" : 219,
      "end" : 221,
      "text" : "WA",
      "whiteSpace" : false
    }, {
      "id" : "s2-t19",
      "begin" : 222,
      "end" : 227,
      "text" : "State",
      "whiteSpace" : false
    }, {
      "id" : "s2-t20",
      "begin" : 228,
      "end" : 234,
      "text" : "Patrol",
      "whiteSpace" : false
    }, {
      "id" : "s2-t21",
      "begin" : 234,
      "end" : 235,
      "text" : ",",
      "whiteSpace" : false
    }, {
      "id" : "s2-t22",
      "begin" : 236,
      "end" : 239,
      "text" : "and",
      "whiteSpace" : false
    }, {
      "id" : "s2-t23",
      "begin" : 240,
      "end" : 241,
      "text" : "a",
      "whiteSpace" : false
    }, {
      "id" : "s2-t24",
      "begin" : 242,
      "end" : 248,
      "text" : "yellow",
      "whiteSpace" : false
    }, {
      "id" : "s2-t25",
      "begin" : 249,
      "end" : 253,
      "text" : "tarp",
      "whiteSpace" : false
    }, {
      "id" : "s2-t26",
      "begin" : 254,
      "end" : 262,
      "text" : "covering",
      "whiteSpace" : false
    }, {
      "id" : "s2-t27",
      "begin" : 263,
      "end" : 265,
      "text" : "up",
      "whiteSpace" : false
    }, {
      "id" : "s2-t28",
      "begin" : 266,
      "end" : 273,
      "text" : "someone",
      "whiteSpace" : false
    }, {
      "id" : "s2-t29",
      "begin" : 274,
      "end" : 275,
      "text" : "(",
      "whiteSpace" : false
    }, {
      "id" : "s2-t30",
      "begin" : 275,
      "end" : 276,
      "text" : "I",
      "whiteSpace" : false
    }, {
      "id" : "s2-t31",
      "begin" : 277,
      "end" : 282,
      "text" : "think",
      "whiteSpace" : false
    }, {
      "id" : "s2-t32",
      "begin" : 282,
      "end" : 283,
      "text" : "?",
      "whiteSpace" : false
    } ]
  }, {
    "id" : "s3",
    "begin" : 283,
    "end" : 352,
    "text" : ") but there were no damaged cars at the scene as far as I could tell.",
    "tokens" : [ {
      "id" : "s3-t0",
      "begin" : 283,
      "end" : 284,
      "text" : ")",
      "whiteSpace" : false
    }, {
      "id" : "s3-t1",
      "begin" : 285,
      "end" : 288,
      "text" : "but",
      "whiteSpace" : false
    }, {
      "id" : "s3-t2",
      "begin" : 289,
      "end" : 294,
      "text" : "there",
      "whiteSpace" : false
    }, {
      "id" : "s3-t3",
      "begin" : 295,
      "end" : 299,
      "text" : "were",
      "whiteSpace" : false
    }, {
      "id" : "s3-t4",
      "begin" : 300,
      "end" : 302,
      "text" : "no",
      "whiteSpace" : false
    }, {
      "id" : "s3-t5",
      "begin" : 303,
      "end" : 310,
      "text" : "damaged",
      "whiteSpace" : false
    }, {
      "id" : "s3-t6",
      "begin" : 311,
      "end" : 315,
      "text" : "cars",
      "whiteSpace" : false
    }, {
      "id" : "s3-t7",
      "begin" : 316,
      "end" : 318,
      "text" : "at",
      "whiteSpace" : false
    }, {
      "id" : "s3-t8",
      "begin" : 319,
      "end" : 322,
      "text" : "the",
      "whiteSpace" : false
    }, {
      "id" : "s3-t9",
      "begin" : 323,
      "end" : 328,
      "text" : "scene",
      "whiteSpace" : false
    }, {
      "id" : "s3-t10",
      "begin" : 329,
      "end" : 331,
      "text" : "as",
      "whiteSpace" : false
    }, {
      "id" : "s3-t11",
      "begin" : 332,
      "end" : 335,
      "text" : "far",
      "whiteSpace" : false
    }, {
      "id" : "s3-t12",
      "begin" : 336,
      "end" : 338,
      "text" : "as",
      "whiteSpace" : false
    }, {
      "id" : "s3-t13",
      "begin" : 339,
      "end" : 340,
      "text" : "I",
      "whiteSpace" : false
    }, {
      "id" : "s3-t14",
      "begin" : 341,
      "end" : 346,
      "text" : "could",
      "whiteSpace" : false
    }, {
      "id" : "s3-t15",
      "begin" : 347,
      "end" : 351,
      "text" : "tell",
      "whiteSpace" : false
    }, {
      "id" : "s3-t16",
      "begin" : 351,
      "end" : 352,
      "text" : ".",
      "whiteSpace" : false
    } ]
  }, {
    "id" : "s4",
    "begin" : 352,
    "end" : 426,
    "text" : "\",\n    \"subreddit\": \"Seattle\",\n    \"created\": \"2020-04-08T00:41:27.000Z\"\n}",
    "tokens" : [ {
      "id" : "s4-t0",
      "begin" : 352,
      "end" : 353,
      "text" : "\"",
      "whiteSpace" : false
    }, {
      "id" : "s4-t1",
      "begin" : 353,
      "end" : 354,
      "text" : ",",
      "whiteSpace" : false
    }, {
      "id" : "s4-t2",
      "begin" : 359,
      "end" : 360,
      "text" : "\"",
      "whiteSpace" : false
    }, {
      "id" : "s4-t3",
      "begin" : 360,
      "end" : 369,
      "text" : "subreddit",
      "whiteSpace" : false
    }, {
      "id" : "s4-t4",
      "begin" : 369,
      "end" : 370,
      "text" : "\"",
      "whiteSpace" : false
    }, {
      "id" : "s4-t5",
      "begin" : 370,
      "end" : 371,
      "text" : ":",
      "whiteSpace" : false
    }, {
      "id" : "s4-t6",
      "begin" : 372,
      "end" : 373,
      "text" : "\"",
      "whiteSpace" : false
    }, {
      "id" : "s4-t7",
      "begin" : 373,
      "end" : 380,
      "text" : "Seattle",
      "whiteSpace" : false
    }, {
      "id" : "s4-t8",
      "begin" : 380,
      "end" : 381,
      "text" : "\"",
      "whiteSpace" : false
    }, {
      "id" : "s4-t9",
      "begin" : 381,
      "end" : 382,
      "text" : ",",
      "whiteSpace" : false
    }, {
      "id" : "s4-t10",
      "begin" : 387,
      "end" : 388,
      "text" : "\"",
      "whiteSpace" : false
    }, {
      "id" : "s4-t11",
      "begin" : 388,
      "end" : 395,
      "text" : "created",
      "whiteSpace" : false
    }, {
      "id" : "s4-t12",
      "begin" : 395,
      "end" : 396,
      "text" : "\"",
      "whiteSpace" : false
    }, {
      "id" : "s4-t13",
      "begin" : 396,
      "end" : 397,
      "text" : ":",
      "whiteSpace" : false
    }, {
      "id" : "s4-t14",
      "begin" : 398,
      "end" : 399,
      "text" : "\"",
      "whiteSpace" : false
    }, {
      "id" : "s4-t15",
      "begin" : 399,
      "end" : 423,
      "text" : "2020-04-08T00:41:27.000Z",
      "whiteSpace" : false
    }, {
      "id" : "s4-t16",
      "begin" : 423,
      "end" : 424,
      "text" : "\"",
      "whiteSpace" : false
    }, {
      "id" : "s4-t17",
      "begin" : 425,
      "end" : 426,
      "text" : "}",
      "whiteSpace" : false
    } ]
  } ],
  "mentions" : [ {
    "id" : "s2-m1",
    "properties" : {
      "SIRE_MENTION_ROLE" : "Car_Owner",
      "SIRE_ENTITY_SUBTYPE" : "NONE",
      "SIRE_MENTION_TYPE" : "NONE",
      "SIRE_MENTION_CLASS" : "SPC"
    },
    "type" : "Car_Owner",
    "begin" : 140,
    "end" : 159,
    "inCoref" : false
  }, {
    "id" : "s2-m2",
    "properties" : {
      "SIRE_MENTION_ROLE" : "Car_Owner",
      "SIRE_ENTITY_SUBTYPE" : "NONE",
      "SIRE_MENTION_TYPE" : "NONE",
      "SIRE_MENTION_CLASS" : "SPC"
    },
    "type" : "Car_Owner",
    "begin" : 183,
    "end" : 209,
    "inCoref" : false
  } ],
  "relations" : [ ],
  "corefs" : [ ],
  "typeResolved" : true,
  "userResolved" : false
}