{
  "id" : "0eb010c0-9422-11ea-ba41-8b3cd48b35eb-27",
  "name" : "seattle-doc-91.txt",
  "createdDate" : 0,
  "version" : 3,
  "text" : "{\n    \"title\": \"Is it okay to ask for mental health resources on this subreddit? Not doing too well and wanted to know if any clinics are doing phone therapy that would accept my insurance.\",\n    \"text\": \"I tried asking somewhere else and got downvoted immediately. I don't know if it's because you aren't supposed to ask questions like that or if people just like to kick those who are down. \\n\\n\\nI moved here in December from a nearby city in WA, so I have the normal Washington insurance I think it's CHPW? I don't have extra cash to pay for a counselor that is off my insurance currently, unfortunately.\\n\\n\\n\\nI am /not/ trying to leave my house either to clarify, social distancing is important.\",\n    \"subreddit\": \"Seattle\",\n    \"created\": \"2020-04-05T09:05:48.000Z\"\n}",
  "docLength" : 0,
  "language" : "EN",
  "status" : "IN_PROGRESS",
  "modifiedDate" : 1589327410623,
  "documentSet" : [ ],
  "preannotation" : [ "PRE_LW" ],
  "sentences" : [ {
    "id" : "s0",
    "begin" : 0,
    "end" : 80,
    "text" : "{\n    \"title\": \"Is it okay to ask for mental health resources on this subreddit?",
    "tokens" : [ {
      "id" : "s0-t0",
      "begin" : 0,
      "end" : 1,
      "text" : "{",
      "whiteSpace" : false
    }, {
      "id" : "s0-t1",
      "begin" : 6,
      "end" : 7,
      "text" : "\"",
      "whiteSpace" : false
    }, {
      "id" : "s0-t2",
      "begin" : 7,
      "end" : 12,
      "text" : "title",
      "whiteSpace" : false
    }, {
      "id" : "s0-t3",
      "begin" : 12,
      "end" : 13,
      "text" : "\"",
      "whiteSpace" : false
    }, {
      "id" : "s0-t4",
      "begin" : 13,
      "end" : 14,
      "text" : ":",
      "whiteSpace" : false
    }, {
      "id" : "s0-t5",
      "begin" : 15,
      "end" : 16,
      "text" : "\"",
      "whiteSpace" : false
    }, {
      "id" : "s0-t6",
      "begin" : 16,
      "end" : 18,
      "text" : "Is",
      "whiteSpace" : false
    }, {
      "id" : "s0-t7",
      "begin" : 19,
      "end" : 21,
      "text" : "it",
      "whiteSpace" : false
    }, {
      "id" : "s0-t8",
      "begin" : 22,
      "end" : 26,
      "text" : "okay",
      "whiteSpace" : false
    }, {
      "id" : "s0-t9",
      "begin" : 27,
      "end" : 29,
      "text" : "to",
      "whiteSpace" : false
    }, {
      "id" : "s0-t10",
      "begin" : 30,
      "end" : 33,
      "text" : "ask",
      "whiteSpace" : false
    }, {
      "id" : "s0-t11",
      "begin" : 34,
      "end" : 37,
      "text" : "for",
      "whiteSpace" : false
    }, {
      "id" : "s0-t12",
      "begin" : 38,
      "end" : 44,
      "text" : "mental",
      "whiteSpace" : false
    }, {
      "id" : "s0-t13",
      "begin" : 45,
      "end" : 51,
      "text" : "health",
      "whiteSpace" : false
    }, {
      "id" : "s0-t14",
      "begin" : 52,
      "end" : 61,
      "text" : "resources",
      "whiteSpace" : false
    }, {
      "id" : "s0-t15",
      "begin" : 62,
      "end" : 64,
      "text" : "on",
      "whiteSpace" : false
    }, {
      "id" : "s0-t16",
      "begin" : 65,
      "end" : 69,
      "text" : "this",
      "whiteSpace" : false
    }, {
      "id" : "s0-t17",
      "begin" : 70,
      "end" : 79,
      "text" : "subreddit",
      "whiteSpace" : false
    }, {
      "id" : "s0-t18",
      "begin" : 79,
      "end" : 80,
      "text" : "?",
      "whiteSpace" : false
    } ]
  }, {
    "id" : "s1",
    "begin" : 81,
    "end" : 189,
    "text" : "Not doing too well and wanted to know if any clinics are doing phone therapy that would accept my insurance.",
    "tokens" : [ {
      "id" : "s1-t0",
      "begin" : 81,
      "end" : 84,
      "text" : "Not",
      "whiteSpace" : false
    }, {
      "id" : "s1-t1",
      "begin" : 85,
      "end" : 90,
      "text" : "doing",
      "whiteSpace" : false
    }, {
      "id" : "s1-t2",
      "begin" : 91,
      "end" : 94,
      "text" : "too",
      "whiteSpace" : false
    }, {
      "id" : "s1-t3",
      "begin" : 95,
      "end" : 99,
      "text" : "well",
      "whiteSpace" : false
    }, {
      "id" : "s1-t4",
      "begin" : 100,
      "end" : 103,
      "text" : "and",
      "whiteSpace" : false
    }, {
      "id" : "s1-t5",
      "begin" : 104,
      "end" : 110,
      "text" : "wanted",
      "whiteSpace" : false
    }, {
      "id" : "s1-t6",
      "begin" : 111,
      "end" : 113,
      "text" : "to",
      "whiteSpace" : false
    }, {
      "id" : "s1-t7",
      "begin" : 114,
      "end" : 118,
      "text" : "know",
      "whiteSpace" : false
    }, {
      "id" : "s1-t8",
      "begin" : 119,
      "end" : 121,
      "text" : "if",
      "whiteSpace" : false
    }, {
      "id" : "s1-t9",
      "begin" : 122,
      "end" : 125,
      "text" : "any",
      "whiteSpace" : false
    }, {
      "id" : "s1-t10",
      "begin" : 126,
      "end" : 133,
      "text" : "clinics",
      "whiteSpace" : false
    }, {
      "id" : "s1-t11",
      "begin" : 134,
      "end" : 137,
      "text" : "are",
      "whiteSpace" : false
    }, {
      "id" : "s1-t12",
      "begin" : 138,
      "end" : 143,
      "text" : "doing",
      "whiteSpace" : false
    }, {
      "id" : "s1-t13",
      "begin" : 144,
      "end" : 149,
      "text" : "phone",
      "whiteSpace" : false
    }, {
      "id" : "s1-t14",
      "begin" : 150,
      "end" : 157,
      "text" : "therapy",
      "whiteSpace" : false
    }, {
      "id" : "s1-t15",
      "begin" : 158,
      "end" : 162,
      "text" : "that",
      "whiteSpace" : false
    }, {
      "id" : "s1-t16",
      "begin" : 163,
      "end" : 168,
      "text" : "would",
      "whiteSpace" : false
    }, {
      "id" : "s1-t17",
      "begin" : 169,
      "end" : 175,
      "text" : "accept",
      "whiteSpace" : false
    }, {
      "id" : "s1-t18",
      "begin" : 176,
      "end" : 178,
      "text" : "my",
      "whiteSpace" : false
    }, {
      "id" : "s1-t19",
      "begin" : 179,
      "end" : 188,
      "text" : "insurance",
      "whiteSpace" : false
    }, {
      "id" : "s1-t20",
      "begin" : 188,
      "end" : 189,
      "text" : ".",
      "whiteSpace" : false
    } ]
  }, {
    "id" : "s2",
    "begin" : 189,
    "end" : 265,
    "text" : "\",\n    \"text\": \"I tried asking somewhere else and got downvoted immediately.",
    "tokens" : [ {
      "id" : "s2-t0",
      "begin" : 189,
      "end" : 190,
      "text" : "\"",
      "whiteSpace" : false
    }, {
      "id" : "s2-t1",
      "begin" : 190,
      "end" : 191,
      "text" : ",",
      "whiteSpace" : false
    }, {
      "id" : "s2-t2",
      "begin" : 196,
      "end" : 197,
      "text" : "\"",
      "whiteSpace" : false
    }, {
      "id" : "s2-t3",
      "begin" : 197,
      "end" : 201,
      "text" : "text",
      "whiteSpace" : false
    }, {
      "id" : "s2-t4",
      "begin" : 201,
      "end" : 202,
      "text" : "\"",
      "whiteSpace" : false
    }, {
      "id" : "s2-t5",
      "begin" : 202,
      "end" : 203,
      "text" : ":",
      "whiteSpace" : false
    }, {
      "id" : "s2-t6",
      "begin" : 204,
      "end" : 205,
      "text" : "\"",
      "whiteSpace" : false
    }, {
      "id" : "s2-t7",
      "begin" : 205,
      "end" : 206,
      "text" : "I",
      "whiteSpace" : false
    }, {
      "id" : "s2-t8",
      "begin" : 207,
      "end" : 212,
      "text" : "tried",
      "whiteSpace" : false
    }, {
      "id" : "s2-t9",
      "begin" : 213,
      "end" : 219,
      "text" : "asking",
      "whiteSpace" : false
    }, {
      "id" : "s2-t10",
      "begin" : 220,
      "end" : 229,
      "text" : "somewhere",
      "whiteSpace" : false
    }, {
      "id" : "s2-t11",
      "begin" : 230,
      "end" : 234,
      "text" : "else",
      "whiteSpace" : false
    }, {
      "id" : "s2-t12",
      "begin" : 235,
      "end" : 238,
      "text" : "and",
      "whiteSpace" : false
    }, {
      "id" : "s2-t13",
      "begin" : 239,
      "end" : 242,
      "text" : "got",
      "whiteSpace" : false
    }, {
      "id" : "s2-t14",
      "begin" : 243,
      "end" : 252,
      "text" : "downvoted",
      "whiteSpace" : false
    }, {
      "id" : "s2-t15",
      "begin" : 253,
      "end" : 264,
      "text" : "immediately",
      "whiteSpace" : false
    }, {
      "id" : "s2-t16",
      "begin" : 264,
      "end" : 265,
      "text" : ".",
      "whiteSpace" : false
    } ]
  }, {
    "id" : "s3",
    "begin" : 266,
    "end" : 392,
    "text" : "I don't know if it's because you aren't supposed to ask questions like that or if people just like to kick those who are down.",
    "tokens" : [ {
      "id" : "s3-t0",
      "begin" : 266,
      "end" : 267,
      "text" : "I",
      "whiteSpace" : false
    }, {
      "id" : "s3-t1",
      "begin" : 268,
      "end" : 270,
      "text" : "do",
      "whiteSpace" : false
    }, {
      "id" : "s3-t2",
      "begin" : 270,
      "end" : 273,
      "text" : "n't",
      "whiteSpace" : false
    }, {
      "id" : "s3-t3",
      "begin" : 274,
      "end" : 278,
      "text" : "know",
      "whiteSpace" : false
    }, {
      "id" : "s3-t4",
      "begin" : 279,
      "end" : 281,
      "text" : "if",
      "whiteSpace" : false
    }, {
      "id" : "s3-t5",
      "begin" : 282,
      "end" : 284,
      "text" : "it",
      "whiteSpace" : false
    }, {
      "id" : "s3-t6",
      "begin" : 284,
      "end" : 286,
      "text" : "'s",
      "whiteSpace" : false
    }, {
      "id" : "s3-t7",
      "begin" : 287,
      "end" : 294,
      "text" : "because",
      "whiteSpace" : false
    }, {
      "id" : "s3-t8",
      "begin" : 295,
      "end" : 298,
      "text" : "you",
      "whiteSpace" : false
    }, {
      "id" : "s3-t9",
      "begin" : 299,
      "end" : 302,
      "text" : "are",
      "whiteSpace" : false
    }, {
      "id" : "s3-t10",
      "begin" : 302,
      "end" : 305,
      "text" : "n't",
      "whiteSpace" : false
    }, {
      "id" : "s3-t11",
      "begin" : 306,
      "end" : 314,
      "text" : "supposed",
      "whiteSpace" : false
    }, {
      "id" : "s3-t12",
      "begin" : 315,
      "end" : 317,
      "text" : "to",
      "whiteSpace" : false
    }, {
      "id" : "s3-t13",
      "begin" : 318,
      "end" : 321,
      "text" : "ask",
      "whiteSpace" : false
    }, {
      "id" : "s3-t14",
      "begin" : 322,
      "end" : 331,
      "text" : "questions",
      "whiteSpace" : false
    }, {
      "id" : "s3-t15",
      "begin" : 332,
      "end" : 336,
      "text" : "like",
      "whiteSpace" : false
    }, {
      "id" : "s3-t16",
      "begin" : 337,
      "end" : 341,
      "text" : "that",
      "whiteSpace" : false
    }, {
      "id" : "s3-t17",
      "begin" : 342,
      "end" : 344,
      "text" : "or",
      "whiteSpace" : false
    }, {
      "id" : "s3-t18",
      "begin" : 345,
      "end" : 347,
      "text" : "if",
      "whiteSpace" : false
    }, {
      "id" : "s3-t19",
      "begin" : 348,
      "end" : 354,
      "text" : "people",
      "whiteSpace" : false
    }, {
      "id" : "s3-t20",
      "begin" : 355,
      "end" : 359,
      "text" : "just",
      "whiteSpace" : false
    }, {
      "id" : "s3-t21",
      "begin" : 360,
      "end" : 364,
      "text" : "like",
      "whiteSpace" : false
    }, {
      "id" : "s3-t22",
      "begin" : 365,
      "end" : 367,
      "text" : "to",
      "whiteSpace" : false
    }, {
      "id" : "s3-t23",
      "begin" : 368,
      "end" : 372,
      "text" : "kick",
      "whiteSpace" : false
    }, {
      "id" : "s3-t24",
      "begin" : 373,
      "end" : 378,
      "text" : "those",
      "whiteSpace" : false
    }, {
      "id" : "s3-t25",
      "begin" : 379,
      "end" : 382,
      "text" : "who",
      "whiteSpace" : false
    }, {
      "id" : "s3-t26",
      "begin" : 383,
      "end" : 386,
      "text" : "are",
      "whiteSpace" : false
    }, {
      "id" : "s3-t27",
      "begin" : 387,
      "end" : 391,
      "text" : "down",
      "whiteSpace" : false
    }, {
      "id" : "s3-t28",
      "begin" : 391,
      "end" : 392,
      "text" : ".",
      "whiteSpace" : false
    } ]
  }, {
    "id" : "s4",
    "begin" : 393,
    "end" : 510,
    "text" : "\\n\\n\\nI moved here in December from a nearby city in WA, so I have the normal Washington insurance I think it's CHPW?",
    "tokens" : [ {
      "id" : "s4-t0",
      "begin" : 393,
      "end" : 395,
      "text" : "\\n",
      "whiteSpace" : false
    }, {
      "id" : "s4-t1",
      "begin" : 395,
      "end" : 397,
      "text" : "\\n",
      "whiteSpace" : false
    }, {
      "id" : "s4-t2",
      "begin" : 397,
      "end" : 400,
      "text" : "\\nI",
      "whiteSpace" : false
    }, {
      "id" : "s4-t3",
      "begin" : 401,
      "end" : 406,
      "text" : "moved",
      "whiteSpace" : false
    }, {
      "id" : "s4-t4",
      "begin" : 407,
      "end" : 411,
      "text" : "here",
      "whiteSpace" : false
    }, {
      "id" : "s4-t5",
      "begin" : 412,
      "end" : 414,
      "text" : "in",
      "whiteSpace" : false
    }, {
      "id" : "s4-t6",
      "begin" : 415,
      "end" : 423,
      "text" : "December",
      "whiteSpace" : false
    }, {
      "id" : "s4-t7",
      "begin" : 424,
      "end" : 428,
      "text" : "from",
      "whiteSpace" : false
    }, {
      "id" : "s4-t8",
      "begin" : 429,
      "end" : 430,
      "text" : "a",
      "whiteSpace" : false
    }, {
      "id" : "s4-t9",
      "begin" : 431,
      "end" : 437,
      "text" : "nearby",
      "whiteSpace" : false
    }, {
      "id" : "s4-t10",
      "begin" : 438,
      "end" : 442,
      "text" : "city",
      "whiteSpace" : false
    }, {
      "id" : "s4-t11",
      "begin" : 443,
      "end" : 445,
      "text" : "in",
      "whiteSpace" : false
    }, {
      "id" : "s4-t12",
      "begin" : 446,
      "end" : 448,
      "text" : "WA",
      "whiteSpace" : false
    }, {
      "id" : "s4-t13",
      "begin" : 448,
      "end" : 449,
      "text" : ",",
      "whiteSpace" : false
    }, {
      "id" : "s4-t14",
      "begin" : 450,
      "end" : 452,
      "text" : "so",
      "whiteSpace" : false
    }, {
      "id" : "s4-t15",
      "begin" : 453,
      "end" : 454,
      "text" : "I",
      "whiteSpace" : false
    }, {
      "id" : "s4-t16",
      "begin" : 455,
      "end" : 459,
      "text" : "have",
      "whiteSpace" : false
    }, {
      "id" : "s4-t17",
      "begin" : 460,
      "end" : 463,
      "text" : "the",
      "whiteSpace" : false
    }, {
      "id" : "s4-t18",
      "begin" : 464,
      "end" : 470,
      "text" : "normal",
      "whiteSpace" : false
    }, {
      "id" : "s4-t19",
      "begin" : 471,
      "end" : 481,
      "text" : "Washington",
      "whiteSpace" : false
    }, {
      "id" : "s4-t20",
      "begin" : 482,
      "end" : 491,
      "text" : "insurance",
      "whiteSpace" : false
    }, {
      "id" : "s4-t21",
      "begin" : 492,
      "end" : 493,
      "text" : "I",
      "whiteSpace" : false
    }, {
      "id" : "s4-t22",
      "begin" : 494,
      "end" : 499,
      "text" : "think",
      "whiteSpace" : false
    }, {
      "id" : "s4-t23",
      "begin" : 500,
      "end" : 502,
      "text" : "it",
      "whiteSpace" : false
    }, {
      "id" : "s4-t24",
      "begin" : 502,
      "end" : 504,
      "text" : "'s",
      "whiteSpace" : false
    }, {
      "id" : "s4-t25",
      "begin" : 505,
      "end" : 509,
      "text" : "CHPW",
      "whiteSpace" : false
    }, {
      "id" : "s4-t26",
      "begin" : 509,
      "end" : 510,
      "text" : "?",
      "whiteSpace" : false
    } ]
  }, {
    "id" : "s5",
    "begin" : 511,
    "end" : 608,
    "text" : "I don't have extra cash to pay for a counselor that is off my insurance currently, unfortunately.",
    "tokens" : [ {
      "id" : "s5-t0",
      "begin" : 511,
      "end" : 512,
      "text" : "I",
      "whiteSpace" : false
    }, {
      "id" : "s5-t1",
      "begin" : 513,
      "end" : 515,
      "text" : "do",
      "whiteSpace" : false
    }, {
      "id" : "s5-t2",
      "begin" : 515,
      "end" : 518,
      "text" : "n't",
      "whiteSpace" : false
    }, {
      "id" : "s5-t3",
      "begin" : 519,
      "end" : 523,
      "text" : "have",
      "whiteSpace" : false
    }, {
      "id" : "s5-t4",
      "begin" : 524,
      "end" : 529,
      "text" : "extra",
      "whiteSpace" : false
    }, {
      "id" : "s5-t5",
      "begin" : 530,
      "end" : 534,
      "text" : "cash",
      "whiteSpace" : false
    }, {
      "id" : "s5-t6",
      "begin" : 535,
      "end" : 537,
      "text" : "to",
      "whiteSpace" : false
    }, {
      "id" : "s5-t7",
      "begin" : 538,
      "end" : 541,
      "text" : "pay",
      "whiteSpace" : false
    }, {
      "id" : "s5-t8",
      "begin" : 542,
      "end" : 545,
      "text" : "for",
      "whiteSpace" : false
    }, {
      "id" : "s5-t9",
      "begin" : 546,
      "end" : 547,
      "text" : "a",
      "whiteSpace" : false
    }, {
      "id" : "s5-t10",
      "begin" : 548,
      "end" : 557,
      "text" : "counselor",
      "whiteSpace" : false
    }, {
      "id" : "s5-t11",
      "begin" : 558,
      "end" : 562,
      "text" : "that",
      "whiteSpace" : false
    }, {
      "id" : "s5-t12",
      "begin" : 563,
      "end" : 565,
      "text" : "is",
      "whiteSpace" : false
    }, {
      "id" : "s5-t13",
      "begin" : 566,
      "end" : 569,
      "text" : "off",
      "whiteSpace" : false
    }, {
      "id" : "s5-t14",
      "begin" : 570,
      "end" : 572,
      "text" : "my",
      "whiteSpace" : false
    }, {
      "id" : "s5-t15",
      "begin" : 573,
      "end" : 582,
      "text" : "insurance",
      "whiteSpace" : false
    }, {
      "id" : "s5-t16",
      "begin" : 583,
      "end" : 592,
      "text" : "currently",
      "whiteSpace" : false
    }, {
      "id" : "s5-t17",
      "begin" : 592,
      "end" : 593,
      "text" : ",",
      "whiteSpace" : false
    }, {
      "id" : "s5-t18",
      "begin" : 594,
      "end" : 607,
      "text" : "unfortunately",
      "whiteSpace" : false
    }, {
      "id" : "s5-t19",
      "begin" : 607,
      "end" : 608,
      "text" : ".",
      "whiteSpace" : false
    } ]
  }, {
    "id" : "s6",
    "begin" : 608,
    "end" : 702,
    "text" : "\\n\\n\\n\\nI am /not/ trying to leave my house either to clarify, social distancing is important.",
    "tokens" : [ {
      "id" : "s6-t0",
      "begin" : 608,
      "end" : 610,
      "text" : "\\n",
      "whiteSpace" : false
    }, {
      "id" : "s6-t1",
      "begin" : 610,
      "end" : 612,
      "text" : "\\n",
      "whiteSpace" : false
    }, {
      "id" : "s6-t2",
      "begin" : 612,
      "end" : 614,
      "text" : "\\n",
      "whiteSpace" : false
    }, {
      "id" : "s6-t3",
      "begin" : 614,
      "end" : 617,
      "text" : "\\nI",
      "whiteSpace" : false
    }, {
      "id" : "s6-t4",
      "begin" : 618,
      "end" : 620,
      "text" : "am",
      "whiteSpace" : false
    }, {
      "id" : "s6-t5",
      "begin" : 621,
      "end" : 626,
      "text" : "/not/",
      "whiteSpace" : false
    }, {
      "id" : "s6-t6",
      "begin" : 627,
      "end" : 633,
      "text" : "trying",
      "whiteSpace" : false
    }, {
      "id" : "s6-t7",
      "begin" : 634,
      "end" : 636,
      "text" : "to",
      "whiteSpace" : false
    }, {
      "id" : "s6-t8",
      "begin" : 637,
      "end" : 642,
      "text" : "leave",
      "whiteSpace" : false
    }, {
      "id" : "s6-t9",
      "begin" : 643,
      "end" : 645,
      "text" : "my",
      "whiteSpace" : false
    }, {
      "id" : "s6-t10",
      "begin" : 646,
      "end" : 651,
      "text" : "house",
      "whiteSpace" : false
    }, {
      "id" : "s6-t11",
      "begin" : 652,
      "end" : 658,
      "text" : "either",
      "whiteSpace" : false
    }, {
      "id" : "s6-t12",
      "begin" : 659,
      "end" : 661,
      "text" : "to",
      "whiteSpace" : false
    }, {
      "id" : "s6-t13",
      "begin" : 662,
      "end" : 669,
      "text" : "clarify",
      "whiteSpace" : false
    }, {
      "id" : "s6-t14",
      "begin" : 669,
      "end" : 670,
      "text" : ",",
      "whiteSpace" : false
    }, {
      "id" : "s6-t15",
      "begin" : 671,
      "end" : 677,
      "text" : "social",
      "whiteSpace" : false
    }, {
      "id" : "s6-t16",
      "begin" : 678,
      "end" : 688,
      "text" : "distancing",
      "whiteSpace" : false
    }, {
      "id" : "s6-t17",
      "begin" : 689,
      "end" : 691,
      "text" : "is",
      "whiteSpace" : false
    }, {
      "id" : "s6-t18",
      "begin" : 692,
      "end" : 701,
      "text" : "important",
      "whiteSpace" : false
    }, {
      "id" : "s6-t19",
      "begin" : 701,
      "end" : 702,
      "text" : ".",
      "whiteSpace" : false
    } ]
  }, {
    "id" : "s7",
    "begin" : 702,
    "end" : 776,
    "text" : "\",\n    \"subreddit\": \"Seattle\",\n    \"created\": \"2020-04-05T09:05:48.000Z\"\n}",
    "tokens" : [ {
      "id" : "s7-t0",
      "begin" : 702,
      "end" : 703,
      "text" : "\"",
      "whiteSpace" : false
    }, {
      "id" : "s7-t1",
      "begin" : 703,
      "end" : 704,
      "text" : ",",
      "whiteSpace" : false
    }, {
      "id" : "s7-t2",
      "begin" : 709,
      "end" : 710,
      "text" : "\"",
      "whiteSpace" : false
    }, {
      "id" : "s7-t3",
      "begin" : 710,
      "end" : 719,
      "text" : "subreddit",
      "whiteSpace" : false
    }, {
      "id" : "s7-t4",
      "begin" : 719,
      "end" : 720,
      "text" : "\"",
      "whiteSpace" : false
    }, {
      "id" : "s7-t5",
      "begin" : 720,
      "end" : 721,
      "text" : ":",
      "whiteSpace" : false
    }, {
      "id" : "s7-t6",
      "begin" : 722,
      "end" : 723,
      "text" : "\"",
      "whiteSpace" : false
    }, {
      "id" : "s7-t7",
      "begin" : 723,
      "end" : 730,
      "text" : "Seattle",
      "whiteSpace" : false
    }, {
      "id" : "s7-t8",
      "begin" : 730,
      "end" : 731,
      "text" : "\"",
      "whiteSpace" : false
    }, {
      "id" : "s7-t9",
      "begin" : 731,
      "end" : 732,
      "text" : ",",
      "whiteSpace" : false
    }, {
      "id" : "s7-t10",
      "begin" : 737,
      "end" : 738,
      "text" : "\"",
      "whiteSpace" : false
    }, {
      "id" : "s7-t11",
      "begin" : 738,
      "end" : 745,
      "text" : "created",
      "whiteSpace" : false
    }, {
      "id" : "s7-t12",
      "begin" : 745,
      "end" : 746,
      "text" : "\"",
      "whiteSpace" : false
    }, {
      "id" : "s7-t13",
      "begin" : 746,
      "end" : 747,
      "text" : ":",
      "whiteSpace" : false
    }, {
      "id" : "s7-t14",
      "begin" : 748,
      "end" : 749,
      "text" : "\"",
      "whiteSpace" : false
    }, {
      "id" : "s7-t15",
      "begin" : 749,
      "end" : 773,
      "text" : "2020-04-05T09:05:48.000Z",
      "whiteSpace" : false
    }, {
      "id" : "s7-t16",
      "begin" : 773,
      "end" : 774,
      "text" : "\"",
      "whiteSpace" : false
    }, {
      "id" : "s7-t17",
      "begin" : 775,
      "end" : 776,
      "text" : "}",
      "whiteSpace" : false
    } ]
  } ],
  "mentions" : [ {
    "id" : "s1-m1",
    "properties" : {
      "SIRE_MENTION_ROLE" : "Medically_Insured",
      "SIRE_ENTITY_SUBTYPE" : "NONE",
      "SIRE_MENTION_TYPE" : "NONE",
      "SIRE_MENTION_CLASS" : "SPC"
    },
    "type" : "Medically_Insured",
    "begin" : 179,
    "end" : 188,
    "inCoref" : false
  }, {
    "id" : "s4-m1",
    "properties" : {
      "SIRE_MENTION_ROLE" : "Medically_Insured",
      "SIRE_ENTITY_SUBTYPE" : "NONE",
      "SIRE_MENTION_TYPE" : "NONE",
      "SIRE_MENTION_CLASS" : "SPC"
    },
    "type" : "Medically_Insured",
    "begin" : 464,
    "end" : 509,
    "inCoref" : false
  }, {
    "id" : "s5-m1",
    "properties" : {
      "SIRE_MENTION_ROLE" : "Medically_Insured",
      "SIRE_ENTITY_SUBTYPE" : "NONE",
      "SIRE_MENTION_TYPE" : "NONE",
      "SIRE_MENTION_CLASS" : "SPC"
    },
    "type" : "Medically_Insured",
    "begin" : 570,
    "end" : 582,
    "inCoref" : false
  }, {
    "id" : "s6-m1",
    "properties" : {
      "SIRE_MENTION_ROLE" : "Home_Owner",
      "SIRE_ENTITY_SUBTYPE" : "NONE",
      "SIRE_MENTION_TYPE" : "NONE",
      "SIRE_MENTION_CLASS" : "SPC"
    },
    "type" : "Home_Owner",
    "begin" : 643,
    "end" : 651,
    "inCoref" : false
  } ],
  "relations" : [ ],
  "corefs" : [ ],
  "typeResolved" : true,
  "userResolved" : false
}