{
  "id" : "0eb010c0-9422-11ea-ba41-8b3cd48b35eb-31",
  "name" : "seattle-doc-86.txt",
  "createdDate" : 0,
  "version" : 3,
  "text" : "{\n    \"title\": \"A tedious 3 weeks waiting for UI\",\n    \"text\": \"I've seen a fair few posts from people incredibly concerned about the unemployment process.\\n\\nI just had my claim go from 'pending' to 'processing' and it took zero time on the phone. I'm a couple days away from getting paid out for 3 weeks and feeling much better about keeping my head above water.\\n\\nI wanted to share my experience to hopefully help others have a maybe just that tiny bit more faith in the system.\\n\\nI filed on March 12th (just before some of the really big weeks we've seen for new claims). My standby status was quickly denied. My claim application went into adjudication after a couple days.\\n\\nI checked the FAQ and covid19 pages and saw that I was really just suppose to twiddle my thumbs for 3 weeks. \\n\\nI applied for a couple jobs (regardless of my chances of being hired) and submitted my first claim.\\n\\nThe Standby status was redetermined and Approved without filing an appeal or contacting anyone.\\n\\nI kept filing my claims each week. No more job search needed.\\n\\nAfter 3 weeks I sent an email via the ESD portal.\\n\\nAfter another 4 days my application had been updated. 'Pending' next to each week and a bunch of zeros is now 'Processing' with my weekly benefit amount.\\n\\nI spent zero time on hold. I ate some ramen. I drank less. I smoked less. I used some savings and some credit card balance. It's a pandemic. I think I've gotten off pretty light so far, all things considered.\\n\\nThe ESD is getting crushed right now. Be as patient as you can afford. Be as polite as you can manage. Everyone at ESD is working hard to get you paid. It'll work out in the end. No government program is without it's shenanigans.\\n\\nIf you need money asap do some googling. WA state has emergency relief funds and right now there are a wide variety of groups helping pay individual bills. It's not easy to find or attain necessarily, but there's help out there.\\n\\nMay the force be with you.\",\n    \"subreddit\": \"Seattle\",\n    \"created\": \"2020-04-06T03:14:48.000Z\"\n}",
  "docLength" : 0,
  "language" : "EN",
  "status" : "IN_PROGRESS",
  "modifiedDate" : 1589331187685,
  "documentSet" : [ ],
  "preannotation" : [ "PRE_LW" ],
  "sentences" : [ {
    "id" : "s0",
    "begin" : 0,
    "end" : 155,
    "text" : "{\n    \"title\": \"A tedious 3 weeks waiting for UI\",\n    \"text\": \"I've seen a fair few posts from people incredibly concerned about the unemployment process.",
    "tokens" : [ {
      "id" : "s0-t0",
      "begin" : 0,
      "end" : 1,
      "text" : "{",
      "whiteSpace" : false
    }, {
      "id" : "s0-t1",
      "begin" : 6,
      "end" : 7,
      "text" : "\"",
      "whiteSpace" : false
    }, {
      "id" : "s0-t2",
      "begin" : 7,
      "end" : 12,
      "text" : "title",
      "whiteSpace" : false
    }, {
      "id" : "s0-t3",
      "begin" : 12,
      "end" : 13,
      "text" : "\"",
      "whiteSpace" : false
    }, {
      "id" : "s0-t4",
      "begin" : 13,
      "end" : 14,
      "text" : ":",
      "whiteSpace" : false
    }, {
      "id" : "s0-t5",
      "begin" : 15,
      "end" : 16,
      "text" : "\"",
      "whiteSpace" : false
    }, {
      "id" : "s0-t6",
      "begin" : 16,
      "end" : 17,
      "text" : "A",
      "whiteSpace" : false
    }, {
      "id" : "s0-t7",
      "begin" : 18,
      "end" : 25,
      "text" : "tedious",
      "whiteSpace" : false
    }, {
      "id" : "s0-t8",
      "begin" : 26,
      "end" : 27,
      "text" : "3",
      "whiteSpace" : false
    }, {
      "id" : "s0-t9",
      "begin" : 28,
      "end" : 33,
      "text" : "weeks",
      "whiteSpace" : false
    }, {
      "id" : "s0-t10",
      "begin" : 34,
      "end" : 41,
      "text" : "waiting",
      "whiteSpace" : false
    }, {
      "id" : "s0-t11",
      "begin" : 42,
      "end" : 45,
      "text" : "for",
      "whiteSpace" : false
    }, {
      "id" : "s0-t12",
      "begin" : 46,
      "end" : 48,
      "text" : "UI",
      "whiteSpace" : false
    }, {
      "id" : "s0-t13",
      "begin" : 48,
      "end" : 49,
      "text" : "\"",
      "whiteSpace" : false
    }, {
      "id" : "s0-t14",
      "begin" : 49,
      "end" : 50,
      "text" : ",",
      "whiteSpace" : false
    }, {
      "id" : "s0-t15",
      "begin" : 55,
      "end" : 56,
      "text" : "\"",
      "whiteSpace" : false
    }, {
      "id" : "s0-t16",
      "begin" : 56,
      "end" : 60,
      "text" : "text",
      "whiteSpace" : false
    }, {
      "id" : "s0-t17",
      "begin" : 60,
      "end" : 61,
      "text" : "\"",
      "whiteSpace" : false
    }, {
      "id" : "s0-t18",
      "begin" : 61,
      "end" : 62,
      "text" : ":",
      "whiteSpace" : false
    }, {
      "id" : "s0-t19",
      "begin" : 63,
      "end" : 64,
      "text" : "\"",
      "whiteSpace" : false
    }, {
      "id" : "s0-t20",
      "begin" : 64,
      "end" : 65,
      "text" : "I",
      "whiteSpace" : false
    }, {
      "id" : "s0-t21",
      "begin" : 65,
      "end" : 68,
      "text" : "'ve",
      "whiteSpace" : false
    }, {
      "id" : "s0-t22",
      "begin" : 69,
      "end" : 73,
      "text" : "seen",
      "whiteSpace" : false
    }, {
      "id" : "s0-t23",
      "begin" : 74,
      "end" : 75,
      "text" : "a",
      "whiteSpace" : false
    }, {
      "id" : "s0-t24",
      "begin" : 76,
      "end" : 80,
      "text" : "fair",
      "whiteSpace" : false
    }, {
      "id" : "s0-t25",
      "begin" : 81,
      "end" : 84,
      "text" : "few",
      "whiteSpace" : false
    }, {
      "id" : "s0-t26",
      "begin" : 85,
      "end" : 90,
      "text" : "posts",
      "whiteSpace" : false
    }, {
      "id" : "s0-t27",
      "begin" : 91,
      "end" : 95,
      "text" : "from",
      "whiteSpace" : false
    }, {
      "id" : "s0-t28",
      "begin" : 96,
      "end" : 102,
      "text" : "people",
      "whiteSpace" : false
    }, {
      "id" : "s0-t29",
      "begin" : 103,
      "end" : 113,
      "text" : "incredibly",
      "whiteSpace" : false
    }, {
      "id" : "s0-t30",
      "begin" : 114,
      "end" : 123,
      "text" : "concerned",
      "whiteSpace" : false
    }, {
      "id" : "s0-t31",
      "begin" : 124,
      "end" : 129,
      "text" : "about",
      "whiteSpace" : false
    }, {
      "id" : "s0-t32",
      "begin" : 130,
      "end" : 133,
      "text" : "the",
      "whiteSpace" : false
    }, {
      "id" : "s0-t33",
      "begin" : 134,
      "end" : 146,
      "text" : "unemployment",
      "whiteSpace" : false
    }, {
      "id" : "s0-t34",
      "begin" : 147,
      "end" : 154,
      "text" : "process",
      "whiteSpace" : false
    }, {
      "id" : "s0-t35",
      "begin" : 154,
      "end" : 155,
      "text" : ".",
      "whiteSpace" : false
    } ]
  }, {
    "id" : "s1",
    "begin" : 155,
    "end" : 248,
    "text" : "\\n\\nI just had my claim go from 'pending' to 'processing' and it took zero time on the phone.",
    "tokens" : [ {
      "id" : "s1-t0",
      "begin" : 155,
      "end" : 157,
      "text" : "\\n",
      "whiteSpace" : false
    }, {
      "id" : "s1-t1",
      "begin" : 157,
      "end" : 160,
      "text" : "\\nI",
      "whiteSpace" : false
    }, {
      "id" : "s1-t2",
      "begin" : 161,
      "end" : 165,
      "text" : "just",
      "whiteSpace" : false
    }, {
      "id" : "s1-t3",
      "begin" : 166,
      "end" : 169,
      "text" : "had",
      "whiteSpace" : false
    }, {
      "id" : "s1-t4",
      "begin" : 170,
      "end" : 172,
      "text" : "my",
      "whiteSpace" : false
    }, {
      "id" : "s1-t5",
      "begin" : 173,
      "end" : 178,
      "text" : "claim",
      "whiteSpace" : false
    }, {
      "id" : "s1-t6",
      "begin" : 179,
      "end" : 181,
      "text" : "go",
      "whiteSpace" : false
    }, {
      "id" : "s1-t7",
      "begin" : 182,
      "end" : 186,
      "text" : "from",
      "whiteSpace" : false
    }, {
      "id" : "s1-t8",
      "begin" : 187,
      "end" : 188,
      "text" : "'",
      "whiteSpace" : false
    }, {
      "id" : "s1-t9",
      "begin" : 188,
      "end" : 195,
      "text" : "pending",
      "whiteSpace" : false
    }, {
      "id" : "s1-t10",
      "begin" : 195,
      "end" : 196,
      "text" : "'",
      "whiteSpace" : false
    }, {
      "id" : "s1-t11",
      "begin" : 197,
      "end" : 199,
      "text" : "to",
      "whiteSpace" : false
    }, {
      "id" : "s1-t12",
      "begin" : 200,
      "end" : 201,
      "text" : "'",
      "whiteSpace" : false
    }, {
      "id" : "s1-t13",
      "begin" : 201,
      "end" : 211,
      "text" : "processing",
      "whiteSpace" : false
    }, {
      "id" : "s1-t14",
      "begin" : 211,
      "end" : 212,
      "text" : "'",
      "whiteSpace" : false
    }, {
      "id" : "s1-t15",
      "begin" : 213,
      "end" : 216,
      "text" : "and",
      "whiteSpace" : false
    }, {
      "id" : "s1-t16",
      "begin" : 217,
      "end" : 219,
      "text" : "it",
      "whiteSpace" : false
    }, {
      "id" : "s1-t17",
      "begin" : 220,
      "end" : 224,
      "text" : "took",
      "whiteSpace" : false
    }, {
      "id" : "s1-t18",
      "begin" : 225,
      "end" : 229,
      "text" : "zero",
      "whiteSpace" : false
    }, {
      "id" : "s1-t19",
      "begin" : 230,
      "end" : 234,
      "text" : "time",
      "whiteSpace" : false
    }, {
      "id" : "s1-t20",
      "begin" : 235,
      "end" : 237,
      "text" : "on",
      "whiteSpace" : false
    }, {
      "id" : "s1-t21",
      "begin" : 238,
      "end" : 241,
      "text" : "the",
      "whiteSpace" : false
    }, {
      "id" : "s1-t22",
      "begin" : 242,
      "end" : 247,
      "text" : "phone",
      "whiteSpace" : false
    }, {
      "id" : "s1-t23",
      "begin" : 247,
      "end" : 248,
      "text" : ".",
      "whiteSpace" : false
    } ]
  }, {
    "id" : "s2",
    "begin" : 249,
    "end" : 364,
    "text" : "I'm a couple days away from getting paid out for 3 weeks and feeling much better about keeping my head above water.",
    "tokens" : [ {
      "id" : "s2-t0",
      "begin" : 249,
      "end" : 250,
      "text" : "I",
      "whiteSpace" : false
    }, {
      "id" : "s2-t1",
      "begin" : 250,
      "end" : 252,
      "text" : "'m",
      "whiteSpace" : false
    }, {
      "id" : "s2-t2",
      "begin" : 253,
      "end" : 254,
      "text" : "a",
      "whiteSpace" : false
    }, {
      "id" : "s2-t3",
      "begin" : 255,
      "end" : 261,
      "text" : "couple",
      "whiteSpace" : false
    }, {
      "id" : "s2-t4",
      "begin" : 262,
      "end" : 266,
      "text" : "days",
      "whiteSpace" : false
    }, {
      "id" : "s2-t5",
      "begin" : 267,
      "end" : 271,
      "text" : "away",
      "whiteSpace" : false
    }, {
      "id" : "s2-t6",
      "begin" : 272,
      "end" : 276,
      "text" : "from",
      "whiteSpace" : false
    }, {
      "id" : "s2-t7",
      "begin" : 277,
      "end" : 284,
      "text" : "getting",
      "whiteSpace" : false
    }, {
      "id" : "s2-t8",
      "begin" : 285,
      "end" : 289,
      "text" : "paid",
      "whiteSpace" : false
    }, {
      "id" : "s2-t9",
      "begin" : 290,
      "end" : 293,
      "text" : "out",
      "whiteSpace" : false
    }, {
      "id" : "s2-t10",
      "begin" : 294,
      "end" : 297,
      "text" : "for",
      "whiteSpace" : false
    }, {
      "id" : "s2-t11",
      "begin" : 298,
      "end" : 299,
      "text" : "3",
      "whiteSpace" : false
    }, {
      "id" : "s2-t12",
      "begin" : 300,
      "end" : 305,
      "text" : "weeks",
      "whiteSpace" : false
    }, {
      "id" : "s2-t13",
      "begin" : 306,
      "end" : 309,
      "text" : "and",
      "whiteSpace" : false
    }, {
      "id" : "s2-t14",
      "begin" : 310,
      "end" : 317,
      "text" : "feeling",
      "whiteSpace" : false
    }, {
      "id" : "s2-t15",
      "begin" : 318,
      "end" : 322,
      "text" : "much",
      "whiteSpace" : false
    }, {
      "id" : "s2-t16",
      "begin" : 323,
      "end" : 329,
      "text" : "better",
      "whiteSpace" : false
    }, {
      "id" : "s2-t17",
      "begin" : 330,
      "end" : 335,
      "text" : "about",
      "whiteSpace" : false
    }, {
      "id" : "s2-t18",
      "begin" : 336,
      "end" : 343,
      "text" : "keeping",
      "whiteSpace" : false
    }, {
      "id" : "s2-t19",
      "begin" : 344,
      "end" : 346,
      "text" : "my",
      "whiteSpace" : false
    }, {
      "id" : "s2-t20",
      "begin" : 347,
      "end" : 351,
      "text" : "head",
      "whiteSpace" : false
    }, {
      "id" : "s2-t21",
      "begin" : 352,
      "end" : 357,
      "text" : "above",
      "whiteSpace" : false
    }, {
      "id" : "s2-t22",
      "begin" : 358,
      "end" : 363,
      "text" : "water",
      "whiteSpace" : false
    }, {
      "id" : "s2-t23",
      "begin" : 363,
      "end" : 364,
      "text" : ".",
      "whiteSpace" : false
    } ]
  }, {
    "id" : "s3",
    "begin" : 364,
    "end" : 482,
    "text" : "\\n\\nI wanted to share my experience to hopefully help others have a maybe just that tiny bit more faith in the system.",
    "tokens" : [ {
      "id" : "s3-t0",
      "begin" : 364,
      "end" : 366,
      "text" : "\\n",
      "whiteSpace" : false
    }, {
      "id" : "s3-t1",
      "begin" : 366,
      "end" : 369,
      "text" : "\\nI",
      "whiteSpace" : false
    }, {
      "id" : "s3-t2",
      "begin" : 370,
      "end" : 376,
      "text" : "wanted",
      "whiteSpace" : false
    }, {
      "id" : "s3-t3",
      "begin" : 377,
      "end" : 379,
      "text" : "to",
      "whiteSpace" : false
    }, {
      "id" : "s3-t4",
      "begin" : 380,
      "end" : 385,
      "text" : "share",
      "whiteSpace" : false
    }, {
      "id" : "s3-t5",
      "begin" : 386,
      "end" : 388,
      "text" : "my",
      "whiteSpace" : false
    }, {
      "id" : "s3-t6",
      "begin" : 389,
      "end" : 399,
      "text" : "experience",
      "whiteSpace" : false
    }, {
      "id" : "s3-t7",
      "begin" : 400,
      "end" : 402,
      "text" : "to",
      "whiteSpace" : false
    }, {
      "id" : "s3-t8",
      "begin" : 403,
      "end" : 412,
      "text" : "hopefully",
      "whiteSpace" : false
    }, {
      "id" : "s3-t9",
      "begin" : 413,
      "end" : 417,
      "text" : "help",
      "whiteSpace" : false
    }, {
      "id" : "s3-t10",
      "begin" : 418,
      "end" : 424,
      "text" : "others",
      "whiteSpace" : false
    }, {
      "id" : "s3-t11",
      "begin" : 425,
      "end" : 429,
      "text" : "have",
      "whiteSpace" : false
    }, {
      "id" : "s3-t12",
      "begin" : 430,
      "end" : 431,
      "text" : "a",
      "whiteSpace" : false
    }, {
      "id" : "s3-t13",
      "begin" : 432,
      "end" : 437,
      "text" : "maybe",
      "whiteSpace" : false
    }, {
      "id" : "s3-t14",
      "begin" : 438,
      "end" : 442,
      "text" : "just",
      "whiteSpace" : false
    }, {
      "id" : "s3-t15",
      "begin" : 443,
      "end" : 447,
      "text" : "that",
      "whiteSpace" : false
    }, {
      "id" : "s3-t16",
      "begin" : 448,
      "end" : 452,
      "text" : "tiny",
      "whiteSpace" : false
    }, {
      "id" : "s3-t17",
      "begin" : 453,
      "end" : 456,
      "text" : "bit",
      "whiteSpace" : false
    }, {
      "id" : "s3-t18",
      "begin" : 457,
      "end" : 461,
      "text" : "more",
      "whiteSpace" : false
    }, {
      "id" : "s3-t19",
      "begin" : 462,
      "end" : 467,
      "text" : "faith",
      "whiteSpace" : false
    }, {
      "id" : "s3-t20",
      "begin" : 468,
      "end" : 470,
      "text" : "in",
      "whiteSpace" : false
    }, {
      "id" : "s3-t21",
      "begin" : 471,
      "end" : 474,
      "text" : "the",
      "whiteSpace" : false
    }, {
      "id" : "s3-t22",
      "begin" : 475,
      "end" : 481,
      "text" : "system",
      "whiteSpace" : false
    }, {
      "id" : "s3-t23",
      "begin" : 481,
      "end" : 482,
      "text" : ".",
      "whiteSpace" : false
    } ]
  }, {
    "id" : "s4",
    "begin" : 482,
    "end" : 577,
    "text" : "\\n\\nI filed on March 12th (just before some of the really big weeks we've seen for new claims).",
    "tokens" : [ {
      "id" : "s4-t0",
      "begin" : 482,
      "end" : 484,
      "text" : "\\n",
      "whiteSpace" : false
    }, {
      "id" : "s4-t1",
      "begin" : 484,
      "end" : 487,
      "text" : "\\nI",
      "whiteSpace" : false
    }, {
      "id" : "s4-t2",
      "begin" : 488,
      "end" : 493,
      "text" : "filed",
      "whiteSpace" : false
    }, {
      "id" : "s4-t3",
      "begin" : 494,
      "end" : 496,
      "text" : "on",
      "whiteSpace" : false
    }, {
      "id" : "s4-t4",
      "begin" : 497,
      "end" : 502,
      "text" : "March",
      "whiteSpace" : false
    }, {
      "id" : "s4-t5",
      "begin" : 503,
      "end" : 507,
      "text" : "12th",
      "whiteSpace" : false
    }, {
      "id" : "s4-t6",
      "begin" : 508,
      "end" : 509,
      "text" : "(",
      "whiteSpace" : false
    }, {
      "id" : "s4-t7",
      "begin" : 509,
      "end" : 513,
      "text" : "just",
      "whiteSpace" : false
    }, {
      "id" : "s4-t8",
      "begin" : 514,
      "end" : 520,
      "text" : "before",
      "whiteSpace" : false
    }, {
      "id" : "s4-t9",
      "begin" : 521,
      "end" : 525,
      "text" : "some",
      "whiteSpace" : false
    }, {
      "id" : "s4-t10",
      "begin" : 526,
      "end" : 528,
      "text" : "of",
      "whiteSpace" : false
    }, {
      "id" : "s4-t11",
      "begin" : 529,
      "end" : 532,
      "text" : "the",
      "whiteSpace" : false
    }, {
      "id" : "s4-t12",
      "begin" : 533,
      "end" : 539,
      "text" : "really",
      "whiteSpace" : false
    }, {
      "id" : "s4-t13",
      "begin" : 540,
      "end" : 543,
      "text" : "big",
      "whiteSpace" : false
    }, {
      "id" : "s4-t14",
      "begin" : 544,
      "end" : 549,
      "text" : "weeks",
      "whiteSpace" : false
    }, {
      "id" : "s4-t15",
      "begin" : 550,
      "end" : 552,
      "text" : "we",
      "whiteSpace" : false
    }, {
      "id" : "s4-t16",
      "begin" : 552,
      "end" : 555,
      "text" : "'ve",
      "whiteSpace" : false
    }, {
      "id" : "s4-t17",
      "begin" : 556,
      "end" : 560,
      "text" : "seen",
      "whiteSpace" : false
    }, {
      "id" : "s4-t18",
      "begin" : 561,
      "end" : 564,
      "text" : "for",
      "whiteSpace" : false
    }, {
      "id" : "s4-t19",
      "begin" : 565,
      "end" : 568,
      "text" : "new",
      "whiteSpace" : false
    }, {
      "id" : "s4-t20",
      "begin" : 569,
      "end" : 575,
      "text" : "claims",
      "whiteSpace" : false
    }, {
      "id" : "s4-t21",
      "begin" : 575,
      "end" : 576,
      "text" : ")",
      "whiteSpace" : false
    }, {
      "id" : "s4-t22",
      "begin" : 576,
      "end" : 577,
      "text" : ".",
      "whiteSpace" : false
    } ]
  }, {
    "id" : "s5",
    "begin" : 578,
    "end" : 615,
    "text" : "My standby status was quickly denied.",
    "tokens" : [ {
      "id" : "s5-t0",
      "begin" : 578,
      "end" : 580,
      "text" : "My",
      "whiteSpace" : false
    }, {
      "id" : "s5-t1",
      "begin" : 581,
      "end" : 588,
      "text" : "standby",
      "whiteSpace" : false
    }, {
      "id" : "s5-t2",
      "begin" : 589,
      "end" : 595,
      "text" : "status",
      "whiteSpace" : false
    }, {
      "id" : "s5-t3",
      "begin" : 596,
      "end" : 599,
      "text" : "was",
      "whiteSpace" : false
    }, {
      "id" : "s5-t4",
      "begin" : 600,
      "end" : 607,
      "text" : "quickly",
      "whiteSpace" : false
    }, {
      "id" : "s5-t5",
      "begin" : 608,
      "end" : 614,
      "text" : "denied",
      "whiteSpace" : false
    }, {
      "id" : "s5-t6",
      "begin" : 614,
      "end" : 615,
      "text" : ".",
      "whiteSpace" : false
    } ]
  }, {
    "id" : "s6",
    "begin" : 616,
    "end" : 680,
    "text" : "My claim application went into adjudication after a couple days.",
    "tokens" : [ {
      "id" : "s6-t0",
      "begin" : 616,
      "end" : 618,
      "text" : "My",
      "whiteSpace" : false
    }, {
      "id" : "s6-t1",
      "begin" : 619,
      "end" : 624,
      "text" : "claim",
      "whiteSpace" : false
    }, {
      "id" : "s6-t2",
      "begin" : 625,
      "end" : 636,
      "text" : "application",
      "whiteSpace" : false
    }, {
      "id" : "s6-t3",
      "begin" : 637,
      "end" : 641,
      "text" : "went",
      "whiteSpace" : false
    }, {
      "id" : "s6-t4",
      "begin" : 642,
      "end" : 646,
      "text" : "into",
      "whiteSpace" : false
    }, {
      "id" : "s6-t5",
      "begin" : 647,
      "end" : 659,
      "text" : "adjudication",
      "whiteSpace" : false
    }, {
      "id" : "s6-t6",
      "begin" : 660,
      "end" : 665,
      "text" : "after",
      "whiteSpace" : false
    }, {
      "id" : "s6-t7",
      "begin" : 666,
      "end" : 667,
      "text" : "a",
      "whiteSpace" : false
    }, {
      "id" : "s6-t8",
      "begin" : 668,
      "end" : 674,
      "text" : "couple",
      "whiteSpace" : false
    }, {
      "id" : "s6-t9",
      "begin" : 675,
      "end" : 679,
      "text" : "days",
      "whiteSpace" : false
    }, {
      "id" : "s6-t10",
      "begin" : 679,
      "end" : 680,
      "text" : ".",
      "whiteSpace" : false
    } ]
  }, {
    "id" : "s7",
    "begin" : 680,
    "end" : 792,
    "text" : "\\n\\nI checked the FAQ and covid19 pages and saw that I was really just suppose to twiddle my thumbs for 3 weeks.",
    "tokens" : [ {
      "id" : "s7-t0",
      "begin" : 680,
      "end" : 682,
      "text" : "\\n",
      "whiteSpace" : false
    }, {
      "id" : "s7-t1",
      "begin" : 682,
      "end" : 685,
      "text" : "\\nI",
      "whiteSpace" : false
    }, {
      "id" : "s7-t2",
      "begin" : 686,
      "end" : 693,
      "text" : "checked",
      "whiteSpace" : false
    }, {
      "id" : "s7-t3",
      "begin" : 694,
      "end" : 697,
      "text" : "the",
      "whiteSpace" : false
    }, {
      "id" : "s7-t4",
      "begin" : 698,
      "end" : 701,
      "text" : "FAQ",
      "whiteSpace" : false
    }, {
      "id" : "s7-t5",
      "begin" : 702,
      "end" : 705,
      "text" : "and",
      "whiteSpace" : false
    }, {
      "id" : "s7-t6",
      "begin" : 706,
      "end" : 713,
      "text" : "covid19",
      "whiteSpace" : false
    }, {
      "id" : "s7-t7",
      "begin" : 714,
      "end" : 719,
      "text" : "pages",
      "whiteSpace" : false
    }, {
      "id" : "s7-t8",
      "begin" : 720,
      "end" : 723,
      "text" : "and",
      "whiteSpace" : false
    }, {
      "id" : "s7-t9",
      "begin" : 724,
      "end" : 727,
      "text" : "saw",
      "whiteSpace" : false
    }, {
      "id" : "s7-t10",
      "begin" : 728,
      "end" : 732,
      "text" : "that",
      "whiteSpace" : false
    }, {
      "id" : "s7-t11",
      "begin" : 733,
      "end" : 734,
      "text" : "I",
      "whiteSpace" : false
    }, {
      "id" : "s7-t12",
      "begin" : 735,
      "end" : 738,
      "text" : "was",
      "whiteSpace" : false
    }, {
      "id" : "s7-t13",
      "begin" : 739,
      "end" : 745,
      "text" : "really",
      "whiteSpace" : false
    }, {
      "id" : "s7-t14",
      "begin" : 746,
      "end" : 750,
      "text" : "just",
      "whiteSpace" : false
    }, {
      "id" : "s7-t15",
      "begin" : 751,
      "end" : 758,
      "text" : "suppose",
      "whiteSpace" : false
    }, {
      "id" : "s7-t16",
      "begin" : 759,
      "end" : 761,
      "text" : "to",
      "whiteSpace" : false
    }, {
      "id" : "s7-t17",
      "begin" : 762,
      "end" : 769,
      "text" : "twiddle",
      "whiteSpace" : false
    }, {
      "id" : "s7-t18",
      "begin" : 770,
      "end" : 772,
      "text" : "my",
      "whiteSpace" : false
    }, {
      "id" : "s7-t19",
      "begin" : 773,
      "end" : 779,
      "text" : "thumbs",
      "whiteSpace" : false
    }, {
      "id" : "s7-t20",
      "begin" : 780,
      "end" : 783,
      "text" : "for",
      "whiteSpace" : false
    }, {
      "id" : "s7-t21",
      "begin" : 784,
      "end" : 785,
      "text" : "3",
      "whiteSpace" : false
    }, {
      "id" : "s7-t22",
      "begin" : 786,
      "end" : 791,
      "text" : "weeks",
      "whiteSpace" : false
    }, {
      "id" : "s7-t23",
      "begin" : 791,
      "end" : 792,
      "text" : ".",
      "whiteSpace" : false
    } ]
  }, {
    "id" : "s8",
    "begin" : 793,
    "end" : 896,
    "text" : "\\n\\nI applied for a couple jobs (regardless of my chances of being hired) and submitted my first claim.",
    "tokens" : [ {
      "id" : "s8-t0",
      "begin" : 793,
      "end" : 795,
      "text" : "\\n",
      "whiteSpace" : false
    }, {
      "id" : "s8-t1",
      "begin" : 795,
      "end" : 798,
      "text" : "\\nI",
      "whiteSpace" : false
    }, {
      "id" : "s8-t2",
      "begin" : 799,
      "end" : 806,
      "text" : "applied",
      "whiteSpace" : false
    }, {
      "id" : "s8-t3",
      "begin" : 807,
      "end" : 810,
      "text" : "for",
      "whiteSpace" : false
    }, {
      "id" : "s8-t4",
      "begin" : 811,
      "end" : 812,
      "text" : "a",
      "whiteSpace" : false
    }, {
      "id" : "s8-t5",
      "begin" : 813,
      "end" : 819,
      "text" : "couple",
      "whiteSpace" : false
    }, {
      "id" : "s8-t6",
      "begin" : 820,
      "end" : 824,
      "text" : "jobs",
      "whiteSpace" : false
    }, {
      "id" : "s8-t7",
      "begin" : 825,
      "end" : 826,
      "text" : "(",
      "whiteSpace" : false
    }, {
      "id" : "s8-t8",
      "begin" : 826,
      "end" : 836,
      "text" : "regardless",
      "whiteSpace" : false
    }, {
      "id" : "s8-t9",
      "begin" : 837,
      "end" : 839,
      "text" : "of",
      "whiteSpace" : false
    }, {
      "id" : "s8-t10",
      "begin" : 840,
      "end" : 842,
      "text" : "my",
      "whiteSpace" : false
    }, {
      "id" : "s8-t11",
      "begin" : 843,
      "end" : 850,
      "text" : "chances",
      "whiteSpace" : false
    }, {
      "id" : "s8-t12",
      "begin" : 851,
      "end" : 853,
      "text" : "of",
      "whiteSpace" : false
    }, {
      "id" : "s8-t13",
      "begin" : 854,
      "end" : 859,
      "text" : "being",
      "whiteSpace" : false
    }, {
      "id" : "s8-t14",
      "begin" : 860,
      "end" : 865,
      "text" : "hired",
      "whiteSpace" : false
    }, {
      "id" : "s8-t15",
      "begin" : 865,
      "end" : 866,
      "text" : ")",
      "whiteSpace" : false
    }, {
      "id" : "s8-t16",
      "begin" : 867,
      "end" : 870,
      "text" : "and",
      "whiteSpace" : false
    }, {
      "id" : "s8-t17",
      "begin" : 871,
      "end" : 880,
      "text" : "submitted",
      "whiteSpace" : false
    }, {
      "id" : "s8-t18",
      "begin" : 881,
      "end" : 883,
      "text" : "my",
      "whiteSpace" : false
    }, {
      "id" : "s8-t19",
      "begin" : 884,
      "end" : 889,
      "text" : "first",
      "whiteSpace" : false
    }, {
      "id" : "s8-t20",
      "begin" : 890,
      "end" : 895,
      "text" : "claim",
      "whiteSpace" : false
    }, {
      "id" : "s8-t21",
      "begin" : 895,
      "end" : 896,
      "text" : ".",
      "whiteSpace" : false
    } ]
  }, {
    "id" : "s9",
    "begin" : 896,
    "end" : 995,
    "text" : "\\n\\nThe Standby status was redetermined and Approved without filing an appeal or contacting anyone.",
    "tokens" : [ {
      "id" : "s9-t0",
      "begin" : 896,
      "end" : 898,
      "text" : "\\n",
      "whiteSpace" : false
    }, {
      "id" : "s9-t1",
      "begin" : 898,
      "end" : 903,
      "text" : "\\nThe",
      "whiteSpace" : false
    }, {
      "id" : "s9-t2",
      "begin" : 904,
      "end" : 911,
      "text" : "Standby",
      "whiteSpace" : false
    }, {
      "id" : "s9-t3",
      "begin" : 912,
      "end" : 918,
      "text" : "status",
      "whiteSpace" : false
    }, {
      "id" : "s9-t4",
      "begin" : 919,
      "end" : 922,
      "text" : "was",
      "whiteSpace" : false
    }, {
      "id" : "s9-t5",
      "begin" : 923,
      "end" : 935,
      "text" : "redetermined",
      "whiteSpace" : false
    }, {
      "id" : "s9-t6",
      "begin" : 936,
      "end" : 939,
      "text" : "and",
      "whiteSpace" : false
    }, {
      "id" : "s9-t7",
      "begin" : 940,
      "end" : 948,
      "text" : "Approved",
      "whiteSpace" : false
    }, {
      "id" : "s9-t8",
      "begin" : 949,
      "end" : 956,
      "text" : "without",
      "whiteSpace" : false
    }, {
      "id" : "s9-t9",
      "begin" : 957,
      "end" : 963,
      "text" : "filing",
      "whiteSpace" : false
    }, {
      "id" : "s9-t10",
      "begin" : 964,
      "end" : 966,
      "text" : "an",
      "whiteSpace" : false
    }, {
      "id" : "s9-t11",
      "begin" : 967,
      "end" : 973,
      "text" : "appeal",
      "whiteSpace" : false
    }, {
      "id" : "s9-t12",
      "begin" : 974,
      "end" : 976,
      "text" : "or",
      "whiteSpace" : false
    }, {
      "id" : "s9-t13",
      "begin" : 977,
      "end" : 987,
      "text" : "contacting",
      "whiteSpace" : false
    }, {
      "id" : "s9-t14",
      "begin" : 988,
      "end" : 994,
      "text" : "anyone",
      "whiteSpace" : false
    }, {
      "id" : "s9-t15",
      "begin" : 994,
      "end" : 995,
      "text" : ".",
      "whiteSpace" : false
    } ]
  }, {
    "id" : "s10",
    "begin" : 995,
    "end" : 1033,
    "text" : "\\n\\nI kept filing my claims each week.",
    "tokens" : [ {
      "id" : "s10-t0",
      "begin" : 995,
      "end" : 997,
      "text" : "\\n",
      "whiteSpace" : false
    }, {
      "id" : "s10-t1",
      "begin" : 997,
      "end" : 1000,
      "text" : "\\nI",
      "whiteSpace" : false
    }, {
      "id" : "s10-t2",
      "begin" : 1001,
      "end" : 1005,
      "text" : "kept",
      "whiteSpace" : false
    }, {
      "id" : "s10-t3",
      "begin" : 1006,
      "end" : 1012,
      "text" : "filing",
      "whiteSpace" : false
    }, {
      "id" : "s10-t4",
      "begin" : 1013,
      "end" : 1015,
      "text" : "my",
      "whiteSpace" : false
    }, {
      "id" : "s10-t5",
      "begin" : 1016,
      "end" : 1022,
      "text" : "claims",
      "whiteSpace" : false
    }, {
      "id" : "s10-t6",
      "begin" : 1023,
      "end" : 1027,
      "text" : "each",
      "whiteSpace" : false
    }, {
      "id" : "s10-t7",
      "begin" : 1028,
      "end" : 1032,
      "text" : "week",
      "whiteSpace" : false
    }, {
      "id" : "s10-t8",
      "begin" : 1032,
      "end" : 1033,
      "text" : ".",
      "whiteSpace" : false
    } ]
  }, {
    "id" : "s11",
    "begin" : 1034,
    "end" : 1060,
    "text" : "No more job search needed.",
    "tokens" : [ {
      "id" : "s11-t0",
      "begin" : 1034,
      "end" : 1036,
      "text" : "No",
      "whiteSpace" : false
    }, {
      "id" : "s11-t1",
      "begin" : 1037,
      "end" : 1041,
      "text" : "more",
      "whiteSpace" : false
    }, {
      "id" : "s11-t2",
      "begin" : 1042,
      "end" : 1045,
      "text" : "job",
      "whiteSpace" : false
    }, {
      "id" : "s11-t3",
      "begin" : 1046,
      "end" : 1052,
      "text" : "search",
      "whiteSpace" : false
    }, {
      "id" : "s11-t4",
      "begin" : 1053,
      "end" : 1059,
      "text" : "needed",
      "whiteSpace" : false
    }, {
      "id" : "s11-t5",
      "begin" : 1059,
      "end" : 1060,
      "text" : ".",
      "whiteSpace" : false
    } ]
  }, {
    "id" : "s12",
    "begin" : 1060,
    "end" : 1113,
    "text" : "\\n\\nAfter 3 weeks I sent an email via the ESD portal.",
    "tokens" : [ {
      "id" : "s12-t0",
      "begin" : 1060,
      "end" : 1062,
      "text" : "\\n",
      "whiteSpace" : false
    }, {
      "id" : "s12-t1",
      "begin" : 1062,
      "end" : 1069,
      "text" : "\\nAfter",
      "whiteSpace" : false
    }, {
      "id" : "s12-t2",
      "begin" : 1070,
      "end" : 1071,
      "text" : "3",
      "whiteSpace" : false
    }, {
      "id" : "s12-t3",
      "begin" : 1072,
      "end" : 1077,
      "text" : "weeks",
      "whiteSpace" : false
    }, {
      "id" : "s12-t4",
      "begin" : 1078,
      "end" : 1079,
      "text" : "I",
      "whiteSpace" : false
    }, {
      "id" : "s12-t5",
      "begin" : 1080,
      "end" : 1084,
      "text" : "sent",
      "whiteSpace" : false
    }, {
      "id" : "s12-t6",
      "begin" : 1085,
      "end" : 1087,
      "text" : "an",
      "whiteSpace" : false
    }, {
      "id" : "s12-t7",
      "begin" : 1088,
      "end" : 1093,
      "text" : "email",
      "whiteSpace" : false
    }, {
      "id" : "s12-t8",
      "begin" : 1094,
      "end" : 1097,
      "text" : "via",
      "whiteSpace" : false
    }, {
      "id" : "s12-t9",
      "begin" : 1098,
      "end" : 1101,
      "text" : "the",
      "whiteSpace" : false
    }, {
      "id" : "s12-t10",
      "begin" : 1102,
      "end" : 1105,
      "text" : "ESD",
      "whiteSpace" : false
    }, {
      "id" : "s12-t11",
      "begin" : 1106,
      "end" : 1112,
      "text" : "portal",
      "whiteSpace" : false
    }, {
      "id" : "s12-t12",
      "begin" : 1112,
      "end" : 1113,
      "text" : ".",
      "whiteSpace" : false
    } ]
  }, {
    "id" : "s13",
    "begin" : 1113,
    "end" : 1170,
    "text" : "\\n\\nAfter another 4 days my application had been updated.",
    "tokens" : [ {
      "id" : "s13-t0",
      "begin" : 1113,
      "end" : 1115,
      "text" : "\\n",
      "whiteSpace" : false
    }, {
      "id" : "s13-t1",
      "begin" : 1115,
      "end" : 1122,
      "text" : "\\nAfter",
      "whiteSpace" : false
    }, {
      "id" : "s13-t2",
      "begin" : 1123,
      "end" : 1130,
      "text" : "another",
      "whiteSpace" : false
    }, {
      "id" : "s13-t3",
      "begin" : 1131,
      "end" : 1132,
      "text" : "4",
      "whiteSpace" : false
    }, {
      "id" : "s13-t4",
      "begin" : 1133,
      "end" : 1137,
      "text" : "days",
      "whiteSpace" : false
    }, {
      "id" : "s13-t5",
      "begin" : 1138,
      "end" : 1140,
      "text" : "my",
      "whiteSpace" : false
    }, {
      "id" : "s13-t6",
      "begin" : 1141,
      "end" : 1152,
      "text" : "application",
      "whiteSpace" : false
    }, {
      "id" : "s13-t7",
      "begin" : 1153,
      "end" : 1156,
      "text" : "had",
      "whiteSpace" : false
    }, {
      "id" : "s13-t8",
      "begin" : 1157,
      "end" : 1161,
      "text" : "been",
      "whiteSpace" : false
    }, {
      "id" : "s13-t9",
      "begin" : 1162,
      "end" : 1169,
      "text" : "updated",
      "whiteSpace" : false
    }, {
      "id" : "s13-t10",
      "begin" : 1169,
      "end" : 1170,
      "text" : ".",
      "whiteSpace" : false
    } ]
  }, {
    "id" : "s14",
    "begin" : 1171,
    "end" : 1270,
    "text" : "'Pending' next to each week and a bunch of zeros is now 'Processing' with my weekly benefit amount.",
    "tokens" : [ {
      "id" : "s14-t0",
      "begin" : 1171,
      "end" : 1172,
      "text" : "'",
      "whiteSpace" : false
    }, {
      "id" : "s14-t1",
      "begin" : 1172,
      "end" : 1179,
      "text" : "Pending",
      "whiteSpace" : false
    }, {
      "id" : "s14-t2",
      "begin" : 1179,
      "end" : 1180,
      "text" : "'",
      "whiteSpace" : false
    }, {
      "id" : "s14-t3",
      "begin" : 1181,
      "end" : 1185,
      "text" : "next",
      "whiteSpace" : false
    }, {
      "id" : "s14-t4",
      "begin" : 1186,
      "end" : 1188,
      "text" : "to",
      "whiteSpace" : false
    }, {
      "id" : "s14-t5",
      "begin" : 1189,
      "end" : 1193,
      "text" : "each",
      "whiteSpace" : false
    }, {
      "id" : "s14-t6",
      "begin" : 1194,
      "end" : 1198,
      "text" : "week",
      "whiteSpace" : false
    }, {
      "id" : "s14-t7",
      "begin" : 1199,
      "end" : 1202,
      "text" : "and",
      "whiteSpace" : false
    }, {
      "id" : "s14-t8",
      "begin" : 1203,
      "end" : 1204,
      "text" : "a",
      "whiteSpace" : false
    }, {
      "id" : "s14-t9",
      "begin" : 1205,
      "end" : 1210,
      "text" : "bunch",
      "whiteSpace" : false
    }, {
      "id" : "s14-t10",
      "begin" : 1211,
      "end" : 1213,
      "text" : "of",
      "whiteSpace" : false
    }, {
      "id" : "s14-t11",
      "begin" : 1214,
      "end" : 1219,
      "text" : "zeros",
      "whiteSpace" : false
    }, {
      "id" : "s14-t12",
      "begin" : 1220,
      "end" : 1222,
      "text" : "is",
      "whiteSpace" : false
    }, {
      "id" : "s14-t13",
      "begin" : 1223,
      "end" : 1226,
      "text" : "now",
      "whiteSpace" : false
    }, {
      "id" : "s14-t14",
      "begin" : 1227,
      "end" : 1228,
      "text" : "'",
      "whiteSpace" : false
    }, {
      "id" : "s14-t15",
      "begin" : 1228,
      "end" : 1238,
      "text" : "Processing",
      "whiteSpace" : false
    }, {
      "id" : "s14-t16",
      "begin" : 1238,
      "end" : 1239,
      "text" : "'",
      "whiteSpace" : false
    }, {
      "id" : "s14-t17",
      "begin" : 1240,
      "end" : 1244,
      "text" : "with",
      "whiteSpace" : false
    }, {
      "id" : "s14-t18",
      "begin" : 1245,
      "end" : 1247,
      "text" : "my",
      "whiteSpace" : false
    }, {
      "id" : "s14-t19",
      "begin" : 1248,
      "end" : 1254,
      "text" : "weekly",
      "whiteSpace" : false
    }, {
      "id" : "s14-t20",
      "begin" : 1255,
      "end" : 1262,
      "text" : "benefit",
      "whiteSpace" : false
    }, {
      "id" : "s14-t21",
      "begin" : 1263,
      "end" : 1269,
      "text" : "amount",
      "whiteSpace" : false
    }, {
      "id" : "s14-t22",
      "begin" : 1269,
      "end" : 1270,
      "text" : ".",
      "whiteSpace" : false
    } ]
  }, {
    "id" : "s15",
    "begin" : 1270,
    "end" : 1300,
    "text" : "\\n\\nI spent zero time on hold.",
    "tokens" : [ {
      "id" : "s15-t0",
      "begin" : 1270,
      "end" : 1272,
      "text" : "\\n",
      "whiteSpace" : false
    }, {
      "id" : "s15-t1",
      "begin" : 1272,
      "end" : 1275,
      "text" : "\\nI",
      "whiteSpace" : false
    }, {
      "id" : "s15-t2",
      "begin" : 1276,
      "end" : 1281,
      "text" : "spent",
      "whiteSpace" : false
    }, {
      "id" : "s15-t3",
      "begin" : 1282,
      "end" : 1286,
      "text" : "zero",
      "whiteSpace" : false
    }, {
      "id" : "s15-t4",
      "begin" : 1287,
      "end" : 1291,
      "text" : "time",
      "whiteSpace" : false
    }, {
      "id" : "s15-t5",
      "begin" : 1292,
      "end" : 1294,
      "text" : "on",
      "whiteSpace" : false
    }, {
      "id" : "s15-t6",
      "begin" : 1295,
      "end" : 1299,
      "text" : "hold",
      "whiteSpace" : false
    }, {
      "id" : "s15-t7",
      "begin" : 1299,
      "end" : 1300,
      "text" : ".",
      "whiteSpace" : false
    } ]
  }, {
    "id" : "s16",
    "begin" : 1301,
    "end" : 1318,
    "text" : "I ate some ramen.",
    "tokens" : [ {
      "id" : "s16-t0",
      "begin" : 1301,
      "end" : 1302,
      "text" : "I",
      "whiteSpace" : false
    }, {
      "id" : "s16-t1",
      "begin" : 1303,
      "end" : 1306,
      "text" : "ate",
      "whiteSpace" : false
    }, {
      "id" : "s16-t2",
      "begin" : 1307,
      "end" : 1311,
      "text" : "some",
      "whiteSpace" : false
    }, {
      "id" : "s16-t3",
      "begin" : 1312,
      "end" : 1317,
      "text" : "ramen",
      "whiteSpace" : false
    }, {
      "id" : "s16-t4",
      "begin" : 1317,
      "end" : 1318,
      "text" : ".",
      "whiteSpace" : false
    } ]
  }, {
    "id" : "s17",
    "begin" : 1319,
    "end" : 1332,
    "text" : "I drank less.",
    "tokens" : [ {
      "id" : "s17-t0",
      "begin" : 1319,
      "end" : 1320,
      "text" : "I",
      "whiteSpace" : false
    }, {
      "id" : "s17-t1",
      "begin" : 1321,
      "end" : 1326,
      "text" : "drank",
      "whiteSpace" : false
    }, {
      "id" : "s17-t2",
      "begin" : 1327,
      "end" : 1331,
      "text" : "less",
      "whiteSpace" : false
    }, {
      "id" : "s17-t3",
      "begin" : 1331,
      "end" : 1332,
      "text" : ".",
      "whiteSpace" : false
    } ]
  }, {
    "id" : "s18",
    "begin" : 1333,
    "end" : 1347,
    "text" : "I smoked less.",
    "tokens" : [ {
      "id" : "s18-t0",
      "begin" : 1333,
      "end" : 1334,
      "text" : "I",
      "whiteSpace" : false
    }, {
      "id" : "s18-t1",
      "begin" : 1335,
      "end" : 1341,
      "text" : "smoked",
      "whiteSpace" : false
    }, {
      "id" : "s18-t2",
      "begin" : 1342,
      "end" : 1346,
      "text" : "less",
      "whiteSpace" : false
    }, {
      "id" : "s18-t3",
      "begin" : 1346,
      "end" : 1347,
      "text" : ".",
      "whiteSpace" : false
    } ]
  }, {
    "id" : "s19",
    "begin" : 1348,
    "end" : 1397,
    "text" : "I used some savings and some credit card balance.",
    "tokens" : [ {
      "id" : "s19-t0",
      "begin" : 1348,
      "end" : 1349,
      "text" : "I",
      "whiteSpace" : false
    }, {
      "id" : "s19-t1",
      "begin" : 1350,
      "end" : 1354,
      "text" : "used",
      "whiteSpace" : false
    }, {
      "id" : "s19-t2",
      "begin" : 1355,
      "end" : 1359,
      "text" : "some",
      "whiteSpace" : false
    }, {
      "id" : "s19-t3",
      "begin" : 1360,
      "end" : 1367,
      "text" : "savings",
      "whiteSpace" : false
    }, {
      "id" : "s19-t4",
      "begin" : 1368,
      "end" : 1371,
      "text" : "and",
      "whiteSpace" : false
    }, {
      "id" : "s19-t5",
      "begin" : 1372,
      "end" : 1376,
      "text" : "some",
      "whiteSpace" : false
    }, {
      "id" : "s19-t6",
      "begin" : 1377,
      "end" : 1383,
      "text" : "credit",
      "whiteSpace" : false
    }, {
      "id" : "s19-t7",
      "begin" : 1384,
      "end" : 1388,
      "text" : "card",
      "whiteSpace" : false
    }, {
      "id" : "s19-t8",
      "begin" : 1389,
      "end" : 1396,
      "text" : "balance",
      "whiteSpace" : false
    }, {
      "id" : "s19-t9",
      "begin" : 1396,
      "end" : 1397,
      "text" : ".",
      "whiteSpace" : false
    } ]
  }, {
    "id" : "s20",
    "begin" : 1398,
    "end" : 1414,
    "text" : "It's a pandemic.",
    "tokens" : [ {
      "id" : "s20-t0",
      "begin" : 1398,
      "end" : 1400,
      "text" : "It",
      "whiteSpace" : false
    }, {
      "id" : "s20-t1",
      "begin" : 1400,
      "end" : 1402,
      "text" : "'s",
      "whiteSpace" : false
    }, {
      "id" : "s20-t2",
      "begin" : 1403,
      "end" : 1404,
      "text" : "a",
      "whiteSpace" : false
    }, {
      "id" : "s20-t3",
      "begin" : 1405,
      "end" : 1413,
      "text" : "pandemic",
      "whiteSpace" : false
    }, {
      "id" : "s20-t4",
      "begin" : 1413,
      "end" : 1414,
      "text" : ".",
      "whiteSpace" : false
    } ]
  }, {
    "id" : "s21",
    "begin" : 1415,
    "end" : 1482,
    "text" : "I think I've gotten off pretty light so far, all things considered.",
    "tokens" : [ {
      "id" : "s21-t0",
      "begin" : 1415,
      "end" : 1416,
      "text" : "I",
      "whiteSpace" : false
    }, {
      "id" : "s21-t1",
      "begin" : 1417,
      "end" : 1422,
      "text" : "think",
      "whiteSpace" : false
    }, {
      "id" : "s21-t2",
      "begin" : 1423,
      "end" : 1424,
      "text" : "I",
      "whiteSpace" : false
    }, {
      "id" : "s21-t3",
      "begin" : 1424,
      "end" : 1427,
      "text" : "'ve",
      "whiteSpace" : false
    }, {
      "id" : "s21-t4",
      "begin" : 1428,
      "end" : 1434,
      "text" : "gotten",
      "whiteSpace" : false
    }, {
      "id" : "s21-t5",
      "begin" : 1435,
      "end" : 1438,
      "text" : "off",
      "whiteSpace" : false
    }, {
      "id" : "s21-t6",
      "begin" : 1439,
      "end" : 1445,
      "text" : "pretty",
      "whiteSpace" : false
    }, {
      "id" : "s21-t7",
      "begin" : 1446,
      "end" : 1451,
      "text" : "light",
      "whiteSpace" : false
    }, {
      "id" : "s21-t8",
      "begin" : 1452,
      "end" : 1454,
      "text" : "so",
      "whiteSpace" : false
    }, {
      "id" : "s21-t9",
      "begin" : 1455,
      "end" : 1458,
      "text" : "far",
      "whiteSpace" : false
    }, {
      "id" : "s21-t10",
      "begin" : 1458,
      "end" : 1459,
      "text" : ",",
      "whiteSpace" : false
    }, {
      "id" : "s21-t11",
      "begin" : 1460,
      "end" : 1463,
      "text" : "all",
      "whiteSpace" : false
    }, {
      "id" : "s21-t12",
      "begin" : 1464,
      "end" : 1470,
      "text" : "things",
      "whiteSpace" : false
    }, {
      "id" : "s21-t13",
      "begin" : 1471,
      "end" : 1481,
      "text" : "considered",
      "whiteSpace" : false
    }, {
      "id" : "s21-t14",
      "begin" : 1481,
      "end" : 1482,
      "text" : ".",
      "whiteSpace" : false
    } ]
  }, {
    "id" : "s22",
    "begin" : 1482,
    "end" : 1523,
    "text" : "\\n\\nThe ESD is getting crushed right now.",
    "tokens" : [ {
      "id" : "s22-t0",
      "begin" : 1482,
      "end" : 1484,
      "text" : "\\n",
      "whiteSpace" : false
    }, {
      "id" : "s22-t1",
      "begin" : 1484,
      "end" : 1489,
      "text" : "\\nThe",
      "whiteSpace" : false
    }, {
      "id" : "s22-t2",
      "begin" : 1490,
      "end" : 1493,
      "text" : "ESD",
      "whiteSpace" : false
    }, {
      "id" : "s22-t3",
      "begin" : 1494,
      "end" : 1496,
      "text" : "is",
      "whiteSpace" : false
    }, {
      "id" : "s22-t4",
      "begin" : 1497,
      "end" : 1504,
      "text" : "getting",
      "whiteSpace" : false
    }, {
      "id" : "s22-t5",
      "begin" : 1505,
      "end" : 1512,
      "text" : "crushed",
      "whiteSpace" : false
    }, {
      "id" : "s22-t6",
      "begin" : 1513,
      "end" : 1518,
      "text" : "right",
      "whiteSpace" : false
    }, {
      "id" : "s22-t7",
      "begin" : 1519,
      "end" : 1522,
      "text" : "now",
      "whiteSpace" : false
    }, {
      "id" : "s22-t8",
      "begin" : 1522,
      "end" : 1523,
      "text" : ".",
      "whiteSpace" : false
    } ]
  }, {
    "id" : "s23",
    "begin" : 1524,
    "end" : 1556,
    "text" : "Be as patient as you can afford.",
    "tokens" : [ {
      "id" : "s23-t0",
      "begin" : 1524,
      "end" : 1526,
      "text" : "Be",
      "whiteSpace" : false
    }, {
      "id" : "s23-t1",
      "begin" : 1527,
      "end" : 1529,
      "text" : "as",
      "whiteSpace" : false
    }, {
      "id" : "s23-t2",
      "begin" : 1530,
      "end" : 1537,
      "text" : "patient",
      "whiteSpace" : false
    }, {
      "id" : "s23-t3",
      "begin" : 1538,
      "end" : 1540,
      "text" : "as",
      "whiteSpace" : false
    }, {
      "id" : "s23-t4",
      "begin" : 1541,
      "end" : 1544,
      "text" : "you",
      "whiteSpace" : false
    }, {
      "id" : "s23-t5",
      "begin" : 1545,
      "end" : 1548,
      "text" : "can",
      "whiteSpace" : false
    }, {
      "id" : "s23-t6",
      "begin" : 1549,
      "end" : 1555,
      "text" : "afford",
      "whiteSpace" : false
    }, {
      "id" : "s23-t7",
      "begin" : 1555,
      "end" : 1556,
      "text" : ".",
      "whiteSpace" : false
    } ]
  }, {
    "id" : "s24",
    "begin" : 1557,
    "end" : 1588,
    "text" : "Be as polite as you can manage.",
    "tokens" : [ {
      "id" : "s24-t0",
      "begin" : 1557,
      "end" : 1559,
      "text" : "Be",
      "whiteSpace" : false
    }, {
      "id" : "s24-t1",
      "begin" : 1560,
      "end" : 1562,
      "text" : "as",
      "whiteSpace" : false
    }, {
      "id" : "s24-t2",
      "begin" : 1563,
      "end" : 1569,
      "text" : "polite",
      "whiteSpace" : false
    }, {
      "id" : "s24-t3",
      "begin" : 1570,
      "end" : 1572,
      "text" : "as",
      "whiteSpace" : false
    }, {
      "id" : "s24-t4",
      "begin" : 1573,
      "end" : 1576,
      "text" : "you",
      "whiteSpace" : false
    }, {
      "id" : "s24-t5",
      "begin" : 1577,
      "end" : 1580,
      "text" : "can",
      "whiteSpace" : false
    }, {
      "id" : "s24-t6",
      "begin" : 1581,
      "end" : 1587,
      "text" : "manage",
      "whiteSpace" : false
    }, {
      "id" : "s24-t7",
      "begin" : 1587,
      "end" : 1588,
      "text" : ".",
      "whiteSpace" : false
    } ]
  }, {
    "id" : "s25",
    "begin" : 1589,
    "end" : 1637,
    "text" : "Everyone at ESD is working hard to get you paid.",
    "tokens" : [ {
      "id" : "s25-t0",
      "begin" : 1589,
      "end" : 1597,
      "text" : "Everyone",
      "whiteSpace" : false
    }, {
      "id" : "s25-t1",
      "begin" : 1598,
      "end" : 1600,
      "text" : "at",
      "whiteSpace" : false
    }, {
      "id" : "s25-t2",
      "begin" : 1601,
      "end" : 1604,
      "text" : "ESD",
      "whiteSpace" : false
    }, {
      "id" : "s25-t3",
      "begin" : 1605,
      "end" : 1607,
      "text" : "is",
      "whiteSpace" : false
    }, {
      "id" : "s25-t4",
      "begin" : 1608,
      "end" : 1615,
      "text" : "working",
      "whiteSpace" : false
    }, {
      "id" : "s25-t5",
      "begin" : 1616,
      "end" : 1620,
      "text" : "hard",
      "whiteSpace" : false
    }, {
      "id" : "s25-t6",
      "begin" : 1621,
      "end" : 1623,
      "text" : "to",
      "whiteSpace" : false
    }, {
      "id" : "s25-t7",
      "begin" : 1624,
      "end" : 1627,
      "text" : "get",
      "whiteSpace" : false
    }, {
      "id" : "s25-t8",
      "begin" : 1628,
      "end" : 1631,
      "text" : "you",
      "whiteSpace" : false
    }, {
      "id" : "s25-t9",
      "begin" : 1632,
      "end" : 1636,
      "text" : "paid",
      "whiteSpace" : false
    }, {
      "id" : "s25-t10",
      "begin" : 1636,
      "end" : 1637,
      "text" : ".",
      "whiteSpace" : false
    } ]
  }, {
    "id" : "s26",
    "begin" : 1638,
    "end" : 1664,
    "text" : "It'll work out in the end.",
    "tokens" : [ {
      "id" : "s26-t0",
      "begin" : 1638,
      "end" : 1640,
      "text" : "It",
      "whiteSpace" : false
    }, {
      "id" : "s26-t1",
      "begin" : 1640,
      "end" : 1643,
      "text" : "'ll",
      "whiteSpace" : false
    }, {
      "id" : "s26-t2",
      "begin" : 1644,
      "end" : 1648,
      "text" : "work",
      "whiteSpace" : false
    }, {
      "id" : "s26-t3",
      "begin" : 1649,
      "end" : 1652,
      "text" : "out",
      "whiteSpace" : false
    }, {
      "id" : "s26-t4",
      "begin" : 1653,
      "end" : 1655,
      "text" : "in",
      "whiteSpace" : false
    }, {
      "id" : "s26-t5",
      "begin" : 1656,
      "end" : 1659,
      "text" : "the",
      "whiteSpace" : false
    }, {
      "id" : "s26-t6",
      "begin" : 1660,
      "end" : 1663,
      "text" : "end",
      "whiteSpace" : false
    }, {
      "id" : "s26-t7",
      "begin" : 1663,
      "end" : 1664,
      "text" : ".",
      "whiteSpace" : false
    } ]
  }, {
    "id" : "s27",
    "begin" : 1665,
    "end" : 1715,
    "text" : "No government program is without it's shenanigans.",
    "tokens" : [ {
      "id" : "s27-t0",
      "begin" : 1665,
      "end" : 1667,
      "text" : "No",
      "whiteSpace" : false
    }, {
      "id" : "s27-t1",
      "begin" : 1668,
      "end" : 1678,
      "text" : "government",
      "whiteSpace" : false
    }, {
      "id" : "s27-t2",
      "begin" : 1679,
      "end" : 1686,
      "text" : "program",
      "whiteSpace" : false
    }, {
      "id" : "s27-t3",
      "begin" : 1687,
      "end" : 1689,
      "text" : "is",
      "whiteSpace" : false
    }, {
      "id" : "s27-t4",
      "begin" : 1690,
      "end" : 1697,
      "text" : "without",
      "whiteSpace" : false
    }, {
      "id" : "s27-t5",
      "begin" : 1698,
      "end" : 1700,
      "text" : "it",
      "whiteSpace" : false
    }, {
      "id" : "s27-t6",
      "begin" : 1700,
      "end" : 1702,
      "text" : "'s",
      "whiteSpace" : false
    }, {
      "id" : "s27-t7",
      "begin" : 1703,
      "end" : 1714,
      "text" : "shenanigans",
      "whiteSpace" : false
    }, {
      "id" : "s27-t8",
      "begin" : 1714,
      "end" : 1715,
      "text" : ".",
      "whiteSpace" : false
    } ]
  }, {
    "id" : "s28",
    "begin" : 1715,
    "end" : 1759,
    "text" : "\\n\\nIf you need money asap do some googling.",
    "tokens" : [ {
      "id" : "s28-t0",
      "begin" : 1715,
      "end" : 1717,
      "text" : "\\n",
      "whiteSpace" : false
    }, {
      "id" : "s28-t1",
      "begin" : 1717,
      "end" : 1721,
      "text" : "\\nIf",
      "whiteSpace" : false
    }, {
      "id" : "s28-t2",
      "begin" : 1722,
      "end" : 1725,
      "text" : "you",
      "whiteSpace" : false
    }, {
      "id" : "s28-t3",
      "begin" : 1726,
      "end" : 1730,
      "text" : "need",
      "whiteSpace" : false
    }, {
      "id" : "s28-t4",
      "begin" : 1731,
      "end" : 1736,
      "text" : "money",
      "whiteSpace" : false
    }, {
      "id" : "s28-t5",
      "begin" : 1737,
      "end" : 1741,
      "text" : "asap",
      "whiteSpace" : false
    }, {
      "id" : "s28-t6",
      "begin" : 1742,
      "end" : 1744,
      "text" : "do",
      "whiteSpace" : false
    }, {
      "id" : "s28-t7",
      "begin" : 1745,
      "end" : 1749,
      "text" : "some",
      "whiteSpace" : false
    }, {
      "id" : "s28-t8",
      "begin" : 1750,
      "end" : 1758,
      "text" : "googling",
      "whiteSpace" : false
    }, {
      "id" : "s28-t9",
      "begin" : 1758,
      "end" : 1759,
      "text" : ".",
      "whiteSpace" : false
    } ]
  }, {
    "id" : "s29",
    "begin" : 1760,
    "end" : 1874,
    "text" : "WA state has emergency relief funds and right now there are a wide variety of groups helping pay individual bills.",
    "tokens" : [ {
      "id" : "s29-t0",
      "begin" : 1760,
      "end" : 1762,
      "text" : "WA",
      "whiteSpace" : false
    }, {
      "id" : "s29-t1",
      "begin" : 1763,
      "end" : 1768,
      "text" : "state",
      "whiteSpace" : false
    }, {
      "id" : "s29-t2",
      "begin" : 1769,
      "end" : 1772,
      "text" : "has",
      "whiteSpace" : false
    }, {
      "id" : "s29-t3",
      "begin" : 1773,
      "end" : 1782,
      "text" : "emergency",
      "whiteSpace" : false
    }, {
      "id" : "s29-t4",
      "begin" : 1783,
      "end" : 1789,
      "text" : "relief",
      "whiteSpace" : false
    }, {
      "id" : "s29-t5",
      "begin" : 1790,
      "end" : 1795,
      "text" : "funds",
      "whiteSpace" : false
    }, {
      "id" : "s29-t6",
      "begin" : 1796,
      "end" : 1799,
      "text" : "and",
      "whiteSpace" : false
    }, {
      "id" : "s29-t7",
      "begin" : 1800,
      "end" : 1805,
      "text" : "right",
      "whiteSpace" : false
    }, {
      "id" : "s29-t8",
      "begin" : 1806,
      "end" : 1809,
      "text" : "now",
      "whiteSpace" : false
    }, {
      "id" : "s29-t9",
      "begin" : 1810,
      "end" : 1815,
      "text" : "there",
      "whiteSpace" : false
    }, {
      "id" : "s29-t10",
      "begin" : 1816,
      "end" : 1819,
      "text" : "are",
      "whiteSpace" : false
    }, {
      "id" : "s29-t11",
      "begin" : 1820,
      "end" : 1821,
      "text" : "a",
      "whiteSpace" : false
    }, {
      "id" : "s29-t12",
      "begin" : 1822,
      "end" : 1826,
      "text" : "wide",
      "whiteSpace" : false
    }, {
      "id" : "s29-t13",
      "begin" : 1827,
      "end" : 1834,
      "text" : "variety",
      "whiteSpace" : false
    }, {
      "id" : "s29-t14",
      "begin" : 1835,
      "end" : 1837,
      "text" : "of",
      "whiteSpace" : false
    }, {
      "id" : "s29-t15",
      "begin" : 1838,
      "end" : 1844,
      "text" : "groups",
      "whiteSpace" : false
    }, {
      "id" : "s29-t16",
      "begin" : 1845,
      "end" : 1852,
      "text" : "helping",
      "whiteSpace" : false
    }, {
      "id" : "s29-t17",
      "begin" : 1853,
      "end" : 1856,
      "text" : "pay",
      "whiteSpace" : false
    }, {
      "id" : "s29-t18",
      "begin" : 1857,
      "end" : 1867,
      "text" : "individual",
      "whiteSpace" : false
    }, {
      "id" : "s29-t19",
      "begin" : 1868,
      "end" : 1873,
      "text" : "bills",
      "whiteSpace" : false
    }, {
      "id" : "s29-t20",
      "begin" : 1873,
      "end" : 1874,
      "text" : ".",
      "whiteSpace" : false
    } ]
  }, {
    "id" : "s30",
    "begin" : 1875,
    "end" : 1947,
    "text" : "It's not easy to find or attain necessarily, but there's help out there.",
    "tokens" : [ {
      "id" : "s30-t0",
      "begin" : 1875,
      "end" : 1877,
      "text" : "It",
      "whiteSpace" : false
    }, {
      "id" : "s30-t1",
      "begin" : 1877,
      "end" : 1879,
      "text" : "'s",
      "whiteSpace" : false
    }, {
      "id" : "s30-t2",
      "begin" : 1880,
      "end" : 1883,
      "text" : "not",
      "whiteSpace" : false
    }, {
      "id" : "s30-t3",
      "begin" : 1884,
      "end" : 1888,
      "text" : "easy",
      "whiteSpace" : false
    }, {
      "id" : "s30-t4",
      "begin" : 1889,
      "end" : 1891,
      "text" : "to",
      "whiteSpace" : false
    }, {
      "id" : "s30-t5",
      "begin" : 1892,
      "end" : 1896,
      "text" : "find",
      "whiteSpace" : false
    }, {
      "id" : "s30-t6",
      "begin" : 1897,
      "end" : 1899,
      "text" : "or",
      "whiteSpace" : false
    }, {
      "id" : "s30-t7",
      "begin" : 1900,
      "end" : 1906,
      "text" : "attain",
      "whiteSpace" : false
    }, {
      "id" : "s30-t8",
      "begin" : 1907,
      "end" : 1918,
      "text" : "necessarily",
      "whiteSpace" : false
    }, {
      "id" : "s30-t9",
      "begin" : 1918,
      "end" : 1919,
      "text" : ",",
      "whiteSpace" : false
    }, {
      "id" : "s30-t10",
      "begin" : 1920,
      "end" : 1923,
      "text" : "but",
      "whiteSpace" : false
    }, {
      "id" : "s30-t11",
      "begin" : 1924,
      "end" : 1929,
      "text" : "there",
      "whiteSpace" : false
    }, {
      "id" : "s30-t12",
      "begin" : 1929,
      "end" : 1931,
      "text" : "'s",
      "whiteSpace" : false
    }, {
      "id" : "s30-t13",
      "begin" : 1932,
      "end" : 1936,
      "text" : "help",
      "whiteSpace" : false
    }, {
      "id" : "s30-t14",
      "begin" : 1937,
      "end" : 1940,
      "text" : "out",
      "whiteSpace" : false
    }, {
      "id" : "s30-t15",
      "begin" : 1941,
      "end" : 1946,
      "text" : "there",
      "whiteSpace" : false
    }, {
      "id" : "s30-t16",
      "begin" : 1946,
      "end" : 1947,
      "text" : ".",
      "whiteSpace" : false
    } ]
  }, {
    "id" : "s31",
    "begin" : 1947,
    "end" : 1977,
    "text" : "\\n\\nMay the force be with you.",
    "tokens" : [ {
      "id" : "s31-t0",
      "begin" : 1947,
      "end" : 1949,
      "text" : "\\n",
      "whiteSpace" : false
    }, {
      "id" : "s31-t1",
      "begin" : 1949,
      "end" : 1954,
      "text" : "\\nMay",
      "whiteSpace" : false
    }, {
      "id" : "s31-t2",
      "begin" : 1955,
      "end" : 1958,
      "text" : "the",
      "whiteSpace" : false
    }, {
      "id" : "s31-t3",
      "begin" : 1959,
      "end" : 1964,
      "text" : "force",
      "whiteSpace" : false
    }, {
      "id" : "s31-t4",
      "begin" : 1965,
      "end" : 1967,
      "text" : "be",
      "whiteSpace" : false
    }, {
      "id" : "s31-t5",
      "begin" : 1968,
      "end" : 1972,
      "text" : "with",
      "whiteSpace" : false
    }, {
      "id" : "s31-t6",
      "begin" : 1973,
      "end" : 1976,
      "text" : "you",
      "whiteSpace" : false
    }, {
      "id" : "s31-t7",
      "begin" : 1976,
      "end" : 1977,
      "text" : ".",
      "whiteSpace" : false
    } ]
  }, {
    "id" : "s32",
    "begin" : 1977,
    "end" : 2051,
    "text" : "\",\n    \"subreddit\": \"Seattle\",\n    \"created\": \"2020-04-06T03:14:48.000Z\"\n}",
    "tokens" : [ {
      "id" : "s32-t0",
      "begin" : 1977,
      "end" : 1978,
      "text" : "\"",
      "whiteSpace" : false
    }, {
      "id" : "s32-t1",
      "begin" : 1978,
      "end" : 1979,
      "text" : ",",
      "whiteSpace" : false
    }, {
      "id" : "s32-t2",
      "begin" : 1984,
      "end" : 1985,
      "text" : "\"",
      "whiteSpace" : false
    }, {
      "id" : "s32-t3",
      "begin" : 1985,
      "end" : 1994,
      "text" : "subreddit",
      "whiteSpace" : false
    }, {
      "id" : "s32-t4",
      "begin" : 1994,
      "end" : 1995,
      "text" : "\"",
      "whiteSpace" : false
    }, {
      "id" : "s32-t5",
      "begin" : 1995,
      "end" : 1996,
      "text" : ":",
      "whiteSpace" : false
    }, {
      "id" : "s32-t6",
      "begin" : 1997,
      "end" : 1998,
      "text" : "\"",
      "whiteSpace" : false
    }, {
      "id" : "s32-t7",
      "begin" : 1998,
      "end" : 2005,
      "text" : "Seattle",
      "whiteSpace" : false
    }, {
      "id" : "s32-t8",
      "begin" : 2005,
      "end" : 2006,
      "text" : "\"",
      "whiteSpace" : false
    }, {
      "id" : "s32-t9",
      "begin" : 2006,
      "end" : 2007,
      "text" : ",",
      "whiteSpace" : false
    }, {
      "id" : "s32-t10",
      "begin" : 2012,
      "end" : 2013,
      "text" : "\"",
      "whiteSpace" : false
    }, {
      "id" : "s32-t11",
      "begin" : 2013,
      "end" : 2020,
      "text" : "created",
      "whiteSpace" : false
    }, {
      "id" : "s32-t12",
      "begin" : 2020,
      "end" : 2021,
      "text" : "\"",
      "whiteSpace" : false
    }, {
      "id" : "s32-t13",
      "begin" : 2021,
      "end" : 2022,
      "text" : ":",
      "whiteSpace" : false
    }, {
      "id" : "s32-t14",
      "begin" : 2023,
      "end" : 2024,
      "text" : "\"",
      "whiteSpace" : false
    }, {
      "id" : "s32-t15",
      "begin" : 2024,
      "end" : 2048,
      "text" : "2020-04-06T03:14:48.000Z",
      "whiteSpace" : false
    }, {
      "id" : "s32-t16",
      "begin" : 2048,
      "end" : 2049,
      "text" : "\"",
      "whiteSpace" : false
    }, {
      "id" : "s32-t17",
      "begin" : 2050,
      "end" : 2051,
      "text" : "}",
      "whiteSpace" : false
    } ]
  } ],
  "mentions" : [ {
    "id" : "s0-m2",
    "properties" : {
      "SIRE_MENTION_ROLE" : "Unemployed",
      "SIRE_ENTITY_SUBTYPE" : "NONE",
      "SIRE_MENTION_TYPE" : "NONE",
      "SIRE_MENTION_CLASS" : "SPC"
    },
    "type" : "Unemployed",
    "begin" : 46,
    "end" : 48,
    "inCoref" : false
  }, {
    "id" : "m1",
    "properties" : {
      "SIRE_MENTION_TYPE" : "NONE",
      "SIRE_MENTION_ROLE" : "Unemployed",
      "SIRE_MENTION_CLASS" : "SPC",
      "SIRE_ENTITY_SUBTYPE" : "NONE"
    },
    "type" : "Unemployed",
    "begin" : 134,
    "end" : 146,
    "inCoref" : false
  } ],
  "relations" : [ ],
  "corefs" : [ ],
  "typeResolved" : true,
  "userResolved" : false
}