{
  "id" : "0eb010c0-9422-11ea-ba41-8b3cd48b35eb-82",
  "name" : "seattle-doc-33.txt",
  "createdDate" : 0,
  "version" : 3,
  "text" : "{\n    \"title\": \"Gigworkers Filing for Unemployment\",\n    \"text\": \"I just had a brief conversation with an employee from the unemployment office. As you guys know, gigworkers are potentially partially covered for unemployment. The problem with filling for unemployment is the online application for Washington residents is not set up to file a claim for those who are independent contractors. Due to the high volume of calls, they also stopped scheduling callbacks to help with claims. Since I scheduled a callback beforehand, they still honored it.\\n\\nThe only new information they gave me was to keep checking their website as they may release some type of app or web application in the next few days (Who knows how long it'll actually take). They also told me to keep posting my weekly claims for standby. \\n\\nHopefully it won't be too much of a hassle to file a claim properly once their system is updated and federal relief funds are made available.\",\n    \"subreddit\": \"Seattle\",\n    \"created\": \"2020-04-17T23:04:30.000Z\"\n}",
  "docLength" : 0,
  "language" : "EN",
  "status" : "IN_PROGRESS",
  "modifiedDate" : 1589333766683,
  "documentSet" : [ ],
  "preannotation" : [ "PRE_LW" ],
  "sentences" : [ {
    "id" : "s0",
    "begin" : 0,
    "end" : 144,
    "text" : "{\n    \"title\": \"Gigworkers Filing for Unemployment\",\n    \"text\": \"I just had a brief conversation with an employee from the unemployment office.",
    "tokens" : [ {
      "id" : "s0-t0",
      "begin" : 0,
      "end" : 1,
      "text" : "{",
      "whiteSpace" : false
    }, {
      "id" : "s0-t1",
      "begin" : 6,
      "end" : 7,
      "text" : "\"",
      "whiteSpace" : false
    }, {
      "id" : "s0-t2",
      "begin" : 7,
      "end" : 12,
      "text" : "title",
      "whiteSpace" : false
    }, {
      "id" : "s0-t3",
      "begin" : 12,
      "end" : 13,
      "text" : "\"",
      "whiteSpace" : false
    }, {
      "id" : "s0-t4",
      "begin" : 13,
      "end" : 14,
      "text" : ":",
      "whiteSpace" : false
    }, {
      "id" : "s0-t5",
      "begin" : 15,
      "end" : 16,
      "text" : "\"",
      "whiteSpace" : false
    }, {
      "id" : "s0-t6",
      "begin" : 16,
      "end" : 26,
      "text" : "Gigworkers",
      "whiteSpace" : false
    }, {
      "id" : "s0-t7",
      "begin" : 27,
      "end" : 33,
      "text" : "Filing",
      "whiteSpace" : false
    }, {
      "id" : "s0-t8",
      "begin" : 34,
      "end" : 37,
      "text" : "for",
      "whiteSpace" : false
    }, {
      "id" : "s0-t9",
      "begin" : 38,
      "end" : 50,
      "text" : "Unemployment",
      "whiteSpace" : false
    }, {
      "id" : "s0-t10",
      "begin" : 50,
      "end" : 51,
      "text" : "\"",
      "whiteSpace" : false
    }, {
      "id" : "s0-t11",
      "begin" : 51,
      "end" : 52,
      "text" : ",",
      "whiteSpace" : false
    }, {
      "id" : "s0-t12",
      "begin" : 57,
      "end" : 58,
      "text" : "\"",
      "whiteSpace" : false
    }, {
      "id" : "s0-t13",
      "begin" : 58,
      "end" : 62,
      "text" : "text",
      "whiteSpace" : false
    }, {
      "id" : "s0-t14",
      "begin" : 62,
      "end" : 63,
      "text" : "\"",
      "whiteSpace" : false
    }, {
      "id" : "s0-t15",
      "begin" : 63,
      "end" : 64,
      "text" : ":",
      "whiteSpace" : false
    }, {
      "id" : "s0-t16",
      "begin" : 65,
      "end" : 66,
      "text" : "\"",
      "whiteSpace" : false
    }, {
      "id" : "s0-t17",
      "begin" : 66,
      "end" : 67,
      "text" : "I",
      "whiteSpace" : false
    }, {
      "id" : "s0-t18",
      "begin" : 68,
      "end" : 72,
      "text" : "just",
      "whiteSpace" : false
    }, {
      "id" : "s0-t19",
      "begin" : 73,
      "end" : 76,
      "text" : "had",
      "whiteSpace" : false
    }, {
      "id" : "s0-t20",
      "begin" : 77,
      "end" : 78,
      "text" : "a",
      "whiteSpace" : false
    }, {
      "id" : "s0-t21",
      "begin" : 79,
      "end" : 84,
      "text" : "brief",
      "whiteSpace" : false
    }, {
      "id" : "s0-t22",
      "begin" : 85,
      "end" : 97,
      "text" : "conversation",
      "whiteSpace" : false
    }, {
      "id" : "s0-t23",
      "begin" : 98,
      "end" : 102,
      "text" : "with",
      "whiteSpace" : false
    }, {
      "id" : "s0-t24",
      "begin" : 103,
      "end" : 105,
      "text" : "an",
      "whiteSpace" : false
    }, {
      "id" : "s0-t25",
      "begin" : 106,
      "end" : 114,
      "text" : "employee",
      "whiteSpace" : false
    }, {
      "id" : "s0-t26",
      "begin" : 115,
      "end" : 119,
      "text" : "from",
      "whiteSpace" : false
    }, {
      "id" : "s0-t27",
      "begin" : 120,
      "end" : 123,
      "text" : "the",
      "whiteSpace" : false
    }, {
      "id" : "s0-t28",
      "begin" : 124,
      "end" : 136,
      "text" : "unemployment",
      "whiteSpace" : false
    }, {
      "id" : "s0-t29",
      "begin" : 137,
      "end" : 143,
      "text" : "office",
      "whiteSpace" : false
    }, {
      "id" : "s0-t30",
      "begin" : 143,
      "end" : 144,
      "text" : ".",
      "whiteSpace" : false
    } ]
  }, {
    "id" : "s1",
    "begin" : 145,
    "end" : 225,
    "text" : "As you guys know, gigworkers are potentially partially covered for unemployment.",
    "tokens" : [ {
      "id" : "s1-t0",
      "begin" : 145,
      "end" : 147,
      "text" : "As",
      "whiteSpace" : false
    }, {
      "id" : "s1-t1",
      "begin" : 148,
      "end" : 151,
      "text" : "you",
      "whiteSpace" : false
    }, {
      "id" : "s1-t2",
      "begin" : 152,
      "end" : 156,
      "text" : "guys",
      "whiteSpace" : false
    }, {
      "id" : "s1-t3",
      "begin" : 157,
      "end" : 161,
      "text" : "know",
      "whiteSpace" : false
    }, {
      "id" : "s1-t4",
      "begin" : 161,
      "end" : 162,
      "text" : ",",
      "whiteSpace" : false
    }, {
      "id" : "s1-t5",
      "begin" : 163,
      "end" : 173,
      "text" : "gigworkers",
      "whiteSpace" : false
    }, {
      "id" : "s1-t6",
      "begin" : 174,
      "end" : 177,
      "text" : "are",
      "whiteSpace" : false
    }, {
      "id" : "s1-t7",
      "begin" : 178,
      "end" : 189,
      "text" : "potentially",
      "whiteSpace" : false
    }, {
      "id" : "s1-t8",
      "begin" : 190,
      "end" : 199,
      "text" : "partially",
      "whiteSpace" : false
    }, {
      "id" : "s1-t9",
      "begin" : 200,
      "end" : 207,
      "text" : "covered",
      "whiteSpace" : false
    }, {
      "id" : "s1-t10",
      "begin" : 208,
      "end" : 211,
      "text" : "for",
      "whiteSpace" : false
    }, {
      "id" : "s1-t11",
      "begin" : 212,
      "end" : 224,
      "text" : "unemployment",
      "whiteSpace" : false
    }, {
      "id" : "s1-t12",
      "begin" : 224,
      "end" : 225,
      "text" : ".",
      "whiteSpace" : false
    } ]
  }, {
    "id" : "s2",
    "begin" : 226,
    "end" : 391,
    "text" : "The problem with filling for unemployment is the online application for Washington residents is not set up to file a claim for those who are independent contractors.",
    "tokens" : [ {
      "id" : "s2-t0",
      "begin" : 226,
      "end" : 229,
      "text" : "The",
      "whiteSpace" : false
    }, {
      "id" : "s2-t1",
      "begin" : 230,
      "end" : 237,
      "text" : "problem",
      "whiteSpace" : false
    }, {
      "id" : "s2-t2",
      "begin" : 238,
      "end" : 242,
      "text" : "with",
      "whiteSpace" : false
    }, {
      "id" : "s2-t3",
      "begin" : 243,
      "end" : 250,
      "text" : "filling",
      "whiteSpace" : false
    }, {
      "id" : "s2-t4",
      "begin" : 251,
      "end" : 254,
      "text" : "for",
      "whiteSpace" : false
    }, {
      "id" : "s2-t5",
      "begin" : 255,
      "end" : 267,
      "text" : "unemployment",
      "whiteSpace" : false
    }, {
      "id" : "s2-t6",
      "begin" : 268,
      "end" : 270,
      "text" : "is",
      "whiteSpace" : false
    }, {
      "id" : "s2-t7",
      "begin" : 271,
      "end" : 274,
      "text" : "the",
      "whiteSpace" : false
    }, {
      "id" : "s2-t8",
      "begin" : 275,
      "end" : 281,
      "text" : "online",
      "whiteSpace" : false
    }, {
      "id" : "s2-t9",
      "begin" : 282,
      "end" : 293,
      "text" : "application",
      "whiteSpace" : false
    }, {
      "id" : "s2-t10",
      "begin" : 294,
      "end" : 297,
      "text" : "for",
      "whiteSpace" : false
    }, {
      "id" : "s2-t11",
      "begin" : 298,
      "end" : 308,
      "text" : "Washington",
      "whiteSpace" : false
    }, {
      "id" : "s2-t12",
      "begin" : 309,
      "end" : 318,
      "text" : "residents",
      "whiteSpace" : false
    }, {
      "id" : "s2-t13",
      "begin" : 319,
      "end" : 321,
      "text" : "is",
      "whiteSpace" : false
    }, {
      "id" : "s2-t14",
      "begin" : 322,
      "end" : 325,
      "text" : "not",
      "whiteSpace" : false
    }, {
      "id" : "s2-t15",
      "begin" : 326,
      "end" : 329,
      "text" : "set",
      "whiteSpace" : false
    }, {
      "id" : "s2-t16",
      "begin" : 330,
      "end" : 332,
      "text" : "up",
      "whiteSpace" : false
    }, {
      "id" : "s2-t17",
      "begin" : 333,
      "end" : 335,
      "text" : "to",
      "whiteSpace" : false
    }, {
      "id" : "s2-t18",
      "begin" : 336,
      "end" : 340,
      "text" : "file",
      "whiteSpace" : false
    }, {
      "id" : "s2-t19",
      "begin" : 341,
      "end" : 342,
      "text" : "a",
      "whiteSpace" : false
    }, {
      "id" : "s2-t20",
      "begin" : 343,
      "end" : 348,
      "text" : "claim",
      "whiteSpace" : false
    }, {
      "id" : "s2-t21",
      "begin" : 349,
      "end" : 352,
      "text" : "for",
      "whiteSpace" : false
    }, {
      "id" : "s2-t22",
      "begin" : 353,
      "end" : 358,
      "text" : "those",
      "whiteSpace" : false
    }, {
      "id" : "s2-t23",
      "begin" : 359,
      "end" : 362,
      "text" : "who",
      "whiteSpace" : false
    }, {
      "id" : "s2-t24",
      "begin" : 363,
      "end" : 366,
      "text" : "are",
      "whiteSpace" : false
    }, {
      "id" : "s2-t25",
      "begin" : 367,
      "end" : 378,
      "text" : "independent",
      "whiteSpace" : false
    }, {
      "id" : "s2-t26",
      "begin" : 379,
      "end" : 390,
      "text" : "contractors",
      "whiteSpace" : false
    }, {
      "id" : "s2-t27",
      "begin" : 390,
      "end" : 391,
      "text" : ".",
      "whiteSpace" : false
    } ]
  }, {
    "id" : "s3",
    "begin" : 392,
    "end" : 484,
    "text" : "Due to the high volume of calls, they also stopped scheduling callbacks to help with claims.",
    "tokens" : [ {
      "id" : "s3-t0",
      "begin" : 392,
      "end" : 395,
      "text" : "Due",
      "whiteSpace" : false
    }, {
      "id" : "s3-t1",
      "begin" : 396,
      "end" : 398,
      "text" : "to",
      "whiteSpace" : false
    }, {
      "id" : "s3-t2",
      "begin" : 399,
      "end" : 402,
      "text" : "the",
      "whiteSpace" : false
    }, {
      "id" : "s3-t3",
      "begin" : 403,
      "end" : 407,
      "text" : "high",
      "whiteSpace" : false
    }, {
      "id" : "s3-t4",
      "begin" : 408,
      "end" : 414,
      "text" : "volume",
      "whiteSpace" : false
    }, {
      "id" : "s3-t5",
      "begin" : 415,
      "end" : 417,
      "text" : "of",
      "whiteSpace" : false
    }, {
      "id" : "s3-t6",
      "begin" : 418,
      "end" : 423,
      "text" : "calls",
      "whiteSpace" : false
    }, {
      "id" : "s3-t7",
      "begin" : 423,
      "end" : 424,
      "text" : ",",
      "whiteSpace" : false
    }, {
      "id" : "s3-t8",
      "begin" : 425,
      "end" : 429,
      "text" : "they",
      "whiteSpace" : false
    }, {
      "id" : "s3-t9",
      "begin" : 430,
      "end" : 434,
      "text" : "also",
      "whiteSpace" : false
    }, {
      "id" : "s3-t10",
      "begin" : 435,
      "end" : 442,
      "text" : "stopped",
      "whiteSpace" : false
    }, {
      "id" : "s3-t11",
      "begin" : 443,
      "end" : 453,
      "text" : "scheduling",
      "whiteSpace" : false
    }, {
      "id" : "s3-t12",
      "begin" : 454,
      "end" : 463,
      "text" : "callbacks",
      "whiteSpace" : false
    }, {
      "id" : "s3-t13",
      "begin" : 464,
      "end" : 466,
      "text" : "to",
      "whiteSpace" : false
    }, {
      "id" : "s3-t14",
      "begin" : 467,
      "end" : 471,
      "text" : "help",
      "whiteSpace" : false
    }, {
      "id" : "s3-t15",
      "begin" : 472,
      "end" : 476,
      "text" : "with",
      "whiteSpace" : false
    }, {
      "id" : "s3-t16",
      "begin" : 477,
      "end" : 483,
      "text" : "claims",
      "whiteSpace" : false
    }, {
      "id" : "s3-t17",
      "begin" : 483,
      "end" : 484,
      "text" : ".",
      "whiteSpace" : false
    } ]
  }, {
    "id" : "s4",
    "begin" : 485,
    "end" : 548,
    "text" : "Since I scheduled a callback beforehand, they still honored it.",
    "tokens" : [ {
      "id" : "s4-t0",
      "begin" : 485,
      "end" : 490,
      "text" : "Since",
      "whiteSpace" : false
    }, {
      "id" : "s4-t1",
      "begin" : 491,
      "end" : 492,
      "text" : "I",
      "whiteSpace" : false
    }, {
      "id" : "s4-t2",
      "begin" : 493,
      "end" : 502,
      "text" : "scheduled",
      "whiteSpace" : false
    }, {
      "id" : "s4-t3",
      "begin" : 503,
      "end" : 504,
      "text" : "a",
      "whiteSpace" : false
    }, {
      "id" : "s4-t4",
      "begin" : 505,
      "end" : 513,
      "text" : "callback",
      "whiteSpace" : false
    }, {
      "id" : "s4-t5",
      "begin" : 514,
      "end" : 524,
      "text" : "beforehand",
      "whiteSpace" : false
    }, {
      "id" : "s4-t6",
      "begin" : 524,
      "end" : 525,
      "text" : ",",
      "whiteSpace" : false
    }, {
      "id" : "s4-t7",
      "begin" : 526,
      "end" : 530,
      "text" : "they",
      "whiteSpace" : false
    }, {
      "id" : "s4-t8",
      "begin" : 531,
      "end" : 536,
      "text" : "still",
      "whiteSpace" : false
    }, {
      "id" : "s4-t9",
      "begin" : 537,
      "end" : 544,
      "text" : "honored",
      "whiteSpace" : false
    }, {
      "id" : "s4-t10",
      "begin" : 545,
      "end" : 547,
      "text" : "it",
      "whiteSpace" : false
    }, {
      "id" : "s4-t11",
      "begin" : 547,
      "end" : 548,
      "text" : ".",
      "whiteSpace" : false
    } ]
  }, {
    "id" : "s5",
    "begin" : 548,
    "end" : 743,
    "text" : "\\n\\nThe only new information they gave me was to keep checking their website as they may release some type of app or web application in the next few days (Who knows how long it'll actually take).",
    "tokens" : [ {
      "id" : "s5-t0",
      "begin" : 548,
      "end" : 550,
      "text" : "\\n",
      "whiteSpace" : false
    }, {
      "id" : "s5-t1",
      "begin" : 550,
      "end" : 555,
      "text" : "\\nThe",
      "whiteSpace" : false
    }, {
      "id" : "s5-t2",
      "begin" : 556,
      "end" : 560,
      "text" : "only",
      "whiteSpace" : false
    }, {
      "id" : "s5-t3",
      "begin" : 561,
      "end" : 564,
      "text" : "new",
      "whiteSpace" : false
    }, {
      "id" : "s5-t4",
      "begin" : 565,
      "end" : 576,
      "text" : "information",
      "whiteSpace" : false
    }, {
      "id" : "s5-t5",
      "begin" : 577,
      "end" : 581,
      "text" : "they",
      "whiteSpace" : false
    }, {
      "id" : "s5-t6",
      "begin" : 582,
      "end" : 586,
      "text" : "gave",
      "whiteSpace" : false
    }, {
      "id" : "s5-t7",
      "begin" : 587,
      "end" : 589,
      "text" : "me",
      "whiteSpace" : false
    }, {
      "id" : "s5-t8",
      "begin" : 590,
      "end" : 593,
      "text" : "was",
      "whiteSpace" : false
    }, {
      "id" : "s5-t9",
      "begin" : 594,
      "end" : 596,
      "text" : "to",
      "whiteSpace" : false
    }, {
      "id" : "s5-t10",
      "begin" : 597,
      "end" : 601,
      "text" : "keep",
      "whiteSpace" : false
    }, {
      "id" : "s5-t11",
      "begin" : 602,
      "end" : 610,
      "text" : "checking",
      "whiteSpace" : false
    }, {
      "id" : "s5-t12",
      "begin" : 611,
      "end" : 616,
      "text" : "their",
      "whiteSpace" : false
    }, {
      "id" : "s5-t13",
      "begin" : 617,
      "end" : 624,
      "text" : "website",
      "whiteSpace" : false
    }, {
      "id" : "s5-t14",
      "begin" : 625,
      "end" : 627,
      "text" : "as",
      "whiteSpace" : false
    }, {
      "id" : "s5-t15",
      "begin" : 628,
      "end" : 632,
      "text" : "they",
      "whiteSpace" : false
    }, {
      "id" : "s5-t16",
      "begin" : 633,
      "end" : 636,
      "text" : "may",
      "whiteSpace" : false
    }, {
      "id" : "s5-t17",
      "begin" : 637,
      "end" : 644,
      "text" : "release",
      "whiteSpace" : false
    }, {
      "id" : "s5-t18",
      "begin" : 645,
      "end" : 649,
      "text" : "some",
      "whiteSpace" : false
    }, {
      "id" : "s5-t19",
      "begin" : 650,
      "end" : 654,
      "text" : "type",
      "whiteSpace" : false
    }, {
      "id" : "s5-t20",
      "begin" : 655,
      "end" : 657,
      "text" : "of",
      "whiteSpace" : false
    }, {
      "id" : "s5-t21",
      "begin" : 658,
      "end" : 661,
      "text" : "app",
      "whiteSpace" : false
    }, {
      "id" : "s5-t22",
      "begin" : 662,
      "end" : 664,
      "text" : "or",
      "whiteSpace" : false
    }, {
      "id" : "s5-t23",
      "begin" : 665,
      "end" : 668,
      "text" : "web",
      "whiteSpace" : false
    }, {
      "id" : "s5-t24",
      "begin" : 669,
      "end" : 680,
      "text" : "application",
      "whiteSpace" : false
    }, {
      "id" : "s5-t25",
      "begin" : 681,
      "end" : 683,
      "text" : "in",
      "whiteSpace" : false
    }, {
      "id" : "s5-t26",
      "begin" : 684,
      "end" : 687,
      "text" : "the",
      "whiteSpace" : false
    }, {
      "id" : "s5-t27",
      "begin" : 688,
      "end" : 692,
      "text" : "next",
      "whiteSpace" : false
    }, {
      "id" : "s5-t28",
      "begin" : 693,
      "end" : 696,
      "text" : "few",
      "whiteSpace" : false
    }, {
      "id" : "s5-t29",
      "begin" : 697,
      "end" : 701,
      "text" : "days",
      "whiteSpace" : false
    }, {
      "id" : "s5-t30",
      "begin" : 702,
      "end" : 703,
      "text" : "(",
      "whiteSpace" : false
    }, {
      "id" : "s5-t31",
      "begin" : 703,
      "end" : 706,
      "text" : "Who",
      "whiteSpace" : false
    }, {
      "id" : "s5-t32",
      "begin" : 707,
      "end" : 712,
      "text" : "knows",
      "whiteSpace" : false
    }, {
      "id" : "s5-t33",
      "begin" : 713,
      "end" : 716,
      "text" : "how",
      "whiteSpace" : false
    }, {
      "id" : "s5-t34",
      "begin" : 717,
      "end" : 721,
      "text" : "long",
      "whiteSpace" : false
    }, {
      "id" : "s5-t35",
      "begin" : 722,
      "end" : 724,
      "text" : "it",
      "whiteSpace" : false
    }, {
      "id" : "s5-t36",
      "begin" : 724,
      "end" : 727,
      "text" : "'ll",
      "whiteSpace" : false
    }, {
      "id" : "s5-t37",
      "begin" : 728,
      "end" : 736,
      "text" : "actually",
      "whiteSpace" : false
    }, {
      "id" : "s5-t38",
      "begin" : 737,
      "end" : 741,
      "text" : "take",
      "whiteSpace" : false
    }, {
      "id" : "s5-t39",
      "begin" : 741,
      "end" : 742,
      "text" : ")",
      "whiteSpace" : false
    }, {
      "id" : "s5-t40",
      "begin" : 742,
      "end" : 743,
      "text" : ".",
      "whiteSpace" : false
    } ]
  }, {
    "id" : "s6",
    "begin" : 744,
    "end" : 807,
    "text" : "They also told me to keep posting my weekly claims for standby.",
    "tokens" : [ {
      "id" : "s6-t0",
      "begin" : 744,
      "end" : 748,
      "text" : "They",
      "whiteSpace" : false
    }, {
      "id" : "s6-t1",
      "begin" : 749,
      "end" : 753,
      "text" : "also",
      "whiteSpace" : false
    }, {
      "id" : "s6-t2",
      "begin" : 754,
      "end" : 758,
      "text" : "told",
      "whiteSpace" : false
    }, {
      "id" : "s6-t3",
      "begin" : 759,
      "end" : 761,
      "text" : "me",
      "whiteSpace" : false
    }, {
      "id" : "s6-t4",
      "begin" : 762,
      "end" : 764,
      "text" : "to",
      "whiteSpace" : false
    }, {
      "id" : "s6-t5",
      "begin" : 765,
      "end" : 769,
      "text" : "keep",
      "whiteSpace" : false
    }, {
      "id" : "s6-t6",
      "begin" : 770,
      "end" : 777,
      "text" : "posting",
      "whiteSpace" : false
    }, {
      "id" : "s6-t7",
      "begin" : 778,
      "end" : 780,
      "text" : "my",
      "whiteSpace" : false
    }, {
      "id" : "s6-t8",
      "begin" : 781,
      "end" : 787,
      "text" : "weekly",
      "whiteSpace" : false
    }, {
      "id" : "s6-t9",
      "begin" : 788,
      "end" : 794,
      "text" : "claims",
      "whiteSpace" : false
    }, {
      "id" : "s6-t10",
      "begin" : 795,
      "end" : 798,
      "text" : "for",
      "whiteSpace" : false
    }, {
      "id" : "s6-t11",
      "begin" : 799,
      "end" : 806,
      "text" : "standby",
      "whiteSpace" : false
    }, {
      "id" : "s6-t12",
      "begin" : 806,
      "end" : 807,
      "text" : ".",
      "whiteSpace" : false
    } ]
  }, {
    "id" : "s7",
    "begin" : 808,
    "end" : 953,
    "text" : "\\n\\nHopefully it won't be too much of a hassle to file a claim properly once their system is updated and federal relief funds are made available.",
    "tokens" : [ {
      "id" : "s7-t0",
      "begin" : 808,
      "end" : 810,
      "text" : "\\n",
      "whiteSpace" : false
    }, {
      "id" : "s7-t1",
      "begin" : 810,
      "end" : 821,
      "text" : "\\nHopefully",
      "whiteSpace" : false
    }, {
      "id" : "s7-t2",
      "begin" : 822,
      "end" : 824,
      "text" : "it",
      "whiteSpace" : false
    }, {
      "id" : "s7-t3",
      "begin" : 825,
      "end" : 827,
      "text" : "wo",
      "whiteSpace" : false
    }, {
      "id" : "s7-t4",
      "begin" : 827,
      "end" : 830,
      "text" : "n't",
      "whiteSpace" : false
    }, {
      "id" : "s7-t5",
      "begin" : 831,
      "end" : 833,
      "text" : "be",
      "whiteSpace" : false
    }, {
      "id" : "s7-t6",
      "begin" : 834,
      "end" : 837,
      "text" : "too",
      "whiteSpace" : false
    }, {
      "id" : "s7-t7",
      "begin" : 838,
      "end" : 842,
      "text" : "much",
      "whiteSpace" : false
    }, {
      "id" : "s7-t8",
      "begin" : 843,
      "end" : 845,
      "text" : "of",
      "whiteSpace" : false
    }, {
      "id" : "s7-t9",
      "begin" : 846,
      "end" : 847,
      "text" : "a",
      "whiteSpace" : false
    }, {
      "id" : "s7-t10",
      "begin" : 848,
      "end" : 854,
      "text" : "hassle",
      "whiteSpace" : false
    }, {
      "id" : "s7-t11",
      "begin" : 855,
      "end" : 857,
      "text" : "to",
      "whiteSpace" : false
    }, {
      "id" : "s7-t12",
      "begin" : 858,
      "end" : 862,
      "text" : "file",
      "whiteSpace" : false
    }, {
      "id" : "s7-t13",
      "begin" : 863,
      "end" : 864,
      "text" : "a",
      "whiteSpace" : false
    }, {
      "id" : "s7-t14",
      "begin" : 865,
      "end" : 870,
      "text" : "claim",
      "whiteSpace" : false
    }, {
      "id" : "s7-t15",
      "begin" : 871,
      "end" : 879,
      "text" : "properly",
      "whiteSpace" : false
    }, {
      "id" : "s7-t16",
      "begin" : 880,
      "end" : 884,
      "text" : "once",
      "whiteSpace" : false
    }, {
      "id" : "s7-t17",
      "begin" : 885,
      "end" : 890,
      "text" : "their",
      "whiteSpace" : false
    }, {
      "id" : "s7-t18",
      "begin" : 891,
      "end" : 897,
      "text" : "system",
      "whiteSpace" : false
    }, {
      "id" : "s7-t19",
      "begin" : 898,
      "end" : 900,
      "text" : "is",
      "whiteSpace" : false
    }, {
      "id" : "s7-t20",
      "begin" : 901,
      "end" : 908,
      "text" : "updated",
      "whiteSpace" : false
    }, {
      "id" : "s7-t21",
      "begin" : 909,
      "end" : 912,
      "text" : "and",
      "whiteSpace" : false
    }, {
      "id" : "s7-t22",
      "begin" : 913,
      "end" : 920,
      "text" : "federal",
      "whiteSpace" : false
    }, {
      "id" : "s7-t23",
      "begin" : 921,
      "end" : 927,
      "text" : "relief",
      "whiteSpace" : false
    }, {
      "id" : "s7-t24",
      "begin" : 928,
      "end" : 933,
      "text" : "funds",
      "whiteSpace" : false
    }, {
      "id" : "s7-t25",
      "begin" : 934,
      "end" : 937,
      "text" : "are",
      "whiteSpace" : false
    }, {
      "id" : "s7-t26",
      "begin" : 938,
      "end" : 942,
      "text" : "made",
      "whiteSpace" : false
    }, {
      "id" : "s7-t27",
      "begin" : 943,
      "end" : 952,
      "text" : "available",
      "whiteSpace" : false
    }, {
      "id" : "s7-t28",
      "begin" : 952,
      "end" : 953,
      "text" : ".",
      "whiteSpace" : false
    } ]
  }, {
    "id" : "s8",
    "begin" : 953,
    "end" : 1027,
    "text" : "\",\n    \"subreddit\": \"Seattle\",\n    \"created\": \"2020-04-17T23:04:30.000Z\"\n}",
    "tokens" : [ {
      "id" : "s8-t0",
      "begin" : 953,
      "end" : 954,
      "text" : "\"",
      "whiteSpace" : false
    }, {
      "id" : "s8-t1",
      "begin" : 954,
      "end" : 955,
      "text" : ",",
      "whiteSpace" : false
    }, {
      "id" : "s8-t2",
      "begin" : 960,
      "end" : 961,
      "text" : "\"",
      "whiteSpace" : false
    }, {
      "id" : "s8-t3",
      "begin" : 961,
      "end" : 970,
      "text" : "subreddit",
      "whiteSpace" : false
    }, {
      "id" : "s8-t4",
      "begin" : 970,
      "end" : 971,
      "text" : "\"",
      "whiteSpace" : false
    }, {
      "id" : "s8-t5",
      "begin" : 971,
      "end" : 972,
      "text" : ":",
      "whiteSpace" : false
    }, {
      "id" : "s8-t6",
      "begin" : 973,
      "end" : 974,
      "text" : "\"",
      "whiteSpace" : false
    }, {
      "id" : "s8-t7",
      "begin" : 974,
      "end" : 981,
      "text" : "Seattle",
      "whiteSpace" : false
    }, {
      "id" : "s8-t8",
      "begin" : 981,
      "end" : 982,
      "text" : "\"",
      "whiteSpace" : false
    }, {
      "id" : "s8-t9",
      "begin" : 982,
      "end" : 983,
      "text" : ",",
      "whiteSpace" : false
    }, {
      "id" : "s8-t10",
      "begin" : 988,
      "end" : 989,
      "text" : "\"",
      "whiteSpace" : false
    }, {
      "id" : "s8-t11",
      "begin" : 989,
      "end" : 996,
      "text" : "created",
      "whiteSpace" : false
    }, {
      "id" : "s8-t12",
      "begin" : 996,
      "end" : 997,
      "text" : "\"",
      "whiteSpace" : false
    }, {
      "id" : "s8-t13",
      "begin" : 997,
      "end" : 998,
      "text" : ":",
      "whiteSpace" : false
    }, {
      "id" : "s8-t14",
      "begin" : 999,
      "end" : 1000,
      "text" : "\"",
      "whiteSpace" : false
    }, {
      "id" : "s8-t15",
      "begin" : 1000,
      "end" : 1024,
      "text" : "2020-04-17T23:04:30.000Z",
      "whiteSpace" : false
    }, {
      "id" : "s8-t16",
      "begin" : 1024,
      "end" : 1025,
      "text" : "\"",
      "whiteSpace" : false
    }, {
      "id" : "s8-t17",
      "begin" : 1026,
      "end" : 1027,
      "text" : "}",
      "whiteSpace" : false
    } ]
  } ],
  "mentions" : [ {
    "id" : "m1",
    "properties" : {
      "SIRE_MENTION_TYPE" : "NONE",
      "SIRE_MENTION_ROLE" : "Unemployed",
      "SIRE_MENTION_CLASS" : "SPC",
      "SIRE_ENTITY_SUBTYPE" : "NONE"
    },
    "type" : "Unemployed",
    "begin" : 38,
    "end" : 50,
    "inCoref" : false
  }, {
    "id" : "s0-m3",
    "properties" : {
      "SIRE_MENTION_ROLE" : "Unemployed",
      "SIRE_ENTITY_SUBTYPE" : "NONE",
      "SIRE_MENTION_TYPE" : "NONE",
      "SIRE_MENTION_CLASS" : "SPC"
    },
    "type" : "Unemployed",
    "begin" : 124,
    "end" : 136,
    "inCoref" : false
  }, {
    "id" : "m3",
    "properties" : {
      "SIRE_MENTION_TYPE" : "NONE",
      "SIRE_MENTION_ROLE" : "Unemployed",
      "SIRE_MENTION_CLASS" : "SPC",
      "SIRE_ENTITY_SUBTYPE" : "NONE"
    },
    "type" : "Unemployed",
    "begin" : 212,
    "end" : 224,
    "inCoref" : false
  }, {
    "id" : "m4",
    "properties" : {
      "SIRE_MENTION_TYPE" : "NONE",
      "SIRE_MENTION_ROLE" : "Unemployed",
      "SIRE_MENTION_CLASS" : "SPC",
      "SIRE_ENTITY_SUBTYPE" : "NONE"
    },
    "type" : "Unemployed",
    "begin" : 255,
    "end" : 267,
    "inCoref" : false
  }, {
    "id" : "m5",
    "properties" : {
      "SIRE_MENTION_TYPE" : "NONE",
      "SIRE_MENTION_ROLE" : "Unemployed",
      "SIRE_MENTION_CLASS" : "SPC",
      "SIRE_ENTITY_SUBTYPE" : "NONE"
    },
    "type" : "Unemployed",
    "begin" : 781,
    "end" : 794,
    "inCoref" : false
  } ],
  "relations" : [ ],
  "corefs" : [ ],
  "typeResolved" : true,
  "userResolved" : false
}