{
  "id" : "0eb010c0-9422-11ea-ba41-8b3cd48b35eb-25",
  "name" : "seattle-doc-89.txt",
  "createdDate" : 0,
  "version" : 3,
  "text" : "{\n    \"title\": \"Truck Driver Dad during Covid-19\",\n    \"text\": \"Hey guys!\\n\\nMy dad has been a truck driver here in Seattle for the past 30+ years, and right now he is one of the drivers making sure the trucking industry in Seattle keeps running by making sure that (needed!) trucking parts are getting where they need to go. \\n\\nWhen Covid-19 started out we had one 95 mask for him to wear and immediately started to look for a few more (no luck), but now that one mask is basically at the end of its life. Without a mask my dad is not going to be able to work anymore because he can’t risk contracting or bringing him corona to my mom who has underlining conditions.\\n\\nIs there anyone that could give or sell us some masks?\",\n    \"subreddit\": \"Seattle\",\n    \"created\": \"2020-04-05T09:49:40.000Z\"\n}",
  "docLength" : 0,
  "language" : "EN",
  "status" : "IN_PROGRESS",
  "modifiedDate" : 1589327291377,
  "documentSet" : [ ],
  "preannotation" : [ "PRE_LW" ],
  "sentences" : [ {
    "id" : "s0",
    "begin" : 0,
    "end" : 73,
    "text" : "{\n    \"title\": \"Truck Driver Dad during Covid-19\",\n    \"text\": \"Hey guys!",
    "tokens" : [ {
      "id" : "s0-t0",
      "begin" : 0,
      "end" : 1,
      "text" : "{",
      "whiteSpace" : false
    }, {
      "id" : "s0-t1",
      "begin" : 6,
      "end" : 7,
      "text" : "\"",
      "whiteSpace" : false
    }, {
      "id" : "s0-t2",
      "begin" : 7,
      "end" : 12,
      "text" : "title",
      "whiteSpace" : false
    }, {
      "id" : "s0-t3",
      "begin" : 12,
      "end" : 13,
      "text" : "\"",
      "whiteSpace" : false
    }, {
      "id" : "s0-t4",
      "begin" : 13,
      "end" : 14,
      "text" : ":",
      "whiteSpace" : false
    }, {
      "id" : "s0-t5",
      "begin" : 15,
      "end" : 16,
      "text" : "\"",
      "whiteSpace" : false
    }, {
      "id" : "s0-t6",
      "begin" : 16,
      "end" : 21,
      "text" : "Truck",
      "whiteSpace" : false
    }, {
      "id" : "s0-t7",
      "begin" : 22,
      "end" : 28,
      "text" : "Driver",
      "whiteSpace" : false
    }, {
      "id" : "s0-t8",
      "begin" : 29,
      "end" : 32,
      "text" : "Dad",
      "whiteSpace" : false
    }, {
      "id" : "s0-t9",
      "begin" : 33,
      "end" : 39,
      "text" : "during",
      "whiteSpace" : false
    }, {
      "id" : "s0-t10",
      "begin" : 40,
      "end" : 48,
      "text" : "Covid-19",
      "whiteSpace" : false
    }, {
      "id" : "s0-t11",
      "begin" : 48,
      "end" : 49,
      "text" : "\"",
      "whiteSpace" : false
    }, {
      "id" : "s0-t12",
      "begin" : 49,
      "end" : 50,
      "text" : ",",
      "whiteSpace" : false
    }, {
      "id" : "s0-t13",
      "begin" : 55,
      "end" : 56,
      "text" : "\"",
      "whiteSpace" : false
    }, {
      "id" : "s0-t14",
      "begin" : 56,
      "end" : 60,
      "text" : "text",
      "whiteSpace" : false
    }, {
      "id" : "s0-t15",
      "begin" : 60,
      "end" : 61,
      "text" : "\"",
      "whiteSpace" : false
    }, {
      "id" : "s0-t16",
      "begin" : 61,
      "end" : 62,
      "text" : ":",
      "whiteSpace" : false
    }, {
      "id" : "s0-t17",
      "begin" : 63,
      "end" : 64,
      "text" : "\"",
      "whiteSpace" : false
    }, {
      "id" : "s0-t18",
      "begin" : 64,
      "end" : 67,
      "text" : "Hey",
      "whiteSpace" : false
    }, {
      "id" : "s0-t19",
      "begin" : 68,
      "end" : 72,
      "text" : "guys",
      "whiteSpace" : false
    }, {
      "id" : "s0-t20",
      "begin" : 72,
      "end" : 73,
      "text" : "!",
      "whiteSpace" : false
    } ]
  }, {
    "id" : "s1",
    "begin" : 73,
    "end" : 274,
    "text" : "\\n\\nMy dad has been a truck driver here in Seattle for the past 30+ years, and right now he is one of the drivers making sure the trucking industry in Seattle keeps running by making sure that (needed!",
    "tokens" : [ {
      "id" : "s1-t0",
      "begin" : 73,
      "end" : 75,
      "text" : "\\n",
      "whiteSpace" : false
    }, {
      "id" : "s1-t1",
      "begin" : 75,
      "end" : 79,
      "text" : "\\nMy",
      "whiteSpace" : false
    }, {
      "id" : "s1-t2",
      "begin" : 80,
      "end" : 83,
      "text" : "dad",
      "whiteSpace" : false
    }, {
      "id" : "s1-t3",
      "begin" : 84,
      "end" : 87,
      "text" : "has",
      "whiteSpace" : false
    }, {
      "id" : "s1-t4",
      "begin" : 88,
      "end" : 92,
      "text" : "been",
      "whiteSpace" : false
    }, {
      "id" : "s1-t5",
      "begin" : 93,
      "end" : 94,
      "text" : "a",
      "whiteSpace" : false
    }, {
      "id" : "s1-t6",
      "begin" : 95,
      "end" : 100,
      "text" : "truck",
      "whiteSpace" : false
    }, {
      "id" : "s1-t7",
      "begin" : 101,
      "end" : 107,
      "text" : "driver",
      "whiteSpace" : false
    }, {
      "id" : "s1-t8",
      "begin" : 108,
      "end" : 112,
      "text" : "here",
      "whiteSpace" : false
    }, {
      "id" : "s1-t9",
      "begin" : 113,
      "end" : 115,
      "text" : "in",
      "whiteSpace" : false
    }, {
      "id" : "s1-t10",
      "begin" : 116,
      "end" : 123,
      "text" : "Seattle",
      "whiteSpace" : false
    }, {
      "id" : "s1-t11",
      "begin" : 124,
      "end" : 127,
      "text" : "for",
      "whiteSpace" : false
    }, {
      "id" : "s1-t12",
      "begin" : 128,
      "end" : 131,
      "text" : "the",
      "whiteSpace" : false
    }, {
      "id" : "s1-t13",
      "begin" : 132,
      "end" : 136,
      "text" : "past",
      "whiteSpace" : false
    }, {
      "id" : "s1-t14",
      "begin" : 137,
      "end" : 139,
      "text" : "30",
      "whiteSpace" : false
    }, {
      "id" : "s1-t15",
      "begin" : 139,
      "end" : 140,
      "text" : "+",
      "whiteSpace" : false
    }, {
      "id" : "s1-t16",
      "begin" : 141,
      "end" : 146,
      "text" : "years",
      "whiteSpace" : false
    }, {
      "id" : "s1-t17",
      "begin" : 146,
      "end" : 147,
      "text" : ",",
      "whiteSpace" : false
    }, {
      "id" : "s1-t18",
      "begin" : 148,
      "end" : 151,
      "text" : "and",
      "whiteSpace" : false
    }, {
      "id" : "s1-t19",
      "begin" : 152,
      "end" : 157,
      "text" : "right",
      "whiteSpace" : false
    }, {
      "id" : "s1-t20",
      "begin" : 158,
      "end" : 161,
      "text" : "now",
      "whiteSpace" : false
    }, {
      "id" : "s1-t21",
      "begin" : 162,
      "end" : 164,
      "text" : "he",
      "whiteSpace" : false
    }, {
      "id" : "s1-t22",
      "begin" : 165,
      "end" : 167,
      "text" : "is",
      "whiteSpace" : false
    }, {
      "id" : "s1-t23",
      "begin" : 168,
      "end" : 171,
      "text" : "one",
      "whiteSpace" : false
    }, {
      "id" : "s1-t24",
      "begin" : 172,
      "end" : 174,
      "text" : "of",
      "whiteSpace" : false
    }, {
      "id" : "s1-t25",
      "begin" : 175,
      "end" : 178,
      "text" : "the",
      "whiteSpace" : false
    }, {
      "id" : "s1-t26",
      "begin" : 179,
      "end" : 186,
      "text" : "drivers",
      "whiteSpace" : false
    }, {
      "id" : "s1-t27",
      "begin" : 187,
      "end" : 193,
      "text" : "making",
      "whiteSpace" : false
    }, {
      "id" : "s1-t28",
      "begin" : 194,
      "end" : 198,
      "text" : "sure",
      "whiteSpace" : false
    }, {
      "id" : "s1-t29",
      "begin" : 199,
      "end" : 202,
      "text" : "the",
      "whiteSpace" : false
    }, {
      "id" : "s1-t30",
      "begin" : 203,
      "end" : 211,
      "text" : "trucking",
      "whiteSpace" : false
    }, {
      "id" : "s1-t31",
      "begin" : 212,
      "end" : 220,
      "text" : "industry",
      "whiteSpace" : false
    }, {
      "id" : "s1-t32",
      "begin" : 221,
      "end" : 223,
      "text" : "in",
      "whiteSpace" : false
    }, {
      "id" : "s1-t33",
      "begin" : 224,
      "end" : 231,
      "text" : "Seattle",
      "whiteSpace" : false
    }, {
      "id" : "s1-t34",
      "begin" : 232,
      "end" : 237,
      "text" : "keeps",
      "whiteSpace" : false
    }, {
      "id" : "s1-t35",
      "begin" : 238,
      "end" : 245,
      "text" : "running",
      "whiteSpace" : false
    }, {
      "id" : "s1-t36",
      "begin" : 246,
      "end" : 248,
      "text" : "by",
      "whiteSpace" : false
    }, {
      "id" : "s1-t37",
      "begin" : 249,
      "end" : 255,
      "text" : "making",
      "whiteSpace" : false
    }, {
      "id" : "s1-t38",
      "begin" : 256,
      "end" : 260,
      "text" : "sure",
      "whiteSpace" : false
    }, {
      "id" : "s1-t39",
      "begin" : 261,
      "end" : 265,
      "text" : "that",
      "whiteSpace" : false
    }, {
      "id" : "s1-t40",
      "begin" : 266,
      "end" : 267,
      "text" : "(",
      "whiteSpace" : false
    }, {
      "id" : "s1-t41",
      "begin" : 267,
      "end" : 273,
      "text" : "needed",
      "whiteSpace" : false
    }, {
      "id" : "s1-t42",
      "begin" : 273,
      "end" : 274,
      "text" : "!",
      "whiteSpace" : false
    } ]
  }, {
    "id" : "s2",
    "begin" : 274,
    "end" : 325,
    "text" : ") trucking parts are getting where they need to go.",
    "tokens" : [ {
      "id" : "s2-t0",
      "begin" : 274,
      "end" : 275,
      "text" : ")",
      "whiteSpace" : false
    }, {
      "id" : "s2-t1",
      "begin" : 276,
      "end" : 284,
      "text" : "trucking",
      "whiteSpace" : false
    }, {
      "id" : "s2-t2",
      "begin" : 285,
      "end" : 290,
      "text" : "parts",
      "whiteSpace" : false
    }, {
      "id" : "s2-t3",
      "begin" : 291,
      "end" : 294,
      "text" : "are",
      "whiteSpace" : false
    }, {
      "id" : "s2-t4",
      "begin" : 295,
      "end" : 302,
      "text" : "getting",
      "whiteSpace" : false
    }, {
      "id" : "s2-t5",
      "begin" : 303,
      "end" : 308,
      "text" : "where",
      "whiteSpace" : false
    }, {
      "id" : "s2-t6",
      "begin" : 309,
      "end" : 313,
      "text" : "they",
      "whiteSpace" : false
    }, {
      "id" : "s2-t7",
      "begin" : 314,
      "end" : 318,
      "text" : "need",
      "whiteSpace" : false
    }, {
      "id" : "s2-t8",
      "begin" : 319,
      "end" : 321,
      "text" : "to",
      "whiteSpace" : false
    }, {
      "id" : "s2-t9",
      "begin" : 322,
      "end" : 324,
      "text" : "go",
      "whiteSpace" : false
    }, {
      "id" : "s2-t10",
      "begin" : 324,
      "end" : 325,
      "text" : ".",
      "whiteSpace" : false
    } ]
  }, {
    "id" : "s3",
    "begin" : 326,
    "end" : 507,
    "text" : "\\n\\nWhen Covid-19 started out we had one 95 mask for him to wear and immediately started to look for a few more (no luck), but now that one mask is basically at the end of its life.",
    "tokens" : [ {
      "id" : "s3-t0",
      "begin" : 326,
      "end" : 328,
      "text" : "\\n",
      "whiteSpace" : false
    }, {
      "id" : "s3-t1",
      "begin" : 328,
      "end" : 334,
      "text" : "\\nWhen",
      "whiteSpace" : false
    }, {
      "id" : "s3-t2",
      "begin" : 335,
      "end" : 343,
      "text" : "Covid-19",
      "whiteSpace" : false
    }, {
      "id" : "s3-t3",
      "begin" : 344,
      "end" : 351,
      "text" : "started",
      "whiteSpace" : false
    }, {
      "id" : "s3-t4",
      "begin" : 352,
      "end" : 355,
      "text" : "out",
      "whiteSpace" : false
    }, {
      "id" : "s3-t5",
      "begin" : 356,
      "end" : 358,
      "text" : "we",
      "whiteSpace" : false
    }, {
      "id" : "s3-t6",
      "begin" : 359,
      "end" : 362,
      "text" : "had",
      "whiteSpace" : false
    }, {
      "id" : "s3-t7",
      "begin" : 363,
      "end" : 366,
      "text" : "one",
      "whiteSpace" : false
    }, {
      "id" : "s3-t8",
      "begin" : 367,
      "end" : 369,
      "text" : "95",
      "whiteSpace" : false
    }, {
      "id" : "s3-t9",
      "begin" : 370,
      "end" : 374,
      "text" : "mask",
      "whiteSpace" : false
    }, {
      "id" : "s3-t10",
      "begin" : 375,
      "end" : 378,
      "text" : "for",
      "whiteSpace" : false
    }, {
      "id" : "s3-t11",
      "begin" : 379,
      "end" : 382,
      "text" : "him",
      "whiteSpace" : false
    }, {
      "id" : "s3-t12",
      "begin" : 383,
      "end" : 385,
      "text" : "to",
      "whiteSpace" : false
    }, {
      "id" : "s3-t13",
      "begin" : 386,
      "end" : 390,
      "text" : "wear",
      "whiteSpace" : false
    }, {
      "id" : "s3-t14",
      "begin" : 391,
      "end" : 394,
      "text" : "and",
      "whiteSpace" : false
    }, {
      "id" : "s3-t15",
      "begin" : 395,
      "end" : 406,
      "text" : "immediately",
      "whiteSpace" : false
    }, {
      "id" : "s3-t16",
      "begin" : 407,
      "end" : 414,
      "text" : "started",
      "whiteSpace" : false
    }, {
      "id" : "s3-t17",
      "begin" : 415,
      "end" : 417,
      "text" : "to",
      "whiteSpace" : false
    }, {
      "id" : "s3-t18",
      "begin" : 418,
      "end" : 422,
      "text" : "look",
      "whiteSpace" : false
    }, {
      "id" : "s3-t19",
      "begin" : 423,
      "end" : 426,
      "text" : "for",
      "whiteSpace" : false
    }, {
      "id" : "s3-t20",
      "begin" : 427,
      "end" : 428,
      "text" : "a",
      "whiteSpace" : false
    }, {
      "id" : "s3-t21",
      "begin" : 429,
      "end" : 432,
      "text" : "few",
      "whiteSpace" : false
    }, {
      "id" : "s3-t22",
      "begin" : 433,
      "end" : 437,
      "text" : "more",
      "whiteSpace" : false
    }, {
      "id" : "s3-t23",
      "begin" : 438,
      "end" : 439,
      "text" : "(",
      "whiteSpace" : false
    }, {
      "id" : "s3-t24",
      "begin" : 439,
      "end" : 441,
      "text" : "no",
      "whiteSpace" : false
    }, {
      "id" : "s3-t25",
      "begin" : 442,
      "end" : 446,
      "text" : "luck",
      "whiteSpace" : false
    }, {
      "id" : "s3-t26",
      "begin" : 446,
      "end" : 447,
      "text" : ")",
      "whiteSpace" : false
    }, {
      "id" : "s3-t27",
      "begin" : 447,
      "end" : 448,
      "text" : ",",
      "whiteSpace" : false
    }, {
      "id" : "s3-t28",
      "begin" : 449,
      "end" : 452,
      "text" : "but",
      "whiteSpace" : false
    }, {
      "id" : "s3-t29",
      "begin" : 453,
      "end" : 456,
      "text" : "now",
      "whiteSpace" : false
    }, {
      "id" : "s3-t30",
      "begin" : 457,
      "end" : 461,
      "text" : "that",
      "whiteSpace" : false
    }, {
      "id" : "s3-t31",
      "begin" : 462,
      "end" : 465,
      "text" : "one",
      "whiteSpace" : false
    }, {
      "id" : "s3-t32",
      "begin" : 466,
      "end" : 470,
      "text" : "mask",
      "whiteSpace" : false
    }, {
      "id" : "s3-t33",
      "begin" : 471,
      "end" : 473,
      "text" : "is",
      "whiteSpace" : false
    }, {
      "id" : "s3-t34",
      "begin" : 474,
      "end" : 483,
      "text" : "basically",
      "whiteSpace" : false
    }, {
      "id" : "s3-t35",
      "begin" : 484,
      "end" : 486,
      "text" : "at",
      "whiteSpace" : false
    }, {
      "id" : "s3-t36",
      "begin" : 487,
      "end" : 490,
      "text" : "the",
      "whiteSpace" : false
    }, {
      "id" : "s3-t37",
      "begin" : 491,
      "end" : 494,
      "text" : "end",
      "whiteSpace" : false
    }, {
      "id" : "s3-t38",
      "begin" : 495,
      "end" : 497,
      "text" : "of",
      "whiteSpace" : false
    }, {
      "id" : "s3-t39",
      "begin" : 498,
      "end" : 501,
      "text" : "its",
      "whiteSpace" : false
    }, {
      "id" : "s3-t40",
      "begin" : 502,
      "end" : 506,
      "text" : "life",
      "whiteSpace" : false
    }, {
      "id" : "s3-t41",
      "begin" : 506,
      "end" : 507,
      "text" : ".",
      "whiteSpace" : false
    } ]
  }, {
    "id" : "s4",
    "begin" : 508,
    "end" : 668,
    "text" : "Without a mask my dad is not going to be able to work anymore because he can’t risk contracting or bringing him corona to my mom who has underlining conditions.",
    "tokens" : [ {
      "id" : "s4-t0",
      "begin" : 508,
      "end" : 515,
      "text" : "Without",
      "whiteSpace" : false
    }, {
      "id" : "s4-t1",
      "begin" : 516,
      "end" : 517,
      "text" : "a",
      "whiteSpace" : false
    }, {
      "id" : "s4-t2",
      "begin" : 518,
      "end" : 522,
      "text" : "mask",
      "whiteSpace" : false
    }, {
      "id" : "s4-t3",
      "begin" : 523,
      "end" : 525,
      "text" : "my",
      "whiteSpace" : false
    }, {
      "id" : "s4-t4",
      "begin" : 526,
      "end" : 529,
      "text" : "dad",
      "whiteSpace" : false
    }, {
      "id" : "s4-t5",
      "begin" : 530,
      "end" : 532,
      "text" : "is",
      "whiteSpace" : false
    }, {
      "id" : "s4-t6",
      "begin" : 533,
      "end" : 536,
      "text" : "not",
      "whiteSpace" : false
    }, {
      "id" : "s4-t7",
      "begin" : 537,
      "end" : 542,
      "text" : "going",
      "whiteSpace" : false
    }, {
      "id" : "s4-t8",
      "begin" : 543,
      "end" : 545,
      "text" : "to",
      "whiteSpace" : false
    }, {
      "id" : "s4-t9",
      "begin" : 546,
      "end" : 548,
      "text" : "be",
      "whiteSpace" : false
    }, {
      "id" : "s4-t10",
      "begin" : 549,
      "end" : 553,
      "text" : "able",
      "whiteSpace" : false
    }, {
      "id" : "s4-t11",
      "begin" : 554,
      "end" : 556,
      "text" : "to",
      "whiteSpace" : false
    }, {
      "id" : "s4-t12",
      "begin" : 557,
      "end" : 561,
      "text" : "work",
      "whiteSpace" : false
    }, {
      "id" : "s4-t13",
      "begin" : 562,
      "end" : 569,
      "text" : "anymore",
      "whiteSpace" : false
    }, {
      "id" : "s4-t14",
      "begin" : 570,
      "end" : 577,
      "text" : "because",
      "whiteSpace" : false
    }, {
      "id" : "s4-t15",
      "begin" : 578,
      "end" : 580,
      "text" : "he",
      "whiteSpace" : false
    }, {
      "id" : "s4-t16",
      "begin" : 581,
      "end" : 583,
      "text" : "ca",
      "whiteSpace" : false
    }, {
      "id" : "s4-t17",
      "begin" : 583,
      "end" : 586,
      "text" : "n’t",
      "whiteSpace" : false
    }, {
      "id" : "s4-t18",
      "begin" : 587,
      "end" : 591,
      "text" : "risk",
      "whiteSpace" : false
    }, {
      "id" : "s4-t19",
      "begin" : 592,
      "end" : 603,
      "text" : "contracting",
      "whiteSpace" : false
    }, {
      "id" : "s4-t20",
      "begin" : 604,
      "end" : 606,
      "text" : "or",
      "whiteSpace" : false
    }, {
      "id" : "s4-t21",
      "begin" : 607,
      "end" : 615,
      "text" : "bringing",
      "whiteSpace" : false
    }, {
      "id" : "s4-t22",
      "begin" : 616,
      "end" : 619,
      "text" : "him",
      "whiteSpace" : false
    }, {
      "id" : "s4-t23",
      "begin" : 620,
      "end" : 626,
      "text" : "corona",
      "whiteSpace" : false
    }, {
      "id" : "s4-t24",
      "begin" : 627,
      "end" : 629,
      "text" : "to",
      "whiteSpace" : false
    }, {
      "id" : "s4-t25",
      "begin" : 630,
      "end" : 632,
      "text" : "my",
      "whiteSpace" : false
    }, {
      "id" : "s4-t26",
      "begin" : 633,
      "end" : 636,
      "text" : "mom",
      "whiteSpace" : false
    }, {
      "id" : "s4-t27",
      "begin" : 637,
      "end" : 640,
      "text" : "who",
      "whiteSpace" : false
    }, {
      "id" : "s4-t28",
      "begin" : 641,
      "end" : 644,
      "text" : "has",
      "whiteSpace" : false
    }, {
      "id" : "s4-t29",
      "begin" : 645,
      "end" : 656,
      "text" : "underlining",
      "whiteSpace" : false
    }, {
      "id" : "s4-t30",
      "begin" : 657,
      "end" : 667,
      "text" : "conditions",
      "whiteSpace" : false
    }, {
      "id" : "s4-t31",
      "begin" : 667,
      "end" : 668,
      "text" : ".",
      "whiteSpace" : false
    } ]
  }, {
    "id" : "s5",
    "begin" : 668,
    "end" : 726,
    "text" : "\\n\\nIs there anyone that could give or sell us some masks?",
    "tokens" : [ {
      "id" : "s5-t0",
      "begin" : 668,
      "end" : 670,
      "text" : "\\n",
      "whiteSpace" : false
    }, {
      "id" : "s5-t1",
      "begin" : 670,
      "end" : 674,
      "text" : "\\nIs",
      "whiteSpace" : false
    }, {
      "id" : "s5-t2",
      "begin" : 675,
      "end" : 680,
      "text" : "there",
      "whiteSpace" : false
    }, {
      "id" : "s5-t3",
      "begin" : 681,
      "end" : 687,
      "text" : "anyone",
      "whiteSpace" : false
    }, {
      "id" : "s5-t4",
      "begin" : 688,
      "end" : 692,
      "text" : "that",
      "whiteSpace" : false
    }, {
      "id" : "s5-t5",
      "begin" : 693,
      "end" : 698,
      "text" : "could",
      "whiteSpace" : false
    }, {
      "id" : "s5-t6",
      "begin" : 699,
      "end" : 703,
      "text" : "give",
      "whiteSpace" : false
    }, {
      "id" : "s5-t7",
      "begin" : 704,
      "end" : 706,
      "text" : "or",
      "whiteSpace" : false
    }, {
      "id" : "s5-t8",
      "begin" : 707,
      "end" : 711,
      "text" : "sell",
      "whiteSpace" : false
    }, {
      "id" : "s5-t9",
      "begin" : 712,
      "end" : 714,
      "text" : "us",
      "whiteSpace" : false
    }, {
      "id" : "s5-t10",
      "begin" : 715,
      "end" : 719,
      "text" : "some",
      "whiteSpace" : false
    }, {
      "id" : "s5-t11",
      "begin" : 720,
      "end" : 725,
      "text" : "masks",
      "whiteSpace" : false
    }, {
      "id" : "s5-t12",
      "begin" : 725,
      "end" : 726,
      "text" : "?",
      "whiteSpace" : false
    } ]
  }, {
    "id" : "s6",
    "begin" : 726,
    "end" : 800,
    "text" : "\",\n    \"subreddit\": \"Seattle\",\n    \"created\": \"2020-04-05T09:49:40.000Z\"\n}",
    "tokens" : [ {
      "id" : "s6-t0",
      "begin" : 726,
      "end" : 727,
      "text" : "\"",
      "whiteSpace" : false
    }, {
      "id" : "s6-t1",
      "begin" : 727,
      "end" : 728,
      "text" : ",",
      "whiteSpace" : false
    }, {
      "id" : "s6-t2",
      "begin" : 733,
      "end" : 734,
      "text" : "\"",
      "whiteSpace" : false
    }, {
      "id" : "s6-t3",
      "begin" : 734,
      "end" : 743,
      "text" : "subreddit",
      "whiteSpace" : false
    }, {
      "id" : "s6-t4",
      "begin" : 743,
      "end" : 744,
      "text" : "\"",
      "whiteSpace" : false
    }, {
      "id" : "s6-t5",
      "begin" : 744,
      "end" : 745,
      "text" : ":",
      "whiteSpace" : false
    }, {
      "id" : "s6-t6",
      "begin" : 746,
      "end" : 747,
      "text" : "\"",
      "whiteSpace" : false
    }, {
      "id" : "s6-t7",
      "begin" : 747,
      "end" : 754,
      "text" : "Seattle",
      "whiteSpace" : false
    }, {
      "id" : "s6-t8",
      "begin" : 754,
      "end" : 755,
      "text" : "\"",
      "whiteSpace" : false
    }, {
      "id" : "s6-t9",
      "begin" : 755,
      "end" : 756,
      "text" : ",",
      "whiteSpace" : false
    }, {
      "id" : "s6-t10",
      "begin" : 761,
      "end" : 762,
      "text" : "\"",
      "whiteSpace" : false
    }, {
      "id" : "s6-t11",
      "begin" : 762,
      "end" : 769,
      "text" : "created",
      "whiteSpace" : false
    }, {
      "id" : "s6-t12",
      "begin" : 769,
      "end" : 770,
      "text" : "\"",
      "whiteSpace" : false
    }, {
      "id" : "s6-t13",
      "begin" : 770,
      "end" : 771,
      "text" : ":",
      "whiteSpace" : false
    }, {
      "id" : "s6-t14",
      "begin" : 772,
      "end" : 773,
      "text" : "\"",
      "whiteSpace" : false
    }, {
      "id" : "s6-t15",
      "begin" : 773,
      "end" : 797,
      "text" : "2020-04-05T09:49:40.000Z",
      "whiteSpace" : false
    }, {
      "id" : "s6-t16",
      "begin" : 797,
      "end" : 798,
      "text" : "\"",
      "whiteSpace" : false
    }, {
      "id" : "s6-t17",
      "begin" : 799,
      "end" : 800,
      "text" : "}",
      "whiteSpace" : false
    } ]
  } ],
  "mentions" : [ {
    "id" : "s0-m1",
    "properties" : {
      "SIRE_MENTION_ROLE" : "Hourly_Wage_Employment",
      "SIRE_ENTITY_SUBTYPE" : "NONE",
      "SIRE_MENTION_TYPE" : "NONE",
      "SIRE_MENTION_CLASS" : "SPC"
    },
    "type" : "Hourly_Wage_Employment",
    "begin" : 16,
    "end" : 28,
    "inCoref" : false
  }, {
    "id" : "s1-m1",
    "properties" : {
      "SIRE_MENTION_ROLE" : "Hourly_Wage_Employment",
      "SIRE_ENTITY_SUBTYPE" : "NONE",
      "SIRE_MENTION_TYPE" : "NONE",
      "SIRE_MENTION_CLASS" : "SPC"
    },
    "type" : "Hourly_Wage_Employment",
    "begin" : 75,
    "end" : 107,
    "inCoref" : false
  }, {
    "id" : "s1-m2",
    "properties" : {
      "SIRE_MENTION_ROLE" : "Hourly_Wage_Employment",
      "SIRE_ENTITY_SUBTYPE" : "NONE",
      "SIRE_MENTION_TYPE" : "NONE",
      "SIRE_MENTION_CLASS" : "SPC"
    },
    "type" : "Hourly_Wage_Employment",
    "begin" : 179,
    "end" : 186,
    "inCoref" : false
  } ],
  "relations" : [ ],
  "corefs" : [ ],
  "typeResolved" : true,
  "userResolved" : false
}