{
  "id" : "0eb010c0-9422-11ea-ba41-8b3cd48b35eb-70",
  "name" : "seattle-doc-42.txt",
  "createdDate" : 0,
  "version" : 3,
  "text" : "{\n    \"title\": \"Did Swedish reach an agreement with their striking healthcare staff?\",\n    \"text\": \"I live out of state and want to move back to Seattle for reasons.  I’ve been casually RN  job hunting, and don’t particularly want to work in the thick of a COVID epidemic.  My current hospital is low on patients with the COVID, and I kind of like that, at least for the risk factor. \\n\\nI know one of the things they were hoping for was an increase in staff to make safer patient ratios.  In the past couple of days, I \\nI’ve received a TON of contacts from recruiters for jobs at Swedish.  Which is highly unusual, because they usually do their own in-house recruiting.  Yet, these are all direct-hire positions, and not contract, traveler, or other temporary jobs.\\n\\nThanks for the info!\",\n    \"subreddit\": \"Seattle\",\n    \"created\": \"2020-04-16T07:47:15.000Z\"\n}",
  "docLength" : 0,
  "language" : "EN",
  "status" : "IN_PROGRESS",
  "modifiedDate" : 1589328198399,
  "documentSet" : [ ],
  "preannotation" : [ "PRE_LW" ],
  "sentences" : [ {
    "id" : "s0",
    "begin" : 0,
    "end" : 84,
    "text" : "{\n    \"title\": \"Did Swedish reach an agreement with their striking healthcare staff?",
    "tokens" : [ {
      "id" : "s0-t0",
      "begin" : 0,
      "end" : 1,
      "text" : "{",
      "whiteSpace" : false
    }, {
      "id" : "s0-t1",
      "begin" : 6,
      "end" : 7,
      "text" : "\"",
      "whiteSpace" : false
    }, {
      "id" : "s0-t2",
      "begin" : 7,
      "end" : 12,
      "text" : "title",
      "whiteSpace" : false
    }, {
      "id" : "s0-t3",
      "begin" : 12,
      "end" : 13,
      "text" : "\"",
      "whiteSpace" : false
    }, {
      "id" : "s0-t4",
      "begin" : 13,
      "end" : 14,
      "text" : ":",
      "whiteSpace" : false
    }, {
      "id" : "s0-t5",
      "begin" : 15,
      "end" : 16,
      "text" : "\"",
      "whiteSpace" : false
    }, {
      "id" : "s0-t6",
      "begin" : 16,
      "end" : 19,
      "text" : "Did",
      "whiteSpace" : false
    }, {
      "id" : "s0-t7",
      "begin" : 20,
      "end" : 27,
      "text" : "Swedish",
      "whiteSpace" : false
    }, {
      "id" : "s0-t8",
      "begin" : 28,
      "end" : 33,
      "text" : "reach",
      "whiteSpace" : false
    }, {
      "id" : "s0-t9",
      "begin" : 34,
      "end" : 36,
      "text" : "an",
      "whiteSpace" : false
    }, {
      "id" : "s0-t10",
      "begin" : 37,
      "end" : 46,
      "text" : "agreement",
      "whiteSpace" : false
    }, {
      "id" : "s0-t11",
      "begin" : 47,
      "end" : 51,
      "text" : "with",
      "whiteSpace" : false
    }, {
      "id" : "s0-t12",
      "begin" : 52,
      "end" : 57,
      "text" : "their",
      "whiteSpace" : false
    }, {
      "id" : "s0-t13",
      "begin" : 58,
      "end" : 66,
      "text" : "striking",
      "whiteSpace" : false
    }, {
      "id" : "s0-t14",
      "begin" : 67,
      "end" : 77,
      "text" : "healthcare",
      "whiteSpace" : false
    }, {
      "id" : "s0-t15",
      "begin" : 78,
      "end" : 83,
      "text" : "staff",
      "whiteSpace" : false
    }, {
      "id" : "s0-t16",
      "begin" : 83,
      "end" : 84,
      "text" : "?",
      "whiteSpace" : false
    } ]
  }, {
    "id" : "s1",
    "begin" : 84,
    "end" : 165,
    "text" : "\",\n    \"text\": \"I live out of state and want to move back to Seattle for reasons.",
    "tokens" : [ {
      "id" : "s1-t0",
      "begin" : 84,
      "end" : 85,
      "text" : "\"",
      "whiteSpace" : false
    }, {
      "id" : "s1-t1",
      "begin" : 85,
      "end" : 86,
      "text" : ",",
      "whiteSpace" : false
    }, {
      "id" : "s1-t2",
      "begin" : 91,
      "end" : 92,
      "text" : "\"",
      "whiteSpace" : false
    }, {
      "id" : "s1-t3",
      "begin" : 92,
      "end" : 96,
      "text" : "text",
      "whiteSpace" : false
    }, {
      "id" : "s1-t4",
      "begin" : 96,
      "end" : 97,
      "text" : "\"",
      "whiteSpace" : false
    }, {
      "id" : "s1-t5",
      "begin" : 97,
      "end" : 98,
      "text" : ":",
      "whiteSpace" : false
    }, {
      "id" : "s1-t6",
      "begin" : 99,
      "end" : 100,
      "text" : "\"",
      "whiteSpace" : false
    }, {
      "id" : "s1-t7",
      "begin" : 100,
      "end" : 101,
      "text" : "I",
      "whiteSpace" : false
    }, {
      "id" : "s1-t8",
      "begin" : 102,
      "end" : 106,
      "text" : "live",
      "whiteSpace" : false
    }, {
      "id" : "s1-t9",
      "begin" : 107,
      "end" : 110,
      "text" : "out",
      "whiteSpace" : false
    }, {
      "id" : "s1-t10",
      "begin" : 111,
      "end" : 113,
      "text" : "of",
      "whiteSpace" : false
    }, {
      "id" : "s1-t11",
      "begin" : 114,
      "end" : 119,
      "text" : "state",
      "whiteSpace" : false
    }, {
      "id" : "s1-t12",
      "begin" : 120,
      "end" : 123,
      "text" : "and",
      "whiteSpace" : false
    }, {
      "id" : "s1-t13",
      "begin" : 124,
      "end" : 128,
      "text" : "want",
      "whiteSpace" : false
    }, {
      "id" : "s1-t14",
      "begin" : 129,
      "end" : 131,
      "text" : "to",
      "whiteSpace" : false
    }, {
      "id" : "s1-t15",
      "begin" : 132,
      "end" : 136,
      "text" : "move",
      "whiteSpace" : false
    }, {
      "id" : "s1-t16",
      "begin" : 137,
      "end" : 141,
      "text" : "back",
      "whiteSpace" : false
    }, {
      "id" : "s1-t17",
      "begin" : 142,
      "end" : 144,
      "text" : "to",
      "whiteSpace" : false
    }, {
      "id" : "s1-t18",
      "begin" : 145,
      "end" : 152,
      "text" : "Seattle",
      "whiteSpace" : false
    }, {
      "id" : "s1-t19",
      "begin" : 153,
      "end" : 156,
      "text" : "for",
      "whiteSpace" : false
    }, {
      "id" : "s1-t20",
      "begin" : 157,
      "end" : 164,
      "text" : "reasons",
      "whiteSpace" : false
    }, {
      "id" : "s1-t21",
      "begin" : 164,
      "end" : 165,
      "text" : ".",
      "whiteSpace" : false
    } ]
  }, {
    "id" : "s2",
    "begin" : 167,
    "end" : 272,
    "text" : "I’ve been casually RN  job hunting, and don’t particularly want to work in the thick of a COVID epidemic.",
    "tokens" : [ {
      "id" : "s2-t0",
      "begin" : 167,
      "end" : 168,
      "text" : "I",
      "whiteSpace" : false
    }, {
      "id" : "s2-t1",
      "begin" : 168,
      "end" : 171,
      "text" : "’ve",
      "whiteSpace" : false
    }, {
      "id" : "s2-t2",
      "begin" : 172,
      "end" : 176,
      "text" : "been",
      "whiteSpace" : false
    }, {
      "id" : "s2-t3",
      "begin" : 177,
      "end" : 185,
      "text" : "casually",
      "whiteSpace" : false
    }, {
      "id" : "s2-t4",
      "begin" : 186,
      "end" : 188,
      "text" : "RN",
      "whiteSpace" : false
    }, {
      "id" : "s2-t5",
      "begin" : 190,
      "end" : 193,
      "text" : "job",
      "whiteSpace" : false
    }, {
      "id" : "s2-t6",
      "begin" : 194,
      "end" : 201,
      "text" : "hunting",
      "whiteSpace" : false
    }, {
      "id" : "s2-t7",
      "begin" : 201,
      "end" : 202,
      "text" : ",",
      "whiteSpace" : false
    }, {
      "id" : "s2-t8",
      "begin" : 203,
      "end" : 206,
      "text" : "and",
      "whiteSpace" : false
    }, {
      "id" : "s2-t9",
      "begin" : 207,
      "end" : 209,
      "text" : "do",
      "whiteSpace" : false
    }, {
      "id" : "s2-t10",
      "begin" : 209,
      "end" : 212,
      "text" : "n’t",
      "whiteSpace" : false
    }, {
      "id" : "s2-t11",
      "begin" : 213,
      "end" : 225,
      "text" : "particularly",
      "whiteSpace" : false
    }, {
      "id" : "s2-t12",
      "begin" : 226,
      "end" : 230,
      "text" : "want",
      "whiteSpace" : false
    }, {
      "id" : "s2-t13",
      "begin" : 231,
      "end" : 233,
      "text" : "to",
      "whiteSpace" : false
    }, {
      "id" : "s2-t14",
      "begin" : 234,
      "end" : 238,
      "text" : "work",
      "whiteSpace" : false
    }, {
      "id" : "s2-t15",
      "begin" : 239,
      "end" : 241,
      "text" : "in",
      "whiteSpace" : false
    }, {
      "id" : "s2-t16",
      "begin" : 242,
      "end" : 245,
      "text" : "the",
      "whiteSpace" : false
    }, {
      "id" : "s2-t17",
      "begin" : 246,
      "end" : 251,
      "text" : "thick",
      "whiteSpace" : false
    }, {
      "id" : "s2-t18",
      "begin" : 252,
      "end" : 254,
      "text" : "of",
      "whiteSpace" : false
    }, {
      "id" : "s2-t19",
      "begin" : 255,
      "end" : 256,
      "text" : "a",
      "whiteSpace" : false
    }, {
      "id" : "s2-t20",
      "begin" : 257,
      "end" : 262,
      "text" : "COVID",
      "whiteSpace" : false
    }, {
      "id" : "s2-t21",
      "begin" : 263,
      "end" : 271,
      "text" : "epidemic",
      "whiteSpace" : false
    }, {
      "id" : "s2-t22",
      "begin" : 271,
      "end" : 272,
      "text" : ".",
      "whiteSpace" : false
    } ]
  }, {
    "id" : "s3",
    "begin" : 274,
    "end" : 383,
    "text" : "My current hospital is low on patients with the COVID, and I kind of like that, at least for the risk factor.",
    "tokens" : [ {
      "id" : "s3-t0",
      "begin" : 274,
      "end" : 276,
      "text" : "My",
      "whiteSpace" : false
    }, {
      "id" : "s3-t1",
      "begin" : 277,
      "end" : 284,
      "text" : "current",
      "whiteSpace" : false
    }, {
      "id" : "s3-t2",
      "begin" : 285,
      "end" : 293,
      "text" : "hospital",
      "whiteSpace" : false
    }, {
      "id" : "s3-t3",
      "begin" : 294,
      "end" : 296,
      "text" : "is",
      "whiteSpace" : false
    }, {
      "id" : "s3-t4",
      "begin" : 297,
      "end" : 300,
      "text" : "low",
      "whiteSpace" : false
    }, {
      "id" : "s3-t5",
      "begin" : 301,
      "end" : 303,
      "text" : "on",
      "whiteSpace" : false
    }, {
      "id" : "s3-t6",
      "begin" : 304,
      "end" : 312,
      "text" : "patients",
      "whiteSpace" : false
    }, {
      "id" : "s3-t7",
      "begin" : 313,
      "end" : 317,
      "text" : "with",
      "whiteSpace" : false
    }, {
      "id" : "s3-t8",
      "begin" : 318,
      "end" : 321,
      "text" : "the",
      "whiteSpace" : false
    }, {
      "id" : "s3-t9",
      "begin" : 322,
      "end" : 327,
      "text" : "COVID",
      "whiteSpace" : false
    }, {
      "id" : "s3-t10",
      "begin" : 327,
      "end" : 328,
      "text" : ",",
      "whiteSpace" : false
    }, {
      "id" : "s3-t11",
      "begin" : 329,
      "end" : 332,
      "text" : "and",
      "whiteSpace" : false
    }, {
      "id" : "s3-t12",
      "begin" : 333,
      "end" : 334,
      "text" : "I",
      "whiteSpace" : false
    }, {
      "id" : "s3-t13",
      "begin" : 335,
      "end" : 339,
      "text" : "kind",
      "whiteSpace" : false
    }, {
      "id" : "s3-t14",
      "begin" : 340,
      "end" : 342,
      "text" : "of",
      "whiteSpace" : false
    }, {
      "id" : "s3-t15",
      "begin" : 343,
      "end" : 347,
      "text" : "like",
      "whiteSpace" : false
    }, {
      "id" : "s3-t16",
      "begin" : 348,
      "end" : 352,
      "text" : "that",
      "whiteSpace" : false
    }, {
      "id" : "s3-t17",
      "begin" : 352,
      "end" : 353,
      "text" : ",",
      "whiteSpace" : false
    }, {
      "id" : "s3-t18",
      "begin" : 354,
      "end" : 356,
      "text" : "at",
      "whiteSpace" : false
    }, {
      "id" : "s3-t19",
      "begin" : 357,
      "end" : 362,
      "text" : "least",
      "whiteSpace" : false
    }, {
      "id" : "s3-t20",
      "begin" : 363,
      "end" : 366,
      "text" : "for",
      "whiteSpace" : false
    }, {
      "id" : "s3-t21",
      "begin" : 367,
      "end" : 370,
      "text" : "the",
      "whiteSpace" : false
    }, {
      "id" : "s3-t22",
      "begin" : 371,
      "end" : 375,
      "text" : "risk",
      "whiteSpace" : false
    }, {
      "id" : "s3-t23",
      "begin" : 376,
      "end" : 382,
      "text" : "factor",
      "whiteSpace" : false
    }, {
      "id" : "s3-t24",
      "begin" : 382,
      "end" : 383,
      "text" : ".",
      "whiteSpace" : false
    } ]
  }, {
    "id" : "s4",
    "begin" : 384,
    "end" : 488,
    "text" : "\\n\\nI know one of the things they were hoping for was an increase in staff to make safer patient ratios.",
    "tokens" : [ {
      "id" : "s4-t0",
      "begin" : 384,
      "end" : 386,
      "text" : "\\n",
      "whiteSpace" : false
    }, {
      "id" : "s4-t1",
      "begin" : 386,
      "end" : 389,
      "text" : "\\nI",
      "whiteSpace" : false
    }, {
      "id" : "s4-t2",
      "begin" : 390,
      "end" : 394,
      "text" : "know",
      "whiteSpace" : false
    }, {
      "id" : "s4-t3",
      "begin" : 395,
      "end" : 398,
      "text" : "one",
      "whiteSpace" : false
    }, {
      "id" : "s4-t4",
      "begin" : 399,
      "end" : 401,
      "text" : "of",
      "whiteSpace" : false
    }, {
      "id" : "s4-t5",
      "begin" : 402,
      "end" : 405,
      "text" : "the",
      "whiteSpace" : false
    }, {
      "id" : "s4-t6",
      "begin" : 406,
      "end" : 412,
      "text" : "things",
      "whiteSpace" : false
    }, {
      "id" : "s4-t7",
      "begin" : 413,
      "end" : 417,
      "text" : "they",
      "whiteSpace" : false
    }, {
      "id" : "s4-t8",
      "begin" : 418,
      "end" : 422,
      "text" : "were",
      "whiteSpace" : false
    }, {
      "id" : "s4-t9",
      "begin" : 423,
      "end" : 429,
      "text" : "hoping",
      "whiteSpace" : false
    }, {
      "id" : "s4-t10",
      "begin" : 430,
      "end" : 433,
      "text" : "for",
      "whiteSpace" : false
    }, {
      "id" : "s4-t11",
      "begin" : 434,
      "end" : 437,
      "text" : "was",
      "whiteSpace" : false
    }, {
      "id" : "s4-t12",
      "begin" : 438,
      "end" : 440,
      "text" : "an",
      "whiteSpace" : false
    }, {
      "id" : "s4-t13",
      "begin" : 441,
      "end" : 449,
      "text" : "increase",
      "whiteSpace" : false
    }, {
      "id" : "s4-t14",
      "begin" : 450,
      "end" : 452,
      "text" : "in",
      "whiteSpace" : false
    }, {
      "id" : "s4-t15",
      "begin" : 453,
      "end" : 458,
      "text" : "staff",
      "whiteSpace" : false
    }, {
      "id" : "s4-t16",
      "begin" : 459,
      "end" : 461,
      "text" : "to",
      "whiteSpace" : false
    }, {
      "id" : "s4-t17",
      "begin" : 462,
      "end" : 466,
      "text" : "make",
      "whiteSpace" : false
    }, {
      "id" : "s4-t18",
      "begin" : 467,
      "end" : 472,
      "text" : "safer",
      "whiteSpace" : false
    }, {
      "id" : "s4-t19",
      "begin" : 473,
      "end" : 480,
      "text" : "patient",
      "whiteSpace" : false
    }, {
      "id" : "s4-t20",
      "begin" : 481,
      "end" : 487,
      "text" : "ratios",
      "whiteSpace" : false
    }, {
      "id" : "s4-t21",
      "begin" : 487,
      "end" : 488,
      "text" : ".",
      "whiteSpace" : false
    } ]
  }, {
    "id" : "s5",
    "begin" : 490,
    "end" : 590,
    "text" : "In the past couple of days, I \\nI’ve received a TON of contacts from recruiters for jobs at Swedish.",
    "tokens" : [ {
      "id" : "s5-t0",
      "begin" : 490,
      "end" : 492,
      "text" : "In",
      "whiteSpace" : false
    }, {
      "id" : "s5-t1",
      "begin" : 493,
      "end" : 496,
      "text" : "the",
      "whiteSpace" : false
    }, {
      "id" : "s5-t2",
      "begin" : 497,
      "end" : 501,
      "text" : "past",
      "whiteSpace" : false
    }, {
      "id" : "s5-t3",
      "begin" : 502,
      "end" : 508,
      "text" : "couple",
      "whiteSpace" : false
    }, {
      "id" : "s5-t4",
      "begin" : 509,
      "end" : 511,
      "text" : "of",
      "whiteSpace" : false
    }, {
      "id" : "s5-t5",
      "begin" : 512,
      "end" : 516,
      "text" : "days",
      "whiteSpace" : false
    }, {
      "id" : "s5-t6",
      "begin" : 516,
      "end" : 517,
      "text" : ",",
      "whiteSpace" : false
    }, {
      "id" : "s5-t7",
      "begin" : 518,
      "end" : 519,
      "text" : "I",
      "whiteSpace" : false
    }, {
      "id" : "s5-t8",
      "begin" : 520,
      "end" : 523,
      "text" : "\\nI",
      "whiteSpace" : false
    }, {
      "id" : "s5-t9",
      "begin" : 523,
      "end" : 526,
      "text" : "’ve",
      "whiteSpace" : false
    }, {
      "id" : "s5-t10",
      "begin" : 527,
      "end" : 535,
      "text" : "received",
      "whiteSpace" : false
    }, {
      "id" : "s5-t11",
      "begin" : 536,
      "end" : 537,
      "text" : "a",
      "whiteSpace" : false
    }, {
      "id" : "s5-t12",
      "begin" : 538,
      "end" : 541,
      "text" : "TON",
      "whiteSpace" : false
    }, {
      "id" : "s5-t13",
      "begin" : 542,
      "end" : 544,
      "text" : "of",
      "whiteSpace" : false
    }, {
      "id" : "s5-t14",
      "begin" : 545,
      "end" : 553,
      "text" : "contacts",
      "whiteSpace" : false
    }, {
      "id" : "s5-t15",
      "begin" : 554,
      "end" : 558,
      "text" : "from",
      "whiteSpace" : false
    }, {
      "id" : "s5-t16",
      "begin" : 559,
      "end" : 569,
      "text" : "recruiters",
      "whiteSpace" : false
    }, {
      "id" : "s5-t17",
      "begin" : 570,
      "end" : 573,
      "text" : "for",
      "whiteSpace" : false
    }, {
      "id" : "s5-t18",
      "begin" : 574,
      "end" : 578,
      "text" : "jobs",
      "whiteSpace" : false
    }, {
      "id" : "s5-t19",
      "begin" : 579,
      "end" : 581,
      "text" : "at",
      "whiteSpace" : false
    }, {
      "id" : "s5-t20",
      "begin" : 582,
      "end" : 589,
      "text" : "Swedish",
      "whiteSpace" : false
    }, {
      "id" : "s5-t21",
      "begin" : 589,
      "end" : 590,
      "text" : ".",
      "whiteSpace" : false
    } ]
  }, {
    "id" : "s6",
    "begin" : 592,
    "end" : 671,
    "text" : "Which is highly unusual, because they usually do their own in-house recruiting.",
    "tokens" : [ {
      "id" : "s6-t0",
      "begin" : 592,
      "end" : 597,
      "text" : "Which",
      "whiteSpace" : false
    }, {
      "id" : "s6-t1",
      "begin" : 598,
      "end" : 600,
      "text" : "is",
      "whiteSpace" : false
    }, {
      "id" : "s6-t2",
      "begin" : 601,
      "end" : 607,
      "text" : "highly",
      "whiteSpace" : false
    }, {
      "id" : "s6-t3",
      "begin" : 608,
      "end" : 615,
      "text" : "unusual",
      "whiteSpace" : false
    }, {
      "id" : "s6-t4",
      "begin" : 615,
      "end" : 616,
      "text" : ",",
      "whiteSpace" : false
    }, {
      "id" : "s6-t5",
      "begin" : 617,
      "end" : 624,
      "text" : "because",
      "whiteSpace" : false
    }, {
      "id" : "s6-t6",
      "begin" : 625,
      "end" : 629,
      "text" : "they",
      "whiteSpace" : false
    }, {
      "id" : "s6-t7",
      "begin" : 630,
      "end" : 637,
      "text" : "usually",
      "whiteSpace" : false
    }, {
      "id" : "s6-t8",
      "begin" : 638,
      "end" : 640,
      "text" : "do",
      "whiteSpace" : false
    }, {
      "id" : "s6-t9",
      "begin" : 641,
      "end" : 646,
      "text" : "their",
      "whiteSpace" : false
    }, {
      "id" : "s6-t10",
      "begin" : 647,
      "end" : 650,
      "text" : "own",
      "whiteSpace" : false
    }, {
      "id" : "s6-t11",
      "begin" : 651,
      "end" : 659,
      "text" : "in-house",
      "whiteSpace" : false
    }, {
      "id" : "s6-t12",
      "begin" : 660,
      "end" : 670,
      "text" : "recruiting",
      "whiteSpace" : false
    }, {
      "id" : "s6-t13",
      "begin" : 670,
      "end" : 671,
      "text" : ".",
      "whiteSpace" : false
    } ]
  }, {
    "id" : "s7",
    "begin" : 673,
    "end" : 767,
    "text" : "Yet, these are all direct-hire positions, and not contract, traveler, or other temporary jobs.",
    "tokens" : [ {
      "id" : "s7-t0",
      "begin" : 673,
      "end" : 676,
      "text" : "Yet",
      "whiteSpace" : false
    }, {
      "id" : "s7-t1",
      "begin" : 676,
      "end" : 677,
      "text" : ",",
      "whiteSpace" : false
    }, {
      "id" : "s7-t2",
      "begin" : 678,
      "end" : 683,
      "text" : "these",
      "whiteSpace" : false
    }, {
      "id" : "s7-t3",
      "begin" : 684,
      "end" : 687,
      "text" : "are",
      "whiteSpace" : false
    }, {
      "id" : "s7-t4",
      "begin" : 688,
      "end" : 691,
      "text" : "all",
      "whiteSpace" : false
    }, {
      "id" : "s7-t5",
      "begin" : 692,
      "end" : 698,
      "text" : "direct",
      "whiteSpace" : false
    }, {
      "id" : "s7-t6",
      "begin" : 698,
      "end" : 699,
      "text" : "-",
      "whiteSpace" : false
    }, {
      "id" : "s7-t7",
      "begin" : 699,
      "end" : 703,
      "text" : "hire",
      "whiteSpace" : false
    }, {
      "id" : "s7-t8",
      "begin" : 704,
      "end" : 713,
      "text" : "positions",
      "whiteSpace" : false
    }, {
      "id" : "s7-t9",
      "begin" : 713,
      "end" : 714,
      "text" : ",",
      "whiteSpace" : false
    }, {
      "id" : "s7-t10",
      "begin" : 715,
      "end" : 718,
      "text" : "and",
      "whiteSpace" : false
    }, {
      "id" : "s7-t11",
      "begin" : 719,
      "end" : 722,
      "text" : "not",
      "whiteSpace" : false
    }, {
      "id" : "s7-t12",
      "begin" : 723,
      "end" : 731,
      "text" : "contract",
      "whiteSpace" : false
    }, {
      "id" : "s7-t13",
      "begin" : 731,
      "end" : 732,
      "text" : ",",
      "whiteSpace" : false
    }, {
      "id" : "s7-t14",
      "begin" : 733,
      "end" : 741,
      "text" : "traveler",
      "whiteSpace" : false
    }, {
      "id" : "s7-t15",
      "begin" : 741,
      "end" : 742,
      "text" : ",",
      "whiteSpace" : false
    }, {
      "id" : "s7-t16",
      "begin" : 743,
      "end" : 745,
      "text" : "or",
      "whiteSpace" : false
    }, {
      "id" : "s7-t17",
      "begin" : 746,
      "end" : 751,
      "text" : "other",
      "whiteSpace" : false
    }, {
      "id" : "s7-t18",
      "begin" : 752,
      "end" : 761,
      "text" : "temporary",
      "whiteSpace" : false
    }, {
      "id" : "s7-t19",
      "begin" : 762,
      "end" : 766,
      "text" : "jobs",
      "whiteSpace" : false
    }, {
      "id" : "s7-t20",
      "begin" : 766,
      "end" : 767,
      "text" : ".",
      "whiteSpace" : false
    } ]
  }, {
    "id" : "s8",
    "begin" : 767,
    "end" : 791,
    "text" : "\\n\\nThanks for the info!",
    "tokens" : [ {
      "id" : "s8-t0",
      "begin" : 767,
      "end" : 769,
      "text" : "\\n",
      "whiteSpace" : false
    }, {
      "id" : "s8-t1",
      "begin" : 769,
      "end" : 777,
      "text" : "\\nThanks",
      "whiteSpace" : false
    }, {
      "id" : "s8-t2",
      "begin" : 778,
      "end" : 781,
      "text" : "for",
      "whiteSpace" : false
    }, {
      "id" : "s8-t3",
      "begin" : 782,
      "end" : 785,
      "text" : "the",
      "whiteSpace" : false
    }, {
      "id" : "s8-t4",
      "begin" : 786,
      "end" : 790,
      "text" : "info",
      "whiteSpace" : false
    }, {
      "id" : "s8-t5",
      "begin" : 790,
      "end" : 791,
      "text" : "!",
      "whiteSpace" : false
    } ]
  }, {
    "id" : "s9",
    "begin" : 791,
    "end" : 865,
    "text" : "\",\n    \"subreddit\": \"Seattle\",\n    \"created\": \"2020-04-16T07:47:15.000Z\"\n}",
    "tokens" : [ {
      "id" : "s9-t0",
      "begin" : 791,
      "end" : 792,
      "text" : "\"",
      "whiteSpace" : false
    }, {
      "id" : "s9-t1",
      "begin" : 792,
      "end" : 793,
      "text" : ",",
      "whiteSpace" : false
    }, {
      "id" : "s9-t2",
      "begin" : 798,
      "end" : 799,
      "text" : "\"",
      "whiteSpace" : false
    }, {
      "id" : "s9-t3",
      "begin" : 799,
      "end" : 808,
      "text" : "subreddit",
      "whiteSpace" : false
    }, {
      "id" : "s9-t4",
      "begin" : 808,
      "end" : 809,
      "text" : "\"",
      "whiteSpace" : false
    }, {
      "id" : "s9-t5",
      "begin" : 809,
      "end" : 810,
      "text" : ":",
      "whiteSpace" : false
    }, {
      "id" : "s9-t6",
      "begin" : 811,
      "end" : 812,
      "text" : "\"",
      "whiteSpace" : false
    }, {
      "id" : "s9-t7",
      "begin" : 812,
      "end" : 819,
      "text" : "Seattle",
      "whiteSpace" : false
    }, {
      "id" : "s9-t8",
      "begin" : 819,
      "end" : 820,
      "text" : "\"",
      "whiteSpace" : false
    }, {
      "id" : "s9-t9",
      "begin" : 820,
      "end" : 821,
      "text" : ",",
      "whiteSpace" : false
    }, {
      "id" : "s9-t10",
      "begin" : 826,
      "end" : 827,
      "text" : "\"",
      "whiteSpace" : false
    }, {
      "id" : "s9-t11",
      "begin" : 827,
      "end" : 834,
      "text" : "created",
      "whiteSpace" : false
    }, {
      "id" : "s9-t12",
      "begin" : 834,
      "end" : 835,
      "text" : "\"",
      "whiteSpace" : false
    }, {
      "id" : "s9-t13",
      "begin" : 835,
      "end" : 836,
      "text" : ":",
      "whiteSpace" : false
    }, {
      "id" : "s9-t14",
      "begin" : 837,
      "end" : 838,
      "text" : "\"",
      "whiteSpace" : false
    }, {
      "id" : "s9-t15",
      "begin" : 838,
      "end" : 862,
      "text" : "2020-04-16T07:47:15.000Z",
      "whiteSpace" : false
    }, {
      "id" : "s9-t16",
      "begin" : 862,
      "end" : 863,
      "text" : "\"",
      "whiteSpace" : false
    }, {
      "id" : "s9-t17",
      "begin" : 864,
      "end" : 865,
      "text" : "}",
      "whiteSpace" : false
    } ]
  } ],
  "mentions" : [ {
    "id" : "s2-m1",
    "properties" : {
      "SIRE_MENTION_ROLE" : "Full_Time_Employment",
      "SIRE_ENTITY_SUBTYPE" : "NONE",
      "SIRE_MENTION_TYPE" : "NONE",
      "SIRE_MENTION_CLASS" : "SPC"
    },
    "type" : "Full_Time_Employment",
    "begin" : 186,
    "end" : 188,
    "inCoref" : false
  }, {
    "id" : "s3-m1",
    "properties" : {
      "SIRE_MENTION_ROLE" : "Full_Time_Employment",
      "SIRE_ENTITY_SUBTYPE" : "NONE",
      "SIRE_MENTION_TYPE" : "NONE",
      "SIRE_MENTION_CLASS" : "SPC"
    },
    "type" : "Full_Time_Employment",
    "begin" : 274,
    "end" : 293,
    "inCoref" : false
  } ],
  "relations" : [ ],
  "corefs" : [ ],
  "typeResolved" : true,
  "userResolved" : false
}