{
  "id" : "0eb010c0-9422-11ea-ba41-8b3cd48b35eb-93",
  "name" : "seattle-doc-25.txt",
  "createdDate" : 0,
  "version" : 3,
  "text" : "{\n    \"title\": \"Unemployment Assistance for Contractors Guide?\",\n    \"text\": \"I've been having a lot of fellow contractors ask me how this works since its normally the sort of thing I am up on.  However, I can't make heads of tails of this now, and am wondering if there's some guide somewhere someone has already put together.\\n\\nIndependent contractors who would normally not get unemployment are granted some help from the PUA and that's being administered through WA State's unemployment assistance office.\\n\\nAnyone have a clear guide to navigating this?\",\n    \"subreddit\": \"Seattle\",\n    \"created\": \"2020-04-19T04:02:06.000Z\"\n}",
  "docLength" : 0,
  "language" : "EN",
  "status" : "IN_PROGRESS",
  "modifiedDate" : 1589334205413,
  "documentSet" : [ ],
  "preannotation" : [ "PRE_LW" ],
  "sentences" : [ {
    "id" : "s0",
    "begin" : 0,
    "end" : 62,
    "text" : "{\n    \"title\": \"Unemployment Assistance for Contractors Guide?",
    "tokens" : [ {
      "id" : "s0-t0",
      "begin" : 0,
      "end" : 1,
      "text" : "{",
      "whiteSpace" : false
    }, {
      "id" : "s0-t1",
      "begin" : 6,
      "end" : 7,
      "text" : "\"",
      "whiteSpace" : false
    }, {
      "id" : "s0-t2",
      "begin" : 7,
      "end" : 12,
      "text" : "title",
      "whiteSpace" : false
    }, {
      "id" : "s0-t3",
      "begin" : 12,
      "end" : 13,
      "text" : "\"",
      "whiteSpace" : false
    }, {
      "id" : "s0-t4",
      "begin" : 13,
      "end" : 14,
      "text" : ":",
      "whiteSpace" : false
    }, {
      "id" : "s0-t5",
      "begin" : 15,
      "end" : 16,
      "text" : "\"",
      "whiteSpace" : false
    }, {
      "id" : "s0-t6",
      "begin" : 16,
      "end" : 28,
      "text" : "Unemployment",
      "whiteSpace" : false
    }, {
      "id" : "s0-t7",
      "begin" : 29,
      "end" : 39,
      "text" : "Assistance",
      "whiteSpace" : false
    }, {
      "id" : "s0-t8",
      "begin" : 40,
      "end" : 43,
      "text" : "for",
      "whiteSpace" : false
    }, {
      "id" : "s0-t9",
      "begin" : 44,
      "end" : 55,
      "text" : "Contractors",
      "whiteSpace" : false
    }, {
      "id" : "s0-t10",
      "begin" : 56,
      "end" : 61,
      "text" : "Guide",
      "whiteSpace" : false
    }, {
      "id" : "s0-t11",
      "begin" : 61,
      "end" : 62,
      "text" : "?",
      "whiteSpace" : false
    } ]
  }, {
    "id" : "s1",
    "begin" : 62,
    "end" : 193,
    "text" : "\",\n    \"text\": \"I've been having a lot of fellow contractors ask me how this works since its normally the sort of thing I am up on.",
    "tokens" : [ {
      "id" : "s1-t0",
      "begin" : 62,
      "end" : 63,
      "text" : "\"",
      "whiteSpace" : false
    }, {
      "id" : "s1-t1",
      "begin" : 63,
      "end" : 64,
      "text" : ",",
      "whiteSpace" : false
    }, {
      "id" : "s1-t2",
      "begin" : 69,
      "end" : 70,
      "text" : "\"",
      "whiteSpace" : false
    }, {
      "id" : "s1-t3",
      "begin" : 70,
      "end" : 74,
      "text" : "text",
      "whiteSpace" : false
    }, {
      "id" : "s1-t4",
      "begin" : 74,
      "end" : 75,
      "text" : "\"",
      "whiteSpace" : false
    }, {
      "id" : "s1-t5",
      "begin" : 75,
      "end" : 76,
      "text" : ":",
      "whiteSpace" : false
    }, {
      "id" : "s1-t6",
      "begin" : 77,
      "end" : 78,
      "text" : "\"",
      "whiteSpace" : false
    }, {
      "id" : "s1-t7",
      "begin" : 78,
      "end" : 79,
      "text" : "I",
      "whiteSpace" : false
    }, {
      "id" : "s1-t8",
      "begin" : 79,
      "end" : 82,
      "text" : "'ve",
      "whiteSpace" : false
    }, {
      "id" : "s1-t9",
      "begin" : 83,
      "end" : 87,
      "text" : "been",
      "whiteSpace" : false
    }, {
      "id" : "s1-t10",
      "begin" : 88,
      "end" : 94,
      "text" : "having",
      "whiteSpace" : false
    }, {
      "id" : "s1-t11",
      "begin" : 95,
      "end" : 96,
      "text" : "a",
      "whiteSpace" : false
    }, {
      "id" : "s1-t12",
      "begin" : 97,
      "end" : 100,
      "text" : "lot",
      "whiteSpace" : false
    }, {
      "id" : "s1-t13",
      "begin" : 101,
      "end" : 103,
      "text" : "of",
      "whiteSpace" : false
    }, {
      "id" : "s1-t14",
      "begin" : 104,
      "end" : 110,
      "text" : "fellow",
      "whiteSpace" : false
    }, {
      "id" : "s1-t15",
      "begin" : 111,
      "end" : 122,
      "text" : "contractors",
      "whiteSpace" : false
    }, {
      "id" : "s1-t16",
      "begin" : 123,
      "end" : 126,
      "text" : "ask",
      "whiteSpace" : false
    }, {
      "id" : "s1-t17",
      "begin" : 127,
      "end" : 129,
      "text" : "me",
      "whiteSpace" : false
    }, {
      "id" : "s1-t18",
      "begin" : 130,
      "end" : 133,
      "text" : "how",
      "whiteSpace" : false
    }, {
      "id" : "s1-t19",
      "begin" : 134,
      "end" : 138,
      "text" : "this",
      "whiteSpace" : false
    }, {
      "id" : "s1-t20",
      "begin" : 139,
      "end" : 144,
      "text" : "works",
      "whiteSpace" : false
    }, {
      "id" : "s1-t21",
      "begin" : 145,
      "end" : 150,
      "text" : "since",
      "whiteSpace" : false
    }, {
      "id" : "s1-t22",
      "begin" : 151,
      "end" : 154,
      "text" : "its",
      "whiteSpace" : false
    }, {
      "id" : "s1-t23",
      "begin" : 155,
      "end" : 163,
      "text" : "normally",
      "whiteSpace" : false
    }, {
      "id" : "s1-t24",
      "begin" : 164,
      "end" : 167,
      "text" : "the",
      "whiteSpace" : false
    }, {
      "id" : "s1-t25",
      "begin" : 168,
      "end" : 172,
      "text" : "sort",
      "whiteSpace" : false
    }, {
      "id" : "s1-t26",
      "begin" : 173,
      "end" : 175,
      "text" : "of",
      "whiteSpace" : false
    }, {
      "id" : "s1-t27",
      "begin" : 176,
      "end" : 181,
      "text" : "thing",
      "whiteSpace" : false
    }, {
      "id" : "s1-t28",
      "begin" : 182,
      "end" : 183,
      "text" : "I",
      "whiteSpace" : false
    }, {
      "id" : "s1-t29",
      "begin" : 184,
      "end" : 186,
      "text" : "am",
      "whiteSpace" : false
    }, {
      "id" : "s1-t30",
      "begin" : 187,
      "end" : 189,
      "text" : "up",
      "whiteSpace" : false
    }, {
      "id" : "s1-t31",
      "begin" : 190,
      "end" : 192,
      "text" : "on",
      "whiteSpace" : false
    }, {
      "id" : "s1-t32",
      "begin" : 192,
      "end" : 193,
      "text" : ".",
      "whiteSpace" : false
    } ]
  }, {
    "id" : "s2",
    "begin" : 195,
    "end" : 327,
    "text" : "However, I can't make heads of tails of this now, and am wondering if there's some guide somewhere someone has already put together.",
    "tokens" : [ {
      "id" : "s2-t0",
      "begin" : 195,
      "end" : 202,
      "text" : "However",
      "whiteSpace" : false
    }, {
      "id" : "s2-t1",
      "begin" : 202,
      "end" : 203,
      "text" : ",",
      "whiteSpace" : false
    }, {
      "id" : "s2-t2",
      "begin" : 204,
      "end" : 205,
      "text" : "I",
      "whiteSpace" : false
    }, {
      "id" : "s2-t3",
      "begin" : 206,
      "end" : 208,
      "text" : "ca",
      "whiteSpace" : false
    }, {
      "id" : "s2-t4",
      "begin" : 208,
      "end" : 211,
      "text" : "n't",
      "whiteSpace" : false
    }, {
      "id" : "s2-t5",
      "begin" : 212,
      "end" : 216,
      "text" : "make",
      "whiteSpace" : false
    }, {
      "id" : "s2-t6",
      "begin" : 217,
      "end" : 222,
      "text" : "heads",
      "whiteSpace" : false
    }, {
      "id" : "s2-t7",
      "begin" : 223,
      "end" : 225,
      "text" : "of",
      "whiteSpace" : false
    }, {
      "id" : "s2-t8",
      "begin" : 226,
      "end" : 231,
      "text" : "tails",
      "whiteSpace" : false
    }, {
      "id" : "s2-t9",
      "begin" : 232,
      "end" : 234,
      "text" : "of",
      "whiteSpace" : false
    }, {
      "id" : "s2-t10",
      "begin" : 235,
      "end" : 239,
      "text" : "this",
      "whiteSpace" : false
    }, {
      "id" : "s2-t11",
      "begin" : 240,
      "end" : 243,
      "text" : "now",
      "whiteSpace" : false
    }, {
      "id" : "s2-t12",
      "begin" : 243,
      "end" : 244,
      "text" : ",",
      "whiteSpace" : false
    }, {
      "id" : "s2-t13",
      "begin" : 245,
      "end" : 248,
      "text" : "and",
      "whiteSpace" : false
    }, {
      "id" : "s2-t14",
      "begin" : 249,
      "end" : 251,
      "text" : "am",
      "whiteSpace" : false
    }, {
      "id" : "s2-t15",
      "begin" : 252,
      "end" : 261,
      "text" : "wondering",
      "whiteSpace" : false
    }, {
      "id" : "s2-t16",
      "begin" : 262,
      "end" : 264,
      "text" : "if",
      "whiteSpace" : false
    }, {
      "id" : "s2-t17",
      "begin" : 265,
      "end" : 270,
      "text" : "there",
      "whiteSpace" : false
    }, {
      "id" : "s2-t18",
      "begin" : 270,
      "end" : 272,
      "text" : "'s",
      "whiteSpace" : false
    }, {
      "id" : "s2-t19",
      "begin" : 273,
      "end" : 277,
      "text" : "some",
      "whiteSpace" : false
    }, {
      "id" : "s2-t20",
      "begin" : 278,
      "end" : 283,
      "text" : "guide",
      "whiteSpace" : false
    }, {
      "id" : "s2-t21",
      "begin" : 284,
      "end" : 293,
      "text" : "somewhere",
      "whiteSpace" : false
    }, {
      "id" : "s2-t22",
      "begin" : 294,
      "end" : 301,
      "text" : "someone",
      "whiteSpace" : false
    }, {
      "id" : "s2-t23",
      "begin" : 302,
      "end" : 305,
      "text" : "has",
      "whiteSpace" : false
    }, {
      "id" : "s2-t24",
      "begin" : 306,
      "end" : 313,
      "text" : "already",
      "whiteSpace" : false
    }, {
      "id" : "s2-t25",
      "begin" : 314,
      "end" : 317,
      "text" : "put",
      "whiteSpace" : false
    }, {
      "id" : "s2-t26",
      "begin" : 318,
      "end" : 326,
      "text" : "together",
      "whiteSpace" : false
    }, {
      "id" : "s2-t27",
      "begin" : 326,
      "end" : 327,
      "text" : ".",
      "whiteSpace" : false
    } ]
  }, {
    "id" : "s3",
    "begin" : 327,
    "end" : 510,
    "text" : "\\n\\nIndependent contractors who would normally not get unemployment are granted some help from the PUA and that's being administered through WA State's unemployment assistance office.",
    "tokens" : [ {
      "id" : "s3-t0",
      "begin" : 327,
      "end" : 329,
      "text" : "\\n",
      "whiteSpace" : false
    }, {
      "id" : "s3-t1",
      "begin" : 329,
      "end" : 342,
      "text" : "\\nIndependent",
      "whiteSpace" : false
    }, {
      "id" : "s3-t2",
      "begin" : 343,
      "end" : 354,
      "text" : "contractors",
      "whiteSpace" : false
    }, {
      "id" : "s3-t3",
      "begin" : 355,
      "end" : 358,
      "text" : "who",
      "whiteSpace" : false
    }, {
      "id" : "s3-t4",
      "begin" : 359,
      "end" : 364,
      "text" : "would",
      "whiteSpace" : false
    }, {
      "id" : "s3-t5",
      "begin" : 365,
      "end" : 373,
      "text" : "normally",
      "whiteSpace" : false
    }, {
      "id" : "s3-t6",
      "begin" : 374,
      "end" : 377,
      "text" : "not",
      "whiteSpace" : false
    }, {
      "id" : "s3-t7",
      "begin" : 378,
      "end" : 381,
      "text" : "get",
      "whiteSpace" : false
    }, {
      "id" : "s3-t8",
      "begin" : 382,
      "end" : 394,
      "text" : "unemployment",
      "whiteSpace" : false
    }, {
      "id" : "s3-t9",
      "begin" : 395,
      "end" : 398,
      "text" : "are",
      "whiteSpace" : false
    }, {
      "id" : "s3-t10",
      "begin" : 399,
      "end" : 406,
      "text" : "granted",
      "whiteSpace" : false
    }, {
      "id" : "s3-t11",
      "begin" : 407,
      "end" : 411,
      "text" : "some",
      "whiteSpace" : false
    }, {
      "id" : "s3-t12",
      "begin" : 412,
      "end" : 416,
      "text" : "help",
      "whiteSpace" : false
    }, {
      "id" : "s3-t13",
      "begin" : 417,
      "end" : 421,
      "text" : "from",
      "whiteSpace" : false
    }, {
      "id" : "s3-t14",
      "begin" : 422,
      "end" : 425,
      "text" : "the",
      "whiteSpace" : false
    }, {
      "id" : "s3-t15",
      "begin" : 426,
      "end" : 429,
      "text" : "PUA",
      "whiteSpace" : false
    }, {
      "id" : "s3-t16",
      "begin" : 430,
      "end" : 433,
      "text" : "and",
      "whiteSpace" : false
    }, {
      "id" : "s3-t17",
      "begin" : 434,
      "end" : 438,
      "text" : "that",
      "whiteSpace" : false
    }, {
      "id" : "s3-t18",
      "begin" : 438,
      "end" : 440,
      "text" : "'s",
      "whiteSpace" : false
    }, {
      "id" : "s3-t19",
      "begin" : 441,
      "end" : 446,
      "text" : "being",
      "whiteSpace" : false
    }, {
      "id" : "s3-t20",
      "begin" : 447,
      "end" : 459,
      "text" : "administered",
      "whiteSpace" : false
    }, {
      "id" : "s3-t21",
      "begin" : 460,
      "end" : 467,
      "text" : "through",
      "whiteSpace" : false
    }, {
      "id" : "s3-t22",
      "begin" : 468,
      "end" : 470,
      "text" : "WA",
      "whiteSpace" : false
    }, {
      "id" : "s3-t23",
      "begin" : 471,
      "end" : 476,
      "text" : "State",
      "whiteSpace" : false
    }, {
      "id" : "s3-t24",
      "begin" : 476,
      "end" : 478,
      "text" : "'s",
      "whiteSpace" : false
    }, {
      "id" : "s3-t25",
      "begin" : 479,
      "end" : 491,
      "text" : "unemployment",
      "whiteSpace" : false
    }, {
      "id" : "s3-t26",
      "begin" : 492,
      "end" : 502,
      "text" : "assistance",
      "whiteSpace" : false
    }, {
      "id" : "s3-t27",
      "begin" : 503,
      "end" : 509,
      "text" : "office",
      "whiteSpace" : false
    }, {
      "id" : "s3-t28",
      "begin" : 509,
      "end" : 510,
      "text" : ".",
      "whiteSpace" : false
    } ]
  }, {
    "id" : "s4",
    "begin" : 510,
    "end" : 559,
    "text" : "\\n\\nAnyone have a clear guide to navigating this?",
    "tokens" : [ {
      "id" : "s4-t0",
      "begin" : 510,
      "end" : 512,
      "text" : "\\n",
      "whiteSpace" : false
    }, {
      "id" : "s4-t1",
      "begin" : 512,
      "end" : 520,
      "text" : "\\nAnyone",
      "whiteSpace" : false
    }, {
      "id" : "s4-t2",
      "begin" : 521,
      "end" : 525,
      "text" : "have",
      "whiteSpace" : false
    }, {
      "id" : "s4-t3",
      "begin" : 526,
      "end" : 527,
      "text" : "a",
      "whiteSpace" : false
    }, {
      "id" : "s4-t4",
      "begin" : 528,
      "end" : 533,
      "text" : "clear",
      "whiteSpace" : false
    }, {
      "id" : "s4-t5",
      "begin" : 534,
      "end" : 539,
      "text" : "guide",
      "whiteSpace" : false
    }, {
      "id" : "s4-t6",
      "begin" : 540,
      "end" : 542,
      "text" : "to",
      "whiteSpace" : false
    }, {
      "id" : "s4-t7",
      "begin" : 543,
      "end" : 553,
      "text" : "navigating",
      "whiteSpace" : false
    }, {
      "id" : "s4-t8",
      "begin" : 554,
      "end" : 558,
      "text" : "this",
      "whiteSpace" : false
    }, {
      "id" : "s4-t9",
      "begin" : 558,
      "end" : 559,
      "text" : "?",
      "whiteSpace" : false
    } ]
  }, {
    "id" : "s5",
    "begin" : 559,
    "end" : 633,
    "text" : "\",\n    \"subreddit\": \"Seattle\",\n    \"created\": \"2020-04-19T04:02:06.000Z\"\n}",
    "tokens" : [ {
      "id" : "s5-t0",
      "begin" : 559,
      "end" : 560,
      "text" : "\"",
      "whiteSpace" : false
    }, {
      "id" : "s5-t1",
      "begin" : 560,
      "end" : 561,
      "text" : ",",
      "whiteSpace" : false
    }, {
      "id" : "s5-t2",
      "begin" : 566,
      "end" : 567,
      "text" : "\"",
      "whiteSpace" : false
    }, {
      "id" : "s5-t3",
      "begin" : 567,
      "end" : 576,
      "text" : "subreddit",
      "whiteSpace" : false
    }, {
      "id" : "s5-t4",
      "begin" : 576,
      "end" : 577,
      "text" : "\"",
      "whiteSpace" : false
    }, {
      "id" : "s5-t5",
      "begin" : 577,
      "end" : 578,
      "text" : ":",
      "whiteSpace" : false
    }, {
      "id" : "s5-t6",
      "begin" : 579,
      "end" : 580,
      "text" : "\"",
      "whiteSpace" : false
    }, {
      "id" : "s5-t7",
      "begin" : 580,
      "end" : 587,
      "text" : "Seattle",
      "whiteSpace" : false
    }, {
      "id" : "s5-t8",
      "begin" : 587,
      "end" : 588,
      "text" : "\"",
      "whiteSpace" : false
    }, {
      "id" : "s5-t9",
      "begin" : 588,
      "end" : 589,
      "text" : ",",
      "whiteSpace" : false
    }, {
      "id" : "s5-t10",
      "begin" : 594,
      "end" : 595,
      "text" : "\"",
      "whiteSpace" : false
    }, {
      "id" : "s5-t11",
      "begin" : 595,
      "end" : 602,
      "text" : "created",
      "whiteSpace" : false
    }, {
      "id" : "s5-t12",
      "begin" : 602,
      "end" : 603,
      "text" : "\"",
      "whiteSpace" : false
    }, {
      "id" : "s5-t13",
      "begin" : 603,
      "end" : 604,
      "text" : ":",
      "whiteSpace" : false
    }, {
      "id" : "s5-t14",
      "begin" : 605,
      "end" : 606,
      "text" : "\"",
      "whiteSpace" : false
    }, {
      "id" : "s5-t15",
      "begin" : 606,
      "end" : 630,
      "text" : "2020-04-19T04:02:06.000Z",
      "whiteSpace" : false
    }, {
      "id" : "s5-t16",
      "begin" : 630,
      "end" : 631,
      "text" : "\"",
      "whiteSpace" : false
    }, {
      "id" : "s5-t17",
      "begin" : 632,
      "end" : 633,
      "text" : "}",
      "whiteSpace" : false
    } ]
  } ],
  "mentions" : [ {
    "id" : "m1",
    "properties" : {
      "SIRE_MENTION_TYPE" : "NONE",
      "SIRE_MENTION_ROLE" : "Unemployed",
      "SIRE_MENTION_CLASS" : "SPC",
      "SIRE_ENTITY_SUBTYPE" : "NONE"
    },
    "type" : "Unemployed",
    "begin" : 16,
    "end" : 28,
    "inCoref" : false
  }, {
    "id" : "m2",
    "properties" : {
      "SIRE_MENTION_TYPE" : "NONE",
      "SIRE_MENTION_ROLE" : "Unemployed",
      "SIRE_MENTION_CLASS" : "SPC",
      "SIRE_ENTITY_SUBTYPE" : "NONE"
    },
    "type" : "Unemployed",
    "begin" : 382,
    "end" : 394,
    "inCoref" : false
  }, {
    "id" : "s3-m3",
    "properties" : {
      "SIRE_MENTION_ROLE" : "Unemployed",
      "SIRE_ENTITY_SUBTYPE" : "NONE",
      "SIRE_MENTION_TYPE" : "NONE",
      "SIRE_MENTION_CLASS" : "SPC"
    },
    "type" : "Unemployed",
    "begin" : 426,
    "end" : 429,
    "inCoref" : false
  }, {
    "id" : "m3",
    "properties" : {
      "SIRE_MENTION_TYPE" : "NONE",
      "SIRE_MENTION_ROLE" : "Unemployed",
      "SIRE_MENTION_CLASS" : "SPC",
      "SIRE_ENTITY_SUBTYPE" : "NONE"
    },
    "type" : "Unemployed",
    "begin" : 479,
    "end" : 491,
    "inCoref" : false
  } ],
  "relations" : [ ],
  "corefs" : [ ],
  "typeResolved" : true,
  "userResolved" : false
}