{
  "id" : "0eb010c0-9422-11ea-ba41-8b3cd48b35eb-101",
  "name" : "seattle-doc-13.txt",
  "createdDate" : 0,
  "version" : 3,
  "text" : "{\n    \"title\": \"Typical Apartment Lease Buyout?\",\n    \"text\": \"We live in West Seattle and with the recent closure of the bridge, my commute to Kirkland (when things go back to normal) will most likely double or worse. I looked at our lease for a buyout clause and the landlord requires 2 months of rent for early termination. Does this seem high? Seems crazy to me.\",\n    \"subreddit\": \"Seattle\",\n    \"created\": \"2020-04-21T04:08:27.000Z\"\n}",
  "docLength" : 0,
  "language" : "EN",
  "status" : "IN_PROGRESS",
  "modifiedDate" : 1589329388533,
  "documentSet" : [ ],
  "preannotation" : [ "PRE_LW" ],
  "sentences" : [ {
    "id" : "s0",
    "begin" : 0,
    "end" : 47,
    "text" : "{\n    \"title\": \"Typical Apartment Lease Buyout?",
    "tokens" : [ {
      "id" : "s0-t0",
      "begin" : 0,
      "end" : 1,
      "text" : "{",
      "whiteSpace" : false
    }, {
      "id" : "s0-t1",
      "begin" : 6,
      "end" : 7,
      "text" : "\"",
      "whiteSpace" : false
    }, {
      "id" : "s0-t2",
      "begin" : 7,
      "end" : 12,
      "text" : "title",
      "whiteSpace" : false
    }, {
      "id" : "s0-t3",
      "begin" : 12,
      "end" : 13,
      "text" : "\"",
      "whiteSpace" : false
    }, {
      "id" : "s0-t4",
      "begin" : 13,
      "end" : 14,
      "text" : ":",
      "whiteSpace" : false
    }, {
      "id" : "s0-t5",
      "begin" : 15,
      "end" : 16,
      "text" : "\"",
      "whiteSpace" : false
    }, {
      "id" : "s0-t6",
      "begin" : 16,
      "end" : 23,
      "text" : "Typical",
      "whiteSpace" : false
    }, {
      "id" : "s0-t7",
      "begin" : 24,
      "end" : 33,
      "text" : "Apartment",
      "whiteSpace" : false
    }, {
      "id" : "s0-t8",
      "begin" : 34,
      "end" : 39,
      "text" : "Lease",
      "whiteSpace" : false
    }, {
      "id" : "s0-t9",
      "begin" : 40,
      "end" : 46,
      "text" : "Buyout",
      "whiteSpace" : false
    }, {
      "id" : "s0-t10",
      "begin" : 46,
      "end" : 47,
      "text" : "?",
      "whiteSpace" : false
    } ]
  }, {
    "id" : "s1",
    "begin" : 47,
    "end" : 218,
    "text" : "\",\n    \"text\": \"We live in West Seattle and with the recent closure of the bridge, my commute to Kirkland (when things go back to normal) will most likely double or worse.",
    "tokens" : [ {
      "id" : "s1-t0",
      "begin" : 47,
      "end" : 48,
      "text" : "\"",
      "whiteSpace" : false
    }, {
      "id" : "s1-t1",
      "begin" : 48,
      "end" : 49,
      "text" : ",",
      "whiteSpace" : false
    }, {
      "id" : "s1-t2",
      "begin" : 54,
      "end" : 55,
      "text" : "\"",
      "whiteSpace" : false
    }, {
      "id" : "s1-t3",
      "begin" : 55,
      "end" : 59,
      "text" : "text",
      "whiteSpace" : false
    }, {
      "id" : "s1-t4",
      "begin" : 59,
      "end" : 60,
      "text" : "\"",
      "whiteSpace" : false
    }, {
      "id" : "s1-t5",
      "begin" : 60,
      "end" : 61,
      "text" : ":",
      "whiteSpace" : false
    }, {
      "id" : "s1-t6",
      "begin" : 62,
      "end" : 63,
      "text" : "\"",
      "whiteSpace" : false
    }, {
      "id" : "s1-t7",
      "begin" : 63,
      "end" : 65,
      "text" : "We",
      "whiteSpace" : false
    }, {
      "id" : "s1-t8",
      "begin" : 66,
      "end" : 70,
      "text" : "live",
      "whiteSpace" : false
    }, {
      "id" : "s1-t9",
      "begin" : 71,
      "end" : 73,
      "text" : "in",
      "whiteSpace" : false
    }, {
      "id" : "s1-t10",
      "begin" : 74,
      "end" : 78,
      "text" : "West",
      "whiteSpace" : false
    }, {
      "id" : "s1-t11",
      "begin" : 79,
      "end" : 86,
      "text" : "Seattle",
      "whiteSpace" : false
    }, {
      "id" : "s1-t12",
      "begin" : 87,
      "end" : 90,
      "text" : "and",
      "whiteSpace" : false
    }, {
      "id" : "s1-t13",
      "begin" : 91,
      "end" : 95,
      "text" : "with",
      "whiteSpace" : false
    }, {
      "id" : "s1-t14",
      "begin" : 96,
      "end" : 99,
      "text" : "the",
      "whiteSpace" : false
    }, {
      "id" : "s1-t15",
      "begin" : 100,
      "end" : 106,
      "text" : "recent",
      "whiteSpace" : false
    }, {
      "id" : "s1-t16",
      "begin" : 107,
      "end" : 114,
      "text" : "closure",
      "whiteSpace" : false
    }, {
      "id" : "s1-t17",
      "begin" : 115,
      "end" : 117,
      "text" : "of",
      "whiteSpace" : false
    }, {
      "id" : "s1-t18",
      "begin" : 118,
      "end" : 121,
      "text" : "the",
      "whiteSpace" : false
    }, {
      "id" : "s1-t19",
      "begin" : 122,
      "end" : 128,
      "text" : "bridge",
      "whiteSpace" : false
    }, {
      "id" : "s1-t20",
      "begin" : 128,
      "end" : 129,
      "text" : ",",
      "whiteSpace" : false
    }, {
      "id" : "s1-t21",
      "begin" : 130,
      "end" : 132,
      "text" : "my",
      "whiteSpace" : false
    }, {
      "id" : "s1-t22",
      "begin" : 133,
      "end" : 140,
      "text" : "commute",
      "whiteSpace" : false
    }, {
      "id" : "s1-t23",
      "begin" : 141,
      "end" : 143,
      "text" : "to",
      "whiteSpace" : false
    }, {
      "id" : "s1-t24",
      "begin" : 144,
      "end" : 152,
      "text" : "Kirkland",
      "whiteSpace" : false
    }, {
      "id" : "s1-t25",
      "begin" : 153,
      "end" : 154,
      "text" : "(",
      "whiteSpace" : false
    }, {
      "id" : "s1-t26",
      "begin" : 154,
      "end" : 158,
      "text" : "when",
      "whiteSpace" : false
    }, {
      "id" : "s1-t27",
      "begin" : 159,
      "end" : 165,
      "text" : "things",
      "whiteSpace" : false
    }, {
      "id" : "s1-t28",
      "begin" : 166,
      "end" : 168,
      "text" : "go",
      "whiteSpace" : false
    }, {
      "id" : "s1-t29",
      "begin" : 169,
      "end" : 173,
      "text" : "back",
      "whiteSpace" : false
    }, {
      "id" : "s1-t30",
      "begin" : 174,
      "end" : 176,
      "text" : "to",
      "whiteSpace" : false
    }, {
      "id" : "s1-t31",
      "begin" : 177,
      "end" : 183,
      "text" : "normal",
      "whiteSpace" : false
    }, {
      "id" : "s1-t32",
      "begin" : 183,
      "end" : 184,
      "text" : ")",
      "whiteSpace" : false
    }, {
      "id" : "s1-t33",
      "begin" : 185,
      "end" : 189,
      "text" : "will",
      "whiteSpace" : false
    }, {
      "id" : "s1-t34",
      "begin" : 190,
      "end" : 194,
      "text" : "most",
      "whiteSpace" : false
    }, {
      "id" : "s1-t35",
      "begin" : 195,
      "end" : 201,
      "text" : "likely",
      "whiteSpace" : false
    }, {
      "id" : "s1-t36",
      "begin" : 202,
      "end" : 208,
      "text" : "double",
      "whiteSpace" : false
    }, {
      "id" : "s1-t37",
      "begin" : 209,
      "end" : 211,
      "text" : "or",
      "whiteSpace" : false
    }, {
      "id" : "s1-t38",
      "begin" : 212,
      "end" : 217,
      "text" : "worse",
      "whiteSpace" : false
    }, {
      "id" : "s1-t39",
      "begin" : 217,
      "end" : 218,
      "text" : ".",
      "whiteSpace" : false
    } ]
  }, {
    "id" : "s2",
    "begin" : 219,
    "end" : 326,
    "text" : "I looked at our lease for a buyout clause and the landlord requires 2 months of rent for early termination.",
    "tokens" : [ {
      "id" : "s2-t0",
      "begin" : 219,
      "end" : 220,
      "text" : "I",
      "whiteSpace" : false
    }, {
      "id" : "s2-t1",
      "begin" : 221,
      "end" : 227,
      "text" : "looked",
      "whiteSpace" : false
    }, {
      "id" : "s2-t2",
      "begin" : 228,
      "end" : 230,
      "text" : "at",
      "whiteSpace" : false
    }, {
      "id" : "s2-t3",
      "begin" : 231,
      "end" : 234,
      "text" : "our",
      "whiteSpace" : false
    }, {
      "id" : "s2-t4",
      "begin" : 235,
      "end" : 240,
      "text" : "lease",
      "whiteSpace" : false
    }, {
      "id" : "s2-t5",
      "begin" : 241,
      "end" : 244,
      "text" : "for",
      "whiteSpace" : false
    }, {
      "id" : "s2-t6",
      "begin" : 245,
      "end" : 246,
      "text" : "a",
      "whiteSpace" : false
    }, {
      "id" : "s2-t7",
      "begin" : 247,
      "end" : 253,
      "text" : "buyout",
      "whiteSpace" : false
    }, {
      "id" : "s2-t8",
      "begin" : 254,
      "end" : 260,
      "text" : "clause",
      "whiteSpace" : false
    }, {
      "id" : "s2-t9",
      "begin" : 261,
      "end" : 264,
      "text" : "and",
      "whiteSpace" : false
    }, {
      "id" : "s2-t10",
      "begin" : 265,
      "end" : 268,
      "text" : "the",
      "whiteSpace" : false
    }, {
      "id" : "s2-t11",
      "begin" : 269,
      "end" : 277,
      "text" : "landlord",
      "whiteSpace" : false
    }, {
      "id" : "s2-t12",
      "begin" : 278,
      "end" : 286,
      "text" : "requires",
      "whiteSpace" : false
    }, {
      "id" : "s2-t13",
      "begin" : 287,
      "end" : 288,
      "text" : "2",
      "whiteSpace" : false
    }, {
      "id" : "s2-t14",
      "begin" : 289,
      "end" : 295,
      "text" : "months",
      "whiteSpace" : false
    }, {
      "id" : "s2-t15",
      "begin" : 296,
      "end" : 298,
      "text" : "of",
      "whiteSpace" : false
    }, {
      "id" : "s2-t16",
      "begin" : 299,
      "end" : 303,
      "text" : "rent",
      "whiteSpace" : false
    }, {
      "id" : "s2-t17",
      "begin" : 304,
      "end" : 307,
      "text" : "for",
      "whiteSpace" : false
    }, {
      "id" : "s2-t18",
      "begin" : 308,
      "end" : 313,
      "text" : "early",
      "whiteSpace" : false
    }, {
      "id" : "s2-t19",
      "begin" : 314,
      "end" : 325,
      "text" : "termination",
      "whiteSpace" : false
    }, {
      "id" : "s2-t20",
      "begin" : 325,
      "end" : 326,
      "text" : ".",
      "whiteSpace" : false
    } ]
  }, {
    "id" : "s3",
    "begin" : 327,
    "end" : 347,
    "text" : "Does this seem high?",
    "tokens" : [ {
      "id" : "s3-t0",
      "begin" : 327,
      "end" : 331,
      "text" : "Does",
      "whiteSpace" : false
    }, {
      "id" : "s3-t1",
      "begin" : 332,
      "end" : 336,
      "text" : "this",
      "whiteSpace" : false
    }, {
      "id" : "s3-t2",
      "begin" : 337,
      "end" : 341,
      "text" : "seem",
      "whiteSpace" : false
    }, {
      "id" : "s3-t3",
      "begin" : 342,
      "end" : 346,
      "text" : "high",
      "whiteSpace" : false
    }, {
      "id" : "s3-t4",
      "begin" : 346,
      "end" : 347,
      "text" : "?",
      "whiteSpace" : false
    } ]
  }, {
    "id" : "s4",
    "begin" : 348,
    "end" : 366,
    "text" : "Seems crazy to me.",
    "tokens" : [ {
      "id" : "s4-t0",
      "begin" : 348,
      "end" : 353,
      "text" : "Seems",
      "whiteSpace" : false
    }, {
      "id" : "s4-t1",
      "begin" : 354,
      "end" : 359,
      "text" : "crazy",
      "whiteSpace" : false
    }, {
      "id" : "s4-t2",
      "begin" : 360,
      "end" : 362,
      "text" : "to",
      "whiteSpace" : false
    }, {
      "id" : "s4-t3",
      "begin" : 363,
      "end" : 365,
      "text" : "me",
      "whiteSpace" : false
    }, {
      "id" : "s4-t4",
      "begin" : 365,
      "end" : 366,
      "text" : ".",
      "whiteSpace" : false
    } ]
  }, {
    "id" : "s5",
    "begin" : 366,
    "end" : 440,
    "text" : "\",\n    \"subreddit\": \"Seattle\",\n    \"created\": \"2020-04-21T04:08:27.000Z\"\n}",
    "tokens" : [ {
      "id" : "s5-t0",
      "begin" : 366,
      "end" : 367,
      "text" : "\"",
      "whiteSpace" : false
    }, {
      "id" : "s5-t1",
      "begin" : 367,
      "end" : 368,
      "text" : ",",
      "whiteSpace" : false
    }, {
      "id" : "s5-t2",
      "begin" : 373,
      "end" : 374,
      "text" : "\"",
      "whiteSpace" : false
    }, {
      "id" : "s5-t3",
      "begin" : 374,
      "end" : 383,
      "text" : "subreddit",
      "whiteSpace" : false
    }, {
      "id" : "s5-t4",
      "begin" : 383,
      "end" : 384,
      "text" : "\"",
      "whiteSpace" : false
    }, {
      "id" : "s5-t5",
      "begin" : 384,
      "end" : 385,
      "text" : ":",
      "whiteSpace" : false
    }, {
      "id" : "s5-t6",
      "begin" : 386,
      "end" : 387,
      "text" : "\"",
      "whiteSpace" : false
    }, {
      "id" : "s5-t7",
      "begin" : 387,
      "end" : 394,
      "text" : "Seattle",
      "whiteSpace" : false
    }, {
      "id" : "s5-t8",
      "begin" : 394,
      "end" : 395,
      "text" : "\"",
      "whiteSpace" : false
    }, {
      "id" : "s5-t9",
      "begin" : 395,
      "end" : 396,
      "text" : ",",
      "whiteSpace" : false
    }, {
      "id" : "s5-t10",
      "begin" : 401,
      "end" : 402,
      "text" : "\"",
      "whiteSpace" : false
    }, {
      "id" : "s5-t11",
      "begin" : 402,
      "end" : 409,
      "text" : "created",
      "whiteSpace" : false
    }, {
      "id" : "s5-t12",
      "begin" : 409,
      "end" : 410,
      "text" : "\"",
      "whiteSpace" : false
    }, {
      "id" : "s5-t13",
      "begin" : 410,
      "end" : 411,
      "text" : ":",
      "whiteSpace" : false
    }, {
      "id" : "s5-t14",
      "begin" : 412,
      "end" : 413,
      "text" : "\"",
      "whiteSpace" : false
    }, {
      "id" : "s5-t15",
      "begin" : 413,
      "end" : 437,
      "text" : "2020-04-21T04:08:27.000Z",
      "whiteSpace" : false
    }, {
      "id" : "s5-t16",
      "begin" : 437,
      "end" : 438,
      "text" : "\"",
      "whiteSpace" : false
    }, {
      "id" : "s5-t17",
      "begin" : 439,
      "end" : 440,
      "text" : "}",
      "whiteSpace" : false
    } ]
  } ],
  "mentions" : [ {
    "id" : "s0-m2",
    "properties" : {
      "SIRE_MENTION_ROLE" : "Apartment_Renter",
      "SIRE_ENTITY_SUBTYPE" : "NONE",
      "SIRE_MENTION_TYPE" : "NONE",
      "SIRE_MENTION_CLASS" : "SPC"
    },
    "type" : "Apartment_Renter",
    "begin" : 24,
    "end" : 39,
    "inCoref" : false
  }, {
    "id" : "m1",
    "properties" : {
      "SIRE_MENTION_TYPE" : "NONE",
      "SIRE_MENTION_ROLE" : "Apartment_Renter",
      "SIRE_MENTION_CLASS" : "SPC",
      "SIRE_ENTITY_SUBTYPE" : "NONE"
    },
    "type" : "Apartment_Renter",
    "begin" : 34,
    "end" : 39,
    "inCoref" : false
  }, {
    "id" : "m2",
    "properties" : {
      "SIRE_MENTION_TYPE" : "NONE",
      "SIRE_MENTION_ROLE" : "Apartment_Renter",
      "SIRE_MENTION_CLASS" : "SPC",
      "SIRE_ENTITY_SUBTYPE" : "NONE"
    },
    "type" : "Apartment_Renter",
    "begin" : 235,
    "end" : 240,
    "inCoref" : false
  }, {
    "id" : "s2-m2",
    "properties" : {
      "SIRE_MENTION_ROLE" : "Apartment_Renter",
      "SIRE_ENTITY_SUBTYPE" : "NONE",
      "SIRE_MENTION_TYPE" : "NONE",
      "SIRE_MENTION_CLASS" : "SPC"
    },
    "type" : "Apartment_Renter",
    "begin" : 269,
    "end" : 277,
    "inCoref" : false
  }, {
    "id" : "s2-m3",
    "properties" : {
      "SIRE_MENTION_ROLE" : "Apartment_Renter",
      "SIRE_ENTITY_SUBTYPE" : "NONE",
      "SIRE_MENTION_TYPE" : "NONE",
      "SIRE_MENTION_CLASS" : "SPC"
    },
    "type" : "Apartment_Renter",
    "begin" : 299,
    "end" : 303,
    "inCoref" : false
  } ],
  "relations" : [ ],
  "corefs" : [ ],
  "typeResolved" : true,
  "userResolved" : false
}