{
  "id" : "0eb010c0-9422-11ea-ba41-8b3cd48b35eb-111",
  "name" : "seattle-doc-5.txt",
  "createdDate" : 0,
  "version" : 3,
  "text" : "{\n    \"title\": \"Unemployment < 680 hours ineligible\",\n    \"text\": \"I have called every day, and the farthest I have gotten is the option to choose a scheduled callback that never came. I have read everything on the website including the new directives, so I am sure I am eligible, but I still have no clue what to do since I am still not getting any money. Maybe someone here can shed some light. \\n\\nSituation:\\n\\nMoved to Washington for work, and started 02/14 full time (40 hours). \\n\\nReduced hours the week of 03/22-03/28 (32 hours) due to COVID...... the week of 03/29-04/04 (8 hours)...... the week of 04/05-04/11 (5 hours).... week of 04/12-04/18 (13 hours).... week of 04/19-04/25 (0 hours).\\n\\nInitial claimant filing 04/05. Status Completed/ Ineligible. Requested standby (approved). Weekly benefit amount = $0. Decision reason- have not worked 680 hours including alternative base year.\\n\\nThree weekly claims have been filed. Status - Invalid.\\n\\nFiled a PUAC claim 04/18. Status Completed (instantly). No decision, no change to my account, no email or physical mail piece, nothing. I read that the claims you already submitted were supposed to transfer over, but mine did not. \\n\\nExtra information:\\n\\nSince the first initial claimant filing (04/05), I have had an alert in my portal to Apply for Benefits. I ignored it, originally thinking that the PUAC (04/18) would fix my account, but when it did not I clicked apply, which was labeled Subsequent claim filing (04/23). I was thinking maybe it was a way to restart my claim after the rule change without losing my three submitted claims. I was wrong. All it did was ask the same questions and disqualify me again. As a result, on my account I now have a \\\"Manage my active UI claim\\\" which is the original filing and \\\"View my expired UI claim\\\" which is the new one. The new (expired) claim is asking me to file weekly claims, but I do not see the point in that since I am already filing with the original (active) claim. I do not know what that extra claim will do. I also did not request standby on the second application, because the website said that this requirement was dismissed, and I filed a week earlier so my inactive (expired) claim will have 4 instead of 3 filings. \\n\\nOnce I applied for UI the second time, I received another Alert for Apply for Benefits. So I assume, applying more than once does not do anything. \\n\\nTLDR- Hours have been reduced for a month. Worker has less than 680 hours. Applied for UI. Ineligible. Filed 3 weekly claims. Applied for PUAC. Nothing changed. Applied again for UI. Ineligible.\",\n    \"subreddit\": \"Seattle\",\n    \"created\": \"2020-04-25T01:37:53.000Z\"\n}",
  "docLength" : 0,
  "language" : "EN",
  "status" : "IN_PROGRESS",
  "modifiedDate" : 1589330242793,
  "documentSet" : [ ],
  "preannotation" : [ "PRE_LW" ],
  "sentences" : [ {
    "id" : "s0",
    "begin" : 0,
    "end" : 184,
    "text" : "{\n    \"title\": \"Unemployment < 680 hours ineligible\",\n    \"text\": \"I have called every day, and the farthest I have gotten is the option to choose a scheduled callback that never came.",
    "tokens" : [ {
      "id" : "s0-t0",
      "begin" : 0,
      "end" : 1,
      "text" : "{",
      "whiteSpace" : false
    }, {
      "id" : "s0-t1",
      "begin" : 6,
      "end" : 7,
      "text" : "\"",
      "whiteSpace" : false
    }, {
      "id" : "s0-t2",
      "begin" : 7,
      "end" : 12,
      "text" : "title",
      "whiteSpace" : false
    }, {
      "id" : "s0-t3",
      "begin" : 12,
      "end" : 13,
      "text" : "\"",
      "whiteSpace" : false
    }, {
      "id" : "s0-t4",
      "begin" : 13,
      "end" : 14,
      "text" : ":",
      "whiteSpace" : false
    }, {
      "id" : "s0-t5",
      "begin" : 15,
      "end" : 16,
      "text" : "\"",
      "whiteSpace" : false
    }, {
      "id" : "s0-t6",
      "begin" : 16,
      "end" : 28,
      "text" : "Unemployment",
      "whiteSpace" : false
    }, {
      "id" : "s0-t7",
      "begin" : 29,
      "end" : 30,
      "text" : "<",
      "whiteSpace" : false
    }, {
      "id" : "s0-t8",
      "begin" : 31,
      "end" : 34,
      "text" : "680",
      "whiteSpace" : false
    }, {
      "id" : "s0-t9",
      "begin" : 35,
      "end" : 40,
      "text" : "hours",
      "whiteSpace" : false
    }, {
      "id" : "s0-t10",
      "begin" : 41,
      "end" : 51,
      "text" : "ineligible",
      "whiteSpace" : false
    }, {
      "id" : "s0-t11",
      "begin" : 51,
      "end" : 52,
      "text" : "\"",
      "whiteSpace" : false
    }, {
      "id" : "s0-t12",
      "begin" : 52,
      "end" : 53,
      "text" : ",",
      "whiteSpace" : false
    }, {
      "id" : "s0-t13",
      "begin" : 58,
      "end" : 59,
      "text" : "\"",
      "whiteSpace" : false
    }, {
      "id" : "s0-t14",
      "begin" : 59,
      "end" : 63,
      "text" : "text",
      "whiteSpace" : false
    }, {
      "id" : "s0-t15",
      "begin" : 63,
      "end" : 64,
      "text" : "\"",
      "whiteSpace" : false
    }, {
      "id" : "s0-t16",
      "begin" : 64,
      "end" : 65,
      "text" : ":",
      "whiteSpace" : false
    }, {
      "id" : "s0-t17",
      "begin" : 66,
      "end" : 67,
      "text" : "\"",
      "whiteSpace" : false
    }, {
      "id" : "s0-t18",
      "begin" : 67,
      "end" : 68,
      "text" : "I",
      "whiteSpace" : false
    }, {
      "id" : "s0-t19",
      "begin" : 69,
      "end" : 73,
      "text" : "have",
      "whiteSpace" : false
    }, {
      "id" : "s0-t20",
      "begin" : 74,
      "end" : 80,
      "text" : "called",
      "whiteSpace" : false
    }, {
      "id" : "s0-t21",
      "begin" : 81,
      "end" : 86,
      "text" : "every",
      "whiteSpace" : false
    }, {
      "id" : "s0-t22",
      "begin" : 87,
      "end" : 90,
      "text" : "day",
      "whiteSpace" : false
    }, {
      "id" : "s0-t23",
      "begin" : 90,
      "end" : 91,
      "text" : ",",
      "whiteSpace" : false
    }, {
      "id" : "s0-t24",
      "begin" : 92,
      "end" : 95,
      "text" : "and",
      "whiteSpace" : false
    }, {
      "id" : "s0-t25",
      "begin" : 96,
      "end" : 99,
      "text" : "the",
      "whiteSpace" : false
    }, {
      "id" : "s0-t26",
      "begin" : 100,
      "end" : 108,
      "text" : "farthest",
      "whiteSpace" : false
    }, {
      "id" : "s0-t27",
      "begin" : 109,
      "end" : 110,
      "text" : "I",
      "whiteSpace" : false
    }, {
      "id" : "s0-t28",
      "begin" : 111,
      "end" : 115,
      "text" : "have",
      "whiteSpace" : false
    }, {
      "id" : "s0-t29",
      "begin" : 116,
      "end" : 122,
      "text" : "gotten",
      "whiteSpace" : false
    }, {
      "id" : "s0-t30",
      "begin" : 123,
      "end" : 125,
      "text" : "is",
      "whiteSpace" : false
    }, {
      "id" : "s0-t31",
      "begin" : 126,
      "end" : 129,
      "text" : "the",
      "whiteSpace" : false
    }, {
      "id" : "s0-t32",
      "begin" : 130,
      "end" : 136,
      "text" : "option",
      "whiteSpace" : false
    }, {
      "id" : "s0-t33",
      "begin" : 137,
      "end" : 139,
      "text" : "to",
      "whiteSpace" : false
    }, {
      "id" : "s0-t34",
      "begin" : 140,
      "end" : 146,
      "text" : "choose",
      "whiteSpace" : false
    }, {
      "id" : "s0-t35",
      "begin" : 147,
      "end" : 148,
      "text" : "a",
      "whiteSpace" : false
    }, {
      "id" : "s0-t36",
      "begin" : 149,
      "end" : 158,
      "text" : "scheduled",
      "whiteSpace" : false
    }, {
      "id" : "s0-t37",
      "begin" : 159,
      "end" : 167,
      "text" : "callback",
      "whiteSpace" : false
    }, {
      "id" : "s0-t38",
      "begin" : 168,
      "end" : 172,
      "text" : "that",
      "whiteSpace" : false
    }, {
      "id" : "s0-t39",
      "begin" : 173,
      "end" : 178,
      "text" : "never",
      "whiteSpace" : false
    }, {
      "id" : "s0-t40",
      "begin" : 179,
      "end" : 183,
      "text" : "came",
      "whiteSpace" : false
    }, {
      "id" : "s0-t41",
      "begin" : 183,
      "end" : 184,
      "text" : ".",
      "whiteSpace" : false
    } ]
  }, {
    "id" : "s1",
    "begin" : 185,
    "end" : 356,
    "text" : "I have read everything on the website including the new directives, so I am sure I am eligible, but I still have no clue what to do since I am still not getting any money.",
    "tokens" : [ {
      "id" : "s1-t0",
      "begin" : 185,
      "end" : 186,
      "text" : "I",
      "whiteSpace" : false
    }, {
      "id" : "s1-t1",
      "begin" : 187,
      "end" : 191,
      "text" : "have",
      "whiteSpace" : false
    }, {
      "id" : "s1-t2",
      "begin" : 192,
      "end" : 196,
      "text" : "read",
      "whiteSpace" : false
    }, {
      "id" : "s1-t3",
      "begin" : 197,
      "end" : 207,
      "text" : "everything",
      "whiteSpace" : false
    }, {
      "id" : "s1-t4",
      "begin" : 208,
      "end" : 210,
      "text" : "on",
      "whiteSpace" : false
    }, {
      "id" : "s1-t5",
      "begin" : 211,
      "end" : 214,
      "text" : "the",
      "whiteSpace" : false
    }, {
      "id" : "s1-t6",
      "begin" : 215,
      "end" : 222,
      "text" : "website",
      "whiteSpace" : false
    }, {
      "id" : "s1-t7",
      "begin" : 223,
      "end" : 232,
      "text" : "including",
      "whiteSpace" : false
    }, {
      "id" : "s1-t8",
      "begin" : 233,
      "end" : 236,
      "text" : "the",
      "whiteSpace" : false
    }, {
      "id" : "s1-t9",
      "begin" : 237,
      "end" : 240,
      "text" : "new",
      "whiteSpace" : false
    }, {
      "id" : "s1-t10",
      "begin" : 241,
      "end" : 251,
      "text" : "directives",
      "whiteSpace" : false
    }, {
      "id" : "s1-t11",
      "begin" : 251,
      "end" : 252,
      "text" : ",",
      "whiteSpace" : false
    }, {
      "id" : "s1-t12",
      "begin" : 253,
      "end" : 255,
      "text" : "so",
      "whiteSpace" : false
    }, {
      "id" : "s1-t13",
      "begin" : 256,
      "end" : 257,
      "text" : "I",
      "whiteSpace" : false
    }, {
      "id" : "s1-t14",
      "begin" : 258,
      "end" : 260,
      "text" : "am",
      "whiteSpace" : false
    }, {
      "id" : "s1-t15",
      "begin" : 261,
      "end" : 265,
      "text" : "sure",
      "whiteSpace" : false
    }, {
      "id" : "s1-t16",
      "begin" : 266,
      "end" : 267,
      "text" : "I",
      "whiteSpace" : false
    }, {
      "id" : "s1-t17",
      "begin" : 268,
      "end" : 270,
      "text" : "am",
      "whiteSpace" : false
    }, {
      "id" : "s1-t18",
      "begin" : 271,
      "end" : 279,
      "text" : "eligible",
      "whiteSpace" : false
    }, {
      "id" : "s1-t19",
      "begin" : 279,
      "end" : 280,
      "text" : ",",
      "whiteSpace" : false
    }, {
      "id" : "s1-t20",
      "begin" : 281,
      "end" : 284,
      "text" : "but",
      "whiteSpace" : false
    }, {
      "id" : "s1-t21",
      "begin" : 285,
      "end" : 286,
      "text" : "I",
      "whiteSpace" : false
    }, {
      "id" : "s1-t22",
      "begin" : 287,
      "end" : 292,
      "text" : "still",
      "whiteSpace" : false
    }, {
      "id" : "s1-t23",
      "begin" : 293,
      "end" : 297,
      "text" : "have",
      "whiteSpace" : false
    }, {
      "id" : "s1-t24",
      "begin" : 298,
      "end" : 300,
      "text" : "no",
      "whiteSpace" : false
    }, {
      "id" : "s1-t25",
      "begin" : 301,
      "end" : 305,
      "text" : "clue",
      "whiteSpace" : false
    }, {
      "id" : "s1-t26",
      "begin" : 306,
      "end" : 310,
      "text" : "what",
      "whiteSpace" : false
    }, {
      "id" : "s1-t27",
      "begin" : 311,
      "end" : 313,
      "text" : "to",
      "whiteSpace" : false
    }, {
      "id" : "s1-t28",
      "begin" : 314,
      "end" : 316,
      "text" : "do",
      "whiteSpace" : false
    }, {
      "id" : "s1-t29",
      "begin" : 317,
      "end" : 322,
      "text" : "since",
      "whiteSpace" : false
    }, {
      "id" : "s1-t30",
      "begin" : 323,
      "end" : 324,
      "text" : "I",
      "whiteSpace" : false
    }, {
      "id" : "s1-t31",
      "begin" : 325,
      "end" : 327,
      "text" : "am",
      "whiteSpace" : false
    }, {
      "id" : "s1-t32",
      "begin" : 328,
      "end" : 333,
      "text" : "still",
      "whiteSpace" : false
    }, {
      "id" : "s1-t33",
      "begin" : 334,
      "end" : 337,
      "text" : "not",
      "whiteSpace" : false
    }, {
      "id" : "s1-t34",
      "begin" : 338,
      "end" : 345,
      "text" : "getting",
      "whiteSpace" : false
    }, {
      "id" : "s1-t35",
      "begin" : 346,
      "end" : 349,
      "text" : "any",
      "whiteSpace" : false
    }, {
      "id" : "s1-t36",
      "begin" : 350,
      "end" : 355,
      "text" : "money",
      "whiteSpace" : false
    }, {
      "id" : "s1-t37",
      "begin" : 355,
      "end" : 356,
      "text" : ".",
      "whiteSpace" : false
    } ]
  }, {
    "id" : "s2",
    "begin" : 357,
    "end" : 396,
    "text" : "Maybe someone here can shed some light.",
    "tokens" : [ {
      "id" : "s2-t0",
      "begin" : 357,
      "end" : 362,
      "text" : "Maybe",
      "whiteSpace" : false
    }, {
      "id" : "s2-t1",
      "begin" : 363,
      "end" : 370,
      "text" : "someone",
      "whiteSpace" : false
    }, {
      "id" : "s2-t2",
      "begin" : 371,
      "end" : 375,
      "text" : "here",
      "whiteSpace" : false
    }, {
      "id" : "s2-t3",
      "begin" : 376,
      "end" : 379,
      "text" : "can",
      "whiteSpace" : false
    }, {
      "id" : "s2-t4",
      "begin" : 380,
      "end" : 384,
      "text" : "shed",
      "whiteSpace" : false
    }, {
      "id" : "s2-t5",
      "begin" : 385,
      "end" : 389,
      "text" : "some",
      "whiteSpace" : false
    }, {
      "id" : "s2-t6",
      "begin" : 390,
      "end" : 395,
      "text" : "light",
      "whiteSpace" : false
    }, {
      "id" : "s2-t7",
      "begin" : 395,
      "end" : 396,
      "text" : ".",
      "whiteSpace" : false
    } ]
  }, {
    "id" : "s3",
    "begin" : 397,
    "end" : 484,
    "text" : "\\n\\nSituation:\\n\\nMoved to Washington for work, and started 02/14 full time (40 hours).",
    "tokens" : [ {
      "id" : "s3-t0",
      "begin" : 397,
      "end" : 399,
      "text" : "\\n",
      "whiteSpace" : false
    }, {
      "id" : "s3-t1",
      "begin" : 399,
      "end" : 411,
      "text" : "\\nSituation:",
      "whiteSpace" : false
    }, {
      "id" : "s3-t2",
      "begin" : 411,
      "end" : 413,
      "text" : "\\n",
      "whiteSpace" : false
    }, {
      "id" : "s3-t3",
      "begin" : 413,
      "end" : 420,
      "text" : "\\nMoved",
      "whiteSpace" : false
    }, {
      "id" : "s3-t4",
      "begin" : 421,
      "end" : 423,
      "text" : "to",
      "whiteSpace" : false
    }, {
      "id" : "s3-t5",
      "begin" : 424,
      "end" : 434,
      "text" : "Washington",
      "whiteSpace" : false
    }, {
      "id" : "s3-t6",
      "begin" : 435,
      "end" : 438,
      "text" : "for",
      "whiteSpace" : false
    }, {
      "id" : "s3-t7",
      "begin" : 439,
      "end" : 443,
      "text" : "work",
      "whiteSpace" : false
    }, {
      "id" : "s3-t8",
      "begin" : 443,
      "end" : 444,
      "text" : ",",
      "whiteSpace" : false
    }, {
      "id" : "s3-t9",
      "begin" : 445,
      "end" : 448,
      "text" : "and",
      "whiteSpace" : false
    }, {
      "id" : "s3-t10",
      "begin" : 449,
      "end" : 456,
      "text" : "started",
      "whiteSpace" : false
    }, {
      "id" : "s3-t11",
      "begin" : 457,
      "end" : 462,
      "text" : "02/14",
      "whiteSpace" : false
    }, {
      "id" : "s3-t12",
      "begin" : 463,
      "end" : 467,
      "text" : "full",
      "whiteSpace" : false
    }, {
      "id" : "s3-t13",
      "begin" : 468,
      "end" : 472,
      "text" : "time",
      "whiteSpace" : false
    }, {
      "id" : "s3-t14",
      "begin" : 473,
      "end" : 474,
      "text" : "(",
      "whiteSpace" : false
    }, {
      "id" : "s3-t15",
      "begin" : 474,
      "end" : 476,
      "text" : "40",
      "whiteSpace" : false
    }, {
      "id" : "s3-t16",
      "begin" : 477,
      "end" : 482,
      "text" : "hours",
      "whiteSpace" : false
    }, {
      "id" : "s3-t17",
      "begin" : 482,
      "end" : 483,
      "text" : ")",
      "whiteSpace" : false
    }, {
      "id" : "s3-t18",
      "begin" : 483,
      "end" : 484,
      "text" : ".",
      "whiteSpace" : false
    } ]
  }, {
    "id" : "s4",
    "begin" : 485,
    "end" : 700,
    "text" : "\\n\\nReduced hours the week of 03/22-03/28 (32 hours) due to COVID...... the week of 03/29-04/04 (8 hours)...... the week of 04/05-04/11 (5 hours).... week of 04/12-04/18 (13 hours).... week of 04/19-04/25 (0 hours).",
    "tokens" : [ {
      "id" : "s4-t0",
      "begin" : 485,
      "end" : 487,
      "text" : "\\n",
      "whiteSpace" : false
    }, {
      "id" : "s4-t1",
      "begin" : 487,
      "end" : 496,
      "text" : "\\nReduced",
      "whiteSpace" : false
    }, {
      "id" : "s4-t2",
      "begin" : 497,
      "end" : 502,
      "text" : "hours",
      "whiteSpace" : false
    }, {
      "id" : "s4-t3",
      "begin" : 503,
      "end" : 506,
      "text" : "the",
      "whiteSpace" : false
    }, {
      "id" : "s4-t4",
      "begin" : 507,
      "end" : 511,
      "text" : "week",
      "whiteSpace" : false
    }, {
      "id" : "s4-t5",
      "begin" : 512,
      "end" : 514,
      "text" : "of",
      "whiteSpace" : false
    }, {
      "id" : "s4-t6",
      "begin" : 515,
      "end" : 526,
      "text" : "03/22-03/28",
      "whiteSpace" : false
    }, {
      "id" : "s4-t7",
      "begin" : 527,
      "end" : 528,
      "text" : "(",
      "whiteSpace" : false
    }, {
      "id" : "s4-t8",
      "begin" : 528,
      "end" : 530,
      "text" : "32",
      "whiteSpace" : false
    }, {
      "id" : "s4-t9",
      "begin" : 531,
      "end" : 536,
      "text" : "hours",
      "whiteSpace" : false
    }, {
      "id" : "s4-t10",
      "begin" : 536,
      "end" : 537,
      "text" : ")",
      "whiteSpace" : false
    }, {
      "id" : "s4-t11",
      "begin" : 538,
      "end" : 541,
      "text" : "due",
      "whiteSpace" : false
    }, {
      "id" : "s4-t12",
      "begin" : 542,
      "end" : 544,
      "text" : "to",
      "whiteSpace" : false
    }, {
      "id" : "s4-t13",
      "begin" : 545,
      "end" : 550,
      "text" : "COVID",
      "whiteSpace" : false
    }, {
      "id" : "s4-t14",
      "begin" : 550,
      "end" : 556,
      "text" : "......",
      "whiteSpace" : false
    }, {
      "id" : "s4-t15",
      "begin" : 557,
      "end" : 560,
      "text" : "the",
      "whiteSpace" : false
    }, {
      "id" : "s4-t16",
      "begin" : 561,
      "end" : 565,
      "text" : "week",
      "whiteSpace" : false
    }, {
      "id" : "s4-t17",
      "begin" : 566,
      "end" : 568,
      "text" : "of",
      "whiteSpace" : false
    }, {
      "id" : "s4-t18",
      "begin" : 569,
      "end" : 580,
      "text" : "03/29-04/04",
      "whiteSpace" : false
    }, {
      "id" : "s4-t19",
      "begin" : 581,
      "end" : 582,
      "text" : "(",
      "whiteSpace" : false
    }, {
      "id" : "s4-t20",
      "begin" : 582,
      "end" : 583,
      "text" : "8",
      "whiteSpace" : false
    }, {
      "id" : "s4-t21",
      "begin" : 584,
      "end" : 589,
      "text" : "hours",
      "whiteSpace" : false
    }, {
      "id" : "s4-t22",
      "begin" : 589,
      "end" : 590,
      "text" : ")",
      "whiteSpace" : false
    }, {
      "id" : "s4-t23",
      "begin" : 590,
      "end" : 596,
      "text" : "......",
      "whiteSpace" : false
    }, {
      "id" : "s4-t24",
      "begin" : 597,
      "end" : 600,
      "text" : "the",
      "whiteSpace" : false
    }, {
      "id" : "s4-t25",
      "begin" : 601,
      "end" : 605,
      "text" : "week",
      "whiteSpace" : false
    }, {
      "id" : "s4-t26",
      "begin" : 606,
      "end" : 608,
      "text" : "of",
      "whiteSpace" : false
    }, {
      "id" : "s4-t27",
      "begin" : 609,
      "end" : 620,
      "text" : "04/05-04/11",
      "whiteSpace" : false
    }, {
      "id" : "s4-t28",
      "begin" : 621,
      "end" : 622,
      "text" : "(",
      "whiteSpace" : false
    }, {
      "id" : "s4-t29",
      "begin" : 622,
      "end" : 623,
      "text" : "5",
      "whiteSpace" : false
    }, {
      "id" : "s4-t30",
      "begin" : 624,
      "end" : 629,
      "text" : "hours",
      "whiteSpace" : false
    }, {
      "id" : "s4-t31",
      "begin" : 629,
      "end" : 630,
      "text" : ")",
      "whiteSpace" : false
    }, {
      "id" : "s4-t32",
      "begin" : 630,
      "end" : 634,
      "text" : "....",
      "whiteSpace" : false
    }, {
      "id" : "s4-t33",
      "begin" : 635,
      "end" : 639,
      "text" : "week",
      "whiteSpace" : false
    }, {
      "id" : "s4-t34",
      "begin" : 640,
      "end" : 642,
      "text" : "of",
      "whiteSpace" : false
    }, {
      "id" : "s4-t35",
      "begin" : 643,
      "end" : 654,
      "text" : "04/12-04/18",
      "whiteSpace" : false
    }, {
      "id" : "s4-t36",
      "begin" : 655,
      "end" : 656,
      "text" : "(",
      "whiteSpace" : false
    }, {
      "id" : "s4-t37",
      "begin" : 656,
      "end" : 658,
      "text" : "13",
      "whiteSpace" : false
    }, {
      "id" : "s4-t38",
      "begin" : 659,
      "end" : 664,
      "text" : "hours",
      "whiteSpace" : false
    }, {
      "id" : "s4-t39",
      "begin" : 664,
      "end" : 665,
      "text" : ")",
      "whiteSpace" : false
    }, {
      "id" : "s4-t40",
      "begin" : 665,
      "end" : 669,
      "text" : "....",
      "whiteSpace" : false
    }, {
      "id" : "s4-t41",
      "begin" : 670,
      "end" : 674,
      "text" : "week",
      "whiteSpace" : false
    }, {
      "id" : "s4-t42",
      "begin" : 675,
      "end" : 677,
      "text" : "of",
      "whiteSpace" : false
    }, {
      "id" : "s4-t43",
      "begin" : 678,
      "end" : 689,
      "text" : "04/19-04/25",
      "whiteSpace" : false
    }, {
      "id" : "s4-t44",
      "begin" : 690,
      "end" : 691,
      "text" : "(",
      "whiteSpace" : false
    }, {
      "id" : "s4-t45",
      "begin" : 691,
      "end" : 692,
      "text" : "0",
      "whiteSpace" : false
    }, {
      "id" : "s4-t46",
      "begin" : 693,
      "end" : 698,
      "text" : "hours",
      "whiteSpace" : false
    }, {
      "id" : "s4-t47",
      "begin" : 698,
      "end" : 699,
      "text" : ")",
      "whiteSpace" : false
    }, {
      "id" : "s4-t48",
      "begin" : 699,
      "end" : 700,
      "text" : ".",
      "whiteSpace" : false
    } ]
  }, {
    "id" : "s5",
    "begin" : 700,
    "end" : 734,
    "text" : "\\n\\nInitial claimant filing 04/05.",
    "tokens" : [ {
      "id" : "s5-t0",
      "begin" : 700,
      "end" : 702,
      "text" : "\\n",
      "whiteSpace" : false
    }, {
      "id" : "s5-t1",
      "begin" : 702,
      "end" : 711,
      "text" : "\\nInitial",
      "whiteSpace" : false
    }, {
      "id" : "s5-t2",
      "begin" : 712,
      "end" : 720,
      "text" : "claimant",
      "whiteSpace" : false
    }, {
      "id" : "s5-t3",
      "begin" : 721,
      "end" : 727,
      "text" : "filing",
      "whiteSpace" : false
    }, {
      "id" : "s5-t4",
      "begin" : 728,
      "end" : 733,
      "text" : "04/05",
      "whiteSpace" : false
    }, {
      "id" : "s5-t5",
      "begin" : 733,
      "end" : 734,
      "text" : ".",
      "whiteSpace" : false
    } ]
  }, {
    "id" : "s6",
    "begin" : 735,
    "end" : 764,
    "text" : "Status Completed/ Ineligible.",
    "tokens" : [ {
      "id" : "s6-t0",
      "begin" : 735,
      "end" : 741,
      "text" : "Status",
      "whiteSpace" : false
    }, {
      "id" : "s6-t1",
      "begin" : 742,
      "end" : 752,
      "text" : "Completed/",
      "whiteSpace" : false
    }, {
      "id" : "s6-t2",
      "begin" : 753,
      "end" : 763,
      "text" : "Ineligible",
      "whiteSpace" : false
    }, {
      "id" : "s6-t3",
      "begin" : 763,
      "end" : 764,
      "text" : ".",
      "whiteSpace" : false
    } ]
  }, {
    "id" : "s7",
    "begin" : 765,
    "end" : 794,
    "text" : "Requested standby (approved).",
    "tokens" : [ {
      "id" : "s7-t0",
      "begin" : 765,
      "end" : 774,
      "text" : "Requested",
      "whiteSpace" : false
    }, {
      "id" : "s7-t1",
      "begin" : 775,
      "end" : 782,
      "text" : "standby",
      "whiteSpace" : false
    }, {
      "id" : "s7-t2",
      "begin" : 783,
      "end" : 784,
      "text" : "(",
      "whiteSpace" : false
    }, {
      "id" : "s7-t3",
      "begin" : 784,
      "end" : 792,
      "text" : "approved",
      "whiteSpace" : false
    }, {
      "id" : "s7-t4",
      "begin" : 792,
      "end" : 793,
      "text" : ")",
      "whiteSpace" : false
    }, {
      "id" : "s7-t5",
      "begin" : 793,
      "end" : 794,
      "text" : ".",
      "whiteSpace" : false
    } ]
  }, {
    "id" : "s8",
    "begin" : 795,
    "end" : 822,
    "text" : "Weekly benefit amount = $0.",
    "tokens" : [ {
      "id" : "s8-t0",
      "begin" : 795,
      "end" : 801,
      "text" : "Weekly",
      "whiteSpace" : false
    }, {
      "id" : "s8-t1",
      "begin" : 802,
      "end" : 809,
      "text" : "benefit",
      "whiteSpace" : false
    }, {
      "id" : "s8-t2",
      "begin" : 810,
      "end" : 816,
      "text" : "amount",
      "whiteSpace" : false
    }, {
      "id" : "s8-t3",
      "begin" : 817,
      "end" : 818,
      "text" : "=",
      "whiteSpace" : false
    }, {
      "id" : "s8-t4",
      "begin" : 819,
      "end" : 820,
      "text" : "$",
      "whiteSpace" : false
    }, {
      "id" : "s8-t5",
      "begin" : 820,
      "end" : 821,
      "text" : "0",
      "whiteSpace" : false
    }, {
      "id" : "s8-t6",
      "begin" : 821,
      "end" : 822,
      "text" : ".",
      "whiteSpace" : false
    } ]
  }, {
    "id" : "s9",
    "begin" : 823,
    "end" : 898,
    "text" : "Decision reason- have not worked 680 hours including alternative base year.",
    "tokens" : [ {
      "id" : "s9-t0",
      "begin" : 823,
      "end" : 831,
      "text" : "Decision",
      "whiteSpace" : false
    }, {
      "id" : "s9-t1",
      "begin" : 832,
      "end" : 838,
      "text" : "reason",
      "whiteSpace" : false
    }, {
      "id" : "s9-t2",
      "begin" : 838,
      "end" : 839,
      "text" : "-",
      "whiteSpace" : false
    }, {
      "id" : "s9-t3",
      "begin" : 840,
      "end" : 844,
      "text" : "have",
      "whiteSpace" : false
    }, {
      "id" : "s9-t4",
      "begin" : 845,
      "end" : 848,
      "text" : "not",
      "whiteSpace" : false
    }, {
      "id" : "s9-t5",
      "begin" : 849,
      "end" : 855,
      "text" : "worked",
      "whiteSpace" : false
    }, {
      "id" : "s9-t6",
      "begin" : 856,
      "end" : 859,
      "text" : "680",
      "whiteSpace" : false
    }, {
      "id" : "s9-t7",
      "begin" : 860,
      "end" : 865,
      "text" : "hours",
      "whiteSpace" : false
    }, {
      "id" : "s9-t8",
      "begin" : 866,
      "end" : 875,
      "text" : "including",
      "whiteSpace" : false
    }, {
      "id" : "s9-t9",
      "begin" : 876,
      "end" : 887,
      "text" : "alternative",
      "whiteSpace" : false
    }, {
      "id" : "s9-t10",
      "begin" : 888,
      "end" : 892,
      "text" : "base",
      "whiteSpace" : false
    }, {
      "id" : "s9-t11",
      "begin" : 893,
      "end" : 897,
      "text" : "year",
      "whiteSpace" : false
    }, {
      "id" : "s9-t12",
      "begin" : 897,
      "end" : 898,
      "text" : ".",
      "whiteSpace" : false
    } ]
  }, {
    "id" : "s10",
    "begin" : 898,
    "end" : 938,
    "text" : "\\n\\nThree weekly claims have been filed.",
    "tokens" : [ {
      "id" : "s10-t0",
      "begin" : 898,
      "end" : 900,
      "text" : "\\n",
      "whiteSpace" : false
    }, {
      "id" : "s10-t1",
      "begin" : 900,
      "end" : 907,
      "text" : "\\nThree",
      "whiteSpace" : false
    }, {
      "id" : "s10-t2",
      "begin" : 908,
      "end" : 914,
      "text" : "weekly",
      "whiteSpace" : false
    }, {
      "id" : "s10-t3",
      "begin" : 915,
      "end" : 921,
      "text" : "claims",
      "whiteSpace" : false
    }, {
      "id" : "s10-t4",
      "begin" : 922,
      "end" : 926,
      "text" : "have",
      "whiteSpace" : false
    }, {
      "id" : "s10-t5",
      "begin" : 927,
      "end" : 931,
      "text" : "been",
      "whiteSpace" : false
    }, {
      "id" : "s10-t6",
      "begin" : 932,
      "end" : 937,
      "text" : "filed",
      "whiteSpace" : false
    }, {
      "id" : "s10-t7",
      "begin" : 937,
      "end" : 938,
      "text" : ".",
      "whiteSpace" : false
    } ]
  }, {
    "id" : "s11",
    "begin" : 939,
    "end" : 956,
    "text" : "Status - Invalid.",
    "tokens" : [ {
      "id" : "s11-t0",
      "begin" : 939,
      "end" : 945,
      "text" : "Status",
      "whiteSpace" : false
    }, {
      "id" : "s11-t1",
      "begin" : 946,
      "end" : 947,
      "text" : "-",
      "whiteSpace" : false
    }, {
      "id" : "s11-t2",
      "begin" : 948,
      "end" : 955,
      "text" : "Invalid",
      "whiteSpace" : false
    }, {
      "id" : "s11-t3",
      "begin" : 955,
      "end" : 956,
      "text" : ".",
      "whiteSpace" : false
    } ]
  }, {
    "id" : "s12",
    "begin" : 956,
    "end" : 985,
    "text" : "\\n\\nFiled a PUAC claim 04/18.",
    "tokens" : [ {
      "id" : "s12-t0",
      "begin" : 956,
      "end" : 958,
      "text" : "\\n",
      "whiteSpace" : false
    }, {
      "id" : "s12-t1",
      "begin" : 958,
      "end" : 965,
      "text" : "\\nFiled",
      "whiteSpace" : false
    }, {
      "id" : "s12-t2",
      "begin" : 966,
      "end" : 967,
      "text" : "a",
      "whiteSpace" : false
    }, {
      "id" : "s12-t3",
      "begin" : 968,
      "end" : 972,
      "text" : "PUAC",
      "whiteSpace" : false
    }, {
      "id" : "s12-t4",
      "begin" : 973,
      "end" : 978,
      "text" : "claim",
      "whiteSpace" : false
    }, {
      "id" : "s12-t5",
      "begin" : 979,
      "end" : 984,
      "text" : "04/18",
      "whiteSpace" : false
    }, {
      "id" : "s12-t6",
      "begin" : 984,
      "end" : 985,
      "text" : ".",
      "whiteSpace" : false
    } ]
  }, {
    "id" : "s13",
    "begin" : 986,
    "end" : 1015,
    "text" : "Status Completed (instantly).",
    "tokens" : [ {
      "id" : "s13-t0",
      "begin" : 986,
      "end" : 992,
      "text" : "Status",
      "whiteSpace" : false
    }, {
      "id" : "s13-t1",
      "begin" : 993,
      "end" : 1002,
      "text" : "Completed",
      "whiteSpace" : false
    }, {
      "id" : "s13-t2",
      "begin" : 1003,
      "end" : 1004,
      "text" : "(",
      "whiteSpace" : false
    }, {
      "id" : "s13-t3",
      "begin" : 1004,
      "end" : 1013,
      "text" : "instantly",
      "whiteSpace" : false
    }, {
      "id" : "s13-t4",
      "begin" : 1013,
      "end" : 1014,
      "text" : ")",
      "whiteSpace" : false
    }, {
      "id" : "s13-t5",
      "begin" : 1014,
      "end" : 1015,
      "text" : ".",
      "whiteSpace" : false
    } ]
  }, {
    "id" : "s14",
    "begin" : 1016,
    "end" : 1095,
    "text" : "No decision, no change to my account, no email or physical mail piece, nothing.",
    "tokens" : [ {
      "id" : "s14-t0",
      "begin" : 1016,
      "end" : 1018,
      "text" : "No",
      "whiteSpace" : false
    }, {
      "id" : "s14-t1",
      "begin" : 1019,
      "end" : 1027,
      "text" : "decision",
      "whiteSpace" : false
    }, {
      "id" : "s14-t2",
      "begin" : 1027,
      "end" : 1028,
      "text" : ",",
      "whiteSpace" : false
    }, {
      "id" : "s14-t3",
      "begin" : 1029,
      "end" : 1031,
      "text" : "no",
      "whiteSpace" : false
    }, {
      "id" : "s14-t4",
      "begin" : 1032,
      "end" : 1038,
      "text" : "change",
      "whiteSpace" : false
    }, {
      "id" : "s14-t5",
      "begin" : 1039,
      "end" : 1041,
      "text" : "to",
      "whiteSpace" : false
    }, {
      "id" : "s14-t6",
      "begin" : 1042,
      "end" : 1044,
      "text" : "my",
      "whiteSpace" : false
    }, {
      "id" : "s14-t7",
      "begin" : 1045,
      "end" : 1052,
      "text" : "account",
      "whiteSpace" : false
    }, {
      "id" : "s14-t8",
      "begin" : 1052,
      "end" : 1053,
      "text" : ",",
      "whiteSpace" : false
    }, {
      "id" : "s14-t9",
      "begin" : 1054,
      "end" : 1056,
      "text" : "no",
      "whiteSpace" : false
    }, {
      "id" : "s14-t10",
      "begin" : 1057,
      "end" : 1062,
      "text" : "email",
      "whiteSpace" : false
    }, {
      "id" : "s14-t11",
      "begin" : 1063,
      "end" : 1065,
      "text" : "or",
      "whiteSpace" : false
    }, {
      "id" : "s14-t12",
      "begin" : 1066,
      "end" : 1074,
      "text" : "physical",
      "whiteSpace" : false
    }, {
      "id" : "s14-t13",
      "begin" : 1075,
      "end" : 1079,
      "text" : "mail",
      "whiteSpace" : false
    }, {
      "id" : "s14-t14",
      "begin" : 1080,
      "end" : 1085,
      "text" : "piece",
      "whiteSpace" : false
    }, {
      "id" : "s14-t15",
      "begin" : 1085,
      "end" : 1086,
      "text" : ",",
      "whiteSpace" : false
    }, {
      "id" : "s14-t16",
      "begin" : 1087,
      "end" : 1094,
      "text" : "nothing",
      "whiteSpace" : false
    }, {
      "id" : "s14-t17",
      "begin" : 1094,
      "end" : 1095,
      "text" : ".",
      "whiteSpace" : false
    } ]
  }, {
    "id" : "s15",
    "begin" : 1096,
    "end" : 1190,
    "text" : "I read that the claims you already submitted were supposed to transfer over, but mine did not.",
    "tokens" : [ {
      "id" : "s15-t0",
      "begin" : 1096,
      "end" : 1097,
      "text" : "I",
      "whiteSpace" : false
    }, {
      "id" : "s15-t1",
      "begin" : 1098,
      "end" : 1102,
      "text" : "read",
      "whiteSpace" : false
    }, {
      "id" : "s15-t2",
      "begin" : 1103,
      "end" : 1107,
      "text" : "that",
      "whiteSpace" : false
    }, {
      "id" : "s15-t3",
      "begin" : 1108,
      "end" : 1111,
      "text" : "the",
      "whiteSpace" : false
    }, {
      "id" : "s15-t4",
      "begin" : 1112,
      "end" : 1118,
      "text" : "claims",
      "whiteSpace" : false
    }, {
      "id" : "s15-t5",
      "begin" : 1119,
      "end" : 1122,
      "text" : "you",
      "whiteSpace" : false
    }, {
      "id" : "s15-t6",
      "begin" : 1123,
      "end" : 1130,
      "text" : "already",
      "whiteSpace" : false
    }, {
      "id" : "s15-t7",
      "begin" : 1131,
      "end" : 1140,
      "text" : "submitted",
      "whiteSpace" : false
    }, {
      "id" : "s15-t8",
      "begin" : 1141,
      "end" : 1145,
      "text" : "were",
      "whiteSpace" : false
    }, {
      "id" : "s15-t9",
      "begin" : 1146,
      "end" : 1154,
      "text" : "supposed",
      "whiteSpace" : false
    }, {
      "id" : "s15-t10",
      "begin" : 1155,
      "end" : 1157,
      "text" : "to",
      "whiteSpace" : false
    }, {
      "id" : "s15-t11",
      "begin" : 1158,
      "end" : 1166,
      "text" : "transfer",
      "whiteSpace" : false
    }, {
      "id" : "s15-t12",
      "begin" : 1167,
      "end" : 1171,
      "text" : "over",
      "whiteSpace" : false
    }, {
      "id" : "s15-t13",
      "begin" : 1171,
      "end" : 1172,
      "text" : ",",
      "whiteSpace" : false
    }, {
      "id" : "s15-t14",
      "begin" : 1173,
      "end" : 1176,
      "text" : "but",
      "whiteSpace" : false
    }, {
      "id" : "s15-t15",
      "begin" : 1177,
      "end" : 1181,
      "text" : "mine",
      "whiteSpace" : false
    }, {
      "id" : "s15-t16",
      "begin" : 1182,
      "end" : 1185,
      "text" : "did",
      "whiteSpace" : false
    }, {
      "id" : "s15-t17",
      "begin" : 1186,
      "end" : 1189,
      "text" : "not",
      "whiteSpace" : false
    }, {
      "id" : "s15-t18",
      "begin" : 1189,
      "end" : 1190,
      "text" : ".",
      "whiteSpace" : false
    } ]
  }, {
    "id" : "s16",
    "begin" : 1191,
    "end" : 1321,
    "text" : "\\n\\nExtra information:\\n\\nSince the first initial claimant filing (04/05), I have had an alert in my portal to Apply for Benefits.",
    "tokens" : [ {
      "id" : "s16-t0",
      "begin" : 1191,
      "end" : 1193,
      "text" : "\\n",
      "whiteSpace" : false
    }, {
      "id" : "s16-t1",
      "begin" : 1193,
      "end" : 1200,
      "text" : "\\nExtra",
      "whiteSpace" : false
    }, {
      "id" : "s16-t2",
      "begin" : 1201,
      "end" : 1213,
      "text" : "information:",
      "whiteSpace" : false
    }, {
      "id" : "s16-t3",
      "begin" : 1213,
      "end" : 1215,
      "text" : "\\n",
      "whiteSpace" : false
    }, {
      "id" : "s16-t4",
      "begin" : 1215,
      "end" : 1222,
      "text" : "\\nSince",
      "whiteSpace" : false
    }, {
      "id" : "s16-t5",
      "begin" : 1223,
      "end" : 1226,
      "text" : "the",
      "whiteSpace" : false
    }, {
      "id" : "s16-t6",
      "begin" : 1227,
      "end" : 1232,
      "text" : "first",
      "whiteSpace" : false
    }, {
      "id" : "s16-t7",
      "begin" : 1233,
      "end" : 1240,
      "text" : "initial",
      "whiteSpace" : false
    }, {
      "id" : "s16-t8",
      "begin" : 1241,
      "end" : 1249,
      "text" : "claimant",
      "whiteSpace" : false
    }, {
      "id" : "s16-t9",
      "begin" : 1250,
      "end" : 1256,
      "text" : "filing",
      "whiteSpace" : false
    }, {
      "id" : "s16-t10",
      "begin" : 1257,
      "end" : 1258,
      "text" : "(",
      "whiteSpace" : false
    }, {
      "id" : "s16-t11",
      "begin" : 1258,
      "end" : 1263,
      "text" : "04/05",
      "whiteSpace" : false
    }, {
      "id" : "s16-t12",
      "begin" : 1263,
      "end" : 1264,
      "text" : ")",
      "whiteSpace" : false
    }, {
      "id" : "s16-t13",
      "begin" : 1264,
      "end" : 1265,
      "text" : ",",
      "whiteSpace" : false
    }, {
      "id" : "s16-t14",
      "begin" : 1266,
      "end" : 1267,
      "text" : "I",
      "whiteSpace" : false
    }, {
      "id" : "s16-t15",
      "begin" : 1268,
      "end" : 1272,
      "text" : "have",
      "whiteSpace" : false
    }, {
      "id" : "s16-t16",
      "begin" : 1273,
      "end" : 1276,
      "text" : "had",
      "whiteSpace" : false
    }, {
      "id" : "s16-t17",
      "begin" : 1277,
      "end" : 1279,
      "text" : "an",
      "whiteSpace" : false
    }, {
      "id" : "s16-t18",
      "begin" : 1280,
      "end" : 1285,
      "text" : "alert",
      "whiteSpace" : false
    }, {
      "id" : "s16-t19",
      "begin" : 1286,
      "end" : 1288,
      "text" : "in",
      "whiteSpace" : false
    }, {
      "id" : "s16-t20",
      "begin" : 1289,
      "end" : 1291,
      "text" : "my",
      "whiteSpace" : false
    }, {
      "id" : "s16-t21",
      "begin" : 1292,
      "end" : 1298,
      "text" : "portal",
      "whiteSpace" : false
    }, {
      "id" : "s16-t22",
      "begin" : 1299,
      "end" : 1301,
      "text" : "to",
      "whiteSpace" : false
    }, {
      "id" : "s16-t23",
      "begin" : 1302,
      "end" : 1307,
      "text" : "Apply",
      "whiteSpace" : false
    }, {
      "id" : "s16-t24",
      "begin" : 1308,
      "end" : 1311,
      "text" : "for",
      "whiteSpace" : false
    }, {
      "id" : "s16-t25",
      "begin" : 1312,
      "end" : 1320,
      "text" : "Benefits",
      "whiteSpace" : false
    }, {
      "id" : "s16-t26",
      "begin" : 1320,
      "end" : 1321,
      "text" : ".",
      "whiteSpace" : false
    } ]
  }, {
    "id" : "s17",
    "begin" : 1322,
    "end" : 1487,
    "text" : "I ignored it, originally thinking that the PUAC (04/18) would fix my account, but when it did not I clicked apply, which was labeled Subsequent claim filing (04/23).",
    "tokens" : [ {
      "id" : "s17-t0",
      "begin" : 1322,
      "end" : 1323,
      "text" : "I",
      "whiteSpace" : false
    }, {
      "id" : "s17-t1",
      "begin" : 1324,
      "end" : 1331,
      "text" : "ignored",
      "whiteSpace" : false
    }, {
      "id" : "s17-t2",
      "begin" : 1332,
      "end" : 1334,
      "text" : "it",
      "whiteSpace" : false
    }, {
      "id" : "s17-t3",
      "begin" : 1334,
      "end" : 1335,
      "text" : ",",
      "whiteSpace" : false
    }, {
      "id" : "s17-t4",
      "begin" : 1336,
      "end" : 1346,
      "text" : "originally",
      "whiteSpace" : false
    }, {
      "id" : "s17-t5",
      "begin" : 1347,
      "end" : 1355,
      "text" : "thinking",
      "whiteSpace" : false
    }, {
      "id" : "s17-t6",
      "begin" : 1356,
      "end" : 1360,
      "text" : "that",
      "whiteSpace" : false
    }, {
      "id" : "s17-t7",
      "begin" : 1361,
      "end" : 1364,
      "text" : "the",
      "whiteSpace" : false
    }, {
      "id" : "s17-t8",
      "begin" : 1365,
      "end" : 1369,
      "text" : "PUAC",
      "whiteSpace" : false
    }, {
      "id" : "s17-t9",
      "begin" : 1370,
      "end" : 1371,
      "text" : "(",
      "whiteSpace" : false
    }, {
      "id" : "s17-t10",
      "begin" : 1371,
      "end" : 1376,
      "text" : "04/18",
      "whiteSpace" : false
    }, {
      "id" : "s17-t11",
      "begin" : 1376,
      "end" : 1377,
      "text" : ")",
      "whiteSpace" : false
    }, {
      "id" : "s17-t12",
      "begin" : 1378,
      "end" : 1383,
      "text" : "would",
      "whiteSpace" : false
    }, {
      "id" : "s17-t13",
      "begin" : 1384,
      "end" : 1387,
      "text" : "fix",
      "whiteSpace" : false
    }, {
      "id" : "s17-t14",
      "begin" : 1388,
      "end" : 1390,
      "text" : "my",
      "whiteSpace" : false
    }, {
      "id" : "s17-t15",
      "begin" : 1391,
      "end" : 1398,
      "text" : "account",
      "whiteSpace" : false
    }, {
      "id" : "s17-t16",
      "begin" : 1398,
      "end" : 1399,
      "text" : ",",
      "whiteSpace" : false
    }, {
      "id" : "s17-t17",
      "begin" : 1400,
      "end" : 1403,
      "text" : "but",
      "whiteSpace" : false
    }, {
      "id" : "s17-t18",
      "begin" : 1404,
      "end" : 1408,
      "text" : "when",
      "whiteSpace" : false
    }, {
      "id" : "s17-t19",
      "begin" : 1409,
      "end" : 1411,
      "text" : "it",
      "whiteSpace" : false
    }, {
      "id" : "s17-t20",
      "begin" : 1412,
      "end" : 1415,
      "text" : "did",
      "whiteSpace" : false
    }, {
      "id" : "s17-t21",
      "begin" : 1416,
      "end" : 1419,
      "text" : "not",
      "whiteSpace" : false
    }, {
      "id" : "s17-t22",
      "begin" : 1420,
      "end" : 1421,
      "text" : "I",
      "whiteSpace" : false
    }, {
      "id" : "s17-t23",
      "begin" : 1422,
      "end" : 1429,
      "text" : "clicked",
      "whiteSpace" : false
    }, {
      "id" : "s17-t24",
      "begin" : 1430,
      "end" : 1435,
      "text" : "apply",
      "whiteSpace" : false
    }, {
      "id" : "s17-t25",
      "begin" : 1435,
      "end" : 1436,
      "text" : ",",
      "whiteSpace" : false
    }, {
      "id" : "s17-t26",
      "begin" : 1437,
      "end" : 1442,
      "text" : "which",
      "whiteSpace" : false
    }, {
      "id" : "s17-t27",
      "begin" : 1443,
      "end" : 1446,
      "text" : "was",
      "whiteSpace" : false
    }, {
      "id" : "s17-t28",
      "begin" : 1447,
      "end" : 1454,
      "text" : "labeled",
      "whiteSpace" : false
    }, {
      "id" : "s17-t29",
      "begin" : 1455,
      "end" : 1465,
      "text" : "Subsequent",
      "whiteSpace" : false
    }, {
      "id" : "s17-t30",
      "begin" : 1466,
      "end" : 1471,
      "text" : "claim",
      "whiteSpace" : false
    }, {
      "id" : "s17-t31",
      "begin" : 1472,
      "end" : 1478,
      "text" : "filing",
      "whiteSpace" : false
    }, {
      "id" : "s17-t32",
      "begin" : 1479,
      "end" : 1480,
      "text" : "(",
      "whiteSpace" : false
    }, {
      "id" : "s17-t33",
      "begin" : 1480,
      "end" : 1485,
      "text" : "04/23",
      "whiteSpace" : false
    }, {
      "id" : "s17-t34",
      "begin" : 1485,
      "end" : 1486,
      "text" : ")",
      "whiteSpace" : false
    }, {
      "id" : "s17-t35",
      "begin" : 1486,
      "end" : 1487,
      "text" : ".",
      "whiteSpace" : false
    } ]
  }, {
    "id" : "s18",
    "begin" : 1488,
    "end" : 1605,
    "text" : "I was thinking maybe it was a way to restart my claim after the rule change without losing my three submitted claims.",
    "tokens" : [ {
      "id" : "s18-t0",
      "begin" : 1488,
      "end" : 1489,
      "text" : "I",
      "whiteSpace" : false
    }, {
      "id" : "s18-t1",
      "begin" : 1490,
      "end" : 1493,
      "text" : "was",
      "whiteSpace" : false
    }, {
      "id" : "s18-t2",
      "begin" : 1494,
      "end" : 1502,
      "text" : "thinking",
      "whiteSpace" : false
    }, {
      "id" : "s18-t3",
      "begin" : 1503,
      "end" : 1508,
      "text" : "maybe",
      "whiteSpace" : false
    }, {
      "id" : "s18-t4",
      "begin" : 1509,
      "end" : 1511,
      "text" : "it",
      "whiteSpace" : false
    }, {
      "id" : "s18-t5",
      "begin" : 1512,
      "end" : 1515,
      "text" : "was",
      "whiteSpace" : false
    }, {
      "id" : "s18-t6",
      "begin" : 1516,
      "end" : 1517,
      "text" : "a",
      "whiteSpace" : false
    }, {
      "id" : "s18-t7",
      "begin" : 1518,
      "end" : 1521,
      "text" : "way",
      "whiteSpace" : false
    }, {
      "id" : "s18-t8",
      "begin" : 1522,
      "end" : 1524,
      "text" : "to",
      "whiteSpace" : false
    }, {
      "id" : "s18-t9",
      "begin" : 1525,
      "end" : 1532,
      "text" : "restart",
      "whiteSpace" : false
    }, {
      "id" : "s18-t10",
      "begin" : 1533,
      "end" : 1535,
      "text" : "my",
      "whiteSpace" : false
    }, {
      "id" : "s18-t11",
      "begin" : 1536,
      "end" : 1541,
      "text" : "claim",
      "whiteSpace" : false
    }, {
      "id" : "s18-t12",
      "begin" : 1542,
      "end" : 1547,
      "text" : "after",
      "whiteSpace" : false
    }, {
      "id" : "s18-t13",
      "begin" : 1548,
      "end" : 1551,
      "text" : "the",
      "whiteSpace" : false
    }, {
      "id" : "s18-t14",
      "begin" : 1552,
      "end" : 1556,
      "text" : "rule",
      "whiteSpace" : false
    }, {
      "id" : "s18-t15",
      "begin" : 1557,
      "end" : 1563,
      "text" : "change",
      "whiteSpace" : false
    }, {
      "id" : "s18-t16",
      "begin" : 1564,
      "end" : 1571,
      "text" : "without",
      "whiteSpace" : false
    }, {
      "id" : "s18-t17",
      "begin" : 1572,
      "end" : 1578,
      "text" : "losing",
      "whiteSpace" : false
    }, {
      "id" : "s18-t18",
      "begin" : 1579,
      "end" : 1581,
      "text" : "my",
      "whiteSpace" : false
    }, {
      "id" : "s18-t19",
      "begin" : 1582,
      "end" : 1587,
      "text" : "three",
      "whiteSpace" : false
    }, {
      "id" : "s18-t20",
      "begin" : 1588,
      "end" : 1597,
      "text" : "submitted",
      "whiteSpace" : false
    }, {
      "id" : "s18-t21",
      "begin" : 1598,
      "end" : 1604,
      "text" : "claims",
      "whiteSpace" : false
    }, {
      "id" : "s18-t22",
      "begin" : 1604,
      "end" : 1605,
      "text" : ".",
      "whiteSpace" : false
    } ]
  }, {
    "id" : "s19",
    "begin" : 1606,
    "end" : 1618,
    "text" : "I was wrong.",
    "tokens" : [ {
      "id" : "s19-t0",
      "begin" : 1606,
      "end" : 1607,
      "text" : "I",
      "whiteSpace" : false
    }, {
      "id" : "s19-t1",
      "begin" : 1608,
      "end" : 1611,
      "text" : "was",
      "whiteSpace" : false
    }, {
      "id" : "s19-t2",
      "begin" : 1612,
      "end" : 1617,
      "text" : "wrong",
      "whiteSpace" : false
    }, {
      "id" : "s19-t3",
      "begin" : 1617,
      "end" : 1618,
      "text" : ".",
      "whiteSpace" : false
    } ]
  }, {
    "id" : "s20",
    "begin" : 1619,
    "end" : 1681,
    "text" : "All it did was ask the same questions and disqualify me again.",
    "tokens" : [ {
      "id" : "s20-t0",
      "begin" : 1619,
      "end" : 1622,
      "text" : "All",
      "whiteSpace" : false
    }, {
      "id" : "s20-t1",
      "begin" : 1623,
      "end" : 1625,
      "text" : "it",
      "whiteSpace" : false
    }, {
      "id" : "s20-t2",
      "begin" : 1626,
      "end" : 1629,
      "text" : "did",
      "whiteSpace" : false
    }, {
      "id" : "s20-t3",
      "begin" : 1630,
      "end" : 1633,
      "text" : "was",
      "whiteSpace" : false
    }, {
      "id" : "s20-t4",
      "begin" : 1634,
      "end" : 1637,
      "text" : "ask",
      "whiteSpace" : false
    }, {
      "id" : "s20-t5",
      "begin" : 1638,
      "end" : 1641,
      "text" : "the",
      "whiteSpace" : false
    }, {
      "id" : "s20-t6",
      "begin" : 1642,
      "end" : 1646,
      "text" : "same",
      "whiteSpace" : false
    }, {
      "id" : "s20-t7",
      "begin" : 1647,
      "end" : 1656,
      "text" : "questions",
      "whiteSpace" : false
    }, {
      "id" : "s20-t8",
      "begin" : 1657,
      "end" : 1660,
      "text" : "and",
      "whiteSpace" : false
    }, {
      "id" : "s20-t9",
      "begin" : 1661,
      "end" : 1671,
      "text" : "disqualify",
      "whiteSpace" : false
    }, {
      "id" : "s20-t10",
      "begin" : 1672,
      "end" : 1674,
      "text" : "me",
      "whiteSpace" : false
    }, {
      "id" : "s20-t11",
      "begin" : 1675,
      "end" : 1680,
      "text" : "again",
      "whiteSpace" : false
    }, {
      "id" : "s20-t12",
      "begin" : 1680,
      "end" : 1681,
      "text" : ".",
      "whiteSpace" : false
    } ]
  }, {
    "id" : "s21",
    "begin" : 1682,
    "end" : 1835,
    "text" : "As a result, on my account I now have a \\\"Manage my active UI claim\\\" which is the original filing and \\\"View my expired UI claim\\\" which is the new one.",
    "tokens" : [ {
      "id" : "s21-t0",
      "begin" : 1682,
      "end" : 1684,
      "text" : "As",
      "whiteSpace" : false
    }, {
      "id" : "s21-t1",
      "begin" : 1685,
      "end" : 1686,
      "text" : "a",
      "whiteSpace" : false
    }, {
      "id" : "s21-t2",
      "begin" : 1687,
      "end" : 1693,
      "text" : "result",
      "whiteSpace" : false
    }, {
      "id" : "s21-t3",
      "begin" : 1693,
      "end" : 1694,
      "text" : ",",
      "whiteSpace" : false
    }, {
      "id" : "s21-t4",
      "begin" : 1695,
      "end" : 1697,
      "text" : "on",
      "whiteSpace" : false
    }, {
      "id" : "s21-t5",
      "begin" : 1698,
      "end" : 1700,
      "text" : "my",
      "whiteSpace" : false
    }, {
      "id" : "s21-t6",
      "begin" : 1701,
      "end" : 1708,
      "text" : "account",
      "whiteSpace" : false
    }, {
      "id" : "s21-t7",
      "begin" : 1709,
      "end" : 1710,
      "text" : "I",
      "whiteSpace" : false
    }, {
      "id" : "s21-t8",
      "begin" : 1711,
      "end" : 1714,
      "text" : "now",
      "whiteSpace" : false
    }, {
      "id" : "s21-t9",
      "begin" : 1715,
      "end" : 1719,
      "text" : "have",
      "whiteSpace" : false
    }, {
      "id" : "s21-t10",
      "begin" : 1720,
      "end" : 1721,
      "text" : "a",
      "whiteSpace" : false
    }, {
      "id" : "s21-t11",
      "begin" : 1722,
      "end" : 1724,
      "text" : "\\\"",
      "whiteSpace" : false
    }, {
      "id" : "s21-t12",
      "begin" : 1724,
      "end" : 1730,
      "text" : "Manage",
      "whiteSpace" : false
    }, {
      "id" : "s21-t13",
      "begin" : 1731,
      "end" : 1733,
      "text" : "my",
      "whiteSpace" : false
    }, {
      "id" : "s21-t14",
      "begin" : 1734,
      "end" : 1740,
      "text" : "active",
      "whiteSpace" : false
    }, {
      "id" : "s21-t15",
      "begin" : 1741,
      "end" : 1743,
      "text" : "UI",
      "whiteSpace" : false
    }, {
      "id" : "s21-t16",
      "begin" : 1744,
      "end" : 1749,
      "text" : "claim",
      "whiteSpace" : false
    }, {
      "id" : "s21-t17",
      "begin" : 1749,
      "end" : 1750,
      "text" : "\\",
      "whiteSpace" : false
    }, {
      "id" : "s21-t18",
      "begin" : 1750,
      "end" : 1751,
      "text" : "\"",
      "whiteSpace" : false
    }, {
      "id" : "s21-t19",
      "begin" : 1752,
      "end" : 1757,
      "text" : "which",
      "whiteSpace" : false
    }, {
      "id" : "s21-t20",
      "begin" : 1758,
      "end" : 1760,
      "text" : "is",
      "whiteSpace" : false
    }, {
      "id" : "s21-t21",
      "begin" : 1761,
      "end" : 1764,
      "text" : "the",
      "whiteSpace" : false
    }, {
      "id" : "s21-t22",
      "begin" : 1765,
      "end" : 1773,
      "text" : "original",
      "whiteSpace" : false
    }, {
      "id" : "s21-t23",
      "begin" : 1774,
      "end" : 1780,
      "text" : "filing",
      "whiteSpace" : false
    }, {
      "id" : "s21-t24",
      "begin" : 1781,
      "end" : 1784,
      "text" : "and",
      "whiteSpace" : false
    }, {
      "id" : "s21-t25",
      "begin" : 1785,
      "end" : 1787,
      "text" : "\\\"",
      "whiteSpace" : false
    }, {
      "id" : "s21-t26",
      "begin" : 1787,
      "end" : 1791,
      "text" : "View",
      "whiteSpace" : false
    }, {
      "id" : "s21-t27",
      "begin" : 1792,
      "end" : 1794,
      "text" : "my",
      "whiteSpace" : false
    }, {
      "id" : "s21-t28",
      "begin" : 1795,
      "end" : 1802,
      "text" : "expired",
      "whiteSpace" : false
    }, {
      "id" : "s21-t29",
      "begin" : 1803,
      "end" : 1805,
      "text" : "UI",
      "whiteSpace" : false
    }, {
      "id" : "s21-t30",
      "begin" : 1806,
      "end" : 1811,
      "text" : "claim",
      "whiteSpace" : false
    }, {
      "id" : "s21-t31",
      "begin" : 1811,
      "end" : 1812,
      "text" : "\\",
      "whiteSpace" : false
    }, {
      "id" : "s21-t32",
      "begin" : 1812,
      "end" : 1813,
      "text" : "\"",
      "whiteSpace" : false
    }, {
      "id" : "s21-t33",
      "begin" : 1814,
      "end" : 1819,
      "text" : "which",
      "whiteSpace" : false
    }, {
      "id" : "s21-t34",
      "begin" : 1820,
      "end" : 1822,
      "text" : "is",
      "whiteSpace" : false
    }, {
      "id" : "s21-t35",
      "begin" : 1823,
      "end" : 1826,
      "text" : "the",
      "whiteSpace" : false
    }, {
      "id" : "s21-t36",
      "begin" : 1827,
      "end" : 1830,
      "text" : "new",
      "whiteSpace" : false
    }, {
      "id" : "s21-t37",
      "begin" : 1831,
      "end" : 1834,
      "text" : "one",
      "whiteSpace" : false
    }, {
      "id" : "s21-t38",
      "begin" : 1834,
      "end" : 1835,
      "text" : ".",
      "whiteSpace" : false
    } ]
  }, {
    "id" : "s22",
    "begin" : 1836,
    "end" : 1990,
    "text" : "The new (expired) claim is asking me to file weekly claims, but I do not see the point in that since I am already filing with the original (active) claim.",
    "tokens" : [ {
      "id" : "s22-t0",
      "begin" : 1836,
      "end" : 1839,
      "text" : "The",
      "whiteSpace" : false
    }, {
      "id" : "s22-t1",
      "begin" : 1840,
      "end" : 1843,
      "text" : "new",
      "whiteSpace" : false
    }, {
      "id" : "s22-t2",
      "begin" : 1844,
      "end" : 1845,
      "text" : "(",
      "whiteSpace" : false
    }, {
      "id" : "s22-t3",
      "begin" : 1845,
      "end" : 1852,
      "text" : "expired",
      "whiteSpace" : false
    }, {
      "id" : "s22-t4",
      "begin" : 1852,
      "end" : 1853,
      "text" : ")",
      "whiteSpace" : false
    }, {
      "id" : "s22-t5",
      "begin" : 1854,
      "end" : 1859,
      "text" : "claim",
      "whiteSpace" : false
    }, {
      "id" : "s22-t6",
      "begin" : 1860,
      "end" : 1862,
      "text" : "is",
      "whiteSpace" : false
    }, {
      "id" : "s22-t7",
      "begin" : 1863,
      "end" : 1869,
      "text" : "asking",
      "whiteSpace" : false
    }, {
      "id" : "s22-t8",
      "begin" : 1870,
      "end" : 1872,
      "text" : "me",
      "whiteSpace" : false
    }, {
      "id" : "s22-t9",
      "begin" : 1873,
      "end" : 1875,
      "text" : "to",
      "whiteSpace" : false
    }, {
      "id" : "s22-t10",
      "begin" : 1876,
      "end" : 1880,
      "text" : "file",
      "whiteSpace" : false
    }, {
      "id" : "s22-t11",
      "begin" : 1881,
      "end" : 1887,
      "text" : "weekly",
      "whiteSpace" : false
    }, {
      "id" : "s22-t12",
      "begin" : 1888,
      "end" : 1894,
      "text" : "claims",
      "whiteSpace" : false
    }, {
      "id" : "s22-t13",
      "begin" : 1894,
      "end" : 1895,
      "text" : ",",
      "whiteSpace" : false
    }, {
      "id" : "s22-t14",
      "begin" : 1896,
      "end" : 1899,
      "text" : "but",
      "whiteSpace" : false
    }, {
      "id" : "s22-t15",
      "begin" : 1900,
      "end" : 1901,
      "text" : "I",
      "whiteSpace" : false
    }, {
      "id" : "s22-t16",
      "begin" : 1902,
      "end" : 1904,
      "text" : "do",
      "whiteSpace" : false
    }, {
      "id" : "s22-t17",
      "begin" : 1905,
      "end" : 1908,
      "text" : "not",
      "whiteSpace" : false
    }, {
      "id" : "s22-t18",
      "begin" : 1909,
      "end" : 1912,
      "text" : "see",
      "whiteSpace" : false
    }, {
      "id" : "s22-t19",
      "begin" : 1913,
      "end" : 1916,
      "text" : "the",
      "whiteSpace" : false
    }, {
      "id" : "s22-t20",
      "begin" : 1917,
      "end" : 1922,
      "text" : "point",
      "whiteSpace" : false
    }, {
      "id" : "s22-t21",
      "begin" : 1923,
      "end" : 1925,
      "text" : "in",
      "whiteSpace" : false
    }, {
      "id" : "s22-t22",
      "begin" : 1926,
      "end" : 1930,
      "text" : "that",
      "whiteSpace" : false
    }, {
      "id" : "s22-t23",
      "begin" : 1931,
      "end" : 1936,
      "text" : "since",
      "whiteSpace" : false
    }, {
      "id" : "s22-t24",
      "begin" : 1937,
      "end" : 1938,
      "text" : "I",
      "whiteSpace" : false
    }, {
      "id" : "s22-t25",
      "begin" : 1939,
      "end" : 1941,
      "text" : "am",
      "whiteSpace" : false
    }, {
      "id" : "s22-t26",
      "begin" : 1942,
      "end" : 1949,
      "text" : "already",
      "whiteSpace" : false
    }, {
      "id" : "s22-t27",
      "begin" : 1950,
      "end" : 1956,
      "text" : "filing",
      "whiteSpace" : false
    }, {
      "id" : "s22-t28",
      "begin" : 1957,
      "end" : 1961,
      "text" : "with",
      "whiteSpace" : false
    }, {
      "id" : "s22-t29",
      "begin" : 1962,
      "end" : 1965,
      "text" : "the",
      "whiteSpace" : false
    }, {
      "id" : "s22-t30",
      "begin" : 1966,
      "end" : 1974,
      "text" : "original",
      "whiteSpace" : false
    }, {
      "id" : "s22-t31",
      "begin" : 1975,
      "end" : 1976,
      "text" : "(",
      "whiteSpace" : false
    }, {
      "id" : "s22-t32",
      "begin" : 1976,
      "end" : 1982,
      "text" : "active",
      "whiteSpace" : false
    }, {
      "id" : "s22-t33",
      "begin" : 1982,
      "end" : 1983,
      "text" : ")",
      "whiteSpace" : false
    }, {
      "id" : "s22-t34",
      "begin" : 1984,
      "end" : 1989,
      "text" : "claim",
      "whiteSpace" : false
    }, {
      "id" : "s22-t35",
      "begin" : 1989,
      "end" : 1990,
      "text" : ".",
      "whiteSpace" : false
    } ]
  }, {
    "id" : "s23",
    "begin" : 1991,
    "end" : 2035,
    "text" : "I do not know what that extra claim will do.",
    "tokens" : [ {
      "id" : "s23-t0",
      "begin" : 1991,
      "end" : 1992,
      "text" : "I",
      "whiteSpace" : false
    }, {
      "id" : "s23-t1",
      "begin" : 1993,
      "end" : 1995,
      "text" : "do",
      "whiteSpace" : false
    }, {
      "id" : "s23-t2",
      "begin" : 1996,
      "end" : 1999,
      "text" : "not",
      "whiteSpace" : false
    }, {
      "id" : "s23-t3",
      "begin" : 2000,
      "end" : 2004,
      "text" : "know",
      "whiteSpace" : false
    }, {
      "id" : "s23-t4",
      "begin" : 2005,
      "end" : 2009,
      "text" : "what",
      "whiteSpace" : false
    }, {
      "id" : "s23-t5",
      "begin" : 2010,
      "end" : 2014,
      "text" : "that",
      "whiteSpace" : false
    }, {
      "id" : "s23-t6",
      "begin" : 2015,
      "end" : 2020,
      "text" : "extra",
      "whiteSpace" : false
    }, {
      "id" : "s23-t7",
      "begin" : 2021,
      "end" : 2026,
      "text" : "claim",
      "whiteSpace" : false
    }, {
      "id" : "s23-t8",
      "begin" : 2027,
      "end" : 2031,
      "text" : "will",
      "whiteSpace" : false
    }, {
      "id" : "s23-t9",
      "begin" : 2032,
      "end" : 2034,
      "text" : "do",
      "whiteSpace" : false
    }, {
      "id" : "s23-t10",
      "begin" : 2034,
      "end" : 2035,
      "text" : ".",
      "whiteSpace" : false
    } ]
  }, {
    "id" : "s24",
    "begin" : 2036,
    "end" : 2247,
    "text" : "I also did not request standby on the second application, because the website said that this requirement was dismissed, and I filed a week earlier so my inactive (expired) claim will have 4 instead of 3 filings.",
    "tokens" : [ {
      "id" : "s24-t0",
      "begin" : 2036,
      "end" : 2037,
      "text" : "I",
      "whiteSpace" : false
    }, {
      "id" : "s24-t1",
      "begin" : 2038,
      "end" : 2042,
      "text" : "also",
      "whiteSpace" : false
    }, {
      "id" : "s24-t2",
      "begin" : 2043,
      "end" : 2046,
      "text" : "did",
      "whiteSpace" : false
    }, {
      "id" : "s24-t3",
      "begin" : 2047,
      "end" : 2050,
      "text" : "not",
      "whiteSpace" : false
    }, {
      "id" : "s24-t4",
      "begin" : 2051,
      "end" : 2058,
      "text" : "request",
      "whiteSpace" : false
    }, {
      "id" : "s24-t5",
      "begin" : 2059,
      "end" : 2066,
      "text" : "standby",
      "whiteSpace" : false
    }, {
      "id" : "s24-t6",
      "begin" : 2067,
      "end" : 2069,
      "text" : "on",
      "whiteSpace" : false
    }, {
      "id" : "s24-t7",
      "begin" : 2070,
      "end" : 2073,
      "text" : "the",
      "whiteSpace" : false
    }, {
      "id" : "s24-t8",
      "begin" : 2074,
      "end" : 2080,
      "text" : "second",
      "whiteSpace" : false
    }, {
      "id" : "s24-t9",
      "begin" : 2081,
      "end" : 2092,
      "text" : "application",
      "whiteSpace" : false
    }, {
      "id" : "s24-t10",
      "begin" : 2092,
      "end" : 2093,
      "text" : ",",
      "whiteSpace" : false
    }, {
      "id" : "s24-t11",
      "begin" : 2094,
      "end" : 2101,
      "text" : "because",
      "whiteSpace" : false
    }, {
      "id" : "s24-t12",
      "begin" : 2102,
      "end" : 2105,
      "text" : "the",
      "whiteSpace" : false
    }, {
      "id" : "s24-t13",
      "begin" : 2106,
      "end" : 2113,
      "text" : "website",
      "whiteSpace" : false
    }, {
      "id" : "s24-t14",
      "begin" : 2114,
      "end" : 2118,
      "text" : "said",
      "whiteSpace" : false
    }, {
      "id" : "s24-t15",
      "begin" : 2119,
      "end" : 2123,
      "text" : "that",
      "whiteSpace" : false
    }, {
      "id" : "s24-t16",
      "begin" : 2124,
      "end" : 2128,
      "text" : "this",
      "whiteSpace" : false
    }, {
      "id" : "s24-t17",
      "begin" : 2129,
      "end" : 2140,
      "text" : "requirement",
      "whiteSpace" : false
    }, {
      "id" : "s24-t18",
      "begin" : 2141,
      "end" : 2144,
      "text" : "was",
      "whiteSpace" : false
    }, {
      "id" : "s24-t19",
      "begin" : 2145,
      "end" : 2154,
      "text" : "dismissed",
      "whiteSpace" : false
    }, {
      "id" : "s24-t20",
      "begin" : 2154,
      "end" : 2155,
      "text" : ",",
      "whiteSpace" : false
    }, {
      "id" : "s24-t21",
      "begin" : 2156,
      "end" : 2159,
      "text" : "and",
      "whiteSpace" : false
    }, {
      "id" : "s24-t22",
      "begin" : 2160,
      "end" : 2161,
      "text" : "I",
      "whiteSpace" : false
    }, {
      "id" : "s24-t23",
      "begin" : 2162,
      "end" : 2167,
      "text" : "filed",
      "whiteSpace" : false
    }, {
      "id" : "s24-t24",
      "begin" : 2168,
      "end" : 2169,
      "text" : "a",
      "whiteSpace" : false
    }, {
      "id" : "s24-t25",
      "begin" : 2170,
      "end" : 2174,
      "text" : "week",
      "whiteSpace" : false
    }, {
      "id" : "s24-t26",
      "begin" : 2175,
      "end" : 2182,
      "text" : "earlier",
      "whiteSpace" : false
    }, {
      "id" : "s24-t27",
      "begin" : 2183,
      "end" : 2185,
      "text" : "so",
      "whiteSpace" : false
    }, {
      "id" : "s24-t28",
      "begin" : 2186,
      "end" : 2188,
      "text" : "my",
      "whiteSpace" : false
    }, {
      "id" : "s24-t29",
      "begin" : 2189,
      "end" : 2197,
      "text" : "inactive",
      "whiteSpace" : false
    }, {
      "id" : "s24-t30",
      "begin" : 2198,
      "end" : 2199,
      "text" : "(",
      "whiteSpace" : false
    }, {
      "id" : "s24-t31",
      "begin" : 2199,
      "end" : 2206,
      "text" : "expired",
      "whiteSpace" : false
    }, {
      "id" : "s24-t32",
      "begin" : 2206,
      "end" : 2207,
      "text" : ")",
      "whiteSpace" : false
    }, {
      "id" : "s24-t33",
      "begin" : 2208,
      "end" : 2213,
      "text" : "claim",
      "whiteSpace" : false
    }, {
      "id" : "s24-t34",
      "begin" : 2214,
      "end" : 2218,
      "text" : "will",
      "whiteSpace" : false
    }, {
      "id" : "s24-t35",
      "begin" : 2219,
      "end" : 2223,
      "text" : "have",
      "whiteSpace" : false
    }, {
      "id" : "s24-t36",
      "begin" : 2224,
      "end" : 2225,
      "text" : "4",
      "whiteSpace" : false
    }, {
      "id" : "s24-t37",
      "begin" : 2226,
      "end" : 2233,
      "text" : "instead",
      "whiteSpace" : false
    }, {
      "id" : "s24-t38",
      "begin" : 2234,
      "end" : 2236,
      "text" : "of",
      "whiteSpace" : false
    }, {
      "id" : "s24-t39",
      "begin" : 2237,
      "end" : 2238,
      "text" : "3",
      "whiteSpace" : false
    }, {
      "id" : "s24-t40",
      "begin" : 2239,
      "end" : 2246,
      "text" : "filings",
      "whiteSpace" : false
    }, {
      "id" : "s24-t41",
      "begin" : 2246,
      "end" : 2247,
      "text" : ".",
      "whiteSpace" : false
    } ]
  }, {
    "id" : "s25",
    "begin" : 2248,
    "end" : 2339,
    "text" : "\\n\\nOnce I applied for UI the second time, I received another Alert for Apply for Benefits.",
    "tokens" : [ {
      "id" : "s25-t0",
      "begin" : 2248,
      "end" : 2250,
      "text" : "\\n",
      "whiteSpace" : false
    }, {
      "id" : "s25-t1",
      "begin" : 2250,
      "end" : 2256,
      "text" : "\\nOnce",
      "whiteSpace" : false
    }, {
      "id" : "s25-t2",
      "begin" : 2257,
      "end" : 2258,
      "text" : "I",
      "whiteSpace" : false
    }, {
      "id" : "s25-t3",
      "begin" : 2259,
      "end" : 2266,
      "text" : "applied",
      "whiteSpace" : false
    }, {
      "id" : "s25-t4",
      "begin" : 2267,
      "end" : 2270,
      "text" : "for",
      "whiteSpace" : false
    }, {
      "id" : "s25-t5",
      "begin" : 2271,
      "end" : 2273,
      "text" : "UI",
      "whiteSpace" : false
    }, {
      "id" : "s25-t6",
      "begin" : 2274,
      "end" : 2277,
      "text" : "the",
      "whiteSpace" : false
    }, {
      "id" : "s25-t7",
      "begin" : 2278,
      "end" : 2284,
      "text" : "second",
      "whiteSpace" : false
    }, {
      "id" : "s25-t8",
      "begin" : 2285,
      "end" : 2289,
      "text" : "time",
      "whiteSpace" : false
    }, {
      "id" : "s25-t9",
      "begin" : 2289,
      "end" : 2290,
      "text" : ",",
      "whiteSpace" : false
    }, {
      "id" : "s25-t10",
      "begin" : 2291,
      "end" : 2292,
      "text" : "I",
      "whiteSpace" : false
    }, {
      "id" : "s25-t11",
      "begin" : 2293,
      "end" : 2301,
      "text" : "received",
      "whiteSpace" : false
    }, {
      "id" : "s25-t12",
      "begin" : 2302,
      "end" : 2309,
      "text" : "another",
      "whiteSpace" : false
    }, {
      "id" : "s25-t13",
      "begin" : 2310,
      "end" : 2315,
      "text" : "Alert",
      "whiteSpace" : false
    }, {
      "id" : "s25-t14",
      "begin" : 2316,
      "end" : 2319,
      "text" : "for",
      "whiteSpace" : false
    }, {
      "id" : "s25-t15",
      "begin" : 2320,
      "end" : 2325,
      "text" : "Apply",
      "whiteSpace" : false
    }, {
      "id" : "s25-t16",
      "begin" : 2326,
      "end" : 2329,
      "text" : "for",
      "whiteSpace" : false
    }, {
      "id" : "s25-t17",
      "begin" : 2330,
      "end" : 2338,
      "text" : "Benefits",
      "whiteSpace" : false
    }, {
      "id" : "s25-t18",
      "begin" : 2338,
      "end" : 2339,
      "text" : ".",
      "whiteSpace" : false
    } ]
  }, {
    "id" : "s26",
    "begin" : 2340,
    "end" : 2398,
    "text" : "So I assume, applying more than once does not do anything.",
    "tokens" : [ {
      "id" : "s26-t0",
      "begin" : 2340,
      "end" : 2342,
      "text" : "So",
      "whiteSpace" : false
    }, {
      "id" : "s26-t1",
      "begin" : 2343,
      "end" : 2344,
      "text" : "I",
      "whiteSpace" : false
    }, {
      "id" : "s26-t2",
      "begin" : 2345,
      "end" : 2351,
      "text" : "assume",
      "whiteSpace" : false
    }, {
      "id" : "s26-t3",
      "begin" : 2351,
      "end" : 2352,
      "text" : ",",
      "whiteSpace" : false
    }, {
      "id" : "s26-t4",
      "begin" : 2353,
      "end" : 2361,
      "text" : "applying",
      "whiteSpace" : false
    }, {
      "id" : "s26-t5",
      "begin" : 2362,
      "end" : 2366,
      "text" : "more",
      "whiteSpace" : false
    }, {
      "id" : "s26-t6",
      "begin" : 2367,
      "end" : 2371,
      "text" : "than",
      "whiteSpace" : false
    }, {
      "id" : "s26-t7",
      "begin" : 2372,
      "end" : 2376,
      "text" : "once",
      "whiteSpace" : false
    }, {
      "id" : "s26-t8",
      "begin" : 2377,
      "end" : 2381,
      "text" : "does",
      "whiteSpace" : false
    }, {
      "id" : "s26-t9",
      "begin" : 2382,
      "end" : 2385,
      "text" : "not",
      "whiteSpace" : false
    }, {
      "id" : "s26-t10",
      "begin" : 2386,
      "end" : 2388,
      "text" : "do",
      "whiteSpace" : false
    }, {
      "id" : "s26-t11",
      "begin" : 2389,
      "end" : 2397,
      "text" : "anything",
      "whiteSpace" : false
    }, {
      "id" : "s26-t12",
      "begin" : 2397,
      "end" : 2398,
      "text" : ".",
      "whiteSpace" : false
    } ]
  }, {
    "id" : "s27",
    "begin" : 2399,
    "end" : 2445,
    "text" : "\\n\\nTLDR- Hours have been reduced for a month.",
    "tokens" : [ {
      "id" : "s27-t0",
      "begin" : 2399,
      "end" : 2401,
      "text" : "\\n",
      "whiteSpace" : false
    }, {
      "id" : "s27-t1",
      "begin" : 2401,
      "end" : 2407,
      "text" : "\\nTLDR",
      "whiteSpace" : false
    }, {
      "id" : "s27-t2",
      "begin" : 2407,
      "end" : 2408,
      "text" : "-",
      "whiteSpace" : false
    }, {
      "id" : "s27-t3",
      "begin" : 2409,
      "end" : 2414,
      "text" : "Hours",
      "whiteSpace" : false
    }, {
      "id" : "s27-t4",
      "begin" : 2415,
      "end" : 2419,
      "text" : "have",
      "whiteSpace" : false
    }, {
      "id" : "s27-t5",
      "begin" : 2420,
      "end" : 2424,
      "text" : "been",
      "whiteSpace" : false
    }, {
      "id" : "s27-t6",
      "begin" : 2425,
      "end" : 2432,
      "text" : "reduced",
      "whiteSpace" : false
    }, {
      "id" : "s27-t7",
      "begin" : 2433,
      "end" : 2436,
      "text" : "for",
      "whiteSpace" : false
    }, {
      "id" : "s27-t8",
      "begin" : 2437,
      "end" : 2438,
      "text" : "a",
      "whiteSpace" : false
    }, {
      "id" : "s27-t9",
      "begin" : 2439,
      "end" : 2444,
      "text" : "month",
      "whiteSpace" : false
    }, {
      "id" : "s27-t10",
      "begin" : 2444,
      "end" : 2445,
      "text" : ".",
      "whiteSpace" : false
    } ]
  }, {
    "id" : "s28",
    "begin" : 2446,
    "end" : 2477,
    "text" : "Worker has less than 680 hours.",
    "tokens" : [ {
      "id" : "s28-t0",
      "begin" : 2446,
      "end" : 2452,
      "text" : "Worker",
      "whiteSpace" : false
    }, {
      "id" : "s28-t1",
      "begin" : 2453,
      "end" : 2456,
      "text" : "has",
      "whiteSpace" : false
    }, {
      "id" : "s28-t2",
      "begin" : 2457,
      "end" : 2461,
      "text" : "less",
      "whiteSpace" : false
    }, {
      "id" : "s28-t3",
      "begin" : 2462,
      "end" : 2466,
      "text" : "than",
      "whiteSpace" : false
    }, {
      "id" : "s28-t4",
      "begin" : 2467,
      "end" : 2470,
      "text" : "680",
      "whiteSpace" : false
    }, {
      "id" : "s28-t5",
      "begin" : 2471,
      "end" : 2476,
      "text" : "hours",
      "whiteSpace" : false
    }, {
      "id" : "s28-t6",
      "begin" : 2476,
      "end" : 2477,
      "text" : ".",
      "whiteSpace" : false
    } ]
  }, {
    "id" : "s29",
    "begin" : 2478,
    "end" : 2493,
    "text" : "Applied for UI.",
    "tokens" : [ {
      "id" : "s29-t0",
      "begin" : 2478,
      "end" : 2485,
      "text" : "Applied",
      "whiteSpace" : false
    }, {
      "id" : "s29-t1",
      "begin" : 2486,
      "end" : 2489,
      "text" : "for",
      "whiteSpace" : false
    }, {
      "id" : "s29-t2",
      "begin" : 2490,
      "end" : 2492,
      "text" : "UI",
      "whiteSpace" : false
    }, {
      "id" : "s29-t3",
      "begin" : 2492,
      "end" : 2493,
      "text" : ".",
      "whiteSpace" : false
    } ]
  }, {
    "id" : "s30",
    "begin" : 2494,
    "end" : 2505,
    "text" : "Ineligible.",
    "tokens" : [ {
      "id" : "s30-t0",
      "begin" : 2494,
      "end" : 2504,
      "text" : "Ineligible",
      "whiteSpace" : false
    }, {
      "id" : "s30-t1",
      "begin" : 2504,
      "end" : 2505,
      "text" : ".",
      "whiteSpace" : false
    } ]
  }, {
    "id" : "s31",
    "begin" : 2506,
    "end" : 2528,
    "text" : "Filed 3 weekly claims.",
    "tokens" : [ {
      "id" : "s31-t0",
      "begin" : 2506,
      "end" : 2511,
      "text" : "Filed",
      "whiteSpace" : false
    }, {
      "id" : "s31-t1",
      "begin" : 2512,
      "end" : 2513,
      "text" : "3",
      "whiteSpace" : false
    }, {
      "id" : "s31-t2",
      "begin" : 2514,
      "end" : 2520,
      "text" : "weekly",
      "whiteSpace" : false
    }, {
      "id" : "s31-t3",
      "begin" : 2521,
      "end" : 2527,
      "text" : "claims",
      "whiteSpace" : false
    }, {
      "id" : "s31-t4",
      "begin" : 2527,
      "end" : 2528,
      "text" : ".",
      "whiteSpace" : false
    } ]
  }, {
    "id" : "s32",
    "begin" : 2529,
    "end" : 2546,
    "text" : "Applied for PUAC.",
    "tokens" : [ {
      "id" : "s32-t0",
      "begin" : 2529,
      "end" : 2536,
      "text" : "Applied",
      "whiteSpace" : false
    }, {
      "id" : "s32-t1",
      "begin" : 2537,
      "end" : 2540,
      "text" : "for",
      "whiteSpace" : false
    }, {
      "id" : "s32-t2",
      "begin" : 2541,
      "end" : 2545,
      "text" : "PUAC",
      "whiteSpace" : false
    }, {
      "id" : "s32-t3",
      "begin" : 2545,
      "end" : 2546,
      "text" : ".",
      "whiteSpace" : false
    } ]
  }, {
    "id" : "s33",
    "begin" : 2547,
    "end" : 2563,
    "text" : "Nothing changed.",
    "tokens" : [ {
      "id" : "s33-t0",
      "begin" : 2547,
      "end" : 2554,
      "text" : "Nothing",
      "whiteSpace" : false
    }, {
      "id" : "s33-t1",
      "begin" : 2555,
      "end" : 2562,
      "text" : "changed",
      "whiteSpace" : false
    }, {
      "id" : "s33-t2",
      "begin" : 2562,
      "end" : 2563,
      "text" : ".",
      "whiteSpace" : false
    } ]
  }, {
    "id" : "s34",
    "begin" : 2564,
    "end" : 2585,
    "text" : "Applied again for UI.",
    "tokens" : [ {
      "id" : "s34-t0",
      "begin" : 2564,
      "end" : 2571,
      "text" : "Applied",
      "whiteSpace" : false
    }, {
      "id" : "s34-t1",
      "begin" : 2572,
      "end" : 2577,
      "text" : "again",
      "whiteSpace" : false
    }, {
      "id" : "s34-t2",
      "begin" : 2578,
      "end" : 2581,
      "text" : "for",
      "whiteSpace" : false
    }, {
      "id" : "s34-t3",
      "begin" : 2582,
      "end" : 2584,
      "text" : "UI",
      "whiteSpace" : false
    }, {
      "id" : "s34-t4",
      "begin" : 2584,
      "end" : 2585,
      "text" : ".",
      "whiteSpace" : false
    } ]
  }, {
    "id" : "s35",
    "begin" : 2586,
    "end" : 2597,
    "text" : "Ineligible.",
    "tokens" : [ {
      "id" : "s35-t0",
      "begin" : 2586,
      "end" : 2596,
      "text" : "Ineligible",
      "whiteSpace" : false
    }, {
      "id" : "s35-t1",
      "begin" : 2596,
      "end" : 2597,
      "text" : ".",
      "whiteSpace" : false
    } ]
  }, {
    "id" : "s36",
    "begin" : 2597,
    "end" : 2671,
    "text" : "\",\n    \"subreddit\": \"Seattle\",\n    \"created\": \"2020-04-25T01:37:53.000Z\"\n}",
    "tokens" : [ {
      "id" : "s36-t0",
      "begin" : 2597,
      "end" : 2598,
      "text" : "\"",
      "whiteSpace" : false
    }, {
      "id" : "s36-t1",
      "begin" : 2598,
      "end" : 2599,
      "text" : ",",
      "whiteSpace" : false
    }, {
      "id" : "s36-t2",
      "begin" : 2604,
      "end" : 2605,
      "text" : "\"",
      "whiteSpace" : false
    }, {
      "id" : "s36-t3",
      "begin" : 2605,
      "end" : 2614,
      "text" : "subreddit",
      "whiteSpace" : false
    }, {
      "id" : "s36-t4",
      "begin" : 2614,
      "end" : 2615,
      "text" : "\"",
      "whiteSpace" : false
    }, {
      "id" : "s36-t5",
      "begin" : 2615,
      "end" : 2616,
      "text" : ":",
      "whiteSpace" : false
    }, {
      "id" : "s36-t6",
      "begin" : 2617,
      "end" : 2618,
      "text" : "\"",
      "whiteSpace" : false
    }, {
      "id" : "s36-t7",
      "begin" : 2618,
      "end" : 2625,
      "text" : "Seattle",
      "whiteSpace" : false
    }, {
      "id" : "s36-t8",
      "begin" : 2625,
      "end" : 2626,
      "text" : "\"",
      "whiteSpace" : false
    }, {
      "id" : "s36-t9",
      "begin" : 2626,
      "end" : 2627,
      "text" : ",",
      "whiteSpace" : false
    }, {
      "id" : "s36-t10",
      "begin" : 2632,
      "end" : 2633,
      "text" : "\"",
      "whiteSpace" : false
    }, {
      "id" : "s36-t11",
      "begin" : 2633,
      "end" : 2640,
      "text" : "created",
      "whiteSpace" : false
    }, {
      "id" : "s36-t12",
      "begin" : 2640,
      "end" : 2641,
      "text" : "\"",
      "whiteSpace" : false
    }, {
      "id" : "s36-t13",
      "begin" : 2641,
      "end" : 2642,
      "text" : ":",
      "whiteSpace" : false
    }, {
      "id" : "s36-t14",
      "begin" : 2643,
      "end" : 2644,
      "text" : "\"",
      "whiteSpace" : false
    }, {
      "id" : "s36-t15",
      "begin" : 2644,
      "end" : 2668,
      "text" : "2020-04-25T01:37:53.000Z",
      "whiteSpace" : false
    }, {
      "id" : "s36-t16",
      "begin" : 2668,
      "end" : 2669,
      "text" : "\"",
      "whiteSpace" : false
    }, {
      "id" : "s36-t17",
      "begin" : 2670,
      "end" : 2671,
      "text" : "}",
      "whiteSpace" : false
    } ]
  } ],
  "mentions" : [ {
    "id" : "m1",
    "properties" : {
      "SIRE_MENTION_TYPE" : "NONE",
      "SIRE_MENTION_ROLE" : "Unemployed",
      "SIRE_MENTION_CLASS" : "SPC",
      "SIRE_ENTITY_SUBTYPE" : "NONE"
    },
    "type" : "Unemployed",
    "begin" : 16,
    "end" : 28,
    "inCoref" : false
  }, {
    "id" : "s1-m1",
    "properties" : {
      "SIRE_MENTION_ROLE" : "Unemployed",
      "SIRE_ENTITY_SUBTYPE" : "NONE",
      "SIRE_MENTION_TYPE" : "NONE",
      "SIRE_MENTION_CLASS" : "SPC"
    },
    "type" : "Unemployed",
    "begin" : 317,
    "end" : 355,
    "inCoref" : false
  }, {
    "id" : "m2",
    "properties" : {
      "SIRE_MENTION_TYPE" : "NONE",
      "SIRE_MENTION_ROLE" : "Unemployed",
      "SIRE_MENTION_CLASS" : "SPC",
      "SIRE_ENTITY_SUBTYPE" : "NONE"
    },
    "type" : "Unemployed",
    "begin" : 908,
    "end" : 921,
    "inCoref" : false
  }, {
    "id" : "s12-m1",
    "properties" : {
      "SIRE_MENTION_ROLE" : "Unemployed",
      "SIRE_ENTITY_SUBTYPE" : "NONE",
      "SIRE_MENTION_TYPE" : "NONE",
      "SIRE_MENTION_CLASS" : "SPC"
    },
    "type" : "Unemployed",
    "begin" : 968,
    "end" : 978,
    "inCoref" : false
  }, {
    "id" : "s17-m1",
    "properties" : {
      "SIRE_MENTION_ROLE" : "Unemployed",
      "SIRE_ENTITY_SUBTYPE" : "NONE",
      "SIRE_MENTION_TYPE" : "NONE",
      "SIRE_MENTION_CLASS" : "SPC"
    },
    "type" : "Unemployed",
    "begin" : 1365,
    "end" : 1369,
    "inCoref" : false
  }, {
    "id" : "s21-m1",
    "properties" : {
      "SIRE_MENTION_ROLE" : "Unemployed",
      "SIRE_ENTITY_SUBTYPE" : "NONE",
      "SIRE_MENTION_TYPE" : "NONE",
      "SIRE_MENTION_CLASS" : "SPC"
    },
    "type" : "Unemployed",
    "begin" : 1724,
    "end" : 1749,
    "inCoref" : false
  }, {
    "id" : "m3",
    "properties" : {
      "SIRE_MENTION_TYPE" : "NONE",
      "SIRE_MENTION_ROLE" : "Unemployed",
      "SIRE_MENTION_CLASS" : "SPC",
      "SIRE_ENTITY_SUBTYPE" : "NONE"
    },
    "type" : "Unemployed",
    "begin" : 1881,
    "end" : 1894,
    "inCoref" : false
  }, {
    "id" : "s25-m1",
    "properties" : {
      "SIRE_MENTION_ROLE" : "Unemployed",
      "SIRE_ENTITY_SUBTYPE" : "NONE",
      "SIRE_MENTION_TYPE" : "NONE",
      "SIRE_MENTION_CLASS" : "SPC"
    },
    "type" : "Unemployed",
    "begin" : 2257,
    "end" : 2273,
    "inCoref" : false
  }, {
    "id" : "s29-m1",
    "properties" : {
      "SIRE_MENTION_ROLE" : "Unemployed",
      "SIRE_ENTITY_SUBTYPE" : "NONE",
      "SIRE_MENTION_TYPE" : "NONE",
      "SIRE_MENTION_CLASS" : "SPC"
    },
    "type" : "Unemployed",
    "begin" : 2478,
    "end" : 2492,
    "inCoref" : false
  }, {
    "id" : "m5",
    "properties" : {
      "SIRE_MENTION_TYPE" : "NONE",
      "SIRE_MENTION_ROLE" : "Unemployed",
      "SIRE_MENTION_CLASS" : "SPC",
      "SIRE_ENTITY_SUBTYPE" : "NONE"
    },
    "type" : "Unemployed",
    "begin" : 2514,
    "end" : 2527,
    "inCoref" : false
  }, {
    "id" : "s32-m1",
    "properties" : {
      "SIRE_MENTION_ROLE" : "Unemployed",
      "SIRE_ENTITY_SUBTYPE" : "NONE",
      "SIRE_MENTION_TYPE" : "NONE",
      "SIRE_MENTION_CLASS" : "SPC"
    },
    "type" : "Unemployed",
    "begin" : 2529,
    "end" : 2545,
    "inCoref" : false
  }, {
    "id" : "s34-m1",
    "properties" : {
      "SIRE_MENTION_ROLE" : "Unemployed",
      "SIRE_ENTITY_SUBTYPE" : "NONE",
      "SIRE_MENTION_TYPE" : "NONE",
      "SIRE_MENTION_CLASS" : "SPC"
    },
    "type" : "Unemployed",
    "begin" : 2564,
    "end" : 2584,
    "inCoref" : false
  } ],
  "relations" : [ ],
  "corefs" : [ ],
  "typeResolved" : true,
  "userResolved" : false
}