{
  "id" : "0eb010c0-9422-11ea-ba41-8b3cd48b35eb-12",
  "name" : "seattle-doc-105.txt",
  "createdDate" : 0,
  "version" : 3,
  "text" : "{\n    \"title\": \"Moving to Seattle from Virginia\",\n    \"text\": \"Looking for some recommendations about the best, easiest, most affordable, and most efficient ways to move from Virginia to Seattle.  Fingers crossed, I'll be moving in September to start grad school.  Since I'm a student, I won't be moving with a ton of stuff; however, I'm a musician and collect records, so I have slightly more things than the average student considering all the gear I'll be bringing.  Any suggestions, however broad or narrow, are great since this will be my first substantial move away from home.  Thanks!\\n\\nP.S. Yes, I know things are uncertain with the pandemic, but please no comments about staying home or putting my life on hold (I've received them before).  I'll obviously be doing whatever is safest for me and everyone else. :)\",\n    \"subreddit\": \"Seattle\",\n    \"created\": \"2020-04-23T00:51:21.000Z\"\n}",
  "docLength" : 0,
  "language" : "EN",
  "status" : "IN_PROGRESS",
  "modifiedDate" : 1589326887779,
  "documentSet" : [ ],
  "preannotation" : [ "PRE_LW" ],
  "sentences" : [ {
    "id" : "s0",
    "begin" : 0,
    "end" : 195,
    "text" : "{\n    \"title\": \"Moving to Seattle from Virginia\",\n    \"text\": \"Looking for some recommendations about the best, easiest, most affordable, and most efficient ways to move from Virginia to Seattle.",
    "tokens" : [ {
      "id" : "s0-t0",
      "begin" : 0,
      "end" : 1,
      "text" : "{",
      "whiteSpace" : false
    }, {
      "id" : "s0-t1",
      "begin" : 6,
      "end" : 7,
      "text" : "\"",
      "whiteSpace" : false
    }, {
      "id" : "s0-t2",
      "begin" : 7,
      "end" : 12,
      "text" : "title",
      "whiteSpace" : false
    }, {
      "id" : "s0-t3",
      "begin" : 12,
      "end" : 13,
      "text" : "\"",
      "whiteSpace" : false
    }, {
      "id" : "s0-t4",
      "begin" : 13,
      "end" : 14,
      "text" : ":",
      "whiteSpace" : false
    }, {
      "id" : "s0-t5",
      "begin" : 15,
      "end" : 16,
      "text" : "\"",
      "whiteSpace" : false
    }, {
      "id" : "s0-t6",
      "begin" : 16,
      "end" : 22,
      "text" : "Moving",
      "whiteSpace" : false
    }, {
      "id" : "s0-t7",
      "begin" : 23,
      "end" : 25,
      "text" : "to",
      "whiteSpace" : false
    }, {
      "id" : "s0-t8",
      "begin" : 26,
      "end" : 33,
      "text" : "Seattle",
      "whiteSpace" : false
    }, {
      "id" : "s0-t9",
      "begin" : 34,
      "end" : 38,
      "text" : "from",
      "whiteSpace" : false
    }, {
      "id" : "s0-t10",
      "begin" : 39,
      "end" : 47,
      "text" : "Virginia",
      "whiteSpace" : false
    }, {
      "id" : "s0-t11",
      "begin" : 47,
      "end" : 48,
      "text" : "\"",
      "whiteSpace" : false
    }, {
      "id" : "s0-t12",
      "begin" : 48,
      "end" : 49,
      "text" : ",",
      "whiteSpace" : false
    }, {
      "id" : "s0-t13",
      "begin" : 54,
      "end" : 55,
      "text" : "\"",
      "whiteSpace" : false
    }, {
      "id" : "s0-t14",
      "begin" : 55,
      "end" : 59,
      "text" : "text",
      "whiteSpace" : false
    }, {
      "id" : "s0-t15",
      "begin" : 59,
      "end" : 60,
      "text" : "\"",
      "whiteSpace" : false
    }, {
      "id" : "s0-t16",
      "begin" : 60,
      "end" : 61,
      "text" : ":",
      "whiteSpace" : false
    }, {
      "id" : "s0-t17",
      "begin" : 62,
      "end" : 63,
      "text" : "\"",
      "whiteSpace" : false
    }, {
      "id" : "s0-t18",
      "begin" : 63,
      "end" : 70,
      "text" : "Looking",
      "whiteSpace" : false
    }, {
      "id" : "s0-t19",
      "begin" : 71,
      "end" : 74,
      "text" : "for",
      "whiteSpace" : false
    }, {
      "id" : "s0-t20",
      "begin" : 75,
      "end" : 79,
      "text" : "some",
      "whiteSpace" : false
    }, {
      "id" : "s0-t21",
      "begin" : 80,
      "end" : 95,
      "text" : "recommendations",
      "whiteSpace" : false
    }, {
      "id" : "s0-t22",
      "begin" : 96,
      "end" : 101,
      "text" : "about",
      "whiteSpace" : false
    }, {
      "id" : "s0-t23",
      "begin" : 102,
      "end" : 105,
      "text" : "the",
      "whiteSpace" : false
    }, {
      "id" : "s0-t24",
      "begin" : 106,
      "end" : 110,
      "text" : "best",
      "whiteSpace" : false
    }, {
      "id" : "s0-t25",
      "begin" : 110,
      "end" : 111,
      "text" : ",",
      "whiteSpace" : false
    }, {
      "id" : "s0-t26",
      "begin" : 112,
      "end" : 119,
      "text" : "easiest",
      "whiteSpace" : false
    }, {
      "id" : "s0-t27",
      "begin" : 119,
      "end" : 120,
      "text" : ",",
      "whiteSpace" : false
    }, {
      "id" : "s0-t28",
      "begin" : 121,
      "end" : 125,
      "text" : "most",
      "whiteSpace" : false
    }, {
      "id" : "s0-t29",
      "begin" : 126,
      "end" : 136,
      "text" : "affordable",
      "whiteSpace" : false
    }, {
      "id" : "s0-t30",
      "begin" : 136,
      "end" : 137,
      "text" : ",",
      "whiteSpace" : false
    }, {
      "id" : "s0-t31",
      "begin" : 138,
      "end" : 141,
      "text" : "and",
      "whiteSpace" : false
    }, {
      "id" : "s0-t32",
      "begin" : 142,
      "end" : 146,
      "text" : "most",
      "whiteSpace" : false
    }, {
      "id" : "s0-t33",
      "begin" : 147,
      "end" : 156,
      "text" : "efficient",
      "whiteSpace" : false
    }, {
      "id" : "s0-t34",
      "begin" : 157,
      "end" : 161,
      "text" : "ways",
      "whiteSpace" : false
    }, {
      "id" : "s0-t35",
      "begin" : 162,
      "end" : 164,
      "text" : "to",
      "whiteSpace" : false
    }, {
      "id" : "s0-t36",
      "begin" : 165,
      "end" : 169,
      "text" : "move",
      "whiteSpace" : false
    }, {
      "id" : "s0-t37",
      "begin" : 170,
      "end" : 174,
      "text" : "from",
      "whiteSpace" : false
    }, {
      "id" : "s0-t38",
      "begin" : 175,
      "end" : 183,
      "text" : "Virginia",
      "whiteSpace" : false
    }, {
      "id" : "s0-t39",
      "begin" : 184,
      "end" : 186,
      "text" : "to",
      "whiteSpace" : false
    }, {
      "id" : "s0-t40",
      "begin" : 187,
      "end" : 194,
      "text" : "Seattle",
      "whiteSpace" : false
    }, {
      "id" : "s0-t41",
      "begin" : 194,
      "end" : 195,
      "text" : ".",
      "whiteSpace" : false
    } ]
  }, {
    "id" : "s1",
    "begin" : 197,
    "end" : 263,
    "text" : "Fingers crossed, I'll be moving in September to start grad school.",
    "tokens" : [ {
      "id" : "s1-t0",
      "begin" : 197,
      "end" : 204,
      "text" : "Fingers",
      "whiteSpace" : false
    }, {
      "id" : "s1-t1",
      "begin" : 205,
      "end" : 212,
      "text" : "crossed",
      "whiteSpace" : false
    }, {
      "id" : "s1-t2",
      "begin" : 212,
      "end" : 213,
      "text" : ",",
      "whiteSpace" : false
    }, {
      "id" : "s1-t3",
      "begin" : 214,
      "end" : 215,
      "text" : "I",
      "whiteSpace" : false
    }, {
      "id" : "s1-t4",
      "begin" : 215,
      "end" : 218,
      "text" : "'ll",
      "whiteSpace" : false
    }, {
      "id" : "s1-t5",
      "begin" : 219,
      "end" : 221,
      "text" : "be",
      "whiteSpace" : false
    }, {
      "id" : "s1-t6",
      "begin" : 222,
      "end" : 228,
      "text" : "moving",
      "whiteSpace" : false
    }, {
      "id" : "s1-t7",
      "begin" : 229,
      "end" : 231,
      "text" : "in",
      "whiteSpace" : false
    }, {
      "id" : "s1-t8",
      "begin" : 232,
      "end" : 241,
      "text" : "September",
      "whiteSpace" : false
    }, {
      "id" : "s1-t9",
      "begin" : 242,
      "end" : 244,
      "text" : "to",
      "whiteSpace" : false
    }, {
      "id" : "s1-t10",
      "begin" : 245,
      "end" : 250,
      "text" : "start",
      "whiteSpace" : false
    }, {
      "id" : "s1-t11",
      "begin" : 251,
      "end" : 255,
      "text" : "grad",
      "whiteSpace" : false
    }, {
      "id" : "s1-t12",
      "begin" : 256,
      "end" : 262,
      "text" : "school",
      "whiteSpace" : false
    }, {
      "id" : "s1-t13",
      "begin" : 262,
      "end" : 263,
      "text" : ".",
      "whiteSpace" : false
    } ]
  }, {
    "id" : "s2",
    "begin" : 265,
    "end" : 468,
    "text" : "Since I'm a student, I won't be moving with a ton of stuff; however, I'm a musician and collect records, so I have slightly more things than the average student considering all the gear I'll be bringing.",
    "tokens" : [ {
      "id" : "s2-t0",
      "begin" : 265,
      "end" : 270,
      "text" : "Since",
      "whiteSpace" : false
    }, {
      "id" : "s2-t1",
      "begin" : 271,
      "end" : 272,
      "text" : "I",
      "whiteSpace" : false
    }, {
      "id" : "s2-t2",
      "begin" : 272,
      "end" : 274,
      "text" : "'m",
      "whiteSpace" : false
    }, {
      "id" : "s2-t3",
      "begin" : 275,
      "end" : 276,
      "text" : "a",
      "whiteSpace" : false
    }, {
      "id" : "s2-t4",
      "begin" : 277,
      "end" : 284,
      "text" : "student",
      "whiteSpace" : false
    }, {
      "id" : "s2-t5",
      "begin" : 284,
      "end" : 285,
      "text" : ",",
      "whiteSpace" : false
    }, {
      "id" : "s2-t6",
      "begin" : 286,
      "end" : 287,
      "text" : "I",
      "whiteSpace" : false
    }, {
      "id" : "s2-t7",
      "begin" : 288,
      "end" : 290,
      "text" : "wo",
      "whiteSpace" : false
    }, {
      "id" : "s2-t8",
      "begin" : 290,
      "end" : 293,
      "text" : "n't",
      "whiteSpace" : false
    }, {
      "id" : "s2-t9",
      "begin" : 294,
      "end" : 296,
      "text" : "be",
      "whiteSpace" : false
    }, {
      "id" : "s2-t10",
      "begin" : 297,
      "end" : 303,
      "text" : "moving",
      "whiteSpace" : false
    }, {
      "id" : "s2-t11",
      "begin" : 304,
      "end" : 308,
      "text" : "with",
      "whiteSpace" : false
    }, {
      "id" : "s2-t12",
      "begin" : 309,
      "end" : 310,
      "text" : "a",
      "whiteSpace" : false
    }, {
      "id" : "s2-t13",
      "begin" : 311,
      "end" : 314,
      "text" : "ton",
      "whiteSpace" : false
    }, {
      "id" : "s2-t14",
      "begin" : 315,
      "end" : 317,
      "text" : "of",
      "whiteSpace" : false
    }, {
      "id" : "s2-t15",
      "begin" : 318,
      "end" : 323,
      "text" : "stuff",
      "whiteSpace" : false
    }, {
      "id" : "s2-t16",
      "begin" : 323,
      "end" : 324,
      "text" : ";",
      "whiteSpace" : false
    }, {
      "id" : "s2-t17",
      "begin" : 325,
      "end" : 332,
      "text" : "however",
      "whiteSpace" : false
    }, {
      "id" : "s2-t18",
      "begin" : 332,
      "end" : 333,
      "text" : ",",
      "whiteSpace" : false
    }, {
      "id" : "s2-t19",
      "begin" : 334,
      "end" : 335,
      "text" : "I",
      "whiteSpace" : false
    }, {
      "id" : "s2-t20",
      "begin" : 335,
      "end" : 337,
      "text" : "'m",
      "whiteSpace" : false
    }, {
      "id" : "s2-t21",
      "begin" : 338,
      "end" : 339,
      "text" : "a",
      "whiteSpace" : false
    }, {
      "id" : "s2-t22",
      "begin" : 340,
      "end" : 348,
      "text" : "musician",
      "whiteSpace" : false
    }, {
      "id" : "s2-t23",
      "begin" : 349,
      "end" : 352,
      "text" : "and",
      "whiteSpace" : false
    }, {
      "id" : "s2-t24",
      "begin" : 353,
      "end" : 360,
      "text" : "collect",
      "whiteSpace" : false
    }, {
      "id" : "s2-t25",
      "begin" : 361,
      "end" : 368,
      "text" : "records",
      "whiteSpace" : false
    }, {
      "id" : "s2-t26",
      "begin" : 368,
      "end" : 369,
      "text" : ",",
      "whiteSpace" : false
    }, {
      "id" : "s2-t27",
      "begin" : 370,
      "end" : 372,
      "text" : "so",
      "whiteSpace" : false
    }, {
      "id" : "s2-t28",
      "begin" : 373,
      "end" : 374,
      "text" : "I",
      "whiteSpace" : false
    }, {
      "id" : "s2-t29",
      "begin" : 375,
      "end" : 379,
      "text" : "have",
      "whiteSpace" : false
    }, {
      "id" : "s2-t30",
      "begin" : 380,
      "end" : 388,
      "text" : "slightly",
      "whiteSpace" : false
    }, {
      "id" : "s2-t31",
      "begin" : 389,
      "end" : 393,
      "text" : "more",
      "whiteSpace" : false
    }, {
      "id" : "s2-t32",
      "begin" : 394,
      "end" : 400,
      "text" : "things",
      "whiteSpace" : false
    }, {
      "id" : "s2-t33",
      "begin" : 401,
      "end" : 405,
      "text" : "than",
      "whiteSpace" : false
    }, {
      "id" : "s2-t34",
      "begin" : 406,
      "end" : 409,
      "text" : "the",
      "whiteSpace" : false
    }, {
      "id" : "s2-t35",
      "begin" : 410,
      "end" : 417,
      "text" : "average",
      "whiteSpace" : false
    }, {
      "id" : "s2-t36",
      "begin" : 418,
      "end" : 425,
      "text" : "student",
      "whiteSpace" : false
    }, {
      "id" : "s2-t37",
      "begin" : 426,
      "end" : 437,
      "text" : "considering",
      "whiteSpace" : false
    }, {
      "id" : "s2-t38",
      "begin" : 438,
      "end" : 441,
      "text" : "all",
      "whiteSpace" : false
    }, {
      "id" : "s2-t39",
      "begin" : 442,
      "end" : 445,
      "text" : "the",
      "whiteSpace" : false
    }, {
      "id" : "s2-t40",
      "begin" : 446,
      "end" : 450,
      "text" : "gear",
      "whiteSpace" : false
    }, {
      "id" : "s2-t41",
      "begin" : 451,
      "end" : 452,
      "text" : "I",
      "whiteSpace" : false
    }, {
      "id" : "s2-t42",
      "begin" : 452,
      "end" : 455,
      "text" : "'ll",
      "whiteSpace" : false
    }, {
      "id" : "s2-t43",
      "begin" : 456,
      "end" : 458,
      "text" : "be",
      "whiteSpace" : false
    }, {
      "id" : "s2-t44",
      "begin" : 459,
      "end" : 467,
      "text" : "bringing",
      "whiteSpace" : false
    }, {
      "id" : "s2-t45",
      "begin" : 467,
      "end" : 468,
      "text" : ".",
      "whiteSpace" : false
    } ]
  }, {
    "id" : "s3",
    "begin" : 470,
    "end" : 582,
    "text" : "Any suggestions, however broad or narrow, are great since this will be my first substantial move away from home.",
    "tokens" : [ {
      "id" : "s3-t0",
      "begin" : 470,
      "end" : 473,
      "text" : "Any",
      "whiteSpace" : false
    }, {
      "id" : "s3-t1",
      "begin" : 474,
      "end" : 485,
      "text" : "suggestions",
      "whiteSpace" : false
    }, {
      "id" : "s3-t2",
      "begin" : 485,
      "end" : 486,
      "text" : ",",
      "whiteSpace" : false
    }, {
      "id" : "s3-t3",
      "begin" : 487,
      "end" : 494,
      "text" : "however",
      "whiteSpace" : false
    }, {
      "id" : "s3-t4",
      "begin" : 495,
      "end" : 500,
      "text" : "broad",
      "whiteSpace" : false
    }, {
      "id" : "s3-t5",
      "begin" : 501,
      "end" : 503,
      "text" : "or",
      "whiteSpace" : false
    }, {
      "id" : "s3-t6",
      "begin" : 504,
      "end" : 510,
      "text" : "narrow",
      "whiteSpace" : false
    }, {
      "id" : "s3-t7",
      "begin" : 510,
      "end" : 511,
      "text" : ",",
      "whiteSpace" : false
    }, {
      "id" : "s3-t8",
      "begin" : 512,
      "end" : 515,
      "text" : "are",
      "whiteSpace" : false
    }, {
      "id" : "s3-t9",
      "begin" : 516,
      "end" : 521,
      "text" : "great",
      "whiteSpace" : false
    }, {
      "id" : "s3-t10",
      "begin" : 522,
      "end" : 527,
      "text" : "since",
      "whiteSpace" : false
    }, {
      "id" : "s3-t11",
      "begin" : 528,
      "end" : 532,
      "text" : "this",
      "whiteSpace" : false
    }, {
      "id" : "s3-t12",
      "begin" : 533,
      "end" : 537,
      "text" : "will",
      "whiteSpace" : false
    }, {
      "id" : "s3-t13",
      "begin" : 538,
      "end" : 540,
      "text" : "be",
      "whiteSpace" : false
    }, {
      "id" : "s3-t14",
      "begin" : 541,
      "end" : 543,
      "text" : "my",
      "whiteSpace" : false
    }, {
      "id" : "s3-t15",
      "begin" : 544,
      "end" : 549,
      "text" : "first",
      "whiteSpace" : false
    }, {
      "id" : "s3-t16",
      "begin" : 550,
      "end" : 561,
      "text" : "substantial",
      "whiteSpace" : false
    }, {
      "id" : "s3-t17",
      "begin" : 562,
      "end" : 566,
      "text" : "move",
      "whiteSpace" : false
    }, {
      "id" : "s3-t18",
      "begin" : 567,
      "end" : 571,
      "text" : "away",
      "whiteSpace" : false
    }, {
      "id" : "s3-t19",
      "begin" : 572,
      "end" : 576,
      "text" : "from",
      "whiteSpace" : false
    }, {
      "id" : "s3-t20",
      "begin" : 577,
      "end" : 581,
      "text" : "home",
      "whiteSpace" : false
    }, {
      "id" : "s3-t21",
      "begin" : 581,
      "end" : 582,
      "text" : ".",
      "whiteSpace" : false
    } ]
  }, {
    "id" : "s4",
    "begin" : 584,
    "end" : 591,
    "text" : "Thanks!",
    "tokens" : [ {
      "id" : "s4-t0",
      "begin" : 584,
      "end" : 590,
      "text" : "Thanks",
      "whiteSpace" : false
    }, {
      "id" : "s4-t1",
      "begin" : 590,
      "end" : 591,
      "text" : "!",
      "whiteSpace" : false
    } ]
  }, {
    "id" : "s5",
    "begin" : 591,
    "end" : 749,
    "text" : "\\n\\nP.S. Yes, I know things are uncertain with the pandemic, but please no comments about staying home or putting my life on hold (I've received them before).",
    "tokens" : [ {
      "id" : "s5-t0",
      "begin" : 591,
      "end" : 599,
      "text" : "\\n\\nP.S.",
      "whiteSpace" : false
    }, {
      "id" : "s5-t1",
      "begin" : 600,
      "end" : 603,
      "text" : "Yes",
      "whiteSpace" : false
    }, {
      "id" : "s5-t2",
      "begin" : 603,
      "end" : 604,
      "text" : ",",
      "whiteSpace" : false
    }, {
      "id" : "s5-t3",
      "begin" : 605,
      "end" : 606,
      "text" : "I",
      "whiteSpace" : false
    }, {
      "id" : "s5-t4",
      "begin" : 607,
      "end" : 611,
      "text" : "know",
      "whiteSpace" : false
    }, {
      "id" : "s5-t5",
      "begin" : 612,
      "end" : 618,
      "text" : "things",
      "whiteSpace" : false
    }, {
      "id" : "s5-t6",
      "begin" : 619,
      "end" : 622,
      "text" : "are",
      "whiteSpace" : false
    }, {
      "id" : "s5-t7",
      "begin" : 623,
      "end" : 632,
      "text" : "uncertain",
      "whiteSpace" : false
    }, {
      "id" : "s5-t8",
      "begin" : 633,
      "end" : 637,
      "text" : "with",
      "whiteSpace" : false
    }, {
      "id" : "s5-t9",
      "begin" : 638,
      "end" : 641,
      "text" : "the",
      "whiteSpace" : false
    }, {
      "id" : "s5-t10",
      "begin" : 642,
      "end" : 650,
      "text" : "pandemic",
      "whiteSpace" : false
    }, {
      "id" : "s5-t11",
      "begin" : 650,
      "end" : 651,
      "text" : ",",
      "whiteSpace" : false
    }, {
      "id" : "s5-t12",
      "begin" : 652,
      "end" : 655,
      "text" : "but",
      "whiteSpace" : false
    }, {
      "id" : "s5-t13",
      "begin" : 656,
      "end" : 662,
      "text" : "please",
      "whiteSpace" : false
    }, {
      "id" : "s5-t14",
      "begin" : 663,
      "end" : 665,
      "text" : "no",
      "whiteSpace" : false
    }, {
      "id" : "s5-t15",
      "begin" : 666,
      "end" : 674,
      "text" : "comments",
      "whiteSpace" : false
    }, {
      "id" : "s5-t16",
      "begin" : 675,
      "end" : 680,
      "text" : "about",
      "whiteSpace" : false
    }, {
      "id" : "s5-t17",
      "begin" : 681,
      "end" : 688,
      "text" : "staying",
      "whiteSpace" : false
    }, {
      "id" : "s5-t18",
      "begin" : 689,
      "end" : 693,
      "text" : "home",
      "whiteSpace" : false
    }, {
      "id" : "s5-t19",
      "begin" : 694,
      "end" : 696,
      "text" : "or",
      "whiteSpace" : false
    }, {
      "id" : "s5-t20",
      "begin" : 697,
      "end" : 704,
      "text" : "putting",
      "whiteSpace" : false
    }, {
      "id" : "s5-t21",
      "begin" : 705,
      "end" : 707,
      "text" : "my",
      "whiteSpace" : false
    }, {
      "id" : "s5-t22",
      "begin" : 708,
      "end" : 712,
      "text" : "life",
      "whiteSpace" : false
    }, {
      "id" : "s5-t23",
      "begin" : 713,
      "end" : 715,
      "text" : "on",
      "whiteSpace" : false
    }, {
      "id" : "s5-t24",
      "begin" : 716,
      "end" : 720,
      "text" : "hold",
      "whiteSpace" : false
    }, {
      "id" : "s5-t25",
      "begin" : 721,
      "end" : 722,
      "text" : "(",
      "whiteSpace" : false
    }, {
      "id" : "s5-t26",
      "begin" : 722,
      "end" : 723,
      "text" : "I",
      "whiteSpace" : false
    }, {
      "id" : "s5-t27",
      "begin" : 723,
      "end" : 726,
      "text" : "'ve",
      "whiteSpace" : false
    }, {
      "id" : "s5-t28",
      "begin" : 727,
      "end" : 735,
      "text" : "received",
      "whiteSpace" : false
    }, {
      "id" : "s5-t29",
      "begin" : 736,
      "end" : 740,
      "text" : "them",
      "whiteSpace" : false
    }, {
      "id" : "s5-t30",
      "begin" : 741,
      "end" : 747,
      "text" : "before",
      "whiteSpace" : false
    }, {
      "id" : "s5-t31",
      "begin" : 747,
      "end" : 748,
      "text" : ")",
      "whiteSpace" : false
    }, {
      "id" : "s5-t32",
      "begin" : 748,
      "end" : 749,
      "text" : ".",
      "whiteSpace" : false
    } ]
  }, {
    "id" : "s6",
    "begin" : 751,
    "end" : 819,
    "text" : "I'll obviously be doing whatever is safest for me and everyone else.",
    "tokens" : [ {
      "id" : "s6-t0",
      "begin" : 751,
      "end" : 752,
      "text" : "I",
      "whiteSpace" : false
    }, {
      "id" : "s6-t1",
      "begin" : 752,
      "end" : 755,
      "text" : "'ll",
      "whiteSpace" : false
    }, {
      "id" : "s6-t2",
      "begin" : 756,
      "end" : 765,
      "text" : "obviously",
      "whiteSpace" : false
    }, {
      "id" : "s6-t3",
      "begin" : 766,
      "end" : 768,
      "text" : "be",
      "whiteSpace" : false
    }, {
      "id" : "s6-t4",
      "begin" : 769,
      "end" : 774,
      "text" : "doing",
      "whiteSpace" : false
    }, {
      "id" : "s6-t5",
      "begin" : 775,
      "end" : 783,
      "text" : "whatever",
      "whiteSpace" : false
    }, {
      "id" : "s6-t6",
      "begin" : 784,
      "end" : 786,
      "text" : "is",
      "whiteSpace" : false
    }, {
      "id" : "s6-t7",
      "begin" : 787,
      "end" : 793,
      "text" : "safest",
      "whiteSpace" : false
    }, {
      "id" : "s6-t8",
      "begin" : 794,
      "end" : 797,
      "text" : "for",
      "whiteSpace" : false
    }, {
      "id" : "s6-t9",
      "begin" : 798,
      "end" : 800,
      "text" : "me",
      "whiteSpace" : false
    }, {
      "id" : "s6-t10",
      "begin" : 801,
      "end" : 804,
      "text" : "and",
      "whiteSpace" : false
    }, {
      "id" : "s6-t11",
      "begin" : 805,
      "end" : 813,
      "text" : "everyone",
      "whiteSpace" : false
    }, {
      "id" : "s6-t12",
      "begin" : 814,
      "end" : 818,
      "text" : "else",
      "whiteSpace" : false
    }, {
      "id" : "s6-t13",
      "begin" : 818,
      "end" : 819,
      "text" : ".",
      "whiteSpace" : false
    } ]
  }, {
    "id" : "s7",
    "begin" : 820,
    "end" : 896,
    "text" : ":)\",\n    \"subreddit\": \"Seattle\",\n    \"created\": \"2020-04-23T00:51:21.000Z\"\n}",
    "tokens" : [ {
      "id" : "s7-t0",
      "begin" : 820,
      "end" : 821,
      "text" : ":",
      "whiteSpace" : false
    }, {
      "id" : "s7-t1",
      "begin" : 821,
      "end" : 822,
      "text" : ")",
      "whiteSpace" : false
    }, {
      "id" : "s7-t2",
      "begin" : 822,
      "end" : 823,
      "text" : "\"",
      "whiteSpace" : false
    }, {
      "id" : "s7-t3",
      "begin" : 823,
      "end" : 824,
      "text" : ",",
      "whiteSpace" : false
    }, {
      "id" : "s7-t4",
      "begin" : 829,
      "end" : 830,
      "text" : "\"",
      "whiteSpace" : false
    }, {
      "id" : "s7-t5",
      "begin" : 830,
      "end" : 839,
      "text" : "subreddit",
      "whiteSpace" : false
    }, {
      "id" : "s7-t6",
      "begin" : 839,
      "end" : 840,
      "text" : "\"",
      "whiteSpace" : false
    }, {
      "id" : "s7-t7",
      "begin" : 840,
      "end" : 841,
      "text" : ":",
      "whiteSpace" : false
    }, {
      "id" : "s7-t8",
      "begin" : 842,
      "end" : 843,
      "text" : "\"",
      "whiteSpace" : false
    }, {
      "id" : "s7-t9",
      "begin" : 843,
      "end" : 850,
      "text" : "Seattle",
      "whiteSpace" : false
    }, {
      "id" : "s7-t10",
      "begin" : 850,
      "end" : 851,
      "text" : "\"",
      "whiteSpace" : false
    }, {
      "id" : "s7-t11",
      "begin" : 851,
      "end" : 852,
      "text" : ",",
      "whiteSpace" : false
    }, {
      "id" : "s7-t12",
      "begin" : 857,
      "end" : 858,
      "text" : "\"",
      "whiteSpace" : false
    }, {
      "id" : "s7-t13",
      "begin" : 858,
      "end" : 865,
      "text" : "created",
      "whiteSpace" : false
    }, {
      "id" : "s7-t14",
      "begin" : 865,
      "end" : 866,
      "text" : "\"",
      "whiteSpace" : false
    }, {
      "id" : "s7-t15",
      "begin" : 866,
      "end" : 867,
      "text" : ":",
      "whiteSpace" : false
    }, {
      "id" : "s7-t16",
      "begin" : 868,
      "end" : 869,
      "text" : "\"",
      "whiteSpace" : false
    }, {
      "id" : "s7-t17",
      "begin" : 869,
      "end" : 893,
      "text" : "2020-04-23T00:51:21.000Z",
      "whiteSpace" : false
    }, {
      "id" : "s7-t18",
      "begin" : 893,
      "end" : 894,
      "text" : "\"",
      "whiteSpace" : false
    }, {
      "id" : "s7-t19",
      "begin" : 895,
      "end" : 896,
      "text" : "}",
      "whiteSpace" : false
    } ]
  } ],
  "mentions" : [ {
    "id" : "s1-m1",
    "properties" : {
      "SIRE_MENTION_ROLE" : "University_Student",
      "SIRE_ENTITY_SUBTYPE" : "NONE",
      "SIRE_MENTION_TYPE" : "NONE",
      "SIRE_MENTION_CLASS" : "SPC"
    },
    "type" : "University_Student",
    "begin" : 245,
    "end" : 262,
    "inCoref" : false
  }, {
    "id" : "s2-m1",
    "properties" : {
      "SIRE_MENTION_ROLE" : "University_Student",
      "SIRE_ENTITY_SUBTYPE" : "NONE",
      "SIRE_MENTION_TYPE" : "NONE",
      "SIRE_MENTION_CLASS" : "SPC"
    },
    "type" : "University_Student",
    "begin" : 271,
    "end" : 284,
    "inCoref" : false
  } ],
  "relations" : [ ],
  "corefs" : [ ],
  "typeResolved" : true,
  "userResolved" : false
}