{
  "id" : "0eb010c0-9422-11ea-ba41-8b3cd48b35eb-28",
  "name" : "seattle-doc-90.txt",
  "createdDate" : 0,
  "version" : 3,
  "text" : "{\n    \"title\": \"Flying into Sea-Tac... transportation options\",\n    \"text\": \"I have been out of the country since late October.  I am past due to come home but the company has restricted travel and the area I am in has restricted flights in and out. That said there is a (small) possibility I could get flown out and sent back to Seattle at a moments notice. Could happen next week or next month or the month after, or even further out. Nobody knows.\\n\\nMy  question is this: if I were put on a flight back to Seattle, what are my transportation options to get into the city? Are the buses running? Is the light rail still running? Are cabs or uber still doing business? Are car rental companies srill renting cars? Do I hitch hike up I-5? Are liquor stores open?    I do not live in Seattle anymore but know it very well (lived there for 22 years). I have watched the whole pandemic unfold via news and hyper health vigilant text messages from family and friends back home. I don't really know what to expect. Any suggestions? Thanks in advance\",\n    \"subreddit\": \"Seattle\",\n    \"created\": \"2020-04-05T09:17:07.000Z\"\n}",
  "docLength" : 0,
  "language" : "EN",
  "status" : "IN_PROGRESS",
  "modifiedDate" : 1589331053080,
  "documentSet" : [ ],
  "preannotation" : [ "PRE_LW" ],
  "sentences" : [ {
    "id" : "s0",
    "begin" : 0,
    "end" : 127,
    "text" : "{\n    \"title\": \"Flying into Sea-Tac... transportation options\",\n    \"text\": \"I have been out of the country since late October.",
    "tokens" : [ {
      "id" : "s0-t0",
      "begin" : 0,
      "end" : 1,
      "text" : "{",
      "whiteSpace" : false
    }, {
      "id" : "s0-t1",
      "begin" : 6,
      "end" : 7,
      "text" : "\"",
      "whiteSpace" : false
    }, {
      "id" : "s0-t2",
      "begin" : 7,
      "end" : 12,
      "text" : "title",
      "whiteSpace" : false
    }, {
      "id" : "s0-t3",
      "begin" : 12,
      "end" : 13,
      "text" : "\"",
      "whiteSpace" : false
    }, {
      "id" : "s0-t4",
      "begin" : 13,
      "end" : 14,
      "text" : ":",
      "whiteSpace" : false
    }, {
      "id" : "s0-t5",
      "begin" : 15,
      "end" : 16,
      "text" : "\"",
      "whiteSpace" : false
    }, {
      "id" : "s0-t6",
      "begin" : 16,
      "end" : 22,
      "text" : "Flying",
      "whiteSpace" : false
    }, {
      "id" : "s0-t7",
      "begin" : 23,
      "end" : 27,
      "text" : "into",
      "whiteSpace" : false
    }, {
      "id" : "s0-t8",
      "begin" : 28,
      "end" : 31,
      "text" : "Sea",
      "whiteSpace" : false
    }, {
      "id" : "s0-t9",
      "begin" : 31,
      "end" : 32,
      "text" : "-",
      "whiteSpace" : false
    }, {
      "id" : "s0-t10",
      "begin" : 32,
      "end" : 35,
      "text" : "Tac",
      "whiteSpace" : false
    }, {
      "id" : "s0-t11",
      "begin" : 35,
      "end" : 38,
      "text" : "...",
      "whiteSpace" : false
    }, {
      "id" : "s0-t12",
      "begin" : 39,
      "end" : 53,
      "text" : "transportation",
      "whiteSpace" : false
    }, {
      "id" : "s0-t13",
      "begin" : 54,
      "end" : 61,
      "text" : "options",
      "whiteSpace" : false
    }, {
      "id" : "s0-t14",
      "begin" : 61,
      "end" : 62,
      "text" : "\"",
      "whiteSpace" : false
    }, {
      "id" : "s0-t15",
      "begin" : 62,
      "end" : 63,
      "text" : ",",
      "whiteSpace" : false
    }, {
      "id" : "s0-t16",
      "begin" : 68,
      "end" : 69,
      "text" : "\"",
      "whiteSpace" : false
    }, {
      "id" : "s0-t17",
      "begin" : 69,
      "end" : 73,
      "text" : "text",
      "whiteSpace" : false
    }, {
      "id" : "s0-t18",
      "begin" : 73,
      "end" : 74,
      "text" : "\"",
      "whiteSpace" : false
    }, {
      "id" : "s0-t19",
      "begin" : 74,
      "end" : 75,
      "text" : ":",
      "whiteSpace" : false
    }, {
      "id" : "s0-t20",
      "begin" : 76,
      "end" : 77,
      "text" : "\"",
      "whiteSpace" : false
    }, {
      "id" : "s0-t21",
      "begin" : 77,
      "end" : 78,
      "text" : "I",
      "whiteSpace" : false
    }, {
      "id" : "s0-t22",
      "begin" : 79,
      "end" : 83,
      "text" : "have",
      "whiteSpace" : false
    }, {
      "id" : "s0-t23",
      "begin" : 84,
      "end" : 88,
      "text" : "been",
      "whiteSpace" : false
    }, {
      "id" : "s0-t24",
      "begin" : 89,
      "end" : 92,
      "text" : "out",
      "whiteSpace" : false
    }, {
      "id" : "s0-t25",
      "begin" : 93,
      "end" : 95,
      "text" : "of",
      "whiteSpace" : false
    }, {
      "id" : "s0-t26",
      "begin" : 96,
      "end" : 99,
      "text" : "the",
      "whiteSpace" : false
    }, {
      "id" : "s0-t27",
      "begin" : 100,
      "end" : 107,
      "text" : "country",
      "whiteSpace" : false
    }, {
      "id" : "s0-t28",
      "begin" : 108,
      "end" : 113,
      "text" : "since",
      "whiteSpace" : false
    }, {
      "id" : "s0-t29",
      "begin" : 114,
      "end" : 118,
      "text" : "late",
      "whiteSpace" : false
    }, {
      "id" : "s0-t30",
      "begin" : 119,
      "end" : 126,
      "text" : "October",
      "whiteSpace" : false
    }, {
      "id" : "s0-t31",
      "begin" : 126,
      "end" : 127,
      "text" : ".",
      "whiteSpace" : false
    } ]
  }, {
    "id" : "s1",
    "begin" : 129,
    "end" : 249,
    "text" : "I am past due to come home but the company has restricted travel and the area I am in has restricted flights in and out.",
    "tokens" : [ {
      "id" : "s1-t0",
      "begin" : 129,
      "end" : 130,
      "text" : "I",
      "whiteSpace" : false
    }, {
      "id" : "s1-t1",
      "begin" : 131,
      "end" : 133,
      "text" : "am",
      "whiteSpace" : false
    }, {
      "id" : "s1-t2",
      "begin" : 134,
      "end" : 138,
      "text" : "past",
      "whiteSpace" : false
    }, {
      "id" : "s1-t3",
      "begin" : 139,
      "end" : 142,
      "text" : "due",
      "whiteSpace" : false
    }, {
      "id" : "s1-t4",
      "begin" : 143,
      "end" : 145,
      "text" : "to",
      "whiteSpace" : false
    }, {
      "id" : "s1-t5",
      "begin" : 146,
      "end" : 150,
      "text" : "come",
      "whiteSpace" : false
    }, {
      "id" : "s1-t6",
      "begin" : 151,
      "end" : 155,
      "text" : "home",
      "whiteSpace" : false
    }, {
      "id" : "s1-t7",
      "begin" : 156,
      "end" : 159,
      "text" : "but",
      "whiteSpace" : false
    }, {
      "id" : "s1-t8",
      "begin" : 160,
      "end" : 163,
      "text" : "the",
      "whiteSpace" : false
    }, {
      "id" : "s1-t9",
      "begin" : 164,
      "end" : 171,
      "text" : "company",
      "whiteSpace" : false
    }, {
      "id" : "s1-t10",
      "begin" : 172,
      "end" : 175,
      "text" : "has",
      "whiteSpace" : false
    }, {
      "id" : "s1-t11",
      "begin" : 176,
      "end" : 186,
      "text" : "restricted",
      "whiteSpace" : false
    }, {
      "id" : "s1-t12",
      "begin" : 187,
      "end" : 193,
      "text" : "travel",
      "whiteSpace" : false
    }, {
      "id" : "s1-t13",
      "begin" : 194,
      "end" : 197,
      "text" : "and",
      "whiteSpace" : false
    }, {
      "id" : "s1-t14",
      "begin" : 198,
      "end" : 201,
      "text" : "the",
      "whiteSpace" : false
    }, {
      "id" : "s1-t15",
      "begin" : 202,
      "end" : 206,
      "text" : "area",
      "whiteSpace" : false
    }, {
      "id" : "s1-t16",
      "begin" : 207,
      "end" : 208,
      "text" : "I",
      "whiteSpace" : false
    }, {
      "id" : "s1-t17",
      "begin" : 209,
      "end" : 211,
      "text" : "am",
      "whiteSpace" : false
    }, {
      "id" : "s1-t18",
      "begin" : 212,
      "end" : 214,
      "text" : "in",
      "whiteSpace" : false
    }, {
      "id" : "s1-t19",
      "begin" : 215,
      "end" : 218,
      "text" : "has",
      "whiteSpace" : false
    }, {
      "id" : "s1-t20",
      "begin" : 219,
      "end" : 229,
      "text" : "restricted",
      "whiteSpace" : false
    }, {
      "id" : "s1-t21",
      "begin" : 230,
      "end" : 237,
      "text" : "flights",
      "whiteSpace" : false
    }, {
      "id" : "s1-t22",
      "begin" : 238,
      "end" : 240,
      "text" : "in",
      "whiteSpace" : false
    }, {
      "id" : "s1-t23",
      "begin" : 241,
      "end" : 244,
      "text" : "and",
      "whiteSpace" : false
    }, {
      "id" : "s1-t24",
      "begin" : 245,
      "end" : 248,
      "text" : "out",
      "whiteSpace" : false
    }, {
      "id" : "s1-t25",
      "begin" : 248,
      "end" : 249,
      "text" : ".",
      "whiteSpace" : false
    } ]
  }, {
    "id" : "s2",
    "begin" : 250,
    "end" : 358,
    "text" : "That said there is a (small) possibility I could get flown out and sent back to Seattle at a moments notice.",
    "tokens" : [ {
      "id" : "s2-t0",
      "begin" : 250,
      "end" : 254,
      "text" : "That",
      "whiteSpace" : false
    }, {
      "id" : "s2-t1",
      "begin" : 255,
      "end" : 259,
      "text" : "said",
      "whiteSpace" : false
    }, {
      "id" : "s2-t2",
      "begin" : 260,
      "end" : 265,
      "text" : "there",
      "whiteSpace" : false
    }, {
      "id" : "s2-t3",
      "begin" : 266,
      "end" : 268,
      "text" : "is",
      "whiteSpace" : false
    }, {
      "id" : "s2-t4",
      "begin" : 269,
      "end" : 270,
      "text" : "a",
      "whiteSpace" : false
    }, {
      "id" : "s2-t5",
      "begin" : 271,
      "end" : 272,
      "text" : "(",
      "whiteSpace" : false
    }, {
      "id" : "s2-t6",
      "begin" : 272,
      "end" : 277,
      "text" : "small",
      "whiteSpace" : false
    }, {
      "id" : "s2-t7",
      "begin" : 277,
      "end" : 278,
      "text" : ")",
      "whiteSpace" : false
    }, {
      "id" : "s2-t8",
      "begin" : 279,
      "end" : 290,
      "text" : "possibility",
      "whiteSpace" : false
    }, {
      "id" : "s2-t9",
      "begin" : 291,
      "end" : 292,
      "text" : "I",
      "whiteSpace" : false
    }, {
      "id" : "s2-t10",
      "begin" : 293,
      "end" : 298,
      "text" : "could",
      "whiteSpace" : false
    }, {
      "id" : "s2-t11",
      "begin" : 299,
      "end" : 302,
      "text" : "get",
      "whiteSpace" : false
    }, {
      "id" : "s2-t12",
      "begin" : 303,
      "end" : 308,
      "text" : "flown",
      "whiteSpace" : false
    }, {
      "id" : "s2-t13",
      "begin" : 309,
      "end" : 312,
      "text" : "out",
      "whiteSpace" : false
    }, {
      "id" : "s2-t14",
      "begin" : 313,
      "end" : 316,
      "text" : "and",
      "whiteSpace" : false
    }, {
      "id" : "s2-t15",
      "begin" : 317,
      "end" : 321,
      "text" : "sent",
      "whiteSpace" : false
    }, {
      "id" : "s2-t16",
      "begin" : 322,
      "end" : 326,
      "text" : "back",
      "whiteSpace" : false
    }, {
      "id" : "s2-t17",
      "begin" : 327,
      "end" : 329,
      "text" : "to",
      "whiteSpace" : false
    }, {
      "id" : "s2-t18",
      "begin" : 330,
      "end" : 337,
      "text" : "Seattle",
      "whiteSpace" : false
    }, {
      "id" : "s2-t19",
      "begin" : 338,
      "end" : 340,
      "text" : "at",
      "whiteSpace" : false
    }, {
      "id" : "s2-t20",
      "begin" : 341,
      "end" : 342,
      "text" : "a",
      "whiteSpace" : false
    }, {
      "id" : "s2-t21",
      "begin" : 343,
      "end" : 350,
      "text" : "moments",
      "whiteSpace" : false
    }, {
      "id" : "s2-t22",
      "begin" : 351,
      "end" : 357,
      "text" : "notice",
      "whiteSpace" : false
    }, {
      "id" : "s2-t23",
      "begin" : 357,
      "end" : 358,
      "text" : ".",
      "whiteSpace" : false
    } ]
  }, {
    "id" : "s3",
    "begin" : 359,
    "end" : 436,
    "text" : "Could happen next week or next month or the month after, or even further out.",
    "tokens" : [ {
      "id" : "s3-t0",
      "begin" : 359,
      "end" : 364,
      "text" : "Could",
      "whiteSpace" : false
    }, {
      "id" : "s3-t1",
      "begin" : 365,
      "end" : 371,
      "text" : "happen",
      "whiteSpace" : false
    }, {
      "id" : "s3-t2",
      "begin" : 372,
      "end" : 376,
      "text" : "next",
      "whiteSpace" : false
    }, {
      "id" : "s3-t3",
      "begin" : 377,
      "end" : 381,
      "text" : "week",
      "whiteSpace" : false
    }, {
      "id" : "s3-t4",
      "begin" : 382,
      "end" : 384,
      "text" : "or",
      "whiteSpace" : false
    }, {
      "id" : "s3-t5",
      "begin" : 385,
      "end" : 389,
      "text" : "next",
      "whiteSpace" : false
    }, {
      "id" : "s3-t6",
      "begin" : 390,
      "end" : 395,
      "text" : "month",
      "whiteSpace" : false
    }, {
      "id" : "s3-t7",
      "begin" : 396,
      "end" : 398,
      "text" : "or",
      "whiteSpace" : false
    }, {
      "id" : "s3-t8",
      "begin" : 399,
      "end" : 402,
      "text" : "the",
      "whiteSpace" : false
    }, {
      "id" : "s3-t9",
      "begin" : 403,
      "end" : 408,
      "text" : "month",
      "whiteSpace" : false
    }, {
      "id" : "s3-t10",
      "begin" : 409,
      "end" : 414,
      "text" : "after",
      "whiteSpace" : false
    }, {
      "id" : "s3-t11",
      "begin" : 414,
      "end" : 415,
      "text" : ",",
      "whiteSpace" : false
    }, {
      "id" : "s3-t12",
      "begin" : 416,
      "end" : 418,
      "text" : "or",
      "whiteSpace" : false
    }, {
      "id" : "s3-t13",
      "begin" : 419,
      "end" : 423,
      "text" : "even",
      "whiteSpace" : false
    }, {
      "id" : "s3-t14",
      "begin" : 424,
      "end" : 431,
      "text" : "further",
      "whiteSpace" : false
    }, {
      "id" : "s3-t15",
      "begin" : 432,
      "end" : 435,
      "text" : "out",
      "whiteSpace" : false
    }, {
      "id" : "s3-t16",
      "begin" : 435,
      "end" : 436,
      "text" : ".",
      "whiteSpace" : false
    } ]
  }, {
    "id" : "s4",
    "begin" : 437,
    "end" : 450,
    "text" : "Nobody knows.",
    "tokens" : [ {
      "id" : "s4-t0",
      "begin" : 437,
      "end" : 443,
      "text" : "Nobody",
      "whiteSpace" : false
    }, {
      "id" : "s4-t1",
      "begin" : 444,
      "end" : 449,
      "text" : "knows",
      "whiteSpace" : false
    }, {
      "id" : "s4-t2",
      "begin" : 449,
      "end" : 450,
      "text" : ".",
      "whiteSpace" : false
    } ]
  }, {
    "id" : "s5",
    "begin" : 450,
    "end" : 575,
    "text" : "\\n\\nMy  question is this: if I were put on a flight back to Seattle, what are my transportation options to get into the city?",
    "tokens" : [ {
      "id" : "s5-t0",
      "begin" : 450,
      "end" : 452,
      "text" : "\\n",
      "whiteSpace" : false
    }, {
      "id" : "s5-t1",
      "begin" : 452,
      "end" : 456,
      "text" : "\\nMy",
      "whiteSpace" : false
    }, {
      "id" : "s5-t2",
      "begin" : 458,
      "end" : 466,
      "text" : "question",
      "whiteSpace" : false
    }, {
      "id" : "s5-t3",
      "begin" : 467,
      "end" : 469,
      "text" : "is",
      "whiteSpace" : false
    }, {
      "id" : "s5-t4",
      "begin" : 470,
      "end" : 474,
      "text" : "this",
      "whiteSpace" : false
    }, {
      "id" : "s5-t5",
      "begin" : 474,
      "end" : 475,
      "text" : ":",
      "whiteSpace" : false
    }, {
      "id" : "s5-t6",
      "begin" : 476,
      "end" : 478,
      "text" : "if",
      "whiteSpace" : false
    }, {
      "id" : "s5-t7",
      "begin" : 479,
      "end" : 480,
      "text" : "I",
      "whiteSpace" : false
    }, {
      "id" : "s5-t8",
      "begin" : 481,
      "end" : 485,
      "text" : "were",
      "whiteSpace" : false
    }, {
      "id" : "s5-t9",
      "begin" : 486,
      "end" : 489,
      "text" : "put",
      "whiteSpace" : false
    }, {
      "id" : "s5-t10",
      "begin" : 490,
      "end" : 492,
      "text" : "on",
      "whiteSpace" : false
    }, {
      "id" : "s5-t11",
      "begin" : 493,
      "end" : 494,
      "text" : "a",
      "whiteSpace" : false
    }, {
      "id" : "s5-t12",
      "begin" : 495,
      "end" : 501,
      "text" : "flight",
      "whiteSpace" : false
    }, {
      "id" : "s5-t13",
      "begin" : 502,
      "end" : 506,
      "text" : "back",
      "whiteSpace" : false
    }, {
      "id" : "s5-t14",
      "begin" : 507,
      "end" : 509,
      "text" : "to",
      "whiteSpace" : false
    }, {
      "id" : "s5-t15",
      "begin" : 510,
      "end" : 517,
      "text" : "Seattle",
      "whiteSpace" : false
    }, {
      "id" : "s5-t16",
      "begin" : 517,
      "end" : 518,
      "text" : ",",
      "whiteSpace" : false
    }, {
      "id" : "s5-t17",
      "begin" : 519,
      "end" : 523,
      "text" : "what",
      "whiteSpace" : false
    }, {
      "id" : "s5-t18",
      "begin" : 524,
      "end" : 527,
      "text" : "are",
      "whiteSpace" : false
    }, {
      "id" : "s5-t19",
      "begin" : 528,
      "end" : 530,
      "text" : "my",
      "whiteSpace" : false
    }, {
      "id" : "s5-t20",
      "begin" : 531,
      "end" : 545,
      "text" : "transportation",
      "whiteSpace" : false
    }, {
      "id" : "s5-t21",
      "begin" : 546,
      "end" : 553,
      "text" : "options",
      "whiteSpace" : false
    }, {
      "id" : "s5-t22",
      "begin" : 554,
      "end" : 556,
      "text" : "to",
      "whiteSpace" : false
    }, {
      "id" : "s5-t23",
      "begin" : 557,
      "end" : 560,
      "text" : "get",
      "whiteSpace" : false
    }, {
      "id" : "s5-t24",
      "begin" : 561,
      "end" : 565,
      "text" : "into",
      "whiteSpace" : false
    }, {
      "id" : "s5-t25",
      "begin" : 566,
      "end" : 569,
      "text" : "the",
      "whiteSpace" : false
    }, {
      "id" : "s5-t26",
      "begin" : 570,
      "end" : 574,
      "text" : "city",
      "whiteSpace" : false
    }, {
      "id" : "s5-t27",
      "begin" : 574,
      "end" : 575,
      "text" : "?",
      "whiteSpace" : false
    } ]
  }, {
    "id" : "s6",
    "begin" : 576,
    "end" : 598,
    "text" : "Are the buses running?",
    "tokens" : [ {
      "id" : "s6-t0",
      "begin" : 576,
      "end" : 579,
      "text" : "Are",
      "whiteSpace" : false
    }, {
      "id" : "s6-t1",
      "begin" : 580,
      "end" : 583,
      "text" : "the",
      "whiteSpace" : false
    }, {
      "id" : "s6-t2",
      "begin" : 584,
      "end" : 589,
      "text" : "buses",
      "whiteSpace" : false
    }, {
      "id" : "s6-t3",
      "begin" : 590,
      "end" : 597,
      "text" : "running",
      "whiteSpace" : false
    }, {
      "id" : "s6-t4",
      "begin" : 597,
      "end" : 598,
      "text" : "?",
      "whiteSpace" : false
    } ]
  }, {
    "id" : "s7",
    "begin" : 599,
    "end" : 631,
    "text" : "Is the light rail still running?",
    "tokens" : [ {
      "id" : "s7-t0",
      "begin" : 599,
      "end" : 601,
      "text" : "Is",
      "whiteSpace" : false
    }, {
      "id" : "s7-t1",
      "begin" : 602,
      "end" : 605,
      "text" : "the",
      "whiteSpace" : false
    }, {
      "id" : "s7-t2",
      "begin" : 606,
      "end" : 611,
      "text" : "light",
      "whiteSpace" : false
    }, {
      "id" : "s7-t3",
      "begin" : 612,
      "end" : 616,
      "text" : "rail",
      "whiteSpace" : false
    }, {
      "id" : "s7-t4",
      "begin" : 617,
      "end" : 622,
      "text" : "still",
      "whiteSpace" : false
    }, {
      "id" : "s7-t5",
      "begin" : 623,
      "end" : 630,
      "text" : "running",
      "whiteSpace" : false
    }, {
      "id" : "s7-t6",
      "begin" : 630,
      "end" : 631,
      "text" : "?",
      "whiteSpace" : false
    } ]
  }, {
    "id" : "s8",
    "begin" : 632,
    "end" : 670,
    "text" : "Are cabs or uber still doing business?",
    "tokens" : [ {
      "id" : "s8-t0",
      "begin" : 632,
      "end" : 635,
      "text" : "Are",
      "whiteSpace" : false
    }, {
      "id" : "s8-t1",
      "begin" : 636,
      "end" : 640,
      "text" : "cabs",
      "whiteSpace" : false
    }, {
      "id" : "s8-t2",
      "begin" : 641,
      "end" : 643,
      "text" : "or",
      "whiteSpace" : false
    }, {
      "id" : "s8-t3",
      "begin" : 644,
      "end" : 648,
      "text" : "uber",
      "whiteSpace" : false
    }, {
      "id" : "s8-t4",
      "begin" : 649,
      "end" : 654,
      "text" : "still",
      "whiteSpace" : false
    }, {
      "id" : "s8-t5",
      "begin" : 655,
      "end" : 660,
      "text" : "doing",
      "whiteSpace" : false
    }, {
      "id" : "s8-t6",
      "begin" : 661,
      "end" : 669,
      "text" : "business",
      "whiteSpace" : false
    }, {
      "id" : "s8-t7",
      "begin" : 669,
      "end" : 670,
      "text" : "?",
      "whiteSpace" : false
    } ]
  }, {
    "id" : "s9",
    "begin" : 671,
    "end" : 715,
    "text" : "Are car rental companies srill renting cars?",
    "tokens" : [ {
      "id" : "s9-t0",
      "begin" : 671,
      "end" : 674,
      "text" : "Are",
      "whiteSpace" : false
    }, {
      "id" : "s9-t1",
      "begin" : 675,
      "end" : 678,
      "text" : "car",
      "whiteSpace" : false
    }, {
      "id" : "s9-t2",
      "begin" : 679,
      "end" : 685,
      "text" : "rental",
      "whiteSpace" : false
    }, {
      "id" : "s9-t3",
      "begin" : 686,
      "end" : 695,
      "text" : "companies",
      "whiteSpace" : false
    }, {
      "id" : "s9-t4",
      "begin" : 696,
      "end" : 701,
      "text" : "srill",
      "whiteSpace" : false
    }, {
      "id" : "s9-t5",
      "begin" : 702,
      "end" : 709,
      "text" : "renting",
      "whiteSpace" : false
    }, {
      "id" : "s9-t6",
      "begin" : 710,
      "end" : 714,
      "text" : "cars",
      "whiteSpace" : false
    }, {
      "id" : "s9-t7",
      "begin" : 714,
      "end" : 715,
      "text" : "?",
      "whiteSpace" : false
    } ]
  }, {
    "id" : "s10",
    "begin" : 716,
    "end" : 739,
    "text" : "Do I hitch hike up I-5?",
    "tokens" : [ {
      "id" : "s10-t0",
      "begin" : 716,
      "end" : 718,
      "text" : "Do",
      "whiteSpace" : false
    }, {
      "id" : "s10-t1",
      "begin" : 719,
      "end" : 720,
      "text" : "I",
      "whiteSpace" : false
    }, {
      "id" : "s10-t2",
      "begin" : 721,
      "end" : 726,
      "text" : "hitch",
      "whiteSpace" : false
    }, {
      "id" : "s10-t3",
      "begin" : 727,
      "end" : 731,
      "text" : "hike",
      "whiteSpace" : false
    }, {
      "id" : "s10-t4",
      "begin" : 732,
      "end" : 734,
      "text" : "up",
      "whiteSpace" : false
    }, {
      "id" : "s10-t5",
      "begin" : 735,
      "end" : 738,
      "text" : "I-5",
      "whiteSpace" : false
    }, {
      "id" : "s10-t6",
      "begin" : 738,
      "end" : 739,
      "text" : "?",
      "whiteSpace" : false
    } ]
  }, {
    "id" : "s11",
    "begin" : 740,
    "end" : 763,
    "text" : "Are liquor stores open?",
    "tokens" : [ {
      "id" : "s11-t0",
      "begin" : 740,
      "end" : 743,
      "text" : "Are",
      "whiteSpace" : false
    }, {
      "id" : "s11-t1",
      "begin" : 744,
      "end" : 750,
      "text" : "liquor",
      "whiteSpace" : false
    }, {
      "id" : "s11-t2",
      "begin" : 751,
      "end" : 757,
      "text" : "stores",
      "whiteSpace" : false
    }, {
      "id" : "s11-t3",
      "begin" : 758,
      "end" : 762,
      "text" : "open",
      "whiteSpace" : false
    }, {
      "id" : "s11-t4",
      "begin" : 762,
      "end" : 763,
      "text" : "?",
      "whiteSpace" : false
    } ]
  }, {
    "id" : "s12",
    "begin" : 767,
    "end" : 849,
    "text" : "I do not live in Seattle anymore but know it very well (lived there for 22 years).",
    "tokens" : [ {
      "id" : "s12-t0",
      "begin" : 767,
      "end" : 768,
      "text" : "I",
      "whiteSpace" : false
    }, {
      "id" : "s12-t1",
      "begin" : 769,
      "end" : 771,
      "text" : "do",
      "whiteSpace" : false
    }, {
      "id" : "s12-t2",
      "begin" : 772,
      "end" : 775,
      "text" : "not",
      "whiteSpace" : false
    }, {
      "id" : "s12-t3",
      "begin" : 776,
      "end" : 780,
      "text" : "live",
      "whiteSpace" : false
    }, {
      "id" : "s12-t4",
      "begin" : 781,
      "end" : 783,
      "text" : "in",
      "whiteSpace" : false
    }, {
      "id" : "s12-t5",
      "begin" : 784,
      "end" : 791,
      "text" : "Seattle",
      "whiteSpace" : false
    }, {
      "id" : "s12-t6",
      "begin" : 792,
      "end" : 799,
      "text" : "anymore",
      "whiteSpace" : false
    }, {
      "id" : "s12-t7",
      "begin" : 800,
      "end" : 803,
      "text" : "but",
      "whiteSpace" : false
    }, {
      "id" : "s12-t8",
      "begin" : 804,
      "end" : 808,
      "text" : "know",
      "whiteSpace" : false
    }, {
      "id" : "s12-t9",
      "begin" : 809,
      "end" : 811,
      "text" : "it",
      "whiteSpace" : false
    }, {
      "id" : "s12-t10",
      "begin" : 812,
      "end" : 816,
      "text" : "very",
      "whiteSpace" : false
    }, {
      "id" : "s12-t11",
      "begin" : 817,
      "end" : 821,
      "text" : "well",
      "whiteSpace" : false
    }, {
      "id" : "s12-t12",
      "begin" : 822,
      "end" : 823,
      "text" : "(",
      "whiteSpace" : false
    }, {
      "id" : "s12-t13",
      "begin" : 823,
      "end" : 828,
      "text" : "lived",
      "whiteSpace" : false
    }, {
      "id" : "s12-t14",
      "begin" : 829,
      "end" : 834,
      "text" : "there",
      "whiteSpace" : false
    }, {
      "id" : "s12-t15",
      "begin" : 835,
      "end" : 838,
      "text" : "for",
      "whiteSpace" : false
    }, {
      "id" : "s12-t16",
      "begin" : 839,
      "end" : 841,
      "text" : "22",
      "whiteSpace" : false
    }, {
      "id" : "s12-t17",
      "begin" : 842,
      "end" : 847,
      "text" : "years",
      "whiteSpace" : false
    }, {
      "id" : "s12-t18",
      "begin" : 847,
      "end" : 848,
      "text" : ")",
      "whiteSpace" : false
    }, {
      "id" : "s12-t19",
      "begin" : 848,
      "end" : 849,
      "text" : ".",
      "whiteSpace" : false
    } ]
  }, {
    "id" : "s13",
    "begin" : 850,
    "end" : 974,
    "text" : "I have watched the whole pandemic unfold via news and hyper health vigilant text messages from family and friends back home.",
    "tokens" : [ {
      "id" : "s13-t0",
      "begin" : 850,
      "end" : 851,
      "text" : "I",
      "whiteSpace" : false
    }, {
      "id" : "s13-t1",
      "begin" : 852,
      "end" : 856,
      "text" : "have",
      "whiteSpace" : false
    }, {
      "id" : "s13-t2",
      "begin" : 857,
      "end" : 864,
      "text" : "watched",
      "whiteSpace" : false
    }, {
      "id" : "s13-t3",
      "begin" : 865,
      "end" : 868,
      "text" : "the",
      "whiteSpace" : false
    }, {
      "id" : "s13-t4",
      "begin" : 869,
      "end" : 874,
      "text" : "whole",
      "whiteSpace" : false
    }, {
      "id" : "s13-t5",
      "begin" : 875,
      "end" : 883,
      "text" : "pandemic",
      "whiteSpace" : false
    }, {
      "id" : "s13-t6",
      "begin" : 884,
      "end" : 890,
      "text" : "unfold",
      "whiteSpace" : false
    }, {
      "id" : "s13-t7",
      "begin" : 891,
      "end" : 894,
      "text" : "via",
      "whiteSpace" : false
    }, {
      "id" : "s13-t8",
      "begin" : 895,
      "end" : 899,
      "text" : "news",
      "whiteSpace" : false
    }, {
      "id" : "s13-t9",
      "begin" : 900,
      "end" : 903,
      "text" : "and",
      "whiteSpace" : false
    }, {
      "id" : "s13-t10",
      "begin" : 904,
      "end" : 909,
      "text" : "hyper",
      "whiteSpace" : false
    }, {
      "id" : "s13-t11",
      "begin" : 910,
      "end" : 916,
      "text" : "health",
      "whiteSpace" : false
    }, {
      "id" : "s13-t12",
      "begin" : 917,
      "end" : 925,
      "text" : "vigilant",
      "whiteSpace" : false
    }, {
      "id" : "s13-t13",
      "begin" : 926,
      "end" : 930,
      "text" : "text",
      "whiteSpace" : false
    }, {
      "id" : "s13-t14",
      "begin" : 931,
      "end" : 939,
      "text" : "messages",
      "whiteSpace" : false
    }, {
      "id" : "s13-t15",
      "begin" : 940,
      "end" : 944,
      "text" : "from",
      "whiteSpace" : false
    }, {
      "id" : "s13-t16",
      "begin" : 945,
      "end" : 951,
      "text" : "family",
      "whiteSpace" : false
    }, {
      "id" : "s13-t17",
      "begin" : 952,
      "end" : 955,
      "text" : "and",
      "whiteSpace" : false
    }, {
      "id" : "s13-t18",
      "begin" : 956,
      "end" : 963,
      "text" : "friends",
      "whiteSpace" : false
    }, {
      "id" : "s13-t19",
      "begin" : 964,
      "end" : 968,
      "text" : "back",
      "whiteSpace" : false
    }, {
      "id" : "s13-t20",
      "begin" : 969,
      "end" : 973,
      "text" : "home",
      "whiteSpace" : false
    }, {
      "id" : "s13-t21",
      "begin" : 973,
      "end" : 974,
      "text" : ".",
      "whiteSpace" : false
    } ]
  }, {
    "id" : "s14",
    "begin" : 975,
    "end" : 1010,
    "text" : "I don't really know what to expect.",
    "tokens" : [ {
      "id" : "s14-t0",
      "begin" : 975,
      "end" : 976,
      "text" : "I",
      "whiteSpace" : false
    }, {
      "id" : "s14-t1",
      "begin" : 977,
      "end" : 979,
      "text" : "do",
      "whiteSpace" : false
    }, {
      "id" : "s14-t2",
      "begin" : 979,
      "end" : 982,
      "text" : "n't",
      "whiteSpace" : false
    }, {
      "id" : "s14-t3",
      "begin" : 983,
      "end" : 989,
      "text" : "really",
      "whiteSpace" : false
    }, {
      "id" : "s14-t4",
      "begin" : 990,
      "end" : 994,
      "text" : "know",
      "whiteSpace" : false
    }, {
      "id" : "s14-t5",
      "begin" : 995,
      "end" : 999,
      "text" : "what",
      "whiteSpace" : false
    }, {
      "id" : "s14-t6",
      "begin" : 1000,
      "end" : 1002,
      "text" : "to",
      "whiteSpace" : false
    }, {
      "id" : "s14-t7",
      "begin" : 1003,
      "end" : 1009,
      "text" : "expect",
      "whiteSpace" : false
    }, {
      "id" : "s14-t8",
      "begin" : 1009,
      "end" : 1010,
      "text" : ".",
      "whiteSpace" : false
    } ]
  }, {
    "id" : "s15",
    "begin" : 1011,
    "end" : 1027,
    "text" : "Any suggestions?",
    "tokens" : [ {
      "id" : "s15-t0",
      "begin" : 1011,
      "end" : 1014,
      "text" : "Any",
      "whiteSpace" : false
    }, {
      "id" : "s15-t1",
      "begin" : 1015,
      "end" : 1026,
      "text" : "suggestions",
      "whiteSpace" : false
    }, {
      "id" : "s15-t2",
      "begin" : 1026,
      "end" : 1027,
      "text" : "?",
      "whiteSpace" : false
    } ]
  }, {
    "id" : "s16",
    "begin" : 1028,
    "end" : 1119,
    "text" : "Thanks in advance\",\n    \"subreddit\": \"Seattle\",\n    \"created\": \"2020-04-05T09:17:07.000Z\"\n}",
    "tokens" : [ {
      "id" : "s16-t0",
      "begin" : 1028,
      "end" : 1034,
      "text" : "Thanks",
      "whiteSpace" : false
    }, {
      "id" : "s16-t1",
      "begin" : 1035,
      "end" : 1037,
      "text" : "in",
      "whiteSpace" : false
    }, {
      "id" : "s16-t2",
      "begin" : 1038,
      "end" : 1045,
      "text" : "advance",
      "whiteSpace" : false
    }, {
      "id" : "s16-t3",
      "begin" : 1045,
      "end" : 1046,
      "text" : "\"",
      "whiteSpace" : false
    }, {
      "id" : "s16-t4",
      "begin" : 1046,
      "end" : 1047,
      "text" : ",",
      "whiteSpace" : false
    }, {
      "id" : "s16-t5",
      "begin" : 1052,
      "end" : 1053,
      "text" : "\"",
      "whiteSpace" : false
    }, {
      "id" : "s16-t6",
      "begin" : 1053,
      "end" : 1062,
      "text" : "subreddit",
      "whiteSpace" : false
    }, {
      "id" : "s16-t7",
      "begin" : 1062,
      "end" : 1063,
      "text" : "\"",
      "whiteSpace" : false
    }, {
      "id" : "s16-t8",
      "begin" : 1063,
      "end" : 1064,
      "text" : ":",
      "whiteSpace" : false
    }, {
      "id" : "s16-t9",
      "begin" : 1065,
      "end" : 1066,
      "text" : "\"",
      "whiteSpace" : false
    }, {
      "id" : "s16-t10",
      "begin" : 1066,
      "end" : 1073,
      "text" : "Seattle",
      "whiteSpace" : false
    }, {
      "id" : "s16-t11",
      "begin" : 1073,
      "end" : 1074,
      "text" : "\"",
      "whiteSpace" : false
    }, {
      "id" : "s16-t12",
      "begin" : 1074,
      "end" : 1075,
      "text" : ",",
      "whiteSpace" : false
    }, {
      "id" : "s16-t13",
      "begin" : 1080,
      "end" : 1081,
      "text" : "\"",
      "whiteSpace" : false
    }, {
      "id" : "s16-t14",
      "begin" : 1081,
      "end" : 1088,
      "text" : "created",
      "whiteSpace" : false
    }, {
      "id" : "s16-t15",
      "begin" : 1088,
      "end" : 1089,
      "text" : "\"",
      "whiteSpace" : false
    }, {
      "id" : "s16-t16",
      "begin" : 1089,
      "end" : 1090,
      "text" : ":",
      "whiteSpace" : false
    }, {
      "id" : "s16-t17",
      "begin" : 1091,
      "end" : 1092,
      "text" : "\"",
      "whiteSpace" : false
    }, {
      "id" : "s16-t18",
      "begin" : 1092,
      "end" : 1116,
      "text" : "2020-04-05T09:17:07.000Z",
      "whiteSpace" : false
    }, {
      "id" : "s16-t19",
      "begin" : 1116,
      "end" : 1117,
      "text" : "\"",
      "whiteSpace" : false
    }, {
      "id" : "s16-t20",
      "begin" : 1118,
      "end" : 1119,
      "text" : "}",
      "whiteSpace" : false
    } ]
  } ],
  "mentions" : [ {
    "id" : "m1",
    "properties" : {
      "SIRE_MENTION_TYPE" : "NONE",
      "SIRE_MENTION_ROLE" : "Full_Time_Employment",
      "SIRE_MENTION_CLASS" : "SPC",
      "SIRE_ENTITY_SUBTYPE" : "NONE"
    },
    "type" : "Full_Time_Employment",
    "begin" : 160,
    "end" : 171,
    "inCoref" : false
  } ],
  "relations" : [ ],
  "corefs" : [ ],
  "typeResolved" : true,
  "userResolved" : false
}