{
  "id" : "0eb010c0-9422-11ea-ba41-8b3cd48b35eb-35",
  "name" : "seattle-doc-83.txt",
  "createdDate" : 0,
  "version" : 3,
  "text" : "{\n    \"title\": \"Unemployment - am I screwed for applying for PUA and PEUC\",\n    \"text\": \"Hello,\\nI applied for unemployment and was approved (4 weeks ago) on Standby. Since then, I have not seen a dime in my bank and there are no rows or lines saying processing/denied/paid to each of the week I file my weekly claim. This Sunday, the PUA and PEUC application pops up and I filed for both. Turns out, the PUA is for those who are self-employed, contractors,...etc. I was approved and now I have an active PUA claim and my status is ‘paid’. My question here is am I in trouble for receiving this money because I’m not self-employed or is a contractor. But the ESD website said the PUA also applies to those who workplace is closed because of the pandemic (this applies to me). I don’t know if I will be in trouble for have to return the money.\",\n    \"subreddit\": \"Seattle\",\n    \"created\": \"2020-04-23T05:53:21.000Z\"\n}",
  "docLength" : 0,
  "language" : "EN",
  "status" : "IN_PROGRESS",
  "modifiedDate" : 1589331394360,
  "documentSet" : [ ],
  "preannotation" : [ "PRE_LW" ],
  "sentences" : [ {
    "id" : "s0",
    "begin" : 0,
    "end" : 166,
    "text" : "{\n    \"title\": \"Unemployment - am I screwed for applying for PUA and PEUC\",\n    \"text\": \"Hello,\\nI applied for unemployment and was approved (4 weeks ago) on Standby.",
    "tokens" : [ {
      "id" : "s0-t0",
      "begin" : 0,
      "end" : 1,
      "text" : "{",
      "whiteSpace" : false
    }, {
      "id" : "s0-t1",
      "begin" : 6,
      "end" : 7,
      "text" : "\"",
      "whiteSpace" : false
    }, {
      "id" : "s0-t2",
      "begin" : 7,
      "end" : 12,
      "text" : "title",
      "whiteSpace" : false
    }, {
      "id" : "s0-t3",
      "begin" : 12,
      "end" : 13,
      "text" : "\"",
      "whiteSpace" : false
    }, {
      "id" : "s0-t4",
      "begin" : 13,
      "end" : 14,
      "text" : ":",
      "whiteSpace" : false
    }, {
      "id" : "s0-t5",
      "begin" : 15,
      "end" : 16,
      "text" : "\"",
      "whiteSpace" : false
    }, {
      "id" : "s0-t6",
      "begin" : 16,
      "end" : 28,
      "text" : "Unemployment",
      "whiteSpace" : false
    }, {
      "id" : "s0-t7",
      "begin" : 29,
      "end" : 30,
      "text" : "-",
      "whiteSpace" : false
    }, {
      "id" : "s0-t8",
      "begin" : 31,
      "end" : 33,
      "text" : "am",
      "whiteSpace" : false
    }, {
      "id" : "s0-t9",
      "begin" : 34,
      "end" : 35,
      "text" : "I",
      "whiteSpace" : false
    }, {
      "id" : "s0-t10",
      "begin" : 36,
      "end" : 43,
      "text" : "screwed",
      "whiteSpace" : false
    }, {
      "id" : "s0-t11",
      "begin" : 44,
      "end" : 47,
      "text" : "for",
      "whiteSpace" : false
    }, {
      "id" : "s0-t12",
      "begin" : 48,
      "end" : 56,
      "text" : "applying",
      "whiteSpace" : false
    }, {
      "id" : "s0-t13",
      "begin" : 57,
      "end" : 60,
      "text" : "for",
      "whiteSpace" : false
    }, {
      "id" : "s0-t14",
      "begin" : 61,
      "end" : 64,
      "text" : "PUA",
      "whiteSpace" : false
    }, {
      "id" : "s0-t15",
      "begin" : 65,
      "end" : 68,
      "text" : "and",
      "whiteSpace" : false
    }, {
      "id" : "s0-t16",
      "begin" : 69,
      "end" : 73,
      "text" : "PEUC",
      "whiteSpace" : false
    }, {
      "id" : "s0-t17",
      "begin" : 73,
      "end" : 74,
      "text" : "\"",
      "whiteSpace" : false
    }, {
      "id" : "s0-t18",
      "begin" : 74,
      "end" : 75,
      "text" : ",",
      "whiteSpace" : false
    }, {
      "id" : "s0-t19",
      "begin" : 80,
      "end" : 81,
      "text" : "\"",
      "whiteSpace" : false
    }, {
      "id" : "s0-t20",
      "begin" : 81,
      "end" : 85,
      "text" : "text",
      "whiteSpace" : false
    }, {
      "id" : "s0-t21",
      "begin" : 85,
      "end" : 86,
      "text" : "\"",
      "whiteSpace" : false
    }, {
      "id" : "s0-t22",
      "begin" : 86,
      "end" : 87,
      "text" : ":",
      "whiteSpace" : false
    }, {
      "id" : "s0-t23",
      "begin" : 88,
      "end" : 89,
      "text" : "\"",
      "whiteSpace" : false
    }, {
      "id" : "s0-t24",
      "begin" : 89,
      "end" : 94,
      "text" : "Hello",
      "whiteSpace" : false
    }, {
      "id" : "s0-t25",
      "begin" : 94,
      "end" : 95,
      "text" : ",",
      "whiteSpace" : false
    }, {
      "id" : "s0-t26",
      "begin" : 95,
      "end" : 98,
      "text" : "\\nI",
      "whiteSpace" : false
    }, {
      "id" : "s0-t27",
      "begin" : 99,
      "end" : 106,
      "text" : "applied",
      "whiteSpace" : false
    }, {
      "id" : "s0-t28",
      "begin" : 107,
      "end" : 110,
      "text" : "for",
      "whiteSpace" : false
    }, {
      "id" : "s0-t29",
      "begin" : 111,
      "end" : 123,
      "text" : "unemployment",
      "whiteSpace" : false
    }, {
      "id" : "s0-t30",
      "begin" : 124,
      "end" : 127,
      "text" : "and",
      "whiteSpace" : false
    }, {
      "id" : "s0-t31",
      "begin" : 128,
      "end" : 131,
      "text" : "was",
      "whiteSpace" : false
    }, {
      "id" : "s0-t32",
      "begin" : 132,
      "end" : 140,
      "text" : "approved",
      "whiteSpace" : false
    }, {
      "id" : "s0-t33",
      "begin" : 141,
      "end" : 142,
      "text" : "(",
      "whiteSpace" : false
    }, {
      "id" : "s0-t34",
      "begin" : 142,
      "end" : 143,
      "text" : "4",
      "whiteSpace" : false
    }, {
      "id" : "s0-t35",
      "begin" : 144,
      "end" : 149,
      "text" : "weeks",
      "whiteSpace" : false
    }, {
      "id" : "s0-t36",
      "begin" : 150,
      "end" : 153,
      "text" : "ago",
      "whiteSpace" : false
    }, {
      "id" : "s0-t37",
      "begin" : 153,
      "end" : 154,
      "text" : ")",
      "whiteSpace" : false
    }, {
      "id" : "s0-t38",
      "begin" : 155,
      "end" : 157,
      "text" : "on",
      "whiteSpace" : false
    }, {
      "id" : "s0-t39",
      "begin" : 158,
      "end" : 165,
      "text" : "Standby",
      "whiteSpace" : false
    }, {
      "id" : "s0-t40",
      "begin" : 165,
      "end" : 166,
      "text" : ".",
      "whiteSpace" : false
    } ]
  }, {
    "id" : "s1",
    "begin" : 167,
    "end" : 317,
    "text" : "Since then, I have not seen a dime in my bank and there are no rows or lines saying processing/denied/paid to each of the week I file my weekly claim.",
    "tokens" : [ {
      "id" : "s1-t0",
      "begin" : 167,
      "end" : 172,
      "text" : "Since",
      "whiteSpace" : false
    }, {
      "id" : "s1-t1",
      "begin" : 173,
      "end" : 177,
      "text" : "then",
      "whiteSpace" : false
    }, {
      "id" : "s1-t2",
      "begin" : 177,
      "end" : 178,
      "text" : ",",
      "whiteSpace" : false
    }, {
      "id" : "s1-t3",
      "begin" : 179,
      "end" : 180,
      "text" : "I",
      "whiteSpace" : false
    }, {
      "id" : "s1-t4",
      "begin" : 181,
      "end" : 185,
      "text" : "have",
      "whiteSpace" : false
    }, {
      "id" : "s1-t5",
      "begin" : 186,
      "end" : 189,
      "text" : "not",
      "whiteSpace" : false
    }, {
      "id" : "s1-t6",
      "begin" : 190,
      "end" : 194,
      "text" : "seen",
      "whiteSpace" : false
    }, {
      "id" : "s1-t7",
      "begin" : 195,
      "end" : 196,
      "text" : "a",
      "whiteSpace" : false
    }, {
      "id" : "s1-t8",
      "begin" : 197,
      "end" : 201,
      "text" : "dime",
      "whiteSpace" : false
    }, {
      "id" : "s1-t9",
      "begin" : 202,
      "end" : 204,
      "text" : "in",
      "whiteSpace" : false
    }, {
      "id" : "s1-t10",
      "begin" : 205,
      "end" : 207,
      "text" : "my",
      "whiteSpace" : false
    }, {
      "id" : "s1-t11",
      "begin" : 208,
      "end" : 212,
      "text" : "bank",
      "whiteSpace" : false
    }, {
      "id" : "s1-t12",
      "begin" : 213,
      "end" : 216,
      "text" : "and",
      "whiteSpace" : false
    }, {
      "id" : "s1-t13",
      "begin" : 217,
      "end" : 222,
      "text" : "there",
      "whiteSpace" : false
    }, {
      "id" : "s1-t14",
      "begin" : 223,
      "end" : 226,
      "text" : "are",
      "whiteSpace" : false
    }, {
      "id" : "s1-t15",
      "begin" : 227,
      "end" : 229,
      "text" : "no",
      "whiteSpace" : false
    }, {
      "id" : "s1-t16",
      "begin" : 230,
      "end" : 234,
      "text" : "rows",
      "whiteSpace" : false
    }, {
      "id" : "s1-t17",
      "begin" : 235,
      "end" : 237,
      "text" : "or",
      "whiteSpace" : false
    }, {
      "id" : "s1-t18",
      "begin" : 238,
      "end" : 243,
      "text" : "lines",
      "whiteSpace" : false
    }, {
      "id" : "s1-t19",
      "begin" : 244,
      "end" : 250,
      "text" : "saying",
      "whiteSpace" : false
    }, {
      "id" : "s1-t20",
      "begin" : 251,
      "end" : 273,
      "text" : "processing/denied/paid",
      "whiteSpace" : false
    }, {
      "id" : "s1-t21",
      "begin" : 274,
      "end" : 276,
      "text" : "to",
      "whiteSpace" : false
    }, {
      "id" : "s1-t22",
      "begin" : 277,
      "end" : 281,
      "text" : "each",
      "whiteSpace" : false
    }, {
      "id" : "s1-t23",
      "begin" : 282,
      "end" : 284,
      "text" : "of",
      "whiteSpace" : false
    }, {
      "id" : "s1-t24",
      "begin" : 285,
      "end" : 288,
      "text" : "the",
      "whiteSpace" : false
    }, {
      "id" : "s1-t25",
      "begin" : 289,
      "end" : 293,
      "text" : "week",
      "whiteSpace" : false
    }, {
      "id" : "s1-t26",
      "begin" : 294,
      "end" : 295,
      "text" : "I",
      "whiteSpace" : false
    }, {
      "id" : "s1-t27",
      "begin" : 296,
      "end" : 300,
      "text" : "file",
      "whiteSpace" : false
    }, {
      "id" : "s1-t28",
      "begin" : 301,
      "end" : 303,
      "text" : "my",
      "whiteSpace" : false
    }, {
      "id" : "s1-t29",
      "begin" : 304,
      "end" : 310,
      "text" : "weekly",
      "whiteSpace" : false
    }, {
      "id" : "s1-t30",
      "begin" : 311,
      "end" : 316,
      "text" : "claim",
      "whiteSpace" : false
    }, {
      "id" : "s1-t31",
      "begin" : 316,
      "end" : 317,
      "text" : ".",
      "whiteSpace" : false
    } ]
  }, {
    "id" : "s2",
    "begin" : 318,
    "end" : 389,
    "text" : "This Sunday, the PUA and PEUC application pops up and I filed for both.",
    "tokens" : [ {
      "id" : "s2-t0",
      "begin" : 318,
      "end" : 322,
      "text" : "This",
      "whiteSpace" : false
    }, {
      "id" : "s2-t1",
      "begin" : 323,
      "end" : 329,
      "text" : "Sunday",
      "whiteSpace" : false
    }, {
      "id" : "s2-t2",
      "begin" : 329,
      "end" : 330,
      "text" : ",",
      "whiteSpace" : false
    }, {
      "id" : "s2-t3",
      "begin" : 331,
      "end" : 334,
      "text" : "the",
      "whiteSpace" : false
    }, {
      "id" : "s2-t4",
      "begin" : 335,
      "end" : 338,
      "text" : "PUA",
      "whiteSpace" : false
    }, {
      "id" : "s2-t5",
      "begin" : 339,
      "end" : 342,
      "text" : "and",
      "whiteSpace" : false
    }, {
      "id" : "s2-t6",
      "begin" : 343,
      "end" : 347,
      "text" : "PEUC",
      "whiteSpace" : false
    }, {
      "id" : "s2-t7",
      "begin" : 348,
      "end" : 359,
      "text" : "application",
      "whiteSpace" : false
    }, {
      "id" : "s2-t8",
      "begin" : 360,
      "end" : 364,
      "text" : "pops",
      "whiteSpace" : false
    }, {
      "id" : "s2-t9",
      "begin" : 365,
      "end" : 367,
      "text" : "up",
      "whiteSpace" : false
    }, {
      "id" : "s2-t10",
      "begin" : 368,
      "end" : 371,
      "text" : "and",
      "whiteSpace" : false
    }, {
      "id" : "s2-t11",
      "begin" : 372,
      "end" : 373,
      "text" : "I",
      "whiteSpace" : false
    }, {
      "id" : "s2-t12",
      "begin" : 374,
      "end" : 379,
      "text" : "filed",
      "whiteSpace" : false
    }, {
      "id" : "s2-t13",
      "begin" : 380,
      "end" : 383,
      "text" : "for",
      "whiteSpace" : false
    }, {
      "id" : "s2-t14",
      "begin" : 384,
      "end" : 388,
      "text" : "both",
      "whiteSpace" : false
    }, {
      "id" : "s2-t15",
      "begin" : 388,
      "end" : 389,
      "text" : ".",
      "whiteSpace" : false
    } ]
  }, {
    "id" : "s3",
    "begin" : 390,
    "end" : 539,
    "text" : "Turns out, the PUA is for those who are self-employed, contractors,...etc. I was approved and now I have an active PUA claim and my status is ‘paid’.",
    "tokens" : [ {
      "id" : "s3-t0",
      "begin" : 390,
      "end" : 395,
      "text" : "Turns",
      "whiteSpace" : false
    }, {
      "id" : "s3-t1",
      "begin" : 396,
      "end" : 399,
      "text" : "out",
      "whiteSpace" : false
    }, {
      "id" : "s3-t2",
      "begin" : 399,
      "end" : 400,
      "text" : ",",
      "whiteSpace" : false
    }, {
      "id" : "s3-t3",
      "begin" : 401,
      "end" : 404,
      "text" : "the",
      "whiteSpace" : false
    }, {
      "id" : "s3-t4",
      "begin" : 405,
      "end" : 408,
      "text" : "PUA",
      "whiteSpace" : false
    }, {
      "id" : "s3-t5",
      "begin" : 409,
      "end" : 411,
      "text" : "is",
      "whiteSpace" : false
    }, {
      "id" : "s3-t6",
      "begin" : 412,
      "end" : 415,
      "text" : "for",
      "whiteSpace" : false
    }, {
      "id" : "s3-t7",
      "begin" : 416,
      "end" : 421,
      "text" : "those",
      "whiteSpace" : false
    }, {
      "id" : "s3-t8",
      "begin" : 422,
      "end" : 425,
      "text" : "who",
      "whiteSpace" : false
    }, {
      "id" : "s3-t9",
      "begin" : 426,
      "end" : 429,
      "text" : "are",
      "whiteSpace" : false
    }, {
      "id" : "s3-t10",
      "begin" : 430,
      "end" : 434,
      "text" : "self",
      "whiteSpace" : false
    }, {
      "id" : "s3-t11",
      "begin" : 434,
      "end" : 435,
      "text" : "-",
      "whiteSpace" : false
    }, {
      "id" : "s3-t12",
      "begin" : 435,
      "end" : 443,
      "text" : "employed",
      "whiteSpace" : false
    }, {
      "id" : "s3-t13",
      "begin" : 443,
      "end" : 444,
      "text" : ",",
      "whiteSpace" : false
    }, {
      "id" : "s3-t14",
      "begin" : 445,
      "end" : 456,
      "text" : "contractors",
      "whiteSpace" : false
    }, {
      "id" : "s3-t15",
      "begin" : 456,
      "end" : 457,
      "text" : ",",
      "whiteSpace" : false
    }, {
      "id" : "s3-t16",
      "begin" : 457,
      "end" : 464,
      "text" : "...etc.",
      "whiteSpace" : false
    }, {
      "id" : "s3-t17",
      "begin" : 465,
      "end" : 466,
      "text" : "I",
      "whiteSpace" : false
    }, {
      "id" : "s3-t18",
      "begin" : 467,
      "end" : 470,
      "text" : "was",
      "whiteSpace" : false
    }, {
      "id" : "s3-t19",
      "begin" : 471,
      "end" : 479,
      "text" : "approved",
      "whiteSpace" : false
    }, {
      "id" : "s3-t20",
      "begin" : 480,
      "end" : 483,
      "text" : "and",
      "whiteSpace" : false
    }, {
      "id" : "s3-t21",
      "begin" : 484,
      "end" : 487,
      "text" : "now",
      "whiteSpace" : false
    }, {
      "id" : "s3-t22",
      "begin" : 488,
      "end" : 489,
      "text" : "I",
      "whiteSpace" : false
    }, {
      "id" : "s3-t23",
      "begin" : 490,
      "end" : 494,
      "text" : "have",
      "whiteSpace" : false
    }, {
      "id" : "s3-t24",
      "begin" : 495,
      "end" : 497,
      "text" : "an",
      "whiteSpace" : false
    }, {
      "id" : "s3-t25",
      "begin" : 498,
      "end" : 504,
      "text" : "active",
      "whiteSpace" : false
    }, {
      "id" : "s3-t26",
      "begin" : 505,
      "end" : 508,
      "text" : "PUA",
      "whiteSpace" : false
    }, {
      "id" : "s3-t27",
      "begin" : 509,
      "end" : 514,
      "text" : "claim",
      "whiteSpace" : false
    }, {
      "id" : "s3-t28",
      "begin" : 515,
      "end" : 518,
      "text" : "and",
      "whiteSpace" : false
    }, {
      "id" : "s3-t29",
      "begin" : 519,
      "end" : 521,
      "text" : "my",
      "whiteSpace" : false
    }, {
      "id" : "s3-t30",
      "begin" : 522,
      "end" : 528,
      "text" : "status",
      "whiteSpace" : false
    }, {
      "id" : "s3-t31",
      "begin" : 529,
      "end" : 531,
      "text" : "is",
      "whiteSpace" : false
    }, {
      "id" : "s3-t32",
      "begin" : 532,
      "end" : 537,
      "text" : "‘paid",
      "whiteSpace" : false
    }, {
      "id" : "s3-t33",
      "begin" : 537,
      "end" : 538,
      "text" : "’",
      "whiteSpace" : false
    }, {
      "id" : "s3-t34",
      "begin" : 538,
      "end" : 539,
      "text" : ".",
      "whiteSpace" : false
    } ]
  }, {
    "id" : "s4",
    "begin" : 540,
    "end" : 650,
    "text" : "My question here is am I in trouble for receiving this money because I’m not self-employed or is a contractor.",
    "tokens" : [ {
      "id" : "s4-t0",
      "begin" : 540,
      "end" : 542,
      "text" : "My",
      "whiteSpace" : false
    }, {
      "id" : "s4-t1",
      "begin" : 543,
      "end" : 551,
      "text" : "question",
      "whiteSpace" : false
    }, {
      "id" : "s4-t2",
      "begin" : 552,
      "end" : 556,
      "text" : "here",
      "whiteSpace" : false
    }, {
      "id" : "s4-t3",
      "begin" : 557,
      "end" : 559,
      "text" : "is",
      "whiteSpace" : false
    }, {
      "id" : "s4-t4",
      "begin" : 560,
      "end" : 562,
      "text" : "am",
      "whiteSpace" : false
    }, {
      "id" : "s4-t5",
      "begin" : 563,
      "end" : 564,
      "text" : "I",
      "whiteSpace" : false
    }, {
      "id" : "s4-t6",
      "begin" : 565,
      "end" : 567,
      "text" : "in",
      "whiteSpace" : false
    }, {
      "id" : "s4-t7",
      "begin" : 568,
      "end" : 575,
      "text" : "trouble",
      "whiteSpace" : false
    }, {
      "id" : "s4-t8",
      "begin" : 576,
      "end" : 579,
      "text" : "for",
      "whiteSpace" : false
    }, {
      "id" : "s4-t9",
      "begin" : 580,
      "end" : 589,
      "text" : "receiving",
      "whiteSpace" : false
    }, {
      "id" : "s4-t10",
      "begin" : 590,
      "end" : 594,
      "text" : "this",
      "whiteSpace" : false
    }, {
      "id" : "s4-t11",
      "begin" : 595,
      "end" : 600,
      "text" : "money",
      "whiteSpace" : false
    }, {
      "id" : "s4-t12",
      "begin" : 601,
      "end" : 608,
      "text" : "because",
      "whiteSpace" : false
    }, {
      "id" : "s4-t13",
      "begin" : 609,
      "end" : 610,
      "text" : "I",
      "whiteSpace" : false
    }, {
      "id" : "s4-t14",
      "begin" : 610,
      "end" : 612,
      "text" : "’m",
      "whiteSpace" : false
    }, {
      "id" : "s4-t15",
      "begin" : 613,
      "end" : 616,
      "text" : "not",
      "whiteSpace" : false
    }, {
      "id" : "s4-t16",
      "begin" : 617,
      "end" : 630,
      "text" : "self-employed",
      "whiteSpace" : false
    }, {
      "id" : "s4-t17",
      "begin" : 631,
      "end" : 633,
      "text" : "or",
      "whiteSpace" : false
    }, {
      "id" : "s4-t18",
      "begin" : 634,
      "end" : 636,
      "text" : "is",
      "whiteSpace" : false
    }, {
      "id" : "s4-t19",
      "begin" : 637,
      "end" : 638,
      "text" : "a",
      "whiteSpace" : false
    }, {
      "id" : "s4-t20",
      "begin" : 639,
      "end" : 649,
      "text" : "contractor",
      "whiteSpace" : false
    }, {
      "id" : "s4-t21",
      "begin" : 649,
      "end" : 650,
      "text" : ".",
      "whiteSpace" : false
    } ]
  }, {
    "id" : "s5",
    "begin" : 651,
    "end" : 775,
    "text" : "But the ESD website said the PUA also applies to those who workplace is closed because of the pandemic (this applies to me).",
    "tokens" : [ {
      "id" : "s5-t0",
      "begin" : 651,
      "end" : 654,
      "text" : "But",
      "whiteSpace" : false
    }, {
      "id" : "s5-t1",
      "begin" : 655,
      "end" : 658,
      "text" : "the",
      "whiteSpace" : false
    }, {
      "id" : "s5-t2",
      "begin" : 659,
      "end" : 662,
      "text" : "ESD",
      "whiteSpace" : false
    }, {
      "id" : "s5-t3",
      "begin" : 663,
      "end" : 670,
      "text" : "website",
      "whiteSpace" : false
    }, {
      "id" : "s5-t4",
      "begin" : 671,
      "end" : 675,
      "text" : "said",
      "whiteSpace" : false
    }, {
      "id" : "s5-t5",
      "begin" : 676,
      "end" : 679,
      "text" : "the",
      "whiteSpace" : false
    }, {
      "id" : "s5-t6",
      "begin" : 680,
      "end" : 683,
      "text" : "PUA",
      "whiteSpace" : false
    }, {
      "id" : "s5-t7",
      "begin" : 684,
      "end" : 688,
      "text" : "also",
      "whiteSpace" : false
    }, {
      "id" : "s5-t8",
      "begin" : 689,
      "end" : 696,
      "text" : "applies",
      "whiteSpace" : false
    }, {
      "id" : "s5-t9",
      "begin" : 697,
      "end" : 699,
      "text" : "to",
      "whiteSpace" : false
    }, {
      "id" : "s5-t10",
      "begin" : 700,
      "end" : 705,
      "text" : "those",
      "whiteSpace" : false
    }, {
      "id" : "s5-t11",
      "begin" : 706,
      "end" : 709,
      "text" : "who",
      "whiteSpace" : false
    }, {
      "id" : "s5-t12",
      "begin" : 710,
      "end" : 719,
      "text" : "workplace",
      "whiteSpace" : false
    }, {
      "id" : "s5-t13",
      "begin" : 720,
      "end" : 722,
      "text" : "is",
      "whiteSpace" : false
    }, {
      "id" : "s5-t14",
      "begin" : 723,
      "end" : 729,
      "text" : "closed",
      "whiteSpace" : false
    }, {
      "id" : "s5-t15",
      "begin" : 730,
      "end" : 737,
      "text" : "because",
      "whiteSpace" : false
    }, {
      "id" : "s5-t16",
      "begin" : 738,
      "end" : 740,
      "text" : "of",
      "whiteSpace" : false
    }, {
      "id" : "s5-t17",
      "begin" : 741,
      "end" : 744,
      "text" : "the",
      "whiteSpace" : false
    }, {
      "id" : "s5-t18",
      "begin" : 745,
      "end" : 753,
      "text" : "pandemic",
      "whiteSpace" : false
    }, {
      "id" : "s5-t19",
      "begin" : 754,
      "end" : 755,
      "text" : "(",
      "whiteSpace" : false
    }, {
      "id" : "s5-t20",
      "begin" : 755,
      "end" : 759,
      "text" : "this",
      "whiteSpace" : false
    }, {
      "id" : "s5-t21",
      "begin" : 760,
      "end" : 767,
      "text" : "applies",
      "whiteSpace" : false
    }, {
      "id" : "s5-t22",
      "begin" : 768,
      "end" : 770,
      "text" : "to",
      "whiteSpace" : false
    }, {
      "id" : "s5-t23",
      "begin" : 771,
      "end" : 773,
      "text" : "me",
      "whiteSpace" : false
    }, {
      "id" : "s5-t24",
      "begin" : 773,
      "end" : 774,
      "text" : ")",
      "whiteSpace" : false
    }, {
      "id" : "s5-t25",
      "begin" : 774,
      "end" : 775,
      "text" : ".",
      "whiteSpace" : false
    } ]
  }, {
    "id" : "s6",
    "begin" : 776,
    "end" : 842,
    "text" : "I don’t know if I will be in trouble for have to return the money.",
    "tokens" : [ {
      "id" : "s6-t0",
      "begin" : 776,
      "end" : 777,
      "text" : "I",
      "whiteSpace" : false
    }, {
      "id" : "s6-t1",
      "begin" : 778,
      "end" : 780,
      "text" : "do",
      "whiteSpace" : false
    }, {
      "id" : "s6-t2",
      "begin" : 780,
      "end" : 783,
      "text" : "n’t",
      "whiteSpace" : false
    }, {
      "id" : "s6-t3",
      "begin" : 784,
      "end" : 788,
      "text" : "know",
      "whiteSpace" : false
    }, {
      "id" : "s6-t4",
      "begin" : 789,
      "end" : 791,
      "text" : "if",
      "whiteSpace" : false
    }, {
      "id" : "s6-t5",
      "begin" : 792,
      "end" : 793,
      "text" : "I",
      "whiteSpace" : false
    }, {
      "id" : "s6-t6",
      "begin" : 794,
      "end" : 798,
      "text" : "will",
      "whiteSpace" : false
    }, {
      "id" : "s6-t7",
      "begin" : 799,
      "end" : 801,
      "text" : "be",
      "whiteSpace" : false
    }, {
      "id" : "s6-t8",
      "begin" : 802,
      "end" : 804,
      "text" : "in",
      "whiteSpace" : false
    }, {
      "id" : "s6-t9",
      "begin" : 805,
      "end" : 812,
      "text" : "trouble",
      "whiteSpace" : false
    }, {
      "id" : "s6-t10",
      "begin" : 813,
      "end" : 816,
      "text" : "for",
      "whiteSpace" : false
    }, {
      "id" : "s6-t11",
      "begin" : 817,
      "end" : 821,
      "text" : "have",
      "whiteSpace" : false
    }, {
      "id" : "s6-t12",
      "begin" : 822,
      "end" : 824,
      "text" : "to",
      "whiteSpace" : false
    }, {
      "id" : "s6-t13",
      "begin" : 825,
      "end" : 831,
      "text" : "return",
      "whiteSpace" : false
    }, {
      "id" : "s6-t14",
      "begin" : 832,
      "end" : 835,
      "text" : "the",
      "whiteSpace" : false
    }, {
      "id" : "s6-t15",
      "begin" : 836,
      "end" : 841,
      "text" : "money",
      "whiteSpace" : false
    }, {
      "id" : "s6-t16",
      "begin" : 841,
      "end" : 842,
      "text" : ".",
      "whiteSpace" : false
    } ]
  }, {
    "id" : "s7",
    "begin" : 842,
    "end" : 916,
    "text" : "\",\n    \"subreddit\": \"Seattle\",\n    \"created\": \"2020-04-23T05:53:21.000Z\"\n}",
    "tokens" : [ {
      "id" : "s7-t0",
      "begin" : 842,
      "end" : 843,
      "text" : "\"",
      "whiteSpace" : false
    }, {
      "id" : "s7-t1",
      "begin" : 843,
      "end" : 844,
      "text" : ",",
      "whiteSpace" : false
    }, {
      "id" : "s7-t2",
      "begin" : 849,
      "end" : 850,
      "text" : "\"",
      "whiteSpace" : false
    }, {
      "id" : "s7-t3",
      "begin" : 850,
      "end" : 859,
      "text" : "subreddit",
      "whiteSpace" : false
    }, {
      "id" : "s7-t4",
      "begin" : 859,
      "end" : 860,
      "text" : "\"",
      "whiteSpace" : false
    }, {
      "id" : "s7-t5",
      "begin" : 860,
      "end" : 861,
      "text" : ":",
      "whiteSpace" : false
    }, {
      "id" : "s7-t6",
      "begin" : 862,
      "end" : 863,
      "text" : "\"",
      "whiteSpace" : false
    }, {
      "id" : "s7-t7",
      "begin" : 863,
      "end" : 870,
      "text" : "Seattle",
      "whiteSpace" : false
    }, {
      "id" : "s7-t8",
      "begin" : 870,
      "end" : 871,
      "text" : "\"",
      "whiteSpace" : false
    }, {
      "id" : "s7-t9",
      "begin" : 871,
      "end" : 872,
      "text" : ",",
      "whiteSpace" : false
    }, {
      "id" : "s7-t10",
      "begin" : 877,
      "end" : 878,
      "text" : "\"",
      "whiteSpace" : false
    }, {
      "id" : "s7-t11",
      "begin" : 878,
      "end" : 885,
      "text" : "created",
      "whiteSpace" : false
    }, {
      "id" : "s7-t12",
      "begin" : 885,
      "end" : 886,
      "text" : "\"",
      "whiteSpace" : false
    }, {
      "id" : "s7-t13",
      "begin" : 886,
      "end" : 887,
      "text" : ":",
      "whiteSpace" : false
    }, {
      "id" : "s7-t14",
      "begin" : 888,
      "end" : 889,
      "text" : "\"",
      "whiteSpace" : false
    }, {
      "id" : "s7-t15",
      "begin" : 889,
      "end" : 913,
      "text" : "2020-04-23T05:53:21.000Z",
      "whiteSpace" : false
    }, {
      "id" : "s7-t16",
      "begin" : 913,
      "end" : 914,
      "text" : "\"",
      "whiteSpace" : false
    }, {
      "id" : "s7-t17",
      "begin" : 915,
      "end" : 916,
      "text" : "}",
      "whiteSpace" : false
    } ]
  } ],
  "mentions" : [ {
    "id" : "m1",
    "properties" : {
      "SIRE_MENTION_TYPE" : "NONE",
      "SIRE_MENTION_ROLE" : "Unemployed",
      "SIRE_MENTION_CLASS" : "SPC",
      "SIRE_ENTITY_SUBTYPE" : "NONE"
    },
    "type" : "Unemployed",
    "begin" : 16,
    "end" : 28,
    "inCoref" : false
  }, {
    "id" : "s0-m3",
    "properties" : {
      "SIRE_MENTION_ROLE" : "Unemployed",
      "SIRE_ENTITY_SUBTYPE" : "NONE",
      "SIRE_MENTION_TYPE" : "NONE",
      "SIRE_MENTION_CLASS" : "SPC"
    },
    "type" : "Unemployed",
    "begin" : 48,
    "end" : 73,
    "inCoref" : false
  }, {
    "id" : "m2",
    "properties" : {
      "SIRE_MENTION_TYPE" : "NONE",
      "SIRE_MENTION_ROLE" : "Unemployed",
      "SIRE_MENTION_CLASS" : "SPC",
      "SIRE_ENTITY_SUBTYPE" : "NONE"
    },
    "type" : "Unemployed",
    "begin" : 111,
    "end" : 123,
    "inCoref" : false
  }, {
    "id" : "s2-m1",
    "properties" : {
      "SIRE_MENTION_ROLE" : "Unemployed",
      "SIRE_ENTITY_SUBTYPE" : "NONE",
      "SIRE_MENTION_TYPE" : "NONE",
      "SIRE_MENTION_CLASS" : "SPC"
    },
    "type" : "Unemployed",
    "begin" : 335,
    "end" : 359,
    "inCoref" : false
  }, {
    "id" : "s3-m2",
    "properties" : {
      "SIRE_MENTION_ROLE" : "Unemployed",
      "SIRE_ENTITY_SUBTYPE" : "NONE",
      "SIRE_MENTION_TYPE" : "NONE",
      "SIRE_MENTION_CLASS" : "SPC"
    },
    "type" : "Unemployed",
    "begin" : 405,
    "end" : 408,
    "inCoref" : false
  }, {
    "id" : "s3-m3",
    "properties" : {
      "SIRE_MENTION_ROLE" : "Unemployed",
      "SIRE_ENTITY_SUBTYPE" : "NONE",
      "SIRE_MENTION_TYPE" : "NONE",
      "SIRE_MENTION_CLASS" : "SPC"
    },
    "type" : "Unemployed",
    "begin" : 498,
    "end" : 514,
    "inCoref" : false
  }, {
    "id" : "s5-m1",
    "properties" : {
      "SIRE_MENTION_ROLE" : "Unemployed",
      "SIRE_ENTITY_SUBTYPE" : "NONE",
      "SIRE_MENTION_TYPE" : "NONE",
      "SIRE_MENTION_CLASS" : "SPC"
    },
    "type" : "Unemployed",
    "begin" : 680,
    "end" : 683,
    "inCoref" : false
  } ],
  "relations" : [ ],
  "corefs" : [ ],
  "typeResolved" : true,
  "userResolved" : false
}