{
  "id" : "0eb010c0-9422-11ea-ba41-8b3cd48b35eb-110",
  "name" : "seattle-doc-4.txt",
  "createdDate" : 0,
  "version" : 3,
  "text" : "{\n    \"title\": \"Unemployment\",\n    \"text\": \"Hey guys! First off, does anyone know when the unemployment website will be fixed? I haven’t been able to file my weekly claim yet for last week, which sucks... Also, has anyone received their unemployment benefits yet? I filed March 23 and I still haven’t received any money, which is starting to become a huge strain financially. Thanks in advance!\",\n    \"subreddit\": \"Seattle\",\n    \"created\": \"2020-04-22T06:09:24.000Z\"\n}",
  "docLength" : 0,
  "language" : "EN",
  "status" : "IN_PROGRESS",
  "modifiedDate" : 1589330125864,
  "documentSet" : [ ],
  "preannotation" : [ "PRE_LW" ],
  "sentences" : [ {
    "id" : "s0",
    "begin" : 0,
    "end" : 53,
    "text" : "{\n    \"title\": \"Unemployment\",\n    \"text\": \"Hey guys!",
    "tokens" : [ {
      "id" : "s0-t0",
      "begin" : 0,
      "end" : 1,
      "text" : "{",
      "whiteSpace" : false
    }, {
      "id" : "s0-t1",
      "begin" : 6,
      "end" : 7,
      "text" : "\"",
      "whiteSpace" : false
    }, {
      "id" : "s0-t2",
      "begin" : 7,
      "end" : 12,
      "text" : "title",
      "whiteSpace" : false
    }, {
      "id" : "s0-t3",
      "begin" : 12,
      "end" : 13,
      "text" : "\"",
      "whiteSpace" : false
    }, {
      "id" : "s0-t4",
      "begin" : 13,
      "end" : 14,
      "text" : ":",
      "whiteSpace" : false
    }, {
      "id" : "s0-t5",
      "begin" : 15,
      "end" : 16,
      "text" : "\"",
      "whiteSpace" : false
    }, {
      "id" : "s0-t6",
      "begin" : 16,
      "end" : 28,
      "text" : "Unemployment",
      "whiteSpace" : false
    }, {
      "id" : "s0-t7",
      "begin" : 28,
      "end" : 29,
      "text" : "\"",
      "whiteSpace" : false
    }, {
      "id" : "s0-t8",
      "begin" : 29,
      "end" : 30,
      "text" : ",",
      "whiteSpace" : false
    }, {
      "id" : "s0-t9",
      "begin" : 35,
      "end" : 36,
      "text" : "\"",
      "whiteSpace" : false
    }, {
      "id" : "s0-t10",
      "begin" : 36,
      "end" : 40,
      "text" : "text",
      "whiteSpace" : false
    }, {
      "id" : "s0-t11",
      "begin" : 40,
      "end" : 41,
      "text" : "\"",
      "whiteSpace" : false
    }, {
      "id" : "s0-t12",
      "begin" : 41,
      "end" : 42,
      "text" : ":",
      "whiteSpace" : false
    }, {
      "id" : "s0-t13",
      "begin" : 43,
      "end" : 44,
      "text" : "\"",
      "whiteSpace" : false
    }, {
      "id" : "s0-t14",
      "begin" : 44,
      "end" : 47,
      "text" : "Hey",
      "whiteSpace" : false
    }, {
      "id" : "s0-t15",
      "begin" : 48,
      "end" : 52,
      "text" : "guys",
      "whiteSpace" : false
    }, {
      "id" : "s0-t16",
      "begin" : 52,
      "end" : 53,
      "text" : "!",
      "whiteSpace" : false
    } ]
  }, {
    "id" : "s1",
    "begin" : 54,
    "end" : 126,
    "text" : "First off, does anyone know when the unemployment website will be fixed?",
    "tokens" : [ {
      "id" : "s1-t0",
      "begin" : 54,
      "end" : 59,
      "text" : "First",
      "whiteSpace" : false
    }, {
      "id" : "s1-t1",
      "begin" : 60,
      "end" : 63,
      "text" : "off",
      "whiteSpace" : false
    }, {
      "id" : "s1-t2",
      "begin" : 63,
      "end" : 64,
      "text" : ",",
      "whiteSpace" : false
    }, {
      "id" : "s1-t3",
      "begin" : 65,
      "end" : 69,
      "text" : "does",
      "whiteSpace" : false
    }, {
      "id" : "s1-t4",
      "begin" : 70,
      "end" : 76,
      "text" : "anyone",
      "whiteSpace" : false
    }, {
      "id" : "s1-t5",
      "begin" : 77,
      "end" : 81,
      "text" : "know",
      "whiteSpace" : false
    }, {
      "id" : "s1-t6",
      "begin" : 82,
      "end" : 86,
      "text" : "when",
      "whiteSpace" : false
    }, {
      "id" : "s1-t7",
      "begin" : 87,
      "end" : 90,
      "text" : "the",
      "whiteSpace" : false
    }, {
      "id" : "s1-t8",
      "begin" : 91,
      "end" : 103,
      "text" : "unemployment",
      "whiteSpace" : false
    }, {
      "id" : "s1-t9",
      "begin" : 104,
      "end" : 111,
      "text" : "website",
      "whiteSpace" : false
    }, {
      "id" : "s1-t10",
      "begin" : 112,
      "end" : 116,
      "text" : "will",
      "whiteSpace" : false
    }, {
      "id" : "s1-t11",
      "begin" : 117,
      "end" : 119,
      "text" : "be",
      "whiteSpace" : false
    }, {
      "id" : "s1-t12",
      "begin" : 120,
      "end" : 125,
      "text" : "fixed",
      "whiteSpace" : false
    }, {
      "id" : "s1-t13",
      "begin" : 125,
      "end" : 126,
      "text" : "?",
      "whiteSpace" : false
    } ]
  }, {
    "id" : "s2",
    "begin" : 127,
    "end" : 263,
    "text" : "I haven’t been able to file my weekly claim yet for last week, which sucks... Also, has anyone received their unemployment benefits yet?",
    "tokens" : [ {
      "id" : "s2-t0",
      "begin" : 127,
      "end" : 128,
      "text" : "I",
      "whiteSpace" : false
    }, {
      "id" : "s2-t1",
      "begin" : 129,
      "end" : 133,
      "text" : "have",
      "whiteSpace" : false
    }, {
      "id" : "s2-t2",
      "begin" : 133,
      "end" : 136,
      "text" : "n’t",
      "whiteSpace" : false
    }, {
      "id" : "s2-t3",
      "begin" : 137,
      "end" : 141,
      "text" : "been",
      "whiteSpace" : false
    }, {
      "id" : "s2-t4",
      "begin" : 142,
      "end" : 146,
      "text" : "able",
      "whiteSpace" : false
    }, {
      "id" : "s2-t5",
      "begin" : 147,
      "end" : 149,
      "text" : "to",
      "whiteSpace" : false
    }, {
      "id" : "s2-t6",
      "begin" : 150,
      "end" : 154,
      "text" : "file",
      "whiteSpace" : false
    }, {
      "id" : "s2-t7",
      "begin" : 155,
      "end" : 157,
      "text" : "my",
      "whiteSpace" : false
    }, {
      "id" : "s2-t8",
      "begin" : 158,
      "end" : 164,
      "text" : "weekly",
      "whiteSpace" : false
    }, {
      "id" : "s2-t9",
      "begin" : 165,
      "end" : 170,
      "text" : "claim",
      "whiteSpace" : false
    }, {
      "id" : "s2-t10",
      "begin" : 171,
      "end" : 174,
      "text" : "yet",
      "whiteSpace" : false
    }, {
      "id" : "s2-t11",
      "begin" : 175,
      "end" : 178,
      "text" : "for",
      "whiteSpace" : false
    }, {
      "id" : "s2-t12",
      "begin" : 179,
      "end" : 183,
      "text" : "last",
      "whiteSpace" : false
    }, {
      "id" : "s2-t13",
      "begin" : 184,
      "end" : 188,
      "text" : "week",
      "whiteSpace" : false
    }, {
      "id" : "s2-t14",
      "begin" : 188,
      "end" : 189,
      "text" : ",",
      "whiteSpace" : false
    }, {
      "id" : "s2-t15",
      "begin" : 190,
      "end" : 195,
      "text" : "which",
      "whiteSpace" : false
    }, {
      "id" : "s2-t16",
      "begin" : 196,
      "end" : 201,
      "text" : "sucks",
      "whiteSpace" : false
    }, {
      "id" : "s2-t17",
      "begin" : 201,
      "end" : 204,
      "text" : "...",
      "whiteSpace" : false
    }, {
      "id" : "s2-t18",
      "begin" : 205,
      "end" : 209,
      "text" : "Also",
      "whiteSpace" : false
    }, {
      "id" : "s2-t19",
      "begin" : 209,
      "end" : 210,
      "text" : ",",
      "whiteSpace" : false
    }, {
      "id" : "s2-t20",
      "begin" : 211,
      "end" : 214,
      "text" : "has",
      "whiteSpace" : false
    }, {
      "id" : "s2-t21",
      "begin" : 215,
      "end" : 221,
      "text" : "anyone",
      "whiteSpace" : false
    }, {
      "id" : "s2-t22",
      "begin" : 222,
      "end" : 230,
      "text" : "received",
      "whiteSpace" : false
    }, {
      "id" : "s2-t23",
      "begin" : 231,
      "end" : 236,
      "text" : "their",
      "whiteSpace" : false
    }, {
      "id" : "s2-t24",
      "begin" : 237,
      "end" : 249,
      "text" : "unemployment",
      "whiteSpace" : false
    }, {
      "id" : "s2-t25",
      "begin" : 250,
      "end" : 258,
      "text" : "benefits",
      "whiteSpace" : false
    }, {
      "id" : "s2-t26",
      "begin" : 259,
      "end" : 262,
      "text" : "yet",
      "whiteSpace" : false
    }, {
      "id" : "s2-t27",
      "begin" : 262,
      "end" : 263,
      "text" : "?",
      "whiteSpace" : false
    } ]
  }, {
    "id" : "s3",
    "begin" : 264,
    "end" : 375,
    "text" : "I filed March 23 and I still haven’t received any money, which is starting to become a huge strain financially.",
    "tokens" : [ {
      "id" : "s3-t0",
      "begin" : 264,
      "end" : 265,
      "text" : "I",
      "whiteSpace" : false
    }, {
      "id" : "s3-t1",
      "begin" : 266,
      "end" : 271,
      "text" : "filed",
      "whiteSpace" : false
    }, {
      "id" : "s3-t2",
      "begin" : 272,
      "end" : 277,
      "text" : "March",
      "whiteSpace" : false
    }, {
      "id" : "s3-t3",
      "begin" : 278,
      "end" : 280,
      "text" : "23",
      "whiteSpace" : false
    }, {
      "id" : "s3-t4",
      "begin" : 281,
      "end" : 284,
      "text" : "and",
      "whiteSpace" : false
    }, {
      "id" : "s3-t5",
      "begin" : 285,
      "end" : 286,
      "text" : "I",
      "whiteSpace" : false
    }, {
      "id" : "s3-t6",
      "begin" : 287,
      "end" : 292,
      "text" : "still",
      "whiteSpace" : false
    }, {
      "id" : "s3-t7",
      "begin" : 293,
      "end" : 297,
      "text" : "have",
      "whiteSpace" : false
    }, {
      "id" : "s3-t8",
      "begin" : 297,
      "end" : 300,
      "text" : "n’t",
      "whiteSpace" : false
    }, {
      "id" : "s3-t9",
      "begin" : 301,
      "end" : 309,
      "text" : "received",
      "whiteSpace" : false
    }, {
      "id" : "s3-t10",
      "begin" : 310,
      "end" : 313,
      "text" : "any",
      "whiteSpace" : false
    }, {
      "id" : "s3-t11",
      "begin" : 314,
      "end" : 319,
      "text" : "money",
      "whiteSpace" : false
    }, {
      "id" : "s3-t12",
      "begin" : 319,
      "end" : 320,
      "text" : ",",
      "whiteSpace" : false
    }, {
      "id" : "s3-t13",
      "begin" : 321,
      "end" : 326,
      "text" : "which",
      "whiteSpace" : false
    }, {
      "id" : "s3-t14",
      "begin" : 327,
      "end" : 329,
      "text" : "is",
      "whiteSpace" : false
    }, {
      "id" : "s3-t15",
      "begin" : 330,
      "end" : 338,
      "text" : "starting",
      "whiteSpace" : false
    }, {
      "id" : "s3-t16",
      "begin" : 339,
      "end" : 341,
      "text" : "to",
      "whiteSpace" : false
    }, {
      "id" : "s3-t17",
      "begin" : 342,
      "end" : 348,
      "text" : "become",
      "whiteSpace" : false
    }, {
      "id" : "s3-t18",
      "begin" : 349,
      "end" : 350,
      "text" : "a",
      "whiteSpace" : false
    }, {
      "id" : "s3-t19",
      "begin" : 351,
      "end" : 355,
      "text" : "huge",
      "whiteSpace" : false
    }, {
      "id" : "s3-t20",
      "begin" : 356,
      "end" : 362,
      "text" : "strain",
      "whiteSpace" : false
    }, {
      "id" : "s3-t21",
      "begin" : 363,
      "end" : 374,
      "text" : "financially",
      "whiteSpace" : false
    }, {
      "id" : "s3-t22",
      "begin" : 374,
      "end" : 375,
      "text" : ".",
      "whiteSpace" : false
    } ]
  }, {
    "id" : "s4",
    "begin" : 376,
    "end" : 394,
    "text" : "Thanks in advance!",
    "tokens" : [ {
      "id" : "s4-t0",
      "begin" : 376,
      "end" : 382,
      "text" : "Thanks",
      "whiteSpace" : false
    }, {
      "id" : "s4-t1",
      "begin" : 383,
      "end" : 385,
      "text" : "in",
      "whiteSpace" : false
    }, {
      "id" : "s4-t2",
      "begin" : 386,
      "end" : 393,
      "text" : "advance",
      "whiteSpace" : false
    }, {
      "id" : "s4-t3",
      "begin" : 393,
      "end" : 394,
      "text" : "!",
      "whiteSpace" : false
    } ]
  }, {
    "id" : "s5",
    "begin" : 394,
    "end" : 468,
    "text" : "\",\n    \"subreddit\": \"Seattle\",\n    \"created\": \"2020-04-22T06:09:24.000Z\"\n}",
    "tokens" : [ {
      "id" : "s5-t0",
      "begin" : 394,
      "end" : 395,
      "text" : "\"",
      "whiteSpace" : false
    }, {
      "id" : "s5-t1",
      "begin" : 395,
      "end" : 396,
      "text" : ",",
      "whiteSpace" : false
    }, {
      "id" : "s5-t2",
      "begin" : 401,
      "end" : 402,
      "text" : "\"",
      "whiteSpace" : false
    }, {
      "id" : "s5-t3",
      "begin" : 402,
      "end" : 411,
      "text" : "subreddit",
      "whiteSpace" : false
    }, {
      "id" : "s5-t4",
      "begin" : 411,
      "end" : 412,
      "text" : "\"",
      "whiteSpace" : false
    }, {
      "id" : "s5-t5",
      "begin" : 412,
      "end" : 413,
      "text" : ":",
      "whiteSpace" : false
    }, {
      "id" : "s5-t6",
      "begin" : 414,
      "end" : 415,
      "text" : "\"",
      "whiteSpace" : false
    }, {
      "id" : "s5-t7",
      "begin" : 415,
      "end" : 422,
      "text" : "Seattle",
      "whiteSpace" : false
    }, {
      "id" : "s5-t8",
      "begin" : 422,
      "end" : 423,
      "text" : "\"",
      "whiteSpace" : false
    }, {
      "id" : "s5-t9",
      "begin" : 423,
      "end" : 424,
      "text" : ",",
      "whiteSpace" : false
    }, {
      "id" : "s5-t10",
      "begin" : 429,
      "end" : 430,
      "text" : "\"",
      "whiteSpace" : false
    }, {
      "id" : "s5-t11",
      "begin" : 430,
      "end" : 437,
      "text" : "created",
      "whiteSpace" : false
    }, {
      "id" : "s5-t12",
      "begin" : 437,
      "end" : 438,
      "text" : "\"",
      "whiteSpace" : false
    }, {
      "id" : "s5-t13",
      "begin" : 438,
      "end" : 439,
      "text" : ":",
      "whiteSpace" : false
    }, {
      "id" : "s5-t14",
      "begin" : 440,
      "end" : 441,
      "text" : "\"",
      "whiteSpace" : false
    }, {
      "id" : "s5-t15",
      "begin" : 441,
      "end" : 465,
      "text" : "2020-04-22T06:09:24.000Z",
      "whiteSpace" : false
    }, {
      "id" : "s5-t16",
      "begin" : 465,
      "end" : 466,
      "text" : "\"",
      "whiteSpace" : false
    }, {
      "id" : "s5-t17",
      "begin" : 467,
      "end" : 468,
      "text" : "}",
      "whiteSpace" : false
    } ]
  } ],
  "mentions" : [ {
    "id" : "m1",
    "properties" : {
      "SIRE_MENTION_TYPE" : "NONE",
      "SIRE_MENTION_ROLE" : "Unemployed",
      "SIRE_MENTION_CLASS" : "SPC",
      "SIRE_ENTITY_SUBTYPE" : "NONE"
    },
    "type" : "Unemployed",
    "begin" : 16,
    "end" : 28,
    "inCoref" : false
  }, {
    "id" : "m2",
    "properties" : {
      "SIRE_MENTION_TYPE" : "NONE",
      "SIRE_MENTION_ROLE" : "Unemployed",
      "SIRE_MENTION_CLASS" : "SPC",
      "SIRE_ENTITY_SUBTYPE" : "NONE"
    },
    "type" : "Unemployed",
    "begin" : 91,
    "end" : 103,
    "inCoref" : false
  }, {
    "id" : "s2-m2",
    "properties" : {
      "SIRE_MENTION_ROLE" : "Unemployed",
      "SIRE_ENTITY_SUBTYPE" : "NONE",
      "SIRE_MENTION_TYPE" : "NONE",
      "SIRE_MENTION_CLASS" : "SPC"
    },
    "type" : "Unemployed",
    "begin" : 155,
    "end" : 170,
    "inCoref" : false
  }, {
    "id" : "m3",
    "properties" : {
      "SIRE_MENTION_TYPE" : "NONE",
      "SIRE_MENTION_ROLE" : "Unemployed",
      "SIRE_MENTION_CLASS" : "SPC",
      "SIRE_ENTITY_SUBTYPE" : "NONE"
    },
    "type" : "Unemployed",
    "begin" : 237,
    "end" : 249,
    "inCoref" : false
  } ],
  "relations" : [ ],
  "corefs" : [ ],
  "typeResolved" : true,
  "userResolved" : false
}