{
  "id" : "0eb010c0-9422-11ea-ba41-8b3cd48b35eb-66",
  "name" : "seattle-doc-47.txt",
  "createdDate" : 0,
  "version" : 3,
  "text" : "{\n    \"title\": \"Unemployment - Will working 5-10hrs a week disqualify me?\",\n    \"text\": \"The restaurant I'm working at has reopened for to go orders. I was a bartender. Last week, I worked 9 hours in the kitchen, meaning much less per hour and of course less hours worked.\\n\\nAs I continue working in the kitchen I grow concerned that, once my unemployment finally kicks in (still waiting on wage info from another state to put me over 680hr threshold), I might disqualify myself because I am working, but not working nearly enough to pay my bills.\\n\\nDoes anyone know where to find the info that I need? I could really use some help as I have been unsuccessfully navigating unemployment land for over a month now.\",\n    \"subreddit\": \"Seattle\",\n    \"created\": \"2020-04-15T23:19:23.000Z\"\n}",
  "docLength" : 0,
  "language" : "EN",
  "status" : "IN_PROGRESS",
  "modifiedDate" : 1589333142149,
  "documentSet" : [ ],
  "preannotation" : [ "PRE_LW" ],
  "sentences" : [ {
    "id" : "s0",
    "begin" : 0,
    "end" : 73,
    "text" : "{\n    \"title\": \"Unemployment - Will working 5-10hrs a week disqualify me?",
    "tokens" : [ {
      "id" : "s0-t0",
      "begin" : 0,
      "end" : 1,
      "text" : "{",
      "whiteSpace" : false
    }, {
      "id" : "s0-t1",
      "begin" : 6,
      "end" : 7,
      "text" : "\"",
      "whiteSpace" : false
    }, {
      "id" : "s0-t2",
      "begin" : 7,
      "end" : 12,
      "text" : "title",
      "whiteSpace" : false
    }, {
      "id" : "s0-t3",
      "begin" : 12,
      "end" : 13,
      "text" : "\"",
      "whiteSpace" : false
    }, {
      "id" : "s0-t4",
      "begin" : 13,
      "end" : 14,
      "text" : ":",
      "whiteSpace" : false
    }, {
      "id" : "s0-t5",
      "begin" : 15,
      "end" : 16,
      "text" : "\"",
      "whiteSpace" : false
    }, {
      "id" : "s0-t6",
      "begin" : 16,
      "end" : 28,
      "text" : "Unemployment",
      "whiteSpace" : false
    }, {
      "id" : "s0-t7",
      "begin" : 29,
      "end" : 30,
      "text" : "-",
      "whiteSpace" : false
    }, {
      "id" : "s0-t8",
      "begin" : 31,
      "end" : 35,
      "text" : "Will",
      "whiteSpace" : false
    }, {
      "id" : "s0-t9",
      "begin" : 36,
      "end" : 43,
      "text" : "working",
      "whiteSpace" : false
    }, {
      "id" : "s0-t10",
      "begin" : 44,
      "end" : 51,
      "text" : "5-10hrs",
      "whiteSpace" : false
    }, {
      "id" : "s0-t11",
      "begin" : 52,
      "end" : 53,
      "text" : "a",
      "whiteSpace" : false
    }, {
      "id" : "s0-t12",
      "begin" : 54,
      "end" : 58,
      "text" : "week",
      "whiteSpace" : false
    }, {
      "id" : "s0-t13",
      "begin" : 59,
      "end" : 69,
      "text" : "disqualify",
      "whiteSpace" : false
    }, {
      "id" : "s0-t14",
      "begin" : 70,
      "end" : 72,
      "text" : "me",
      "whiteSpace" : false
    }, {
      "id" : "s0-t15",
      "begin" : 72,
      "end" : 73,
      "text" : "?",
      "whiteSpace" : false
    } ]
  }, {
    "id" : "s1",
    "begin" : 73,
    "end" : 149,
    "text" : "\",\n    \"text\": \"The restaurant I'm working at has reopened for to go orders.",
    "tokens" : [ {
      "id" : "s1-t0",
      "begin" : 73,
      "end" : 74,
      "text" : "\"",
      "whiteSpace" : false
    }, {
      "id" : "s1-t1",
      "begin" : 74,
      "end" : 75,
      "text" : ",",
      "whiteSpace" : false
    }, {
      "id" : "s1-t2",
      "begin" : 80,
      "end" : 81,
      "text" : "\"",
      "whiteSpace" : false
    }, {
      "id" : "s1-t3",
      "begin" : 81,
      "end" : 85,
      "text" : "text",
      "whiteSpace" : false
    }, {
      "id" : "s1-t4",
      "begin" : 85,
      "end" : 86,
      "text" : "\"",
      "whiteSpace" : false
    }, {
      "id" : "s1-t5",
      "begin" : 86,
      "end" : 87,
      "text" : ":",
      "whiteSpace" : false
    }, {
      "id" : "s1-t6",
      "begin" : 88,
      "end" : 89,
      "text" : "\"",
      "whiteSpace" : false
    }, {
      "id" : "s1-t7",
      "begin" : 89,
      "end" : 92,
      "text" : "The",
      "whiteSpace" : false
    }, {
      "id" : "s1-t8",
      "begin" : 93,
      "end" : 103,
      "text" : "restaurant",
      "whiteSpace" : false
    }, {
      "id" : "s1-t9",
      "begin" : 104,
      "end" : 105,
      "text" : "I",
      "whiteSpace" : false
    }, {
      "id" : "s1-t10",
      "begin" : 105,
      "end" : 107,
      "text" : "'m",
      "whiteSpace" : false
    }, {
      "id" : "s1-t11",
      "begin" : 108,
      "end" : 115,
      "text" : "working",
      "whiteSpace" : false
    }, {
      "id" : "s1-t12",
      "begin" : 116,
      "end" : 118,
      "text" : "at",
      "whiteSpace" : false
    }, {
      "id" : "s1-t13",
      "begin" : 119,
      "end" : 122,
      "text" : "has",
      "whiteSpace" : false
    }, {
      "id" : "s1-t14",
      "begin" : 123,
      "end" : 131,
      "text" : "reopened",
      "whiteSpace" : false
    }, {
      "id" : "s1-t15",
      "begin" : 132,
      "end" : 135,
      "text" : "for",
      "whiteSpace" : false
    }, {
      "id" : "s1-t16",
      "begin" : 136,
      "end" : 138,
      "text" : "to",
      "whiteSpace" : false
    }, {
      "id" : "s1-t17",
      "begin" : 139,
      "end" : 141,
      "text" : "go",
      "whiteSpace" : false
    }, {
      "id" : "s1-t18",
      "begin" : 142,
      "end" : 148,
      "text" : "orders",
      "whiteSpace" : false
    }, {
      "id" : "s1-t19",
      "begin" : 148,
      "end" : 149,
      "text" : ".",
      "whiteSpace" : false
    } ]
  }, {
    "id" : "s2",
    "begin" : 150,
    "end" : 168,
    "text" : "I was a bartender.",
    "tokens" : [ {
      "id" : "s2-t0",
      "begin" : 150,
      "end" : 151,
      "text" : "I",
      "whiteSpace" : false
    }, {
      "id" : "s2-t1",
      "begin" : 152,
      "end" : 155,
      "text" : "was",
      "whiteSpace" : false
    }, {
      "id" : "s2-t2",
      "begin" : 156,
      "end" : 157,
      "text" : "a",
      "whiteSpace" : false
    }, {
      "id" : "s2-t3",
      "begin" : 158,
      "end" : 167,
      "text" : "bartender",
      "whiteSpace" : false
    }, {
      "id" : "s2-t4",
      "begin" : 167,
      "end" : 168,
      "text" : ".",
      "whiteSpace" : false
    } ]
  }, {
    "id" : "s3",
    "begin" : 169,
    "end" : 272,
    "text" : "Last week, I worked 9 hours in the kitchen, meaning much less per hour and of course less hours worked.",
    "tokens" : [ {
      "id" : "s3-t0",
      "begin" : 169,
      "end" : 173,
      "text" : "Last",
      "whiteSpace" : false
    }, {
      "id" : "s3-t1",
      "begin" : 174,
      "end" : 178,
      "text" : "week",
      "whiteSpace" : false
    }, {
      "id" : "s3-t2",
      "begin" : 178,
      "end" : 179,
      "text" : ",",
      "whiteSpace" : false
    }, {
      "id" : "s3-t3",
      "begin" : 180,
      "end" : 181,
      "text" : "I",
      "whiteSpace" : false
    }, {
      "id" : "s3-t4",
      "begin" : 182,
      "end" : 188,
      "text" : "worked",
      "whiteSpace" : false
    }, {
      "id" : "s3-t5",
      "begin" : 189,
      "end" : 190,
      "text" : "9",
      "whiteSpace" : false
    }, {
      "id" : "s3-t6",
      "begin" : 191,
      "end" : 196,
      "text" : "hours",
      "whiteSpace" : false
    }, {
      "id" : "s3-t7",
      "begin" : 197,
      "end" : 199,
      "text" : "in",
      "whiteSpace" : false
    }, {
      "id" : "s3-t8",
      "begin" : 200,
      "end" : 203,
      "text" : "the",
      "whiteSpace" : false
    }, {
      "id" : "s3-t9",
      "begin" : 204,
      "end" : 211,
      "text" : "kitchen",
      "whiteSpace" : false
    }, {
      "id" : "s3-t10",
      "begin" : 211,
      "end" : 212,
      "text" : ",",
      "whiteSpace" : false
    }, {
      "id" : "s3-t11",
      "begin" : 213,
      "end" : 220,
      "text" : "meaning",
      "whiteSpace" : false
    }, {
      "id" : "s3-t12",
      "begin" : 221,
      "end" : 225,
      "text" : "much",
      "whiteSpace" : false
    }, {
      "id" : "s3-t13",
      "begin" : 226,
      "end" : 230,
      "text" : "less",
      "whiteSpace" : false
    }, {
      "id" : "s3-t14",
      "begin" : 231,
      "end" : 234,
      "text" : "per",
      "whiteSpace" : false
    }, {
      "id" : "s3-t15",
      "begin" : 235,
      "end" : 239,
      "text" : "hour",
      "whiteSpace" : false
    }, {
      "id" : "s3-t16",
      "begin" : 240,
      "end" : 243,
      "text" : "and",
      "whiteSpace" : false
    }, {
      "id" : "s3-t17",
      "begin" : 244,
      "end" : 246,
      "text" : "of",
      "whiteSpace" : false
    }, {
      "id" : "s3-t18",
      "begin" : 247,
      "end" : 253,
      "text" : "course",
      "whiteSpace" : false
    }, {
      "id" : "s3-t19",
      "begin" : 254,
      "end" : 258,
      "text" : "less",
      "whiteSpace" : false
    }, {
      "id" : "s3-t20",
      "begin" : 259,
      "end" : 264,
      "text" : "hours",
      "whiteSpace" : false
    }, {
      "id" : "s3-t21",
      "begin" : 265,
      "end" : 271,
      "text" : "worked",
      "whiteSpace" : false
    }, {
      "id" : "s3-t22",
      "begin" : 271,
      "end" : 272,
      "text" : ".",
      "whiteSpace" : false
    } ]
  }, {
    "id" : "s4",
    "begin" : 272,
    "end" : 548,
    "text" : "\\n\\nAs I continue working in the kitchen I grow concerned that, once my unemployment finally kicks in (still waiting on wage info from another state to put me over 680hr threshold), I might disqualify myself because I am working, but not working nearly enough to pay my bills.",
    "tokens" : [ {
      "id" : "s4-t0",
      "begin" : 272,
      "end" : 274,
      "text" : "\\n",
      "whiteSpace" : false
    }, {
      "id" : "s4-t1",
      "begin" : 274,
      "end" : 278,
      "text" : "\\nAs",
      "whiteSpace" : false
    }, {
      "id" : "s4-t2",
      "begin" : 279,
      "end" : 280,
      "text" : "I",
      "whiteSpace" : false
    }, {
      "id" : "s4-t3",
      "begin" : 281,
      "end" : 289,
      "text" : "continue",
      "whiteSpace" : false
    }, {
      "id" : "s4-t4",
      "begin" : 290,
      "end" : 297,
      "text" : "working",
      "whiteSpace" : false
    }, {
      "id" : "s4-t5",
      "begin" : 298,
      "end" : 300,
      "text" : "in",
      "whiteSpace" : false
    }, {
      "id" : "s4-t6",
      "begin" : 301,
      "end" : 304,
      "text" : "the",
      "whiteSpace" : false
    }, {
      "id" : "s4-t7",
      "begin" : 305,
      "end" : 312,
      "text" : "kitchen",
      "whiteSpace" : false
    }, {
      "id" : "s4-t8",
      "begin" : 313,
      "end" : 314,
      "text" : "I",
      "whiteSpace" : false
    }, {
      "id" : "s4-t9",
      "begin" : 315,
      "end" : 319,
      "text" : "grow",
      "whiteSpace" : false
    }, {
      "id" : "s4-t10",
      "begin" : 320,
      "end" : 329,
      "text" : "concerned",
      "whiteSpace" : false
    }, {
      "id" : "s4-t11",
      "begin" : 330,
      "end" : 334,
      "text" : "that",
      "whiteSpace" : false
    }, {
      "id" : "s4-t12",
      "begin" : 334,
      "end" : 335,
      "text" : ",",
      "whiteSpace" : false
    }, {
      "id" : "s4-t13",
      "begin" : 336,
      "end" : 340,
      "text" : "once",
      "whiteSpace" : false
    }, {
      "id" : "s4-t14",
      "begin" : 341,
      "end" : 343,
      "text" : "my",
      "whiteSpace" : false
    }, {
      "id" : "s4-t15",
      "begin" : 344,
      "end" : 356,
      "text" : "unemployment",
      "whiteSpace" : false
    }, {
      "id" : "s4-t16",
      "begin" : 357,
      "end" : 364,
      "text" : "finally",
      "whiteSpace" : false
    }, {
      "id" : "s4-t17",
      "begin" : 365,
      "end" : 370,
      "text" : "kicks",
      "whiteSpace" : false
    }, {
      "id" : "s4-t18",
      "begin" : 371,
      "end" : 373,
      "text" : "in",
      "whiteSpace" : false
    }, {
      "id" : "s4-t19",
      "begin" : 374,
      "end" : 375,
      "text" : "(",
      "whiteSpace" : false
    }, {
      "id" : "s4-t20",
      "begin" : 375,
      "end" : 380,
      "text" : "still",
      "whiteSpace" : false
    }, {
      "id" : "s4-t21",
      "begin" : 381,
      "end" : 388,
      "text" : "waiting",
      "whiteSpace" : false
    }, {
      "id" : "s4-t22",
      "begin" : 389,
      "end" : 391,
      "text" : "on",
      "whiteSpace" : false
    }, {
      "id" : "s4-t23",
      "begin" : 392,
      "end" : 396,
      "text" : "wage",
      "whiteSpace" : false
    }, {
      "id" : "s4-t24",
      "begin" : 397,
      "end" : 401,
      "text" : "info",
      "whiteSpace" : false
    }, {
      "id" : "s4-t25",
      "begin" : 402,
      "end" : 406,
      "text" : "from",
      "whiteSpace" : false
    }, {
      "id" : "s4-t26",
      "begin" : 407,
      "end" : 414,
      "text" : "another",
      "whiteSpace" : false
    }, {
      "id" : "s4-t27",
      "begin" : 415,
      "end" : 420,
      "text" : "state",
      "whiteSpace" : false
    }, {
      "id" : "s4-t28",
      "begin" : 421,
      "end" : 423,
      "text" : "to",
      "whiteSpace" : false
    }, {
      "id" : "s4-t29",
      "begin" : 424,
      "end" : 427,
      "text" : "put",
      "whiteSpace" : false
    }, {
      "id" : "s4-t30",
      "begin" : 428,
      "end" : 430,
      "text" : "me",
      "whiteSpace" : false
    }, {
      "id" : "s4-t31",
      "begin" : 431,
      "end" : 435,
      "text" : "over",
      "whiteSpace" : false
    }, {
      "id" : "s4-t32",
      "begin" : 436,
      "end" : 441,
      "text" : "680hr",
      "whiteSpace" : false
    }, {
      "id" : "s4-t33",
      "begin" : 442,
      "end" : 451,
      "text" : "threshold",
      "whiteSpace" : false
    }, {
      "id" : "s4-t34",
      "begin" : 451,
      "end" : 452,
      "text" : ")",
      "whiteSpace" : false
    }, {
      "id" : "s4-t35",
      "begin" : 452,
      "end" : 453,
      "text" : ",",
      "whiteSpace" : false
    }, {
      "id" : "s4-t36",
      "begin" : 454,
      "end" : 455,
      "text" : "I",
      "whiteSpace" : false
    }, {
      "id" : "s4-t37",
      "begin" : 456,
      "end" : 461,
      "text" : "might",
      "whiteSpace" : false
    }, {
      "id" : "s4-t38",
      "begin" : 462,
      "end" : 472,
      "text" : "disqualify",
      "whiteSpace" : false
    }, {
      "id" : "s4-t39",
      "begin" : 473,
      "end" : 479,
      "text" : "myself",
      "whiteSpace" : false
    }, {
      "id" : "s4-t40",
      "begin" : 480,
      "end" : 487,
      "text" : "because",
      "whiteSpace" : false
    }, {
      "id" : "s4-t41",
      "begin" : 488,
      "end" : 489,
      "text" : "I",
      "whiteSpace" : false
    }, {
      "id" : "s4-t42",
      "begin" : 490,
      "end" : 492,
      "text" : "am",
      "whiteSpace" : false
    }, {
      "id" : "s4-t43",
      "begin" : 493,
      "end" : 500,
      "text" : "working",
      "whiteSpace" : false
    }, {
      "id" : "s4-t44",
      "begin" : 500,
      "end" : 501,
      "text" : ",",
      "whiteSpace" : false
    }, {
      "id" : "s4-t45",
      "begin" : 502,
      "end" : 505,
      "text" : "but",
      "whiteSpace" : false
    }, {
      "id" : "s4-t46",
      "begin" : 506,
      "end" : 509,
      "text" : "not",
      "whiteSpace" : false
    }, {
      "id" : "s4-t47",
      "begin" : 510,
      "end" : 517,
      "text" : "working",
      "whiteSpace" : false
    }, {
      "id" : "s4-t48",
      "begin" : 518,
      "end" : 524,
      "text" : "nearly",
      "whiteSpace" : false
    }, {
      "id" : "s4-t49",
      "begin" : 525,
      "end" : 531,
      "text" : "enough",
      "whiteSpace" : false
    }, {
      "id" : "s4-t50",
      "begin" : 532,
      "end" : 534,
      "text" : "to",
      "whiteSpace" : false
    }, {
      "id" : "s4-t51",
      "begin" : 535,
      "end" : 538,
      "text" : "pay",
      "whiteSpace" : false
    }, {
      "id" : "s4-t52",
      "begin" : 539,
      "end" : 541,
      "text" : "my",
      "whiteSpace" : false
    }, {
      "id" : "s4-t53",
      "begin" : 542,
      "end" : 547,
      "text" : "bills",
      "whiteSpace" : false
    }, {
      "id" : "s4-t54",
      "begin" : 547,
      "end" : 548,
      "text" : ".",
      "whiteSpace" : false
    } ]
  }, {
    "id" : "s5",
    "begin" : 548,
    "end" : 604,
    "text" : "\\n\\nDoes anyone know where to find the info that I need?",
    "tokens" : [ {
      "id" : "s5-t0",
      "begin" : 548,
      "end" : 550,
      "text" : "\\n",
      "whiteSpace" : false
    }, {
      "id" : "s5-t1",
      "begin" : 550,
      "end" : 556,
      "text" : "\\nDoes",
      "whiteSpace" : false
    }, {
      "id" : "s5-t2",
      "begin" : 557,
      "end" : 563,
      "text" : "anyone",
      "whiteSpace" : false
    }, {
      "id" : "s5-t3",
      "begin" : 564,
      "end" : 568,
      "text" : "know",
      "whiteSpace" : false
    }, {
      "id" : "s5-t4",
      "begin" : 569,
      "end" : 574,
      "text" : "where",
      "whiteSpace" : false
    }, {
      "id" : "s5-t5",
      "begin" : 575,
      "end" : 577,
      "text" : "to",
      "whiteSpace" : false
    }, {
      "id" : "s5-t6",
      "begin" : 578,
      "end" : 582,
      "text" : "find",
      "whiteSpace" : false
    }, {
      "id" : "s5-t7",
      "begin" : 583,
      "end" : 586,
      "text" : "the",
      "whiteSpace" : false
    }, {
      "id" : "s5-t8",
      "begin" : 587,
      "end" : 591,
      "text" : "info",
      "whiteSpace" : false
    }, {
      "id" : "s5-t9",
      "begin" : 592,
      "end" : 596,
      "text" : "that",
      "whiteSpace" : false
    }, {
      "id" : "s5-t10",
      "begin" : 597,
      "end" : 598,
      "text" : "I",
      "whiteSpace" : false
    }, {
      "id" : "s5-t11",
      "begin" : 599,
      "end" : 603,
      "text" : "need",
      "whiteSpace" : false
    }, {
      "id" : "s5-t12",
      "begin" : 603,
      "end" : 604,
      "text" : "?",
      "whiteSpace" : false
    } ]
  }, {
    "id" : "s6",
    "begin" : 605,
    "end" : 714,
    "text" : "I could really use some help as I have been unsuccessfully navigating unemployment land for over a month now.",
    "tokens" : [ {
      "id" : "s6-t0",
      "begin" : 605,
      "end" : 606,
      "text" : "I",
      "whiteSpace" : false
    }, {
      "id" : "s6-t1",
      "begin" : 607,
      "end" : 612,
      "text" : "could",
      "whiteSpace" : false
    }, {
      "id" : "s6-t2",
      "begin" : 613,
      "end" : 619,
      "text" : "really",
      "whiteSpace" : false
    }, {
      "id" : "s6-t3",
      "begin" : 620,
      "end" : 623,
      "text" : "use",
      "whiteSpace" : false
    }, {
      "id" : "s6-t4",
      "begin" : 624,
      "end" : 628,
      "text" : "some",
      "whiteSpace" : false
    }, {
      "id" : "s6-t5",
      "begin" : 629,
      "end" : 633,
      "text" : "help",
      "whiteSpace" : false
    }, {
      "id" : "s6-t6",
      "begin" : 634,
      "end" : 636,
      "text" : "as",
      "whiteSpace" : false
    }, {
      "id" : "s6-t7",
      "begin" : 637,
      "end" : 638,
      "text" : "I",
      "whiteSpace" : false
    }, {
      "id" : "s6-t8",
      "begin" : 639,
      "end" : 643,
      "text" : "have",
      "whiteSpace" : false
    }, {
      "id" : "s6-t9",
      "begin" : 644,
      "end" : 648,
      "text" : "been",
      "whiteSpace" : false
    }, {
      "id" : "s6-t10",
      "begin" : 649,
      "end" : 663,
      "text" : "unsuccessfully",
      "whiteSpace" : false
    }, {
      "id" : "s6-t11",
      "begin" : 664,
      "end" : 674,
      "text" : "navigating",
      "whiteSpace" : false
    }, {
      "id" : "s6-t12",
      "begin" : 675,
      "end" : 687,
      "text" : "unemployment",
      "whiteSpace" : false
    }, {
      "id" : "s6-t13",
      "begin" : 688,
      "end" : 692,
      "text" : "land",
      "whiteSpace" : false
    }, {
      "id" : "s6-t14",
      "begin" : 693,
      "end" : 696,
      "text" : "for",
      "whiteSpace" : false
    }, {
      "id" : "s6-t15",
      "begin" : 697,
      "end" : 701,
      "text" : "over",
      "whiteSpace" : false
    }, {
      "id" : "s6-t16",
      "begin" : 702,
      "end" : 703,
      "text" : "a",
      "whiteSpace" : false
    }, {
      "id" : "s6-t17",
      "begin" : 704,
      "end" : 709,
      "text" : "month",
      "whiteSpace" : false
    }, {
      "id" : "s6-t18",
      "begin" : 710,
      "end" : 713,
      "text" : "now",
      "whiteSpace" : false
    }, {
      "id" : "s6-t19",
      "begin" : 713,
      "end" : 714,
      "text" : ".",
      "whiteSpace" : false
    } ]
  }, {
    "id" : "s7",
    "begin" : 714,
    "end" : 788,
    "text" : "\",\n    \"subreddit\": \"Seattle\",\n    \"created\": \"2020-04-15T23:19:23.000Z\"\n}",
    "tokens" : [ {
      "id" : "s7-t0",
      "begin" : 714,
      "end" : 715,
      "text" : "\"",
      "whiteSpace" : false
    }, {
      "id" : "s7-t1",
      "begin" : 715,
      "end" : 716,
      "text" : ",",
      "whiteSpace" : false
    }, {
      "id" : "s7-t2",
      "begin" : 721,
      "end" : 722,
      "text" : "\"",
      "whiteSpace" : false
    }, {
      "id" : "s7-t3",
      "begin" : 722,
      "end" : 731,
      "text" : "subreddit",
      "whiteSpace" : false
    }, {
      "id" : "s7-t4",
      "begin" : 731,
      "end" : 732,
      "text" : "\"",
      "whiteSpace" : false
    }, {
      "id" : "s7-t5",
      "begin" : 732,
      "end" : 733,
      "text" : ":",
      "whiteSpace" : false
    }, {
      "id" : "s7-t6",
      "begin" : 734,
      "end" : 735,
      "text" : "\"",
      "whiteSpace" : false
    }, {
      "id" : "s7-t7",
      "begin" : 735,
      "end" : 742,
      "text" : "Seattle",
      "whiteSpace" : false
    }, {
      "id" : "s7-t8",
      "begin" : 742,
      "end" : 743,
      "text" : "\"",
      "whiteSpace" : false
    }, {
      "id" : "s7-t9",
      "begin" : 743,
      "end" : 744,
      "text" : ",",
      "whiteSpace" : false
    }, {
      "id" : "s7-t10",
      "begin" : 749,
      "end" : 750,
      "text" : "\"",
      "whiteSpace" : false
    }, {
      "id" : "s7-t11",
      "begin" : 750,
      "end" : 757,
      "text" : "created",
      "whiteSpace" : false
    }, {
      "id" : "s7-t12",
      "begin" : 757,
      "end" : 758,
      "text" : "\"",
      "whiteSpace" : false
    }, {
      "id" : "s7-t13",
      "begin" : 758,
      "end" : 759,
      "text" : ":",
      "whiteSpace" : false
    }, {
      "id" : "s7-t14",
      "begin" : 760,
      "end" : 761,
      "text" : "\"",
      "whiteSpace" : false
    }, {
      "id" : "s7-t15",
      "begin" : 761,
      "end" : 785,
      "text" : "2020-04-15T23:19:23.000Z",
      "whiteSpace" : false
    }, {
      "id" : "s7-t16",
      "begin" : 785,
      "end" : 786,
      "text" : "\"",
      "whiteSpace" : false
    }, {
      "id" : "s7-t17",
      "begin" : 787,
      "end" : 788,
      "text" : "}",
      "whiteSpace" : false
    } ]
  } ],
  "mentions" : [ {
    "id" : "s0-m2",
    "properties" : {
      "SIRE_MENTION_ROLE" : "Hourly_Wage_Employment",
      "SIRE_ENTITY_SUBTYPE" : "NONE",
      "SIRE_MENTION_TYPE" : "NONE",
      "SIRE_MENTION_CLASS" : "SPC"
    },
    "type" : "Hourly_Wage_Employment",
    "begin" : 36,
    "end" : 58,
    "inCoref" : false
  }, {
    "id" : "s3-m1",
    "properties" : {
      "SIRE_MENTION_ROLE" : "Hourly_Wage_Employment",
      "SIRE_ENTITY_SUBTYPE" : "NONE",
      "SIRE_MENTION_TYPE" : "NONE",
      "SIRE_MENTION_CLASS" : "SPC"
    },
    "type" : "Hourly_Wage_Employment",
    "begin" : 180,
    "end" : 211,
    "inCoref" : false
  }, {
    "id" : "s3-m2",
    "properties" : {
      "SIRE_MENTION_ROLE" : "Hourly_Wage_Employment",
      "SIRE_ENTITY_SUBTYPE" : "NONE",
      "SIRE_MENTION_TYPE" : "NONE",
      "SIRE_MENTION_CLASS" : "SPC"
    },
    "type" : "Hourly_Wage_Employment",
    "begin" : 254,
    "end" : 271,
    "inCoref" : false
  } ],
  "relations" : [ ],
  "corefs" : [ ],
  "typeResolved" : true,
  "userResolved" : false
}