{
  "id" : "0eb010c0-9422-11ea-ba41-8b3cd48b35eb-53",
  "name" : "seattle-doc-64.txt",
  "createdDate" : 0,
  "version" : 3,
  "text" : "{\n    \"title\": \"Shake shack in these hard times\",\n    \"text\": \"Just gave away my food to a homeless guy outside Shake shack. The worker saw and decided to give me an identical order of my food for free. I wanted to replace the order, but the app wouldn't let me. He had a tablet and I asked if I should make the order there. He wouldn't let me pay. They seem like good people and I hope to give them recognition\\n\\nEdit: I'm sorry for anyone who thinks I'm trying to pat myself on the back. I just wanted to bring attention to the shake shack guy and that they were super helpful. Hope you guys keep patronaging them, they seem like good guys hope we can support them. Will be happy to post again when I see other businesses that care about is (even though I know that no business cares about us) it's a reasonable degree\",\n    \"subreddit\": \"Seattle\",\n    \"created\": \"2020-04-12T11:44:45.000Z\"\n}",
  "docLength" : 0,
  "language" : "EN",
  "status" : "IN_PROGRESS",
  "modifiedDate" : 1589332276114,
  "documentSet" : [ ],
  "preannotation" : [ "PRE_LW" ],
  "sentences" : [ {
    "id" : "s0",
    "begin" : 0,
    "end" : 124,
    "text" : "{\n    \"title\": \"Shake shack in these hard times\",\n    \"text\": \"Just gave away my food to a homeless guy outside Shake shack.",
    "tokens" : [ {
      "id" : "s0-t0",
      "begin" : 0,
      "end" : 1,
      "text" : "{",
      "whiteSpace" : false
    }, {
      "id" : "s0-t1",
      "begin" : 6,
      "end" : 7,
      "text" : "\"",
      "whiteSpace" : false
    }, {
      "id" : "s0-t2",
      "begin" : 7,
      "end" : 12,
      "text" : "title",
      "whiteSpace" : false
    }, {
      "id" : "s0-t3",
      "begin" : 12,
      "end" : 13,
      "text" : "\"",
      "whiteSpace" : false
    }, {
      "id" : "s0-t4",
      "begin" : 13,
      "end" : 14,
      "text" : ":",
      "whiteSpace" : false
    }, {
      "id" : "s0-t5",
      "begin" : 15,
      "end" : 16,
      "text" : "\"",
      "whiteSpace" : false
    }, {
      "id" : "s0-t6",
      "begin" : 16,
      "end" : 21,
      "text" : "Shake",
      "whiteSpace" : false
    }, {
      "id" : "s0-t7",
      "begin" : 22,
      "end" : 27,
      "text" : "shack",
      "whiteSpace" : false
    }, {
      "id" : "s0-t8",
      "begin" : 28,
      "end" : 30,
      "text" : "in",
      "whiteSpace" : false
    }, {
      "id" : "s0-t9",
      "begin" : 31,
      "end" : 36,
      "text" : "these",
      "whiteSpace" : false
    }, {
      "id" : "s0-t10",
      "begin" : 37,
      "end" : 41,
      "text" : "hard",
      "whiteSpace" : false
    }, {
      "id" : "s0-t11",
      "begin" : 42,
      "end" : 47,
      "text" : "times",
      "whiteSpace" : false
    }, {
      "id" : "s0-t12",
      "begin" : 47,
      "end" : 48,
      "text" : "\"",
      "whiteSpace" : false
    }, {
      "id" : "s0-t13",
      "begin" : 48,
      "end" : 49,
      "text" : ",",
      "whiteSpace" : false
    }, {
      "id" : "s0-t14",
      "begin" : 54,
      "end" : 55,
      "text" : "\"",
      "whiteSpace" : false
    }, {
      "id" : "s0-t15",
      "begin" : 55,
      "end" : 59,
      "text" : "text",
      "whiteSpace" : false
    }, {
      "id" : "s0-t16",
      "begin" : 59,
      "end" : 60,
      "text" : "\"",
      "whiteSpace" : false
    }, {
      "id" : "s0-t17",
      "begin" : 60,
      "end" : 61,
      "text" : ":",
      "whiteSpace" : false
    }, {
      "id" : "s0-t18",
      "begin" : 62,
      "end" : 63,
      "text" : "\"",
      "whiteSpace" : false
    }, {
      "id" : "s0-t19",
      "begin" : 63,
      "end" : 67,
      "text" : "Just",
      "whiteSpace" : false
    }, {
      "id" : "s0-t20",
      "begin" : 68,
      "end" : 72,
      "text" : "gave",
      "whiteSpace" : false
    }, {
      "id" : "s0-t21",
      "begin" : 73,
      "end" : 77,
      "text" : "away",
      "whiteSpace" : false
    }, {
      "id" : "s0-t22",
      "begin" : 78,
      "end" : 80,
      "text" : "my",
      "whiteSpace" : false
    }, {
      "id" : "s0-t23",
      "begin" : 81,
      "end" : 85,
      "text" : "food",
      "whiteSpace" : false
    }, {
      "id" : "s0-t24",
      "begin" : 86,
      "end" : 88,
      "text" : "to",
      "whiteSpace" : false
    }, {
      "id" : "s0-t25",
      "begin" : 89,
      "end" : 90,
      "text" : "a",
      "whiteSpace" : false
    }, {
      "id" : "s0-t26",
      "begin" : 91,
      "end" : 99,
      "text" : "homeless",
      "whiteSpace" : false
    }, {
      "id" : "s0-t27",
      "begin" : 100,
      "end" : 103,
      "text" : "guy",
      "whiteSpace" : false
    }, {
      "id" : "s0-t28",
      "begin" : 104,
      "end" : 111,
      "text" : "outside",
      "whiteSpace" : false
    }, {
      "id" : "s0-t29",
      "begin" : 112,
      "end" : 117,
      "text" : "Shake",
      "whiteSpace" : false
    }, {
      "id" : "s0-t30",
      "begin" : 118,
      "end" : 123,
      "text" : "shack",
      "whiteSpace" : false
    }, {
      "id" : "s0-t31",
      "begin" : 123,
      "end" : 124,
      "text" : ".",
      "whiteSpace" : false
    } ]
  }, {
    "id" : "s1",
    "begin" : 125,
    "end" : 202,
    "text" : "The worker saw and decided to give me an identical order of my food for free.",
    "tokens" : [ {
      "id" : "s1-t0",
      "begin" : 125,
      "end" : 128,
      "text" : "The",
      "whiteSpace" : false
    }, {
      "id" : "s1-t1",
      "begin" : 129,
      "end" : 135,
      "text" : "worker",
      "whiteSpace" : false
    }, {
      "id" : "s1-t2",
      "begin" : 136,
      "end" : 139,
      "text" : "saw",
      "whiteSpace" : false
    }, {
      "id" : "s1-t3",
      "begin" : 140,
      "end" : 143,
      "text" : "and",
      "whiteSpace" : false
    }, {
      "id" : "s1-t4",
      "begin" : 144,
      "end" : 151,
      "text" : "decided",
      "whiteSpace" : false
    }, {
      "id" : "s1-t5",
      "begin" : 152,
      "end" : 154,
      "text" : "to",
      "whiteSpace" : false
    }, {
      "id" : "s1-t6",
      "begin" : 155,
      "end" : 159,
      "text" : "give",
      "whiteSpace" : false
    }, {
      "id" : "s1-t7",
      "begin" : 160,
      "end" : 162,
      "text" : "me",
      "whiteSpace" : false
    }, {
      "id" : "s1-t8",
      "begin" : 163,
      "end" : 165,
      "text" : "an",
      "whiteSpace" : false
    }, {
      "id" : "s1-t9",
      "begin" : 166,
      "end" : 175,
      "text" : "identical",
      "whiteSpace" : false
    }, {
      "id" : "s1-t10",
      "begin" : 176,
      "end" : 181,
      "text" : "order",
      "whiteSpace" : false
    }, {
      "id" : "s1-t11",
      "begin" : 182,
      "end" : 184,
      "text" : "of",
      "whiteSpace" : false
    }, {
      "id" : "s1-t12",
      "begin" : 185,
      "end" : 187,
      "text" : "my",
      "whiteSpace" : false
    }, {
      "id" : "s1-t13",
      "begin" : 188,
      "end" : 192,
      "text" : "food",
      "whiteSpace" : false
    }, {
      "id" : "s1-t14",
      "begin" : 193,
      "end" : 196,
      "text" : "for",
      "whiteSpace" : false
    }, {
      "id" : "s1-t15",
      "begin" : 197,
      "end" : 201,
      "text" : "free",
      "whiteSpace" : false
    }, {
      "id" : "s1-t16",
      "begin" : 201,
      "end" : 202,
      "text" : ".",
      "whiteSpace" : false
    } ]
  }, {
    "id" : "s2",
    "begin" : 203,
    "end" : 262,
    "text" : "I wanted to replace the order, but the app wouldn't let me.",
    "tokens" : [ {
      "id" : "s2-t0",
      "begin" : 203,
      "end" : 204,
      "text" : "I",
      "whiteSpace" : false
    }, {
      "id" : "s2-t1",
      "begin" : 205,
      "end" : 211,
      "text" : "wanted",
      "whiteSpace" : false
    }, {
      "id" : "s2-t2",
      "begin" : 212,
      "end" : 214,
      "text" : "to",
      "whiteSpace" : false
    }, {
      "id" : "s2-t3",
      "begin" : 215,
      "end" : 222,
      "text" : "replace",
      "whiteSpace" : false
    }, {
      "id" : "s2-t4",
      "begin" : 223,
      "end" : 226,
      "text" : "the",
      "whiteSpace" : false
    }, {
      "id" : "s2-t5",
      "begin" : 227,
      "end" : 232,
      "text" : "order",
      "whiteSpace" : false
    }, {
      "id" : "s2-t6",
      "begin" : 232,
      "end" : 233,
      "text" : ",",
      "whiteSpace" : false
    }, {
      "id" : "s2-t7",
      "begin" : 234,
      "end" : 237,
      "text" : "but",
      "whiteSpace" : false
    }, {
      "id" : "s2-t8",
      "begin" : 238,
      "end" : 241,
      "text" : "the",
      "whiteSpace" : false
    }, {
      "id" : "s2-t9",
      "begin" : 242,
      "end" : 245,
      "text" : "app",
      "whiteSpace" : false
    }, {
      "id" : "s2-t10",
      "begin" : 246,
      "end" : 251,
      "text" : "would",
      "whiteSpace" : false
    }, {
      "id" : "s2-t11",
      "begin" : 251,
      "end" : 254,
      "text" : "n't",
      "whiteSpace" : false
    }, {
      "id" : "s2-t12",
      "begin" : 255,
      "end" : 258,
      "text" : "let",
      "whiteSpace" : false
    }, {
      "id" : "s2-t13",
      "begin" : 259,
      "end" : 261,
      "text" : "me",
      "whiteSpace" : false
    }, {
      "id" : "s2-t14",
      "begin" : 261,
      "end" : 262,
      "text" : ".",
      "whiteSpace" : false
    } ]
  }, {
    "id" : "s3",
    "begin" : 263,
    "end" : 324,
    "text" : "He had a tablet and I asked if I should make the order there.",
    "tokens" : [ {
      "id" : "s3-t0",
      "begin" : 263,
      "end" : 265,
      "text" : "He",
      "whiteSpace" : false
    }, {
      "id" : "s3-t1",
      "begin" : 266,
      "end" : 269,
      "text" : "had",
      "whiteSpace" : false
    }, {
      "id" : "s3-t2",
      "begin" : 270,
      "end" : 271,
      "text" : "a",
      "whiteSpace" : false
    }, {
      "id" : "s3-t3",
      "begin" : 272,
      "end" : 278,
      "text" : "tablet",
      "whiteSpace" : false
    }, {
      "id" : "s3-t4",
      "begin" : 279,
      "end" : 282,
      "text" : "and",
      "whiteSpace" : false
    }, {
      "id" : "s3-t5",
      "begin" : 283,
      "end" : 284,
      "text" : "I",
      "whiteSpace" : false
    }, {
      "id" : "s3-t6",
      "begin" : 285,
      "end" : 290,
      "text" : "asked",
      "whiteSpace" : false
    }, {
      "id" : "s3-t7",
      "begin" : 291,
      "end" : 293,
      "text" : "if",
      "whiteSpace" : false
    }, {
      "id" : "s3-t8",
      "begin" : 294,
      "end" : 295,
      "text" : "I",
      "whiteSpace" : false
    }, {
      "id" : "s3-t9",
      "begin" : 296,
      "end" : 302,
      "text" : "should",
      "whiteSpace" : false
    }, {
      "id" : "s3-t10",
      "begin" : 303,
      "end" : 307,
      "text" : "make",
      "whiteSpace" : false
    }, {
      "id" : "s3-t11",
      "begin" : 308,
      "end" : 311,
      "text" : "the",
      "whiteSpace" : false
    }, {
      "id" : "s3-t12",
      "begin" : 312,
      "end" : 317,
      "text" : "order",
      "whiteSpace" : false
    }, {
      "id" : "s3-t13",
      "begin" : 318,
      "end" : 323,
      "text" : "there",
      "whiteSpace" : false
    }, {
      "id" : "s3-t14",
      "begin" : 323,
      "end" : 324,
      "text" : ".",
      "whiteSpace" : false
    } ]
  }, {
    "id" : "s4",
    "begin" : 325,
    "end" : 348,
    "text" : "He wouldn't let me pay.",
    "tokens" : [ {
      "id" : "s4-t0",
      "begin" : 325,
      "end" : 327,
      "text" : "He",
      "whiteSpace" : false
    }, {
      "id" : "s4-t1",
      "begin" : 328,
      "end" : 333,
      "text" : "would",
      "whiteSpace" : false
    }, {
      "id" : "s4-t2",
      "begin" : 333,
      "end" : 336,
      "text" : "n't",
      "whiteSpace" : false
    }, {
      "id" : "s4-t3",
      "begin" : 337,
      "end" : 340,
      "text" : "let",
      "whiteSpace" : false
    }, {
      "id" : "s4-t4",
      "begin" : 341,
      "end" : 343,
      "text" : "me",
      "whiteSpace" : false
    }, {
      "id" : "s4-t5",
      "begin" : 344,
      "end" : 347,
      "text" : "pay",
      "whiteSpace" : false
    }, {
      "id" : "s4-t6",
      "begin" : 347,
      "end" : 348,
      "text" : ".",
      "whiteSpace" : false
    } ]
  }, {
    "id" : "s5",
    "begin" : 349,
    "end" : 490,
    "text" : "They seem like good people and I hope to give them recognition\\n\\nEdit: I'm sorry for anyone who thinks I'm trying to pat myself on the back.",
    "tokens" : [ {
      "id" : "s5-t0",
      "begin" : 349,
      "end" : 353,
      "text" : "They",
      "whiteSpace" : false
    }, {
      "id" : "s5-t1",
      "begin" : 354,
      "end" : 358,
      "text" : "seem",
      "whiteSpace" : false
    }, {
      "id" : "s5-t2",
      "begin" : 359,
      "end" : 363,
      "text" : "like",
      "whiteSpace" : false
    }, {
      "id" : "s5-t3",
      "begin" : 364,
      "end" : 368,
      "text" : "good",
      "whiteSpace" : false
    }, {
      "id" : "s5-t4",
      "begin" : 369,
      "end" : 375,
      "text" : "people",
      "whiteSpace" : false
    }, {
      "id" : "s5-t5",
      "begin" : 376,
      "end" : 379,
      "text" : "and",
      "whiteSpace" : false
    }, {
      "id" : "s5-t6",
      "begin" : 380,
      "end" : 381,
      "text" : "I",
      "whiteSpace" : false
    }, {
      "id" : "s5-t7",
      "begin" : 382,
      "end" : 386,
      "text" : "hope",
      "whiteSpace" : false
    }, {
      "id" : "s5-t8",
      "begin" : 387,
      "end" : 389,
      "text" : "to",
      "whiteSpace" : false
    }, {
      "id" : "s5-t9",
      "begin" : 390,
      "end" : 394,
      "text" : "give",
      "whiteSpace" : false
    }, {
      "id" : "s5-t10",
      "begin" : 395,
      "end" : 399,
      "text" : "them",
      "whiteSpace" : false
    }, {
      "id" : "s5-t11",
      "begin" : 400,
      "end" : 411,
      "text" : "recognition",
      "whiteSpace" : false
    }, {
      "id" : "s5-t12",
      "begin" : 411,
      "end" : 413,
      "text" : "\\n",
      "whiteSpace" : false
    }, {
      "id" : "s5-t13",
      "begin" : 413,
      "end" : 419,
      "text" : "\\nEdit",
      "whiteSpace" : false
    }, {
      "id" : "s5-t14",
      "begin" : 419,
      "end" : 420,
      "text" : ":",
      "whiteSpace" : false
    }, {
      "id" : "s5-t15",
      "begin" : 421,
      "end" : 422,
      "text" : "I",
      "whiteSpace" : false
    }, {
      "id" : "s5-t16",
      "begin" : 422,
      "end" : 424,
      "text" : "'m",
      "whiteSpace" : false
    }, {
      "id" : "s5-t17",
      "begin" : 425,
      "end" : 430,
      "text" : "sorry",
      "whiteSpace" : false
    }, {
      "id" : "s5-t18",
      "begin" : 431,
      "end" : 434,
      "text" : "for",
      "whiteSpace" : false
    }, {
      "id" : "s5-t19",
      "begin" : 435,
      "end" : 441,
      "text" : "anyone",
      "whiteSpace" : false
    }, {
      "id" : "s5-t20",
      "begin" : 442,
      "end" : 445,
      "text" : "who",
      "whiteSpace" : false
    }, {
      "id" : "s5-t21",
      "begin" : 446,
      "end" : 452,
      "text" : "thinks",
      "whiteSpace" : false
    }, {
      "id" : "s5-t22",
      "begin" : 453,
      "end" : 454,
      "text" : "I",
      "whiteSpace" : false
    }, {
      "id" : "s5-t23",
      "begin" : 454,
      "end" : 456,
      "text" : "'m",
      "whiteSpace" : false
    }, {
      "id" : "s5-t24",
      "begin" : 457,
      "end" : 463,
      "text" : "trying",
      "whiteSpace" : false
    }, {
      "id" : "s5-t25",
      "begin" : 464,
      "end" : 466,
      "text" : "to",
      "whiteSpace" : false
    }, {
      "id" : "s5-t26",
      "begin" : 467,
      "end" : 470,
      "text" : "pat",
      "whiteSpace" : false
    }, {
      "id" : "s5-t27",
      "begin" : 471,
      "end" : 477,
      "text" : "myself",
      "whiteSpace" : false
    }, {
      "id" : "s5-t28",
      "begin" : 478,
      "end" : 480,
      "text" : "on",
      "whiteSpace" : false
    }, {
      "id" : "s5-t29",
      "begin" : 481,
      "end" : 484,
      "text" : "the",
      "whiteSpace" : false
    }, {
      "id" : "s5-t30",
      "begin" : 485,
      "end" : 489,
      "text" : "back",
      "whiteSpace" : false
    }, {
      "id" : "s5-t31",
      "begin" : 489,
      "end" : 490,
      "text" : ".",
      "whiteSpace" : false
    } ]
  }, {
    "id" : "s6",
    "begin" : 491,
    "end" : 580,
    "text" : "I just wanted to bring attention to the shake shack guy and that they were super helpful.",
    "tokens" : [ {
      "id" : "s6-t0",
      "begin" : 491,
      "end" : 492,
      "text" : "I",
      "whiteSpace" : false
    }, {
      "id" : "s6-t1",
      "begin" : 493,
      "end" : 497,
      "text" : "just",
      "whiteSpace" : false
    }, {
      "id" : "s6-t2",
      "begin" : 498,
      "end" : 504,
      "text" : "wanted",
      "whiteSpace" : false
    }, {
      "id" : "s6-t3",
      "begin" : 505,
      "end" : 507,
      "text" : "to",
      "whiteSpace" : false
    }, {
      "id" : "s6-t4",
      "begin" : 508,
      "end" : 513,
      "text" : "bring",
      "whiteSpace" : false
    }, {
      "id" : "s6-t5",
      "begin" : 514,
      "end" : 523,
      "text" : "attention",
      "whiteSpace" : false
    }, {
      "id" : "s6-t6",
      "begin" : 524,
      "end" : 526,
      "text" : "to",
      "whiteSpace" : false
    }, {
      "id" : "s6-t7",
      "begin" : 527,
      "end" : 530,
      "text" : "the",
      "whiteSpace" : false
    }, {
      "id" : "s6-t8",
      "begin" : 531,
      "end" : 536,
      "text" : "shake",
      "whiteSpace" : false
    }, {
      "id" : "s6-t9",
      "begin" : 537,
      "end" : 542,
      "text" : "shack",
      "whiteSpace" : false
    }, {
      "id" : "s6-t10",
      "begin" : 543,
      "end" : 546,
      "text" : "guy",
      "whiteSpace" : false
    }, {
      "id" : "s6-t11",
      "begin" : 547,
      "end" : 550,
      "text" : "and",
      "whiteSpace" : false
    }, {
      "id" : "s6-t12",
      "begin" : 551,
      "end" : 555,
      "text" : "that",
      "whiteSpace" : false
    }, {
      "id" : "s6-t13",
      "begin" : 556,
      "end" : 560,
      "text" : "they",
      "whiteSpace" : false
    }, {
      "id" : "s6-t14",
      "begin" : 561,
      "end" : 565,
      "text" : "were",
      "whiteSpace" : false
    }, {
      "id" : "s6-t15",
      "begin" : 566,
      "end" : 571,
      "text" : "super",
      "whiteSpace" : false
    }, {
      "id" : "s6-t16",
      "begin" : 572,
      "end" : 579,
      "text" : "helpful",
      "whiteSpace" : false
    }, {
      "id" : "s6-t17",
      "begin" : 579,
      "end" : 580,
      "text" : ".",
      "whiteSpace" : false
    } ]
  }, {
    "id" : "s7",
    "begin" : 581,
    "end" : 668,
    "text" : "Hope you guys keep patronaging them, they seem like good guys hope we can support them.",
    "tokens" : [ {
      "id" : "s7-t0",
      "begin" : 581,
      "end" : 585,
      "text" : "Hope",
      "whiteSpace" : false
    }, {
      "id" : "s7-t1",
      "begin" : 586,
      "end" : 589,
      "text" : "you",
      "whiteSpace" : false
    }, {
      "id" : "s7-t2",
      "begin" : 590,
      "end" : 594,
      "text" : "guys",
      "whiteSpace" : false
    }, {
      "id" : "s7-t3",
      "begin" : 595,
      "end" : 599,
      "text" : "keep",
      "whiteSpace" : false
    }, {
      "id" : "s7-t4",
      "begin" : 600,
      "end" : 611,
      "text" : "patronaging",
      "whiteSpace" : false
    }, {
      "id" : "s7-t5",
      "begin" : 612,
      "end" : 616,
      "text" : "them",
      "whiteSpace" : false
    }, {
      "id" : "s7-t6",
      "begin" : 616,
      "end" : 617,
      "text" : ",",
      "whiteSpace" : false
    }, {
      "id" : "s7-t7",
      "begin" : 618,
      "end" : 622,
      "text" : "they",
      "whiteSpace" : false
    }, {
      "id" : "s7-t8",
      "begin" : 623,
      "end" : 627,
      "text" : "seem",
      "whiteSpace" : false
    }, {
      "id" : "s7-t9",
      "begin" : 628,
      "end" : 632,
      "text" : "like",
      "whiteSpace" : false
    }, {
      "id" : "s7-t10",
      "begin" : 633,
      "end" : 637,
      "text" : "good",
      "whiteSpace" : false
    }, {
      "id" : "s7-t11",
      "begin" : 638,
      "end" : 642,
      "text" : "guys",
      "whiteSpace" : false
    }, {
      "id" : "s7-t12",
      "begin" : 643,
      "end" : 647,
      "text" : "hope",
      "whiteSpace" : false
    }, {
      "id" : "s7-t13",
      "begin" : 648,
      "end" : 650,
      "text" : "we",
      "whiteSpace" : false
    }, {
      "id" : "s7-t14",
      "begin" : 651,
      "end" : 654,
      "text" : "can",
      "whiteSpace" : false
    }, {
      "id" : "s7-t15",
      "begin" : 655,
      "end" : 662,
      "text" : "support",
      "whiteSpace" : false
    }, {
      "id" : "s7-t16",
      "begin" : 663,
      "end" : 667,
      "text" : "them",
      "whiteSpace" : false
    }, {
      "id" : "s7-t17",
      "begin" : 667,
      "end" : 668,
      "text" : ".",
      "whiteSpace" : false
    } ]
  }, {
    "id" : "s8",
    "begin" : 669,
    "end" : 895,
    "text" : "Will be happy to post again when I see other businesses that care about is (even though I know that no business cares about us) it's a reasonable degree\",\n    \"subreddit\": \"Seattle\",\n    \"created\": \"2020-04-12T11:44:45.000Z\"\n}",
    "tokens" : [ {
      "id" : "s8-t0",
      "begin" : 669,
      "end" : 673,
      "text" : "Will",
      "whiteSpace" : false
    }, {
      "id" : "s8-t1",
      "begin" : 674,
      "end" : 676,
      "text" : "be",
      "whiteSpace" : false
    }, {
      "id" : "s8-t2",
      "begin" : 677,
      "end" : 682,
      "text" : "happy",
      "whiteSpace" : false
    }, {
      "id" : "s8-t3",
      "begin" : 683,
      "end" : 685,
      "text" : "to",
      "whiteSpace" : false
    }, {
      "id" : "s8-t4",
      "begin" : 686,
      "end" : 690,
      "text" : "post",
      "whiteSpace" : false
    }, {
      "id" : "s8-t5",
      "begin" : 691,
      "end" : 696,
      "text" : "again",
      "whiteSpace" : false
    }, {
      "id" : "s8-t6",
      "begin" : 697,
      "end" : 701,
      "text" : "when",
      "whiteSpace" : false
    }, {
      "id" : "s8-t7",
      "begin" : 702,
      "end" : 703,
      "text" : "I",
      "whiteSpace" : false
    }, {
      "id" : "s8-t8",
      "begin" : 704,
      "end" : 707,
      "text" : "see",
      "whiteSpace" : false
    }, {
      "id" : "s8-t9",
      "begin" : 708,
      "end" : 713,
      "text" : "other",
      "whiteSpace" : false
    }, {
      "id" : "s8-t10",
      "begin" : 714,
      "end" : 724,
      "text" : "businesses",
      "whiteSpace" : false
    }, {
      "id" : "s8-t11",
      "begin" : 725,
      "end" : 729,
      "text" : "that",
      "whiteSpace" : false
    }, {
      "id" : "s8-t12",
      "begin" : 730,
      "end" : 734,
      "text" : "care",
      "whiteSpace" : false
    }, {
      "id" : "s8-t13",
      "begin" : 735,
      "end" : 740,
      "text" : "about",
      "whiteSpace" : false
    }, {
      "id" : "s8-t14",
      "begin" : 741,
      "end" : 743,
      "text" : "is",
      "whiteSpace" : false
    }, {
      "id" : "s8-t15",
      "begin" : 744,
      "end" : 745,
      "text" : "(",
      "whiteSpace" : false
    }, {
      "id" : "s8-t16",
      "begin" : 745,
      "end" : 749,
      "text" : "even",
      "whiteSpace" : false
    }, {
      "id" : "s8-t17",
      "begin" : 750,
      "end" : 756,
      "text" : "though",
      "whiteSpace" : false
    }, {
      "id" : "s8-t18",
      "begin" : 757,
      "end" : 758,
      "text" : "I",
      "whiteSpace" : false
    }, {
      "id" : "s8-t19",
      "begin" : 759,
      "end" : 763,
      "text" : "know",
      "whiteSpace" : false
    }, {
      "id" : "s8-t20",
      "begin" : 764,
      "end" : 768,
      "text" : "that",
      "whiteSpace" : false
    }, {
      "id" : "s8-t21",
      "begin" : 769,
      "end" : 771,
      "text" : "no",
      "whiteSpace" : false
    }, {
      "id" : "s8-t22",
      "begin" : 772,
      "end" : 780,
      "text" : "business",
      "whiteSpace" : false
    }, {
      "id" : "s8-t23",
      "begin" : 781,
      "end" : 786,
      "text" : "cares",
      "whiteSpace" : false
    }, {
      "id" : "s8-t24",
      "begin" : 787,
      "end" : 792,
      "text" : "about",
      "whiteSpace" : false
    }, {
      "id" : "s8-t25",
      "begin" : 793,
      "end" : 795,
      "text" : "us",
      "whiteSpace" : false
    }, {
      "id" : "s8-t26",
      "begin" : 795,
      "end" : 796,
      "text" : ")",
      "whiteSpace" : false
    }, {
      "id" : "s8-t27",
      "begin" : 797,
      "end" : 799,
      "text" : "it",
      "whiteSpace" : false
    }, {
      "id" : "s8-t28",
      "begin" : 799,
      "end" : 801,
      "text" : "'s",
      "whiteSpace" : false
    }, {
      "id" : "s8-t29",
      "begin" : 802,
      "end" : 803,
      "text" : "a",
      "whiteSpace" : false
    }, {
      "id" : "s8-t30",
      "begin" : 804,
      "end" : 814,
      "text" : "reasonable",
      "whiteSpace" : false
    }, {
      "id" : "s8-t31",
      "begin" : 815,
      "end" : 821,
      "text" : "degree",
      "whiteSpace" : false
    }, {
      "id" : "s8-t32",
      "begin" : 821,
      "end" : 822,
      "text" : "\"",
      "whiteSpace" : false
    }, {
      "id" : "s8-t33",
      "begin" : 822,
      "end" : 823,
      "text" : ",",
      "whiteSpace" : false
    }, {
      "id" : "s8-t34",
      "begin" : 828,
      "end" : 829,
      "text" : "\"",
      "whiteSpace" : false
    }, {
      "id" : "s8-t35",
      "begin" : 829,
      "end" : 838,
      "text" : "subreddit",
      "whiteSpace" : false
    }, {
      "id" : "s8-t36",
      "begin" : 838,
      "end" : 839,
      "text" : "\"",
      "whiteSpace" : false
    }, {
      "id" : "s8-t37",
      "begin" : 839,
      "end" : 840,
      "text" : ":",
      "whiteSpace" : false
    }, {
      "id" : "s8-t38",
      "begin" : 841,
      "end" : 842,
      "text" : "\"",
      "whiteSpace" : false
    }, {
      "id" : "s8-t39",
      "begin" : 842,
      "end" : 849,
      "text" : "Seattle",
      "whiteSpace" : false
    }, {
      "id" : "s8-t40",
      "begin" : 849,
      "end" : 850,
      "text" : "\"",
      "whiteSpace" : false
    }, {
      "id" : "s8-t41",
      "begin" : 850,
      "end" : 851,
      "text" : ",",
      "whiteSpace" : false
    }, {
      "id" : "s8-t42",
      "begin" : 856,
      "end" : 857,
      "text" : "\"",
      "whiteSpace" : false
    }, {
      "id" : "s8-t43",
      "begin" : 857,
      "end" : 864,
      "text" : "created",
      "whiteSpace" : false
    }, {
      "id" : "s8-t44",
      "begin" : 864,
      "end" : 865,
      "text" : "\"",
      "whiteSpace" : false
    }, {
      "id" : "s8-t45",
      "begin" : 865,
      "end" : 866,
      "text" : ":",
      "whiteSpace" : false
    }, {
      "id" : "s8-t46",
      "begin" : 867,
      "end" : 868,
      "text" : "\"",
      "whiteSpace" : false
    }, {
      "id" : "s8-t47",
      "begin" : 868,
      "end" : 892,
      "text" : "2020-04-12T11:44:45.000Z",
      "whiteSpace" : false
    }, {
      "id" : "s8-t48",
      "begin" : 892,
      "end" : 893,
      "text" : "\"",
      "whiteSpace" : false
    }, {
      "id" : "s8-t49",
      "begin" : 894,
      "end" : 895,
      "text" : "}",
      "whiteSpace" : false
    } ]
  } ],
  "mentions" : [ {
    "id" : "s1-m2",
    "properties" : {
      "SIRE_MENTION_ROLE" : "Hourly_Wage_Employment",
      "SIRE_ENTITY_SUBTYPE" : "NONE",
      "SIRE_MENTION_TYPE" : "NONE",
      "SIRE_MENTION_CLASS" : "SPC"
    },
    "type" : "Hourly_Wage_Employment",
    "begin" : 125,
    "end" : 135,
    "inCoref" : false
  }, {
    "id" : "m1",
    "properties" : {
      "SIRE_MENTION_TYPE" : "NONE",
      "SIRE_MENTION_ROLE" : "Hourly_Wage_Employment",
      "SIRE_MENTION_CLASS" : "SPC",
      "SIRE_ENTITY_SUBTYPE" : "NONE"
    },
    "type" : "Hourly_Wage_Employment",
    "begin" : 129,
    "end" : 135,
    "inCoref" : false
  } ],
  "relations" : [ ],
  "corefs" : [ ],
  "typeResolved" : true,
  "userResolved" : false
}