{
  "id" : "0eb010c0-9422-11ea-ba41-8b3cd48b35eb-49",
  "name" : "seattle-doc-50.txt",
  "createdDate" : 0,
  "version" : 3,
  "text" : "{\n    \"title\": \"Eligible for unemployment?\",\n    \"text\": \"I am very grateful to be healthy and still have a job during this time..... however, my hours were cut from 40 to 32 this week. Will I have any ability to claim some type of unemployment benefits?\",\n    \"subreddit\": \"Seattle\",\n    \"created\": \"2020-04-15T05:32:53.000Z\"\n}",
  "docLength" : 0,
  "language" : "EN",
  "status" : "IN_PROGRESS",
  "modifiedDate" : 1589331975362,
  "documentSet" : [ ],
  "preannotation" : [ "PRE_LW" ],
  "sentences" : [ {
    "id" : "s0",
    "begin" : 0,
    "end" : 42,
    "text" : "{\n    \"title\": \"Eligible for unemployment?",
    "tokens" : [ {
      "id" : "s0-t0",
      "begin" : 0,
      "end" : 1,
      "text" : "{",
      "whiteSpace" : false
    }, {
      "id" : "s0-t1",
      "begin" : 6,
      "end" : 7,
      "text" : "\"",
      "whiteSpace" : false
    }, {
      "id" : "s0-t2",
      "begin" : 7,
      "end" : 12,
      "text" : "title",
      "whiteSpace" : false
    }, {
      "id" : "s0-t3",
      "begin" : 12,
      "end" : 13,
      "text" : "\"",
      "whiteSpace" : false
    }, {
      "id" : "s0-t4",
      "begin" : 13,
      "end" : 14,
      "text" : ":",
      "whiteSpace" : false
    }, {
      "id" : "s0-t5",
      "begin" : 15,
      "end" : 16,
      "text" : "\"",
      "whiteSpace" : false
    }, {
      "id" : "s0-t6",
      "begin" : 16,
      "end" : 24,
      "text" : "Eligible",
      "whiteSpace" : false
    }, {
      "id" : "s0-t7",
      "begin" : 25,
      "end" : 28,
      "text" : "for",
      "whiteSpace" : false
    }, {
      "id" : "s0-t8",
      "begin" : 29,
      "end" : 41,
      "text" : "unemployment",
      "whiteSpace" : false
    }, {
      "id" : "s0-t9",
      "begin" : 41,
      "end" : 42,
      "text" : "?",
      "whiteSpace" : false
    } ]
  }, {
    "id" : "s1",
    "begin" : 42,
    "end" : 185,
    "text" : "\",\n    \"text\": \"I am very grateful to be healthy and still have a job during this time..... however, my hours were cut from 40 to 32 this week.",
    "tokens" : [ {
      "id" : "s1-t0",
      "begin" : 42,
      "end" : 43,
      "text" : "\"",
      "whiteSpace" : false
    }, {
      "id" : "s1-t1",
      "begin" : 43,
      "end" : 44,
      "text" : ",",
      "whiteSpace" : false
    }, {
      "id" : "s1-t2",
      "begin" : 49,
      "end" : 50,
      "text" : "\"",
      "whiteSpace" : false
    }, {
      "id" : "s1-t3",
      "begin" : 50,
      "end" : 54,
      "text" : "text",
      "whiteSpace" : false
    }, {
      "id" : "s1-t4",
      "begin" : 54,
      "end" : 55,
      "text" : "\"",
      "whiteSpace" : false
    }, {
      "id" : "s1-t5",
      "begin" : 55,
      "end" : 56,
      "text" : ":",
      "whiteSpace" : false
    }, {
      "id" : "s1-t6",
      "begin" : 57,
      "end" : 58,
      "text" : "\"",
      "whiteSpace" : false
    }, {
      "id" : "s1-t7",
      "begin" : 58,
      "end" : 59,
      "text" : "I",
      "whiteSpace" : false
    }, {
      "id" : "s1-t8",
      "begin" : 60,
      "end" : 62,
      "text" : "am",
      "whiteSpace" : false
    }, {
      "id" : "s1-t9",
      "begin" : 63,
      "end" : 67,
      "text" : "very",
      "whiteSpace" : false
    }, {
      "id" : "s1-t10",
      "begin" : 68,
      "end" : 76,
      "text" : "grateful",
      "whiteSpace" : false
    }, {
      "id" : "s1-t11",
      "begin" : 77,
      "end" : 79,
      "text" : "to",
      "whiteSpace" : false
    }, {
      "id" : "s1-t12",
      "begin" : 80,
      "end" : 82,
      "text" : "be",
      "whiteSpace" : false
    }, {
      "id" : "s1-t13",
      "begin" : 83,
      "end" : 90,
      "text" : "healthy",
      "whiteSpace" : false
    }, {
      "id" : "s1-t14",
      "begin" : 91,
      "end" : 94,
      "text" : "and",
      "whiteSpace" : false
    }, {
      "id" : "s1-t15",
      "begin" : 95,
      "end" : 100,
      "text" : "still",
      "whiteSpace" : false
    }, {
      "id" : "s1-t16",
      "begin" : 101,
      "end" : 105,
      "text" : "have",
      "whiteSpace" : false
    }, {
      "id" : "s1-t17",
      "begin" : 106,
      "end" : 107,
      "text" : "a",
      "whiteSpace" : false
    }, {
      "id" : "s1-t18",
      "begin" : 108,
      "end" : 111,
      "text" : "job",
      "whiteSpace" : false
    }, {
      "id" : "s1-t19",
      "begin" : 112,
      "end" : 118,
      "text" : "during",
      "whiteSpace" : false
    }, {
      "id" : "s1-t20",
      "begin" : 119,
      "end" : 123,
      "text" : "this",
      "whiteSpace" : false
    }, {
      "id" : "s1-t21",
      "begin" : 124,
      "end" : 128,
      "text" : "time",
      "whiteSpace" : false
    }, {
      "id" : "s1-t22",
      "begin" : 128,
      "end" : 133,
      "text" : ".....",
      "whiteSpace" : false
    }, {
      "id" : "s1-t23",
      "begin" : 134,
      "end" : 141,
      "text" : "however",
      "whiteSpace" : false
    }, {
      "id" : "s1-t24",
      "begin" : 141,
      "end" : 142,
      "text" : ",",
      "whiteSpace" : false
    }, {
      "id" : "s1-t25",
      "begin" : 143,
      "end" : 145,
      "text" : "my",
      "whiteSpace" : false
    }, {
      "id" : "s1-t26",
      "begin" : 146,
      "end" : 151,
      "text" : "hours",
      "whiteSpace" : false
    }, {
      "id" : "s1-t27",
      "begin" : 152,
      "end" : 156,
      "text" : "were",
      "whiteSpace" : false
    }, {
      "id" : "s1-t28",
      "begin" : 157,
      "end" : 160,
      "text" : "cut",
      "whiteSpace" : false
    }, {
      "id" : "s1-t29",
      "begin" : 161,
      "end" : 165,
      "text" : "from",
      "whiteSpace" : false
    }, {
      "id" : "s1-t30",
      "begin" : 166,
      "end" : 168,
      "text" : "40",
      "whiteSpace" : false
    }, {
      "id" : "s1-t31",
      "begin" : 169,
      "end" : 171,
      "text" : "to",
      "whiteSpace" : false
    }, {
      "id" : "s1-t32",
      "begin" : 172,
      "end" : 174,
      "text" : "32",
      "whiteSpace" : false
    }, {
      "id" : "s1-t33",
      "begin" : 175,
      "end" : 179,
      "text" : "this",
      "whiteSpace" : false
    }, {
      "id" : "s1-t34",
      "begin" : 180,
      "end" : 184,
      "text" : "week",
      "whiteSpace" : false
    }, {
      "id" : "s1-t35",
      "begin" : 184,
      "end" : 185,
      "text" : ".",
      "whiteSpace" : false
    } ]
  }, {
    "id" : "s2",
    "begin" : 186,
    "end" : 254,
    "text" : "Will I have any ability to claim some type of unemployment benefits?",
    "tokens" : [ {
      "id" : "s2-t0",
      "begin" : 186,
      "end" : 190,
      "text" : "Will",
      "whiteSpace" : false
    }, {
      "id" : "s2-t1",
      "begin" : 191,
      "end" : 192,
      "text" : "I",
      "whiteSpace" : false
    }, {
      "id" : "s2-t2",
      "begin" : 193,
      "end" : 197,
      "text" : "have",
      "whiteSpace" : false
    }, {
      "id" : "s2-t3",
      "begin" : 198,
      "end" : 201,
      "text" : "any",
      "whiteSpace" : false
    }, {
      "id" : "s2-t4",
      "begin" : 202,
      "end" : 209,
      "text" : "ability",
      "whiteSpace" : false
    }, {
      "id" : "s2-t5",
      "begin" : 210,
      "end" : 212,
      "text" : "to",
      "whiteSpace" : false
    }, {
      "id" : "s2-t6",
      "begin" : 213,
      "end" : 218,
      "text" : "claim",
      "whiteSpace" : false
    }, {
      "id" : "s2-t7",
      "begin" : 219,
      "end" : 223,
      "text" : "some",
      "whiteSpace" : false
    }, {
      "id" : "s2-t8",
      "begin" : 224,
      "end" : 228,
      "text" : "type",
      "whiteSpace" : false
    }, {
      "id" : "s2-t9",
      "begin" : 229,
      "end" : 231,
      "text" : "of",
      "whiteSpace" : false
    }, {
      "id" : "s2-t10",
      "begin" : 232,
      "end" : 244,
      "text" : "unemployment",
      "whiteSpace" : false
    }, {
      "id" : "s2-t11",
      "begin" : 245,
      "end" : 253,
      "text" : "benefits",
      "whiteSpace" : false
    }, {
      "id" : "s2-t12",
      "begin" : 253,
      "end" : 254,
      "text" : "?",
      "whiteSpace" : false
    } ]
  }, {
    "id" : "s3",
    "begin" : 254,
    "end" : 328,
    "text" : "\",\n    \"subreddit\": \"Seattle\",\n    \"created\": \"2020-04-15T05:32:53.000Z\"\n}",
    "tokens" : [ {
      "id" : "s3-t0",
      "begin" : 254,
      "end" : 255,
      "text" : "\"",
      "whiteSpace" : false
    }, {
      "id" : "s3-t1",
      "begin" : 255,
      "end" : 256,
      "text" : ",",
      "whiteSpace" : false
    }, {
      "id" : "s3-t2",
      "begin" : 261,
      "end" : 262,
      "text" : "\"",
      "whiteSpace" : false
    }, {
      "id" : "s3-t3",
      "begin" : 262,
      "end" : 271,
      "text" : "subreddit",
      "whiteSpace" : false
    }, {
      "id" : "s3-t4",
      "begin" : 271,
      "end" : 272,
      "text" : "\"",
      "whiteSpace" : false
    }, {
      "id" : "s3-t5",
      "begin" : 272,
      "end" : 273,
      "text" : ":",
      "whiteSpace" : false
    }, {
      "id" : "s3-t6",
      "begin" : 274,
      "end" : 275,
      "text" : "\"",
      "whiteSpace" : false
    }, {
      "id" : "s3-t7",
      "begin" : 275,
      "end" : 282,
      "text" : "Seattle",
      "whiteSpace" : false
    }, {
      "id" : "s3-t8",
      "begin" : 282,
      "end" : 283,
      "text" : "\"",
      "whiteSpace" : false
    }, {
      "id" : "s3-t9",
      "begin" : 283,
      "end" : 284,
      "text" : ",",
      "whiteSpace" : false
    }, {
      "id" : "s3-t10",
      "begin" : 289,
      "end" : 290,
      "text" : "\"",
      "whiteSpace" : false
    }, {
      "id" : "s3-t11",
      "begin" : 290,
      "end" : 297,
      "text" : "created",
      "whiteSpace" : false
    }, {
      "id" : "s3-t12",
      "begin" : 297,
      "end" : 298,
      "text" : "\"",
      "whiteSpace" : false
    }, {
      "id" : "s3-t13",
      "begin" : 298,
      "end" : 299,
      "text" : ":",
      "whiteSpace" : false
    }, {
      "id" : "s3-t14",
      "begin" : 300,
      "end" : 301,
      "text" : "\"",
      "whiteSpace" : false
    }, {
      "id" : "s3-t15",
      "begin" : 301,
      "end" : 325,
      "text" : "2020-04-15T05:32:53.000Z",
      "whiteSpace" : false
    }, {
      "id" : "s3-t16",
      "begin" : 325,
      "end" : 326,
      "text" : "\"",
      "whiteSpace" : false
    }, {
      "id" : "s3-t17",
      "begin" : 327,
      "end" : 328,
      "text" : "}",
      "whiteSpace" : false
    } ]
  } ],
  "mentions" : [ {
    "id" : "s1-m2",
    "properties" : {
      "SIRE_MENTION_ROLE" : "Hourly_Wage_Employment",
      "SIRE_ENTITY_SUBTYPE" : "NONE",
      "SIRE_MENTION_TYPE" : "NONE",
      "SIRE_MENTION_CLASS" : "SPC"
    },
    "type" : "Hourly_Wage_Employment",
    "begin" : 143,
    "end" : 184,
    "inCoref" : false
  } ],
  "relations" : [ ],
  "corefs" : [ ],
  "typeResolved" : true,
  "userResolved" : false
}