{
  "id" : "0eb010c0-9422-11ea-ba41-8b3cd48b35eb-74",
  "name" : "seattle-doc-39.txt",
  "createdDate" : 0,
  "version" : 3,
  "text" : "{\n    \"title\": \"New resident seeking WA drivers license?\",\n    \"text\": \"I’m mainly posting this to see if anyone else is in my situation. I just moved to Seattle a week ago (weird timing but I had a job starting) and in order to get a zoned parking permit I need WA vehicle registration. In order to get WA vehicle registration, I need a WA license which I’m finding is impossible to get. The licensing office is closed and the most you can do online is a “pre-application”. When I called, customer service confirmed that the only way to obtain a new license is in the office, all of which are closed to my knowledge.\\n\\nIs anyone in a similar situation? Don’t have anywhere to park my car legally at the moment and would love to figure this out.\",\n    \"subreddit\": \"Seattle\",\n    \"created\": \"2020-04-17T01:02:25.000Z\"\n}",
  "docLength" : 0,
  "language" : "EN",
  "status" : "IN_PROGRESS",
  "modifiedDate" : 1589333547046,
  "documentSet" : [ ],
  "preannotation" : [ "PRE_LW" ],
  "sentences" : [ {
    "id" : "s0",
    "begin" : 0,
    "end" : 56,
    "text" : "{\n    \"title\": \"New resident seeking WA drivers license?",
    "tokens" : [ {
      "id" : "s0-t0",
      "begin" : 0,
      "end" : 1,
      "text" : "{",
      "whiteSpace" : false
    }, {
      "id" : "s0-t1",
      "begin" : 6,
      "end" : 7,
      "text" : "\"",
      "whiteSpace" : false
    }, {
      "id" : "s0-t2",
      "begin" : 7,
      "end" : 12,
      "text" : "title",
      "whiteSpace" : false
    }, {
      "id" : "s0-t3",
      "begin" : 12,
      "end" : 13,
      "text" : "\"",
      "whiteSpace" : false
    }, {
      "id" : "s0-t4",
      "begin" : 13,
      "end" : 14,
      "text" : ":",
      "whiteSpace" : false
    }, {
      "id" : "s0-t5",
      "begin" : 15,
      "end" : 16,
      "text" : "\"",
      "whiteSpace" : false
    }, {
      "id" : "s0-t6",
      "begin" : 16,
      "end" : 19,
      "text" : "New",
      "whiteSpace" : false
    }, {
      "id" : "s0-t7",
      "begin" : 20,
      "end" : 28,
      "text" : "resident",
      "whiteSpace" : false
    }, {
      "id" : "s0-t8",
      "begin" : 29,
      "end" : 36,
      "text" : "seeking",
      "whiteSpace" : false
    }, {
      "id" : "s0-t9",
      "begin" : 37,
      "end" : 39,
      "text" : "WA",
      "whiteSpace" : false
    }, {
      "id" : "s0-t10",
      "begin" : 40,
      "end" : 47,
      "text" : "drivers",
      "whiteSpace" : false
    }, {
      "id" : "s0-t11",
      "begin" : 48,
      "end" : 55,
      "text" : "license",
      "whiteSpace" : false
    }, {
      "id" : "s0-t12",
      "begin" : 55,
      "end" : 56,
      "text" : "?",
      "whiteSpace" : false
    } ]
  }, {
    "id" : "s1",
    "begin" : 56,
    "end" : 137,
    "text" : "\",\n    \"text\": \"I’m mainly posting this to see if anyone else is in my situation.",
    "tokens" : [ {
      "id" : "s1-t0",
      "begin" : 56,
      "end" : 57,
      "text" : "\"",
      "whiteSpace" : false
    }, {
      "id" : "s1-t1",
      "begin" : 57,
      "end" : 58,
      "text" : ",",
      "whiteSpace" : false
    }, {
      "id" : "s1-t2",
      "begin" : 63,
      "end" : 64,
      "text" : "\"",
      "whiteSpace" : false
    }, {
      "id" : "s1-t3",
      "begin" : 64,
      "end" : 68,
      "text" : "text",
      "whiteSpace" : false
    }, {
      "id" : "s1-t4",
      "begin" : 68,
      "end" : 69,
      "text" : "\"",
      "whiteSpace" : false
    }, {
      "id" : "s1-t5",
      "begin" : 69,
      "end" : 70,
      "text" : ":",
      "whiteSpace" : false
    }, {
      "id" : "s1-t6",
      "begin" : 71,
      "end" : 72,
      "text" : "\"",
      "whiteSpace" : false
    }, {
      "id" : "s1-t7",
      "begin" : 72,
      "end" : 73,
      "text" : "I",
      "whiteSpace" : false
    }, {
      "id" : "s1-t8",
      "begin" : 73,
      "end" : 75,
      "text" : "’m",
      "whiteSpace" : false
    }, {
      "id" : "s1-t9",
      "begin" : 76,
      "end" : 82,
      "text" : "mainly",
      "whiteSpace" : false
    }, {
      "id" : "s1-t10",
      "begin" : 83,
      "end" : 90,
      "text" : "posting",
      "whiteSpace" : false
    }, {
      "id" : "s1-t11",
      "begin" : 91,
      "end" : 95,
      "text" : "this",
      "whiteSpace" : false
    }, {
      "id" : "s1-t12",
      "begin" : 96,
      "end" : 98,
      "text" : "to",
      "whiteSpace" : false
    }, {
      "id" : "s1-t13",
      "begin" : 99,
      "end" : 102,
      "text" : "see",
      "whiteSpace" : false
    }, {
      "id" : "s1-t14",
      "begin" : 103,
      "end" : 105,
      "text" : "if",
      "whiteSpace" : false
    }, {
      "id" : "s1-t15",
      "begin" : 106,
      "end" : 112,
      "text" : "anyone",
      "whiteSpace" : false
    }, {
      "id" : "s1-t16",
      "begin" : 113,
      "end" : 117,
      "text" : "else",
      "whiteSpace" : false
    }, {
      "id" : "s1-t17",
      "begin" : 118,
      "end" : 120,
      "text" : "is",
      "whiteSpace" : false
    }, {
      "id" : "s1-t18",
      "begin" : 121,
      "end" : 123,
      "text" : "in",
      "whiteSpace" : false
    }, {
      "id" : "s1-t19",
      "begin" : 124,
      "end" : 126,
      "text" : "my",
      "whiteSpace" : false
    }, {
      "id" : "s1-t20",
      "begin" : 127,
      "end" : 136,
      "text" : "situation",
      "whiteSpace" : false
    }, {
      "id" : "s1-t21",
      "begin" : 136,
      "end" : 137,
      "text" : ".",
      "whiteSpace" : false
    } ]
  }, {
    "id" : "s2",
    "begin" : 138,
    "end" : 287,
    "text" : "I just moved to Seattle a week ago (weird timing but I had a job starting) and in order to get a zoned parking permit I need WA vehicle registration.",
    "tokens" : [ {
      "id" : "s2-t0",
      "begin" : 138,
      "end" : 139,
      "text" : "I",
      "whiteSpace" : false
    }, {
      "id" : "s2-t1",
      "begin" : 140,
      "end" : 144,
      "text" : "just",
      "whiteSpace" : false
    }, {
      "id" : "s2-t2",
      "begin" : 145,
      "end" : 150,
      "text" : "moved",
      "whiteSpace" : false
    }, {
      "id" : "s2-t3",
      "begin" : 151,
      "end" : 153,
      "text" : "to",
      "whiteSpace" : false
    }, {
      "id" : "s2-t4",
      "begin" : 154,
      "end" : 161,
      "text" : "Seattle",
      "whiteSpace" : false
    }, {
      "id" : "s2-t5",
      "begin" : 162,
      "end" : 163,
      "text" : "a",
      "whiteSpace" : false
    }, {
      "id" : "s2-t6",
      "begin" : 164,
      "end" : 168,
      "text" : "week",
      "whiteSpace" : false
    }, {
      "id" : "s2-t7",
      "begin" : 169,
      "end" : 172,
      "text" : "ago",
      "whiteSpace" : false
    }, {
      "id" : "s2-t8",
      "begin" : 173,
      "end" : 174,
      "text" : "(",
      "whiteSpace" : false
    }, {
      "id" : "s2-t9",
      "begin" : 174,
      "end" : 179,
      "text" : "weird",
      "whiteSpace" : false
    }, {
      "id" : "s2-t10",
      "begin" : 180,
      "end" : 186,
      "text" : "timing",
      "whiteSpace" : false
    }, {
      "id" : "s2-t11",
      "begin" : 187,
      "end" : 190,
      "text" : "but",
      "whiteSpace" : false
    }, {
      "id" : "s2-t12",
      "begin" : 191,
      "end" : 192,
      "text" : "I",
      "whiteSpace" : false
    }, {
      "id" : "s2-t13",
      "begin" : 193,
      "end" : 196,
      "text" : "had",
      "whiteSpace" : false
    }, {
      "id" : "s2-t14",
      "begin" : 197,
      "end" : 198,
      "text" : "a",
      "whiteSpace" : false
    }, {
      "id" : "s2-t15",
      "begin" : 199,
      "end" : 202,
      "text" : "job",
      "whiteSpace" : false
    }, {
      "id" : "s2-t16",
      "begin" : 203,
      "end" : 211,
      "text" : "starting",
      "whiteSpace" : false
    }, {
      "id" : "s2-t17",
      "begin" : 211,
      "end" : 212,
      "text" : ")",
      "whiteSpace" : false
    }, {
      "id" : "s2-t18",
      "begin" : 213,
      "end" : 216,
      "text" : "and",
      "whiteSpace" : false
    }, {
      "id" : "s2-t19",
      "begin" : 217,
      "end" : 219,
      "text" : "in",
      "whiteSpace" : false
    }, {
      "id" : "s2-t20",
      "begin" : 220,
      "end" : 225,
      "text" : "order",
      "whiteSpace" : false
    }, {
      "id" : "s2-t21",
      "begin" : 226,
      "end" : 228,
      "text" : "to",
      "whiteSpace" : false
    }, {
      "id" : "s2-t22",
      "begin" : 229,
      "end" : 232,
      "text" : "get",
      "whiteSpace" : false
    }, {
      "id" : "s2-t23",
      "begin" : 233,
      "end" : 234,
      "text" : "a",
      "whiteSpace" : false
    }, {
      "id" : "s2-t24",
      "begin" : 235,
      "end" : 240,
      "text" : "zoned",
      "whiteSpace" : false
    }, {
      "id" : "s2-t25",
      "begin" : 241,
      "end" : 248,
      "text" : "parking",
      "whiteSpace" : false
    }, {
      "id" : "s2-t26",
      "begin" : 249,
      "end" : 255,
      "text" : "permit",
      "whiteSpace" : false
    }, {
      "id" : "s2-t27",
      "begin" : 256,
      "end" : 257,
      "text" : "I",
      "whiteSpace" : false
    }, {
      "id" : "s2-t28",
      "begin" : 258,
      "end" : 262,
      "text" : "need",
      "whiteSpace" : false
    }, {
      "id" : "s2-t29",
      "begin" : 263,
      "end" : 265,
      "text" : "WA",
      "whiteSpace" : false
    }, {
      "id" : "s2-t30",
      "begin" : 266,
      "end" : 273,
      "text" : "vehicle",
      "whiteSpace" : false
    }, {
      "id" : "s2-t31",
      "begin" : 274,
      "end" : 286,
      "text" : "registration",
      "whiteSpace" : false
    }, {
      "id" : "s2-t32",
      "begin" : 286,
      "end" : 287,
      "text" : ".",
      "whiteSpace" : false
    } ]
  }, {
    "id" : "s3",
    "begin" : 288,
    "end" : 388,
    "text" : "In order to get WA vehicle registration, I need a WA license which I’m finding is impossible to get.",
    "tokens" : [ {
      "id" : "s3-t0",
      "begin" : 288,
      "end" : 290,
      "text" : "In",
      "whiteSpace" : false
    }, {
      "id" : "s3-t1",
      "begin" : 291,
      "end" : 296,
      "text" : "order",
      "whiteSpace" : false
    }, {
      "id" : "s3-t2",
      "begin" : 297,
      "end" : 299,
      "text" : "to",
      "whiteSpace" : false
    }, {
      "id" : "s3-t3",
      "begin" : 300,
      "end" : 303,
      "text" : "get",
      "whiteSpace" : false
    }, {
      "id" : "s3-t4",
      "begin" : 304,
      "end" : 306,
      "text" : "WA",
      "whiteSpace" : false
    }, {
      "id" : "s3-t5",
      "begin" : 307,
      "end" : 314,
      "text" : "vehicle",
      "whiteSpace" : false
    }, {
      "id" : "s3-t6",
      "begin" : 315,
      "end" : 327,
      "text" : "registration",
      "whiteSpace" : false
    }, {
      "id" : "s3-t7",
      "begin" : 327,
      "end" : 328,
      "text" : ",",
      "whiteSpace" : false
    }, {
      "id" : "s3-t8",
      "begin" : 329,
      "end" : 330,
      "text" : "I",
      "whiteSpace" : false
    }, {
      "id" : "s3-t9",
      "begin" : 331,
      "end" : 335,
      "text" : "need",
      "whiteSpace" : false
    }, {
      "id" : "s3-t10",
      "begin" : 336,
      "end" : 337,
      "text" : "a",
      "whiteSpace" : false
    }, {
      "id" : "s3-t11",
      "begin" : 338,
      "end" : 340,
      "text" : "WA",
      "whiteSpace" : false
    }, {
      "id" : "s3-t12",
      "begin" : 341,
      "end" : 348,
      "text" : "license",
      "whiteSpace" : false
    }, {
      "id" : "s3-t13",
      "begin" : 349,
      "end" : 354,
      "text" : "which",
      "whiteSpace" : false
    }, {
      "id" : "s3-t14",
      "begin" : 355,
      "end" : 356,
      "text" : "I",
      "whiteSpace" : false
    }, {
      "id" : "s3-t15",
      "begin" : 356,
      "end" : 358,
      "text" : "’m",
      "whiteSpace" : false
    }, {
      "id" : "s3-t16",
      "begin" : 359,
      "end" : 366,
      "text" : "finding",
      "whiteSpace" : false
    }, {
      "id" : "s3-t17",
      "begin" : 367,
      "end" : 369,
      "text" : "is",
      "whiteSpace" : false
    }, {
      "id" : "s3-t18",
      "begin" : 370,
      "end" : 380,
      "text" : "impossible",
      "whiteSpace" : false
    }, {
      "id" : "s3-t19",
      "begin" : 381,
      "end" : 383,
      "text" : "to",
      "whiteSpace" : false
    }, {
      "id" : "s3-t20",
      "begin" : 384,
      "end" : 387,
      "text" : "get",
      "whiteSpace" : false
    }, {
      "id" : "s3-t21",
      "begin" : 387,
      "end" : 388,
      "text" : ".",
      "whiteSpace" : false
    } ]
  }, {
    "id" : "s4",
    "begin" : 389,
    "end" : 474,
    "text" : "The licensing office is closed and the most you can do online is a “pre-application”.",
    "tokens" : [ {
      "id" : "s4-t0",
      "begin" : 389,
      "end" : 392,
      "text" : "The",
      "whiteSpace" : false
    }, {
      "id" : "s4-t1",
      "begin" : 393,
      "end" : 402,
      "text" : "licensing",
      "whiteSpace" : false
    }, {
      "id" : "s4-t2",
      "begin" : 403,
      "end" : 409,
      "text" : "office",
      "whiteSpace" : false
    }, {
      "id" : "s4-t3",
      "begin" : 410,
      "end" : 412,
      "text" : "is",
      "whiteSpace" : false
    }, {
      "id" : "s4-t4",
      "begin" : 413,
      "end" : 419,
      "text" : "closed",
      "whiteSpace" : false
    }, {
      "id" : "s4-t5",
      "begin" : 420,
      "end" : 423,
      "text" : "and",
      "whiteSpace" : false
    }, {
      "id" : "s4-t6",
      "begin" : 424,
      "end" : 427,
      "text" : "the",
      "whiteSpace" : false
    }, {
      "id" : "s4-t7",
      "begin" : 428,
      "end" : 432,
      "text" : "most",
      "whiteSpace" : false
    }, {
      "id" : "s4-t8",
      "begin" : 433,
      "end" : 436,
      "text" : "you",
      "whiteSpace" : false
    }, {
      "id" : "s4-t9",
      "begin" : 437,
      "end" : 440,
      "text" : "can",
      "whiteSpace" : false
    }, {
      "id" : "s4-t10",
      "begin" : 441,
      "end" : 443,
      "text" : "do",
      "whiteSpace" : false
    }, {
      "id" : "s4-t11",
      "begin" : 444,
      "end" : 450,
      "text" : "online",
      "whiteSpace" : false
    }, {
      "id" : "s4-t12",
      "begin" : 451,
      "end" : 453,
      "text" : "is",
      "whiteSpace" : false
    }, {
      "id" : "s4-t13",
      "begin" : 454,
      "end" : 455,
      "text" : "a",
      "whiteSpace" : false
    }, {
      "id" : "s4-t14",
      "begin" : 456,
      "end" : 457,
      "text" : "“",
      "whiteSpace" : false
    }, {
      "id" : "s4-t15",
      "begin" : 457,
      "end" : 472,
      "text" : "pre-application",
      "whiteSpace" : false
    }, {
      "id" : "s4-t16",
      "begin" : 472,
      "end" : 473,
      "text" : "”",
      "whiteSpace" : false
    }, {
      "id" : "s4-t17",
      "begin" : 473,
      "end" : 474,
      "text" : ".",
      "whiteSpace" : false
    } ]
  }, {
    "id" : "s5",
    "begin" : 475,
    "end" : 617,
    "text" : "When I called, customer service confirmed that the only way to obtain a new license is in the office, all of which are closed to my knowledge.",
    "tokens" : [ {
      "id" : "s5-t0",
      "begin" : 475,
      "end" : 479,
      "text" : "When",
      "whiteSpace" : false
    }, {
      "id" : "s5-t1",
      "begin" : 480,
      "end" : 481,
      "text" : "I",
      "whiteSpace" : false
    }, {
      "id" : "s5-t2",
      "begin" : 482,
      "end" : 488,
      "text" : "called",
      "whiteSpace" : false
    }, {
      "id" : "s5-t3",
      "begin" : 488,
      "end" : 489,
      "text" : ",",
      "whiteSpace" : false
    }, {
      "id" : "s5-t4",
      "begin" : 490,
      "end" : 498,
      "text" : "customer",
      "whiteSpace" : false
    }, {
      "id" : "s5-t5",
      "begin" : 499,
      "end" : 506,
      "text" : "service",
      "whiteSpace" : false
    }, {
      "id" : "s5-t6",
      "begin" : 507,
      "end" : 516,
      "text" : "confirmed",
      "whiteSpace" : false
    }, {
      "id" : "s5-t7",
      "begin" : 517,
      "end" : 521,
      "text" : "that",
      "whiteSpace" : false
    }, {
      "id" : "s5-t8",
      "begin" : 522,
      "end" : 525,
      "text" : "the",
      "whiteSpace" : false
    }, {
      "id" : "s5-t9",
      "begin" : 526,
      "end" : 530,
      "text" : "only",
      "whiteSpace" : false
    }, {
      "id" : "s5-t10",
      "begin" : 531,
      "end" : 534,
      "text" : "way",
      "whiteSpace" : false
    }, {
      "id" : "s5-t11",
      "begin" : 535,
      "end" : 537,
      "text" : "to",
      "whiteSpace" : false
    }, {
      "id" : "s5-t12",
      "begin" : 538,
      "end" : 544,
      "text" : "obtain",
      "whiteSpace" : false
    }, {
      "id" : "s5-t13",
      "begin" : 545,
      "end" : 546,
      "text" : "a",
      "whiteSpace" : false
    }, {
      "id" : "s5-t14",
      "begin" : 547,
      "end" : 550,
      "text" : "new",
      "whiteSpace" : false
    }, {
      "id" : "s5-t15",
      "begin" : 551,
      "end" : 558,
      "text" : "license",
      "whiteSpace" : false
    }, {
      "id" : "s5-t16",
      "begin" : 559,
      "end" : 561,
      "text" : "is",
      "whiteSpace" : false
    }, {
      "id" : "s5-t17",
      "begin" : 562,
      "end" : 564,
      "text" : "in",
      "whiteSpace" : false
    }, {
      "id" : "s5-t18",
      "begin" : 565,
      "end" : 568,
      "text" : "the",
      "whiteSpace" : false
    }, {
      "id" : "s5-t19",
      "begin" : 569,
      "end" : 575,
      "text" : "office",
      "whiteSpace" : false
    }, {
      "id" : "s5-t20",
      "begin" : 575,
      "end" : 576,
      "text" : ",",
      "whiteSpace" : false
    }, {
      "id" : "s5-t21",
      "begin" : 577,
      "end" : 580,
      "text" : "all",
      "whiteSpace" : false
    }, {
      "id" : "s5-t22",
      "begin" : 581,
      "end" : 583,
      "text" : "of",
      "whiteSpace" : false
    }, {
      "id" : "s5-t23",
      "begin" : 584,
      "end" : 589,
      "text" : "which",
      "whiteSpace" : false
    }, {
      "id" : "s5-t24",
      "begin" : 590,
      "end" : 593,
      "text" : "are",
      "whiteSpace" : false
    }, {
      "id" : "s5-t25",
      "begin" : 594,
      "end" : 600,
      "text" : "closed",
      "whiteSpace" : false
    }, {
      "id" : "s5-t26",
      "begin" : 601,
      "end" : 603,
      "text" : "to",
      "whiteSpace" : false
    }, {
      "id" : "s5-t27",
      "begin" : 604,
      "end" : 606,
      "text" : "my",
      "whiteSpace" : false
    }, {
      "id" : "s5-t28",
      "begin" : 607,
      "end" : 616,
      "text" : "knowledge",
      "whiteSpace" : false
    }, {
      "id" : "s5-t29",
      "begin" : 616,
      "end" : 617,
      "text" : ".",
      "whiteSpace" : false
    } ]
  }, {
    "id" : "s6",
    "begin" : 617,
    "end" : 654,
    "text" : "\\n\\nIs anyone in a similar situation?",
    "tokens" : [ {
      "id" : "s6-t0",
      "begin" : 617,
      "end" : 619,
      "text" : "\\n",
      "whiteSpace" : false
    }, {
      "id" : "s6-t1",
      "begin" : 619,
      "end" : 623,
      "text" : "\\nIs",
      "whiteSpace" : false
    }, {
      "id" : "s6-t2",
      "begin" : 624,
      "end" : 630,
      "text" : "anyone",
      "whiteSpace" : false
    }, {
      "id" : "s6-t3",
      "begin" : 631,
      "end" : 633,
      "text" : "in",
      "whiteSpace" : false
    }, {
      "id" : "s6-t4",
      "begin" : 634,
      "end" : 635,
      "text" : "a",
      "whiteSpace" : false
    }, {
      "id" : "s6-t5",
      "begin" : 636,
      "end" : 643,
      "text" : "similar",
      "whiteSpace" : false
    }, {
      "id" : "s6-t6",
      "begin" : 644,
      "end" : 653,
      "text" : "situation",
      "whiteSpace" : false
    }, {
      "id" : "s6-t7",
      "begin" : 653,
      "end" : 654,
      "text" : "?",
      "whiteSpace" : false
    } ]
  }, {
    "id" : "s7",
    "begin" : 655,
    "end" : 746,
    "text" : "Don’t have anywhere to park my car legally at the moment and would love to figure this out.",
    "tokens" : [ {
      "id" : "s7-t0",
      "begin" : 655,
      "end" : 657,
      "text" : "Do",
      "whiteSpace" : false
    }, {
      "id" : "s7-t1",
      "begin" : 657,
      "end" : 660,
      "text" : "n’t",
      "whiteSpace" : false
    }, {
      "id" : "s7-t2",
      "begin" : 661,
      "end" : 665,
      "text" : "have",
      "whiteSpace" : false
    }, {
      "id" : "s7-t3",
      "begin" : 666,
      "end" : 674,
      "text" : "anywhere",
      "whiteSpace" : false
    }, {
      "id" : "s7-t4",
      "begin" : 675,
      "end" : 677,
      "text" : "to",
      "whiteSpace" : false
    }, {
      "id" : "s7-t5",
      "begin" : 678,
      "end" : 682,
      "text" : "park",
      "whiteSpace" : false
    }, {
      "id" : "s7-t6",
      "begin" : 683,
      "end" : 685,
      "text" : "my",
      "whiteSpace" : false
    }, {
      "id" : "s7-t7",
      "begin" : 686,
      "end" : 689,
      "text" : "car",
      "whiteSpace" : false
    }, {
      "id" : "s7-t8",
      "begin" : 690,
      "end" : 697,
      "text" : "legally",
      "whiteSpace" : false
    }, {
      "id" : "s7-t9",
      "begin" : 698,
      "end" : 700,
      "text" : "at",
      "whiteSpace" : false
    }, {
      "id" : "s7-t10",
      "begin" : 701,
      "end" : 704,
      "text" : "the",
      "whiteSpace" : false
    }, {
      "id" : "s7-t11",
      "begin" : 705,
      "end" : 711,
      "text" : "moment",
      "whiteSpace" : false
    }, {
      "id" : "s7-t12",
      "begin" : 712,
      "end" : 715,
      "text" : "and",
      "whiteSpace" : false
    }, {
      "id" : "s7-t13",
      "begin" : 716,
      "end" : 721,
      "text" : "would",
      "whiteSpace" : false
    }, {
      "id" : "s7-t14",
      "begin" : 722,
      "end" : 726,
      "text" : "love",
      "whiteSpace" : false
    }, {
      "id" : "s7-t15",
      "begin" : 727,
      "end" : 729,
      "text" : "to",
      "whiteSpace" : false
    }, {
      "id" : "s7-t16",
      "begin" : 730,
      "end" : 736,
      "text" : "figure",
      "whiteSpace" : false
    }, {
      "id" : "s7-t17",
      "begin" : 737,
      "end" : 741,
      "text" : "this",
      "whiteSpace" : false
    }, {
      "id" : "s7-t18",
      "begin" : 742,
      "end" : 745,
      "text" : "out",
      "whiteSpace" : false
    }, {
      "id" : "s7-t19",
      "begin" : 745,
      "end" : 746,
      "text" : ".",
      "whiteSpace" : false
    } ]
  }, {
    "id" : "s8",
    "begin" : 746,
    "end" : 820,
    "text" : "\",\n    \"subreddit\": \"Seattle\",\n    \"created\": \"2020-04-17T01:02:25.000Z\"\n}",
    "tokens" : [ {
      "id" : "s8-t0",
      "begin" : 746,
      "end" : 747,
      "text" : "\"",
      "whiteSpace" : false
    }, {
      "id" : "s8-t1",
      "begin" : 747,
      "end" : 748,
      "text" : ",",
      "whiteSpace" : false
    }, {
      "id" : "s8-t2",
      "begin" : 753,
      "end" : 754,
      "text" : "\"",
      "whiteSpace" : false
    }, {
      "id" : "s8-t3",
      "begin" : 754,
      "end" : 763,
      "text" : "subreddit",
      "whiteSpace" : false
    }, {
      "id" : "s8-t4",
      "begin" : 763,
      "end" : 764,
      "text" : "\"",
      "whiteSpace" : false
    }, {
      "id" : "s8-t5",
      "begin" : 764,
      "end" : 765,
      "text" : ":",
      "whiteSpace" : false
    }, {
      "id" : "s8-t6",
      "begin" : 766,
      "end" : 767,
      "text" : "\"",
      "whiteSpace" : false
    }, {
      "id" : "s8-t7",
      "begin" : 767,
      "end" : 774,
      "text" : "Seattle",
      "whiteSpace" : false
    }, {
      "id" : "s8-t8",
      "begin" : 774,
      "end" : 775,
      "text" : "\"",
      "whiteSpace" : false
    }, {
      "id" : "s8-t9",
      "begin" : 775,
      "end" : 776,
      "text" : ",",
      "whiteSpace" : false
    }, {
      "id" : "s8-t10",
      "begin" : 781,
      "end" : 782,
      "text" : "\"",
      "whiteSpace" : false
    }, {
      "id" : "s8-t11",
      "begin" : 782,
      "end" : 789,
      "text" : "created",
      "whiteSpace" : false
    }, {
      "id" : "s8-t12",
      "begin" : 789,
      "end" : 790,
      "text" : "\"",
      "whiteSpace" : false
    }, {
      "id" : "s8-t13",
      "begin" : 790,
      "end" : 791,
      "text" : ":",
      "whiteSpace" : false
    }, {
      "id" : "s8-t14",
      "begin" : 792,
      "end" : 793,
      "text" : "\"",
      "whiteSpace" : false
    }, {
      "id" : "s8-t15",
      "begin" : 793,
      "end" : 817,
      "text" : "2020-04-17T01:02:25.000Z",
      "whiteSpace" : false
    }, {
      "id" : "s8-t16",
      "begin" : 817,
      "end" : 818,
      "text" : "\"",
      "whiteSpace" : false
    }, {
      "id" : "s8-t17",
      "begin" : 819,
      "end" : 820,
      "text" : "}",
      "whiteSpace" : false
    } ]
  } ],
  "mentions" : [ {
    "id" : "m1",
    "properties" : {
      "SIRE_MENTION_TYPE" : "NONE",
      "SIRE_MENTION_ROLE" : "Car_Owner",
      "SIRE_MENTION_CLASS" : "SPC",
      "SIRE_ENTITY_SUBTYPE" : "NONE"
    },
    "type" : "Car_Owner",
    "begin" : 40,
    "end" : 55,
    "inCoref" : false
  }, {
    "id" : "m2",
    "properties" : {
      "SIRE_MENTION_TYPE" : "NONE",
      "SIRE_MENTION_ROLE" : "Car_Owner",
      "SIRE_MENTION_CLASS" : "SPC",
      "SIRE_ENTITY_SUBTYPE" : "NONE"
    },
    "type" : "Car_Owner",
    "begin" : 241,
    "end" : 255,
    "inCoref" : false
  }, {
    "id" : "s3-m1",
    "properties" : {
      "SIRE_MENTION_ROLE" : "Car_Owner",
      "SIRE_ENTITY_SUBTYPE" : "NONE",
      "SIRE_MENTION_TYPE" : "NONE",
      "SIRE_MENTION_CLASS" : "SPC"
    },
    "type" : "Car_Owner",
    "begin" : 307,
    "end" : 327,
    "inCoref" : false
  }, {
    "id" : "s3-m2",
    "properties" : {
      "SIRE_MENTION_ROLE" : "Car_Owner",
      "SIRE_ENTITY_SUBTYPE" : "NONE",
      "SIRE_MENTION_TYPE" : "NONE",
      "SIRE_MENTION_CLASS" : "SPC"
    },
    "type" : "Car_Owner",
    "begin" : 341,
    "end" : 348,
    "inCoref" : false
  }, {
    "id" : "s4-m1",
    "properties" : {
      "SIRE_MENTION_ROLE" : "Car_Owner",
      "SIRE_ENTITY_SUBTYPE" : "NONE",
      "SIRE_MENTION_TYPE" : "NONE",
      "SIRE_MENTION_CLASS" : "SPC"
    },
    "type" : "Car_Owner",
    "begin" : 393,
    "end" : 402,
    "inCoref" : false
  }, {
    "id" : "s5-m1",
    "properties" : {
      "SIRE_MENTION_ROLE" : "Car_Owner",
      "SIRE_ENTITY_SUBTYPE" : "NONE",
      "SIRE_MENTION_TYPE" : "NONE",
      "SIRE_MENTION_CLASS" : "SPC"
    },
    "type" : "Car_Owner",
    "begin" : 547,
    "end" : 558,
    "inCoref" : false
  }, {
    "id" : "s7-m1",
    "properties" : {
      "SIRE_MENTION_ROLE" : "Car_Owner",
      "SIRE_ENTITY_SUBTYPE" : "NONE",
      "SIRE_MENTION_TYPE" : "NONE",
      "SIRE_MENTION_CLASS" : "SPC"
    },
    "type" : "Car_Owner",
    "begin" : 678,
    "end" : 689,
    "inCoref" : false
  } ],
  "relations" : [ ],
  "corefs" : [ ],
  "typeResolved" : true,
  "userResolved" : false
}