{
  "id" : "0eb010c0-9422-11ea-ba41-8b3cd48b35eb-23",
  "name" : "seattle-doc-93.txt",
  "createdDate" : 0,
  "version" : 3,
  "text" : "{\n    \"title\": \"(Another) unemployment question\",\n    \"text\": \"So I applied for unemployment earlier this week (still haven’t heard if I’m approved or not)\\nI know the week starts on Sunday to submit your weekly claim, however I don’t see a tab for this anywhere. Would it come up tomorrow? (When the week starts)\\nBasically I don’t see anywhere to submit my weekly claim\",\n    \"subreddit\": \"Seattle\",\n    \"created\": \"2020-04-05T05:33:29.000Z\"\n}",
  "docLength" : 0,
  "language" : "EN",
  "status" : "IN_PROGRESS",
  "modifiedDate" : 1589330861636,
  "documentSet" : [ ],
  "preannotation" : [ "PRE_LW" ],
  "sentences" : [ {
    "id" : "s0",
    "begin" : 0,
    "end" : 263,
    "text" : "{\n    \"title\": \"(Another) unemployment question\",\n    \"text\": \"So I applied for unemployment earlier this week (still haven’t heard if I’m approved or not)\\nI know the week starts on Sunday to submit your weekly claim, however I don’t see a tab for this anywhere.",
    "tokens" : [ {
      "id" : "s0-t0",
      "begin" : 0,
      "end" : 1,
      "text" : "{",
      "whiteSpace" : false
    }, {
      "id" : "s0-t1",
      "begin" : 6,
      "end" : 7,
      "text" : "\"",
      "whiteSpace" : false
    }, {
      "id" : "s0-t2",
      "begin" : 7,
      "end" : 12,
      "text" : "title",
      "whiteSpace" : false
    }, {
      "id" : "s0-t3",
      "begin" : 12,
      "end" : 13,
      "text" : "\"",
      "whiteSpace" : false
    }, {
      "id" : "s0-t4",
      "begin" : 13,
      "end" : 14,
      "text" : ":",
      "whiteSpace" : false
    }, {
      "id" : "s0-t5",
      "begin" : 15,
      "end" : 16,
      "text" : "\"",
      "whiteSpace" : false
    }, {
      "id" : "s0-t6",
      "begin" : 16,
      "end" : 17,
      "text" : "(",
      "whiteSpace" : false
    }, {
      "id" : "s0-t7",
      "begin" : 17,
      "end" : 24,
      "text" : "Another",
      "whiteSpace" : false
    }, {
      "id" : "s0-t8",
      "begin" : 24,
      "end" : 25,
      "text" : ")",
      "whiteSpace" : false
    }, {
      "id" : "s0-t9",
      "begin" : 26,
      "end" : 38,
      "text" : "unemployment",
      "whiteSpace" : false
    }, {
      "id" : "s0-t10",
      "begin" : 39,
      "end" : 47,
      "text" : "question",
      "whiteSpace" : false
    }, {
      "id" : "s0-t11",
      "begin" : 47,
      "end" : 48,
      "text" : "\"",
      "whiteSpace" : false
    }, {
      "id" : "s0-t12",
      "begin" : 48,
      "end" : 49,
      "text" : ",",
      "whiteSpace" : false
    }, {
      "id" : "s0-t13",
      "begin" : 54,
      "end" : 55,
      "text" : "\"",
      "whiteSpace" : false
    }, {
      "id" : "s0-t14",
      "begin" : 55,
      "end" : 59,
      "text" : "text",
      "whiteSpace" : false
    }, {
      "id" : "s0-t15",
      "begin" : 59,
      "end" : 60,
      "text" : "\"",
      "whiteSpace" : false
    }, {
      "id" : "s0-t16",
      "begin" : 60,
      "end" : 61,
      "text" : ":",
      "whiteSpace" : false
    }, {
      "id" : "s0-t17",
      "begin" : 62,
      "end" : 63,
      "text" : "\"",
      "whiteSpace" : false
    }, {
      "id" : "s0-t18",
      "begin" : 63,
      "end" : 65,
      "text" : "So",
      "whiteSpace" : false
    }, {
      "id" : "s0-t19",
      "begin" : 66,
      "end" : 67,
      "text" : "I",
      "whiteSpace" : false
    }, {
      "id" : "s0-t20",
      "begin" : 68,
      "end" : 75,
      "text" : "applied",
      "whiteSpace" : false
    }, {
      "id" : "s0-t21",
      "begin" : 76,
      "end" : 79,
      "text" : "for",
      "whiteSpace" : false
    }, {
      "id" : "s0-t22",
      "begin" : 80,
      "end" : 92,
      "text" : "unemployment",
      "whiteSpace" : false
    }, {
      "id" : "s0-t23",
      "begin" : 93,
      "end" : 100,
      "text" : "earlier",
      "whiteSpace" : false
    }, {
      "id" : "s0-t24",
      "begin" : 101,
      "end" : 105,
      "text" : "this",
      "whiteSpace" : false
    }, {
      "id" : "s0-t25",
      "begin" : 106,
      "end" : 110,
      "text" : "week",
      "whiteSpace" : false
    }, {
      "id" : "s0-t26",
      "begin" : 111,
      "end" : 112,
      "text" : "(",
      "whiteSpace" : false
    }, {
      "id" : "s0-t27",
      "begin" : 112,
      "end" : 117,
      "text" : "still",
      "whiteSpace" : false
    }, {
      "id" : "s0-t28",
      "begin" : 118,
      "end" : 122,
      "text" : "have",
      "whiteSpace" : false
    }, {
      "id" : "s0-t29",
      "begin" : 122,
      "end" : 125,
      "text" : "n’t",
      "whiteSpace" : false
    }, {
      "id" : "s0-t30",
      "begin" : 126,
      "end" : 131,
      "text" : "heard",
      "whiteSpace" : false
    }, {
      "id" : "s0-t31",
      "begin" : 132,
      "end" : 134,
      "text" : "if",
      "whiteSpace" : false
    }, {
      "id" : "s0-t32",
      "begin" : 135,
      "end" : 136,
      "text" : "I",
      "whiteSpace" : false
    }, {
      "id" : "s0-t33",
      "begin" : 136,
      "end" : 138,
      "text" : "’m",
      "whiteSpace" : false
    }, {
      "id" : "s0-t34",
      "begin" : 139,
      "end" : 147,
      "text" : "approved",
      "whiteSpace" : false
    }, {
      "id" : "s0-t35",
      "begin" : 148,
      "end" : 150,
      "text" : "or",
      "whiteSpace" : false
    }, {
      "id" : "s0-t36",
      "begin" : 151,
      "end" : 154,
      "text" : "not",
      "whiteSpace" : false
    }, {
      "id" : "s0-t37",
      "begin" : 154,
      "end" : 155,
      "text" : ")",
      "whiteSpace" : false
    }, {
      "id" : "s0-t38",
      "begin" : 155,
      "end" : 158,
      "text" : "\\nI",
      "whiteSpace" : false
    }, {
      "id" : "s0-t39",
      "begin" : 159,
      "end" : 163,
      "text" : "know",
      "whiteSpace" : false
    }, {
      "id" : "s0-t40",
      "begin" : 164,
      "end" : 167,
      "text" : "the",
      "whiteSpace" : false
    }, {
      "id" : "s0-t41",
      "begin" : 168,
      "end" : 172,
      "text" : "week",
      "whiteSpace" : false
    }, {
      "id" : "s0-t42",
      "begin" : 173,
      "end" : 179,
      "text" : "starts",
      "whiteSpace" : false
    }, {
      "id" : "s0-t43",
      "begin" : 180,
      "end" : 182,
      "text" : "on",
      "whiteSpace" : false
    }, {
      "id" : "s0-t44",
      "begin" : 183,
      "end" : 189,
      "text" : "Sunday",
      "whiteSpace" : false
    }, {
      "id" : "s0-t45",
      "begin" : 190,
      "end" : 192,
      "text" : "to",
      "whiteSpace" : false
    }, {
      "id" : "s0-t46",
      "begin" : 193,
      "end" : 199,
      "text" : "submit",
      "whiteSpace" : false
    }, {
      "id" : "s0-t47",
      "begin" : 200,
      "end" : 204,
      "text" : "your",
      "whiteSpace" : false
    }, {
      "id" : "s0-t48",
      "begin" : 205,
      "end" : 211,
      "text" : "weekly",
      "whiteSpace" : false
    }, {
      "id" : "s0-t49",
      "begin" : 212,
      "end" : 217,
      "text" : "claim",
      "whiteSpace" : false
    }, {
      "id" : "s0-t50",
      "begin" : 217,
      "end" : 218,
      "text" : ",",
      "whiteSpace" : false
    }, {
      "id" : "s0-t51",
      "begin" : 219,
      "end" : 226,
      "text" : "however",
      "whiteSpace" : false
    }, {
      "id" : "s0-t52",
      "begin" : 227,
      "end" : 228,
      "text" : "I",
      "whiteSpace" : false
    }, {
      "id" : "s0-t53",
      "begin" : 229,
      "end" : 231,
      "text" : "do",
      "whiteSpace" : false
    }, {
      "id" : "s0-t54",
      "begin" : 231,
      "end" : 234,
      "text" : "n’t",
      "whiteSpace" : false
    }, {
      "id" : "s0-t55",
      "begin" : 235,
      "end" : 238,
      "text" : "see",
      "whiteSpace" : false
    }, {
      "id" : "s0-t56",
      "begin" : 239,
      "end" : 240,
      "text" : "a",
      "whiteSpace" : false
    }, {
      "id" : "s0-t57",
      "begin" : 241,
      "end" : 244,
      "text" : "tab",
      "whiteSpace" : false
    }, {
      "id" : "s0-t58",
      "begin" : 245,
      "end" : 248,
      "text" : "for",
      "whiteSpace" : false
    }, {
      "id" : "s0-t59",
      "begin" : 249,
      "end" : 253,
      "text" : "this",
      "whiteSpace" : false
    }, {
      "id" : "s0-t60",
      "begin" : 254,
      "end" : 262,
      "text" : "anywhere",
      "whiteSpace" : false
    }, {
      "id" : "s0-t61",
      "begin" : 262,
      "end" : 263,
      "text" : ".",
      "whiteSpace" : false
    } ]
  }, {
    "id" : "s1",
    "begin" : 264,
    "end" : 290,
    "text" : "Would it come up tomorrow?",
    "tokens" : [ {
      "id" : "s1-t0",
      "begin" : 264,
      "end" : 269,
      "text" : "Would",
      "whiteSpace" : false
    }, {
      "id" : "s1-t1",
      "begin" : 270,
      "end" : 272,
      "text" : "it",
      "whiteSpace" : false
    }, {
      "id" : "s1-t2",
      "begin" : 273,
      "end" : 277,
      "text" : "come",
      "whiteSpace" : false
    }, {
      "id" : "s1-t3",
      "begin" : 278,
      "end" : 280,
      "text" : "up",
      "whiteSpace" : false
    }, {
      "id" : "s1-t4",
      "begin" : 281,
      "end" : 289,
      "text" : "tomorrow",
      "whiteSpace" : false
    }, {
      "id" : "s1-t5",
      "begin" : 289,
      "end" : 290,
      "text" : "?",
      "whiteSpace" : false
    } ]
  }, {
    "id" : "s2",
    "begin" : 291,
    "end" : 445,
    "text" : "(When the week starts)\\nBasically I don’t see anywhere to submit my weekly claim\",\n    \"subreddit\": \"Seattle\",\n    \"created\": \"2020-04-05T05:33:29.000Z\"\n}",
    "tokens" : [ {
      "id" : "s2-t0",
      "begin" : 291,
      "end" : 292,
      "text" : "(",
      "whiteSpace" : false
    }, {
      "id" : "s2-t1",
      "begin" : 292,
      "end" : 296,
      "text" : "When",
      "whiteSpace" : false
    }, {
      "id" : "s2-t2",
      "begin" : 297,
      "end" : 300,
      "text" : "the",
      "whiteSpace" : false
    }, {
      "id" : "s2-t3",
      "begin" : 301,
      "end" : 305,
      "text" : "week",
      "whiteSpace" : false
    }, {
      "id" : "s2-t4",
      "begin" : 306,
      "end" : 312,
      "text" : "starts",
      "whiteSpace" : false
    }, {
      "id" : "s2-t5",
      "begin" : 312,
      "end" : 313,
      "text" : ")",
      "whiteSpace" : false
    }, {
      "id" : "s2-t6",
      "begin" : 313,
      "end" : 324,
      "text" : "\\nBasically",
      "whiteSpace" : false
    }, {
      "id" : "s2-t7",
      "begin" : 325,
      "end" : 326,
      "text" : "I",
      "whiteSpace" : false
    }, {
      "id" : "s2-t8",
      "begin" : 327,
      "end" : 329,
      "text" : "do",
      "whiteSpace" : false
    }, {
      "id" : "s2-t9",
      "begin" : 329,
      "end" : 332,
      "text" : "n’t",
      "whiteSpace" : false
    }, {
      "id" : "s2-t10",
      "begin" : 333,
      "end" : 336,
      "text" : "see",
      "whiteSpace" : false
    }, {
      "id" : "s2-t11",
      "begin" : 337,
      "end" : 345,
      "text" : "anywhere",
      "whiteSpace" : false
    }, {
      "id" : "s2-t12",
      "begin" : 346,
      "end" : 348,
      "text" : "to",
      "whiteSpace" : false
    }, {
      "id" : "s2-t13",
      "begin" : 349,
      "end" : 355,
      "text" : "submit",
      "whiteSpace" : false
    }, {
      "id" : "s2-t14",
      "begin" : 356,
      "end" : 358,
      "text" : "my",
      "whiteSpace" : false
    }, {
      "id" : "s2-t15",
      "begin" : 359,
      "end" : 365,
      "text" : "weekly",
      "whiteSpace" : false
    }, {
      "id" : "s2-t16",
      "begin" : 366,
      "end" : 371,
      "text" : "claim",
      "whiteSpace" : false
    }, {
      "id" : "s2-t17",
      "begin" : 371,
      "end" : 372,
      "text" : "\"",
      "whiteSpace" : false
    }, {
      "id" : "s2-t18",
      "begin" : 372,
      "end" : 373,
      "text" : ",",
      "whiteSpace" : false
    }, {
      "id" : "s2-t19",
      "begin" : 378,
      "end" : 379,
      "text" : "\"",
      "whiteSpace" : false
    }, {
      "id" : "s2-t20",
      "begin" : 379,
      "end" : 388,
      "text" : "subreddit",
      "whiteSpace" : false
    }, {
      "id" : "s2-t21",
      "begin" : 388,
      "end" : 389,
      "text" : "\"",
      "whiteSpace" : false
    }, {
      "id" : "s2-t22",
      "begin" : 389,
      "end" : 390,
      "text" : ":",
      "whiteSpace" : false
    }, {
      "id" : "s2-t23",
      "begin" : 391,
      "end" : 392,
      "text" : "\"",
      "whiteSpace" : false
    }, {
      "id" : "s2-t24",
      "begin" : 392,
      "end" : 399,
      "text" : "Seattle",
      "whiteSpace" : false
    }, {
      "id" : "s2-t25",
      "begin" : 399,
      "end" : 400,
      "text" : "\"",
      "whiteSpace" : false
    }, {
      "id" : "s2-t26",
      "begin" : 400,
      "end" : 401,
      "text" : ",",
      "whiteSpace" : false
    }, {
      "id" : "s2-t27",
      "begin" : 406,
      "end" : 407,
      "text" : "\"",
      "whiteSpace" : false
    }, {
      "id" : "s2-t28",
      "begin" : 407,
      "end" : 414,
      "text" : "created",
      "whiteSpace" : false
    }, {
      "id" : "s2-t29",
      "begin" : 414,
      "end" : 415,
      "text" : "\"",
      "whiteSpace" : false
    }, {
      "id" : "s2-t30",
      "begin" : 415,
      "end" : 416,
      "text" : ":",
      "whiteSpace" : false
    }, {
      "id" : "s2-t31",
      "begin" : 417,
      "end" : 418,
      "text" : "\"",
      "whiteSpace" : false
    }, {
      "id" : "s2-t32",
      "begin" : 418,
      "end" : 442,
      "text" : "2020-04-05T05:33:29.000Z",
      "whiteSpace" : false
    }, {
      "id" : "s2-t33",
      "begin" : 442,
      "end" : 443,
      "text" : "\"",
      "whiteSpace" : false
    }, {
      "id" : "s2-t34",
      "begin" : 444,
      "end" : 445,
      "text" : "}",
      "whiteSpace" : false
    } ]
  } ],
  "mentions" : [ {
    "id" : "m1",
    "properties" : {
      "SIRE_MENTION_TYPE" : "NONE",
      "SIRE_MENTION_ROLE" : "Unemployed",
      "SIRE_MENTION_CLASS" : "SPC",
      "SIRE_ENTITY_SUBTYPE" : "NONE"
    },
    "type" : "Unemployed",
    "begin" : 26,
    "end" : 38,
    "inCoref" : false
  }, {
    "id" : "m2",
    "properties" : {
      "SIRE_MENTION_TYPE" : "NONE",
      "SIRE_MENTION_ROLE" : "Unemployed",
      "SIRE_MENTION_CLASS" : "SPC",
      "SIRE_ENTITY_SUBTYPE" : "NONE"
    },
    "type" : "Unemployed",
    "begin" : 80,
    "end" : 92,
    "inCoref" : false
  }, {
    "id" : "s0-m3",
    "properties" : {
      "SIRE_MENTION_ROLE" : "Unemployed",
      "SIRE_ENTITY_SUBTYPE" : "NONE",
      "SIRE_MENTION_TYPE" : "NONE",
      "SIRE_MENTION_CLASS" : "SPC"
    },
    "type" : "Unemployed",
    "begin" : 205,
    "end" : 217,
    "inCoref" : false
  }, {
    "id" : "s2-m1",
    "properties" : {
      "SIRE_MENTION_ROLE" : "Unemployed",
      "SIRE_ENTITY_SUBTYPE" : "NONE",
      "SIRE_MENTION_TYPE" : "NONE",
      "SIRE_MENTION_CLASS" : "SPC"
    },
    "type" : "Unemployed",
    "begin" : 356,
    "end" : 371,
    "inCoref" : false
  } ],
  "relations" : [ ],
  "corefs" : [ ],
  "typeResolved" : true,
  "userResolved" : false
}