{
  "id" : "309eec40-941f-11ea-9504-7b29ec84e81d-2",
  "name" : "LA-doc-7.doc",
  "createdDate" : 0,
  "version" : 3,
  "text" : "{\n\n    \"title\": \"If you use Active & Fit through your health insurance for the gym.\",\n\n    \"text\": \"Heads up, I just noticed they are still charging me for the membership, even though none of the gyms are open and the LA fitness I use for my membership has stopped taking payments. \\n\\nI’m going to call tomorrow and find out more, but just in case someone else has it and is strapped on money, make sure to look into this.\",\n\n    \"subreddit\": \"LosAngeles\",\n\n    \"created\": \"2020-04-16T16:44:14.000Z\"\n\n}\n\n",
  "docLength" : 0,
  "language" : "EN",
  "status" : "IN_PROGRESS",
  "modifiedDate" : 1589305172764,
  "documentSet" : [ ],
  "preannotation" : [ ],
  "sentences" : [ {
    "id" : "s0",
    "begin" : 0,
    "end" : 1,
    "text" : "{",
    "tokens" : [ {
      "id" : "s0-t0",
      "begin" : 0,
      "end" : 1,
      "text" : "{",
      "whiteSpace" : false
    } ]
  }, {
    "id" : "s1",
    "begin" : 7,
    "end" : 83,
    "text" : "\"title\": \"If you use Active & Fit through your health insurance for the gym.",
    "tokens" : [ {
      "id" : "s1-t0",
      "begin" : 7,
      "end" : 8,
      "text" : "\"",
      "whiteSpace" : false
    }, {
      "id" : "s1-t1",
      "begin" : 8,
      "end" : 13,
      "text" : "title",
      "whiteSpace" : false
    }, {
      "id" : "s1-t2",
      "begin" : 13,
      "end" : 14,
      "text" : "\"",
      "whiteSpace" : false
    }, {
      "id" : "s1-t3",
      "begin" : 14,
      "end" : 15,
      "text" : ":",
      "whiteSpace" : false
    }, {
      "id" : "s1-t4",
      "begin" : 16,
      "end" : 17,
      "text" : "\"",
      "whiteSpace" : false
    }, {
      "id" : "s1-t5",
      "begin" : 17,
      "end" : 19,
      "text" : "If",
      "whiteSpace" : false
    }, {
      "id" : "s1-t6",
      "begin" : 20,
      "end" : 23,
      "text" : "you",
      "whiteSpace" : false
    }, {
      "id" : "s1-t7",
      "begin" : 24,
      "end" : 27,
      "text" : "use",
      "whiteSpace" : false
    }, {
      "id" : "s1-t8",
      "begin" : 28,
      "end" : 34,
      "text" : "Active",
      "whiteSpace" : false
    }, {
      "id" : "s1-t9",
      "begin" : 35,
      "end" : 36,
      "text" : "&",
      "whiteSpace" : false
    }, {
      "id" : "s1-t10",
      "begin" : 37,
      "end" : 40,
      "text" : "Fit",
      "whiteSpace" : false
    }, {
      "id" : "s1-t11",
      "begin" : 41,
      "end" : 48,
      "text" : "through",
      "whiteSpace" : false
    }, {
      "id" : "s1-t12",
      "begin" : 49,
      "end" : 53,
      "text" : "your",
      "whiteSpace" : false
    }, {
      "id" : "s1-t13",
      "begin" : 54,
      "end" : 60,
      "text" : "health",
      "whiteSpace" : false
    }, {
      "id" : "s1-t14",
      "begin" : 61,
      "end" : 70,
      "text" : "insurance",
      "whiteSpace" : false
    }, {
      "id" : "s1-t15",
      "begin" : 71,
      "end" : 74,
      "text" : "for",
      "whiteSpace" : false
    }, {
      "id" : "s1-t16",
      "begin" : 75,
      "end" : 78,
      "text" : "the",
      "whiteSpace" : false
    }, {
      "id" : "s1-t17",
      "begin" : 79,
      "end" : 82,
      "text" : "gym",
      "whiteSpace" : false
    }, {
      "id" : "s1-t18",
      "begin" : 82,
      "end" : 83,
      "text" : ".",
      "whiteSpace" : false
    } ]
  }, {
    "id" : "s2",
    "begin" : 83,
    "end" : 85,
    "text" : "\",",
    "tokens" : [ {
      "id" : "s2-t0",
      "begin" : 83,
      "end" : 84,
      "text" : "\"",
      "whiteSpace" : false
    }, {
      "id" : "s2-t1",
      "begin" : 84,
      "end" : 85,
      "text" : ",",
      "whiteSpace" : false
    } ]
  }, {
    "id" : "s3",
    "begin" : 91,
    "end" : 281,
    "text" : "\"text\": \"Heads up, I just noticed they are still charging me for the membership, even though none of the gyms are open and the LA fitness I use for my membership has stopped taking payments.",
    "tokens" : [ {
      "id" : "s3-t0",
      "begin" : 91,
      "end" : 92,
      "text" : "\"",
      "whiteSpace" : false
    }, {
      "id" : "s3-t1",
      "begin" : 92,
      "end" : 96,
      "text" : "text",
      "whiteSpace" : false
    }, {
      "id" : "s3-t2",
      "begin" : 96,
      "end" : 97,
      "text" : "\"",
      "whiteSpace" : false
    }, {
      "id" : "s3-t3",
      "begin" : 97,
      "end" : 98,
      "text" : ":",
      "whiteSpace" : false
    }, {
      "id" : "s3-t4",
      "begin" : 99,
      "end" : 100,
      "text" : "\"",
      "whiteSpace" : false
    }, {
      "id" : "s3-t5",
      "begin" : 100,
      "end" : 105,
      "text" : "Heads",
      "whiteSpace" : false
    }, {
      "id" : "s3-t6",
      "begin" : 106,
      "end" : 108,
      "text" : "up",
      "whiteSpace" : false
    }, {
      "id" : "s3-t7",
      "begin" : 108,
      "end" : 109,
      "text" : ",",
      "whiteSpace" : false
    }, {
      "id" : "s3-t8",
      "begin" : 110,
      "end" : 111,
      "text" : "I",
      "whiteSpace" : false
    }, {
      "id" : "s3-t9",
      "begin" : 112,
      "end" : 116,
      "text" : "just",
      "whiteSpace" : false
    }, {
      "id" : "s3-t10",
      "begin" : 117,
      "end" : 124,
      "text" : "noticed",
      "whiteSpace" : false
    }, {
      "id" : "s3-t11",
      "begin" : 125,
      "end" : 129,
      "text" : "they",
      "whiteSpace" : false
    }, {
      "id" : "s3-t12",
      "begin" : 130,
      "end" : 133,
      "text" : "are",
      "whiteSpace" : false
    }, {
      "id" : "s3-t13",
      "begin" : 134,
      "end" : 139,
      "text" : "still",
      "whiteSpace" : false
    }, {
      "id" : "s3-t14",
      "begin" : 140,
      "end" : 148,
      "text" : "charging",
      "whiteSpace" : false
    }, {
      "id" : "s3-t15",
      "begin" : 149,
      "end" : 151,
      "text" : "me",
      "whiteSpace" : false
    }, {
      "id" : "s3-t16",
      "begin" : 152,
      "end" : 155,
      "text" : "for",
      "whiteSpace" : false
    }, {
      "id" : "s3-t17",
      "begin" : 156,
      "end" : 159,
      "text" : "the",
      "whiteSpace" : false
    }, {
      "id" : "s3-t18",
      "begin" : 160,
      "end" : 170,
      "text" : "membership",
      "whiteSpace" : false
    }, {
      "id" : "s3-t19",
      "begin" : 170,
      "end" : 171,
      "text" : ",",
      "whiteSpace" : false
    }, {
      "id" : "s3-t20",
      "begin" : 172,
      "end" : 176,
      "text" : "even",
      "whiteSpace" : false
    }, {
      "id" : "s3-t21",
      "begin" : 177,
      "end" : 183,
      "text" : "though",
      "whiteSpace" : false
    }, {
      "id" : "s3-t22",
      "begin" : 184,
      "end" : 188,
      "text" : "none",
      "whiteSpace" : false
    }, {
      "id" : "s3-t23",
      "begin" : 189,
      "end" : 191,
      "text" : "of",
      "whiteSpace" : false
    }, {
      "id" : "s3-t24",
      "begin" : 192,
      "end" : 195,
      "text" : "the",
      "whiteSpace" : false
    }, {
      "id" : "s3-t25",
      "begin" : 196,
      "end" : 200,
      "text" : "gyms",
      "whiteSpace" : false
    }, {
      "id" : "s3-t26",
      "begin" : 201,
      "end" : 204,
      "text" : "are",
      "whiteSpace" : false
    }, {
      "id" : "s3-t27",
      "begin" : 205,
      "end" : 209,
      "text" : "open",
      "whiteSpace" : false
    }, {
      "id" : "s3-t28",
      "begin" : 210,
      "end" : 213,
      "text" : "and",
      "whiteSpace" : false
    }, {
      "id" : "s3-t29",
      "begin" : 214,
      "end" : 217,
      "text" : "the",
      "whiteSpace" : false
    }, {
      "id" : "s3-t30",
      "begin" : 218,
      "end" : 220,
      "text" : "LA",
      "whiteSpace" : false
    }, {
      "id" : "s3-t31",
      "begin" : 221,
      "end" : 228,
      "text" : "fitness",
      "whiteSpace" : false
    }, {
      "id" : "s3-t32",
      "begin" : 229,
      "end" : 230,
      "text" : "I",
      "whiteSpace" : false
    }, {
      "id" : "s3-t33",
      "begin" : 231,
      "end" : 234,
      "text" : "use",
      "whiteSpace" : false
    }, {
      "id" : "s3-t34",
      "begin" : 235,
      "end" : 238,
      "text" : "for",
      "whiteSpace" : false
    }, {
      "id" : "s3-t35",
      "begin" : 239,
      "end" : 241,
      "text" : "my",
      "whiteSpace" : false
    }, {
      "id" : "s3-t36",
      "begin" : 242,
      "end" : 252,
      "text" : "membership",
      "whiteSpace" : false
    }, {
      "id" : "s3-t37",
      "begin" : 253,
      "end" : 256,
      "text" : "has",
      "whiteSpace" : false
    }, {
      "id" : "s3-t38",
      "begin" : 257,
      "end" : 264,
      "text" : "stopped",
      "whiteSpace" : false
    }, {
      "id" : "s3-t39",
      "begin" : 265,
      "end" : 271,
      "text" : "taking",
      "whiteSpace" : false
    }, {
      "id" : "s3-t40",
      "begin" : 272,
      "end" : 280,
      "text" : "payments",
      "whiteSpace" : false
    }, {
      "id" : "s3-t41",
      "begin" : 280,
      "end" : 281,
      "text" : ".",
      "whiteSpace" : false
    } ]
  }, {
    "id" : "s4",
    "begin" : 282,
    "end" : 423,
    "text" : "\\n\\nI’m going to call tomorrow and find out more, but just in case someone else has it and is strapped on money, make sure to look into this.",
    "tokens" : [ {
      "id" : "s4-t0",
      "begin" : 282,
      "end" : 284,
      "text" : "\\n",
      "whiteSpace" : false
    }, {
      "id" : "s4-t1",
      "begin" : 284,
      "end" : 287,
      "text" : "\\nI",
      "whiteSpace" : false
    }, {
      "id" : "s4-t2",
      "begin" : 287,
      "end" : 289,
      "text" : "’m",
      "whiteSpace" : false
    }, {
      "id" : "s4-t3",
      "begin" : 290,
      "end" : 295,
      "text" : "going",
      "whiteSpace" : false
    }, {
      "id" : "s4-t4",
      "begin" : 296,
      "end" : 298,
      "text" : "to",
      "whiteSpace" : false
    }, {
      "id" : "s4-t5",
      "begin" : 299,
      "end" : 303,
      "text" : "call",
      "whiteSpace" : false
    }, {
      "id" : "s4-t6",
      "begin" : 304,
      "end" : 312,
      "text" : "tomorrow",
      "whiteSpace" : false
    }, {
      "id" : "s4-t7",
      "begin" : 313,
      "end" : 316,
      "text" : "and",
      "whiteSpace" : false
    }, {
      "id" : "s4-t8",
      "begin" : 317,
      "end" : 321,
      "text" : "find",
      "whiteSpace" : false
    }, {
      "id" : "s4-t9",
      "begin" : 322,
      "end" : 325,
      "text" : "out",
      "whiteSpace" : false
    }, {
      "id" : "s4-t10",
      "begin" : 326,
      "end" : 330,
      "text" : "more",
      "whiteSpace" : false
    }, {
      "id" : "s4-t11",
      "begin" : 330,
      "end" : 331,
      "text" : ",",
      "whiteSpace" : false
    }, {
      "id" : "s4-t12",
      "begin" : 332,
      "end" : 335,
      "text" : "but",
      "whiteSpace" : false
    }, {
      "id" : "s4-t13",
      "begin" : 336,
      "end" : 340,
      "text" : "just",
      "whiteSpace" : false
    }, {
      "id" : "s4-t14",
      "begin" : 341,
      "end" : 343,
      "text" : "in",
      "whiteSpace" : false
    }, {
      "id" : "s4-t15",
      "begin" : 344,
      "end" : 348,
      "text" : "case",
      "whiteSpace" : false
    }, {
      "id" : "s4-t16",
      "begin" : 349,
      "end" : 356,
      "text" : "someone",
      "whiteSpace" : false
    }, {
      "id" : "s4-t17",
      "begin" : 357,
      "end" : 361,
      "text" : "else",
      "whiteSpace" : false
    }, {
      "id" : "s4-t18",
      "begin" : 362,
      "end" : 365,
      "text" : "has",
      "whiteSpace" : false
    }, {
      "id" : "s4-t19",
      "begin" : 366,
      "end" : 368,
      "text" : "it",
      "whiteSpace" : false
    }, {
      "id" : "s4-t20",
      "begin" : 369,
      "end" : 372,
      "text" : "and",
      "whiteSpace" : false
    }, {
      "id" : "s4-t21",
      "begin" : 373,
      "end" : 375,
      "text" : "is",
      "whiteSpace" : false
    }, {
      "id" : "s4-t22",
      "begin" : 376,
      "end" : 384,
      "text" : "strapped",
      "whiteSpace" : false
    }, {
      "id" : "s4-t23",
      "begin" : 385,
      "end" : 387,
      "text" : "on",
      "whiteSpace" : false
    }, {
      "id" : "s4-t24",
      "begin" : 388,
      "end" : 393,
      "text" : "money",
      "whiteSpace" : false
    }, {
      "id" : "s4-t25",
      "begin" : 393,
      "end" : 394,
      "text" : ",",
      "whiteSpace" : false
    }, {
      "id" : "s4-t26",
      "begin" : 395,
      "end" : 399,
      "text" : "make",
      "whiteSpace" : false
    }, {
      "id" : "s4-t27",
      "begin" : 400,
      "end" : 404,
      "text" : "sure",
      "whiteSpace" : false
    }, {
      "id" : "s4-t28",
      "begin" : 405,
      "end" : 407,
      "text" : "to",
      "whiteSpace" : false
    }, {
      "id" : "s4-t29",
      "begin" : 408,
      "end" : 412,
      "text" : "look",
      "whiteSpace" : false
    }, {
      "id" : "s4-t30",
      "begin" : 413,
      "end" : 417,
      "text" : "into",
      "whiteSpace" : false
    }, {
      "id" : "s4-t31",
      "begin" : 418,
      "end" : 422,
      "text" : "this",
      "whiteSpace" : false
    }, {
      "id" : "s4-t32",
      "begin" : 422,
      "end" : 423,
      "text" : ".",
      "whiteSpace" : false
    } ]
  }, {
    "id" : "s5",
    "begin" : 423,
    "end" : 425,
    "text" : "\",",
    "tokens" : [ {
      "id" : "s5-t0",
      "begin" : 423,
      "end" : 424,
      "text" : "\"",
      "whiteSpace" : false
    }, {
      "id" : "s5-t1",
      "begin" : 424,
      "end" : 425,
      "text" : ",",
      "whiteSpace" : false
    } ]
  }, {
    "id" : "s6",
    "begin" : 431,
    "end" : 457,
    "text" : "\"subreddit\": \"LosAngeles\",",
    "tokens" : [ {
      "id" : "s6-t0",
      "begin" : 431,
      "end" : 432,
      "text" : "\"",
      "whiteSpace" : false
    }, {
      "id" : "s6-t1",
      "begin" : 432,
      "end" : 441,
      "text" : "subreddit",
      "whiteSpace" : false
    }, {
      "id" : "s6-t2",
      "begin" : 441,
      "end" : 442,
      "text" : "\"",
      "whiteSpace" : false
    }, {
      "id" : "s6-t3",
      "begin" : 442,
      "end" : 443,
      "text" : ":",
      "whiteSpace" : false
    }, {
      "id" : "s6-t4",
      "begin" : 444,
      "end" : 445,
      "text" : "\"",
      "whiteSpace" : false
    }, {
      "id" : "s6-t5",
      "begin" : 445,
      "end" : 455,
      "text" : "LosAngeles",
      "whiteSpace" : false
    }, {
      "id" : "s6-t6",
      "begin" : 455,
      "end" : 456,
      "text" : "\"",
      "whiteSpace" : false
    }, {
      "id" : "s6-t7",
      "begin" : 456,
      "end" : 457,
      "text" : ",",
      "whiteSpace" : false
    } ]
  }, {
    "id" : "s7",
    "begin" : 463,
    "end" : 500,
    "text" : "\"created\": \"2020-04-16T16:44:14.000Z\"",
    "tokens" : [ {
      "id" : "s7-t0",
      "begin" : 463,
      "end" : 464,
      "text" : "\"",
      "whiteSpace" : false
    }, {
      "id" : "s7-t1",
      "begin" : 464,
      "end" : 471,
      "text" : "created",
      "whiteSpace" : false
    }, {
      "id" : "s7-t2",
      "begin" : 471,
      "end" : 472,
      "text" : "\"",
      "whiteSpace" : false
    }, {
      "id" : "s7-t3",
      "begin" : 472,
      "end" : 473,
      "text" : ":",
      "whiteSpace" : false
    }, {
      "id" : "s7-t4",
      "begin" : 474,
      "end" : 475,
      "text" : "\"",
      "whiteSpace" : false
    }, {
      "id" : "s7-t5",
      "begin" : 475,
      "end" : 499,
      "text" : "2020-04-16T16:44:14.000Z",
      "whiteSpace" : false
    }, {
      "id" : "s7-t6",
      "begin" : 499,
      "end" : 500,
      "text" : "\"",
      "whiteSpace" : false
    } ]
  }, {
    "id" : "s8",
    "begin" : 502,
    "end" : 503,
    "text" : "}",
    "tokens" : [ {
      "id" : "s8-t0",
      "begin" : 502,
      "end" : 503,
      "text" : "}",
      "whiteSpace" : false
    } ]
  } ],
  "mentions" : [ {
    "id" : "s1-m1",
    "properties" : {
      "SIRE_MENTION_ROLE" : "Medically_Insured",
      "SIRE_ENTITY_SUBTYPE" : "NONE",
      "SIRE_MENTION_TYPE" : "NONE",
      "SIRE_MENTION_CLASS" : "SPC"
    },
    "type" : "Medically_Insured",
    "begin" : 49,
    "end" : 70,
    "inCoref" : false
  } ],
  "relations" : [ ],
  "corefs" : [ ],
  "typeResolved" : true,
  "userResolved" : false
}