{
  "id" : "309eec40-941f-11ea-9504-7b29ec84e81d-5",
  "name" : "LA-doc-10.doc",
  "createdDate" : 0,
  "version" : 3,
  "text" : "{\n\n    \"title\": \"EV owners, are any of your LA apartment owners trying to screw you on charging?\",\n\n    \"text\": \"Hey all, \\n\\nI did a quick cursory search and couldn't find anything on this topic on the sub, but if someone has, feel free to direct me to it. \\n\\nWiseman Residential (boo, hiss) installed EV chargers in our garage last winter and I decided to order an EV. I've now discovered that they want to charge a $130 subscription fee to get access to them, which somewhat defeats the purpose of switching from gas to electric. \\n\\nI'm curious if anyone has experience fighting this kinda thing, or is aware of any city ordinances that would force them to let me install my own car charger or something to that effect.\",\n\n    \"subreddit\": \"LosAngeles\",\n\n    \"created\": \"2020-04-15T10:37:14.000Z\"\n\n}\n\n",
  "docLength" : 0,
  "language" : "EN",
  "status" : "IN_PROGRESS",
  "modifiedDate" : 1589306298887,
  "documentSet" : [ ],
  "preannotation" : [ ],
  "sentences" : [ {
    "id" : "s0",
    "begin" : 0,
    "end" : 1,
    "text" : "{",
    "tokens" : [ {
      "id" : "s0-t0",
      "begin" : 0,
      "end" : 1,
      "text" : "{",
      "whiteSpace" : false
    } ]
  }, {
    "id" : "s1",
    "begin" : 7,
    "end" : 96,
    "text" : "\"title\": \"EV owners, are any of your LA apartment owners trying to screw you on charging?",
    "tokens" : [ {
      "id" : "s1-t0",
      "begin" : 7,
      "end" : 8,
      "text" : "\"",
      "whiteSpace" : false
    }, {
      "id" : "s1-t1",
      "begin" : 8,
      "end" : 13,
      "text" : "title",
      "whiteSpace" : false
    }, {
      "id" : "s1-t2",
      "begin" : 13,
      "end" : 14,
      "text" : "\"",
      "whiteSpace" : false
    }, {
      "id" : "s1-t3",
      "begin" : 14,
      "end" : 15,
      "text" : ":",
      "whiteSpace" : false
    }, {
      "id" : "s1-t4",
      "begin" : 16,
      "end" : 17,
      "text" : "\"",
      "whiteSpace" : false
    }, {
      "id" : "s1-t5",
      "begin" : 17,
      "end" : 19,
      "text" : "EV",
      "whiteSpace" : false
    }, {
      "id" : "s1-t6",
      "begin" : 20,
      "end" : 26,
      "text" : "owners",
      "whiteSpace" : false
    }, {
      "id" : "s1-t7",
      "begin" : 26,
      "end" : 27,
      "text" : ",",
      "whiteSpace" : false
    }, {
      "id" : "s1-t8",
      "begin" : 28,
      "end" : 31,
      "text" : "are",
      "whiteSpace" : false
    }, {
      "id" : "s1-t9",
      "begin" : 32,
      "end" : 35,
      "text" : "any",
      "whiteSpace" : false
    }, {
      "id" : "s1-t10",
      "begin" : 36,
      "end" : 38,
      "text" : "of",
      "whiteSpace" : false
    }, {
      "id" : "s1-t11",
      "begin" : 39,
      "end" : 43,
      "text" : "your",
      "whiteSpace" : false
    }, {
      "id" : "s1-t12",
      "begin" : 44,
      "end" : 46,
      "text" : "LA",
      "whiteSpace" : false
    }, {
      "id" : "s1-t13",
      "begin" : 47,
      "end" : 56,
      "text" : "apartment",
      "whiteSpace" : false
    }, {
      "id" : "s1-t14",
      "begin" : 57,
      "end" : 63,
      "text" : "owners",
      "whiteSpace" : false
    }, {
      "id" : "s1-t15",
      "begin" : 64,
      "end" : 70,
      "text" : "trying",
      "whiteSpace" : false
    }, {
      "id" : "s1-t16",
      "begin" : 71,
      "end" : 73,
      "text" : "to",
      "whiteSpace" : false
    }, {
      "id" : "s1-t17",
      "begin" : 74,
      "end" : 79,
      "text" : "screw",
      "whiteSpace" : false
    }, {
      "id" : "s1-t18",
      "begin" : 80,
      "end" : 83,
      "text" : "you",
      "whiteSpace" : false
    }, {
      "id" : "s1-t19",
      "begin" : 84,
      "end" : 86,
      "text" : "on",
      "whiteSpace" : false
    }, {
      "id" : "s1-t20",
      "begin" : 87,
      "end" : 95,
      "text" : "charging",
      "whiteSpace" : false
    }, {
      "id" : "s1-t21",
      "begin" : 95,
      "end" : 96,
      "text" : "?",
      "whiteSpace" : false
    } ]
  }, {
    "id" : "s2",
    "begin" : 96,
    "end" : 98,
    "text" : "\",",
    "tokens" : [ {
      "id" : "s2-t0",
      "begin" : 96,
      "end" : 97,
      "text" : "\"",
      "whiteSpace" : false
    }, {
      "id" : "s2-t1",
      "begin" : 97,
      "end" : 98,
      "text" : ",",
      "whiteSpace" : false
    } ]
  }, {
    "id" : "s3",
    "begin" : 104,
    "end" : 257,
    "text" : "\"text\": \"Hey all, \\n\\nI did a quick cursory search and couldn't find anything on this topic on the sub, but if someone has, feel free to direct me to it.",
    "tokens" : [ {
      "id" : "s3-t0",
      "begin" : 104,
      "end" : 105,
      "text" : "\"",
      "whiteSpace" : false
    }, {
      "id" : "s3-t1",
      "begin" : 105,
      "end" : 109,
      "text" : "text",
      "whiteSpace" : false
    }, {
      "id" : "s3-t2",
      "begin" : 109,
      "end" : 110,
      "text" : "\"",
      "whiteSpace" : false
    }, {
      "id" : "s3-t3",
      "begin" : 110,
      "end" : 111,
      "text" : ":",
      "whiteSpace" : false
    }, {
      "id" : "s3-t4",
      "begin" : 112,
      "end" : 113,
      "text" : "\"",
      "whiteSpace" : false
    }, {
      "id" : "s3-t5",
      "begin" : 113,
      "end" : 116,
      "text" : "Hey",
      "whiteSpace" : false
    }, {
      "id" : "s3-t6",
      "begin" : 117,
      "end" : 120,
      "text" : "all",
      "whiteSpace" : false
    }, {
      "id" : "s3-t7",
      "begin" : 120,
      "end" : 121,
      "text" : ",",
      "whiteSpace" : false
    }, {
      "id" : "s3-t8",
      "begin" : 122,
      "end" : 124,
      "text" : "\\n",
      "whiteSpace" : false
    }, {
      "id" : "s3-t9",
      "begin" : 124,
      "end" : 127,
      "text" : "\\nI",
      "whiteSpace" : false
    }, {
      "id" : "s3-t10",
      "begin" : 128,
      "end" : 131,
      "text" : "did",
      "whiteSpace" : false
    }, {
      "id" : "s3-t11",
      "begin" : 132,
      "end" : 133,
      "text" : "a",
      "whiteSpace" : false
    }, {
      "id" : "s3-t12",
      "begin" : 134,
      "end" : 139,
      "text" : "quick",
      "whiteSpace" : false
    }, {
      "id" : "s3-t13",
      "begin" : 140,
      "end" : 147,
      "text" : "cursory",
      "whiteSpace" : false
    }, {
      "id" : "s3-t14",
      "begin" : 148,
      "end" : 154,
      "text" : "search",
      "whiteSpace" : false
    }, {
      "id" : "s3-t15",
      "begin" : 155,
      "end" : 158,
      "text" : "and",
      "whiteSpace" : false
    }, {
      "id" : "s3-t16",
      "begin" : 159,
      "end" : 164,
      "text" : "could",
      "whiteSpace" : false
    }, {
      "id" : "s3-t17",
      "begin" : 164,
      "end" : 167,
      "text" : "n't",
      "whiteSpace" : false
    }, {
      "id" : "s3-t18",
      "begin" : 168,
      "end" : 172,
      "text" : "find",
      "whiteSpace" : false
    }, {
      "id" : "s3-t19",
      "begin" : 173,
      "end" : 181,
      "text" : "anything",
      "whiteSpace" : false
    }, {
      "id" : "s3-t20",
      "begin" : 182,
      "end" : 184,
      "text" : "on",
      "whiteSpace" : false
    }, {
      "id" : "s3-t21",
      "begin" : 185,
      "end" : 189,
      "text" : "this",
      "whiteSpace" : false
    }, {
      "id" : "s3-t22",
      "begin" : 190,
      "end" : 195,
      "text" : "topic",
      "whiteSpace" : false
    }, {
      "id" : "s3-t23",
      "begin" : 196,
      "end" : 198,
      "text" : "on",
      "whiteSpace" : false
    }, {
      "id" : "s3-t24",
      "begin" : 199,
      "end" : 202,
      "text" : "the",
      "whiteSpace" : false
    }, {
      "id" : "s3-t25",
      "begin" : 203,
      "end" : 206,
      "text" : "sub",
      "whiteSpace" : false
    }, {
      "id" : "s3-t26",
      "begin" : 206,
      "end" : 207,
      "text" : ",",
      "whiteSpace" : false
    }, {
      "id" : "s3-t27",
      "begin" : 208,
      "end" : 211,
      "text" : "but",
      "whiteSpace" : false
    }, {
      "id" : "s3-t28",
      "begin" : 212,
      "end" : 214,
      "text" : "if",
      "whiteSpace" : false
    }, {
      "id" : "s3-t29",
      "begin" : 215,
      "end" : 222,
      "text" : "someone",
      "whiteSpace" : false
    }, {
      "id" : "s3-t30",
      "begin" : 223,
      "end" : 226,
      "text" : "has",
      "whiteSpace" : false
    }, {
      "id" : "s3-t31",
      "begin" : 226,
      "end" : 227,
      "text" : ",",
      "whiteSpace" : false
    }, {
      "id" : "s3-t32",
      "begin" : 228,
      "end" : 232,
      "text" : "feel",
      "whiteSpace" : false
    }, {
      "id" : "s3-t33",
      "begin" : 233,
      "end" : 237,
      "text" : "free",
      "whiteSpace" : false
    }, {
      "id" : "s3-t34",
      "begin" : 238,
      "end" : 240,
      "text" : "to",
      "whiteSpace" : false
    }, {
      "id" : "s3-t35",
      "begin" : 241,
      "end" : 247,
      "text" : "direct",
      "whiteSpace" : false
    }, {
      "id" : "s3-t36",
      "begin" : 248,
      "end" : 250,
      "text" : "me",
      "whiteSpace" : false
    }, {
      "id" : "s3-t37",
      "begin" : 251,
      "end" : 253,
      "text" : "to",
      "whiteSpace" : false
    }, {
      "id" : "s3-t38",
      "begin" : 254,
      "end" : 256,
      "text" : "it",
      "whiteSpace" : false
    }, {
      "id" : "s3-t39",
      "begin" : 256,
      "end" : 257,
      "text" : ".",
      "whiteSpace" : false
    } ]
  }, {
    "id" : "s4",
    "begin" : 258,
    "end" : 371,
    "text" : "\\n\\nWiseman Residential (boo, hiss) installed EV chargers in our garage last winter and I decided to order an EV.",
    "tokens" : [ {
      "id" : "s4-t0",
      "begin" : 258,
      "end" : 260,
      "text" : "\\n",
      "whiteSpace" : false
    }, {
      "id" : "s4-t1",
      "begin" : 260,
      "end" : 269,
      "text" : "\\nWiseman",
      "whiteSpace" : false
    }, {
      "id" : "s4-t2",
      "begin" : 270,
      "end" : 281,
      "text" : "Residential",
      "whiteSpace" : false
    }, {
      "id" : "s4-t3",
      "begin" : 282,
      "end" : 283,
      "text" : "(",
      "whiteSpace" : false
    }, {
      "id" : "s4-t4",
      "begin" : 283,
      "end" : 286,
      "text" : "boo",
      "whiteSpace" : false
    }, {
      "id" : "s4-t5",
      "begin" : 286,
      "end" : 287,
      "text" : ",",
      "whiteSpace" : false
    }, {
      "id" : "s4-t6",
      "begin" : 288,
      "end" : 292,
      "text" : "hiss",
      "whiteSpace" : false
    }, {
      "id" : "s4-t7",
      "begin" : 292,
      "end" : 293,
      "text" : ")",
      "whiteSpace" : false
    }, {
      "id" : "s4-t8",
      "begin" : 294,
      "end" : 303,
      "text" : "installed",
      "whiteSpace" : false
    }, {
      "id" : "s4-t9",
      "begin" : 304,
      "end" : 306,
      "text" : "EV",
      "whiteSpace" : false
    }, {
      "id" : "s4-t10",
      "begin" : 307,
      "end" : 315,
      "text" : "chargers",
      "whiteSpace" : false
    }, {
      "id" : "s4-t11",
      "begin" : 316,
      "end" : 318,
      "text" : "in",
      "whiteSpace" : false
    }, {
      "id" : "s4-t12",
      "begin" : 319,
      "end" : 322,
      "text" : "our",
      "whiteSpace" : false
    }, {
      "id" : "s4-t13",
      "begin" : 323,
      "end" : 329,
      "text" : "garage",
      "whiteSpace" : false
    }, {
      "id" : "s4-t14",
      "begin" : 330,
      "end" : 334,
      "text" : "last",
      "whiteSpace" : false
    }, {
      "id" : "s4-t15",
      "begin" : 335,
      "end" : 341,
      "text" : "winter",
      "whiteSpace" : false
    }, {
      "id" : "s4-t16",
      "begin" : 342,
      "end" : 345,
      "text" : "and",
      "whiteSpace" : false
    }, {
      "id" : "s4-t17",
      "begin" : 346,
      "end" : 347,
      "text" : "I",
      "whiteSpace" : false
    }, {
      "id" : "s4-t18",
      "begin" : 348,
      "end" : 355,
      "text" : "decided",
      "whiteSpace" : false
    }, {
      "id" : "s4-t19",
      "begin" : 356,
      "end" : 358,
      "text" : "to",
      "whiteSpace" : false
    }, {
      "id" : "s4-t20",
      "begin" : 359,
      "end" : 364,
      "text" : "order",
      "whiteSpace" : false
    }, {
      "id" : "s4-t21",
      "begin" : 365,
      "end" : 367,
      "text" : "an",
      "whiteSpace" : false
    }, {
      "id" : "s4-t22",
      "begin" : 368,
      "end" : 370,
      "text" : "EV",
      "whiteSpace" : false
    }, {
      "id" : "s4-t23",
      "begin" : 370,
      "end" : 371,
      "text" : ".",
      "whiteSpace" : false
    } ]
  }, {
    "id" : "s5",
    "begin" : 372,
    "end" : 533,
    "text" : "I've now discovered that they want to charge a $130 subscription fee to get access to them, which somewhat defeats the purpose of switching from gas to electric.",
    "tokens" : [ {
      "id" : "s5-t0",
      "begin" : 372,
      "end" : 373,
      "text" : "I",
      "whiteSpace" : false
    }, {
      "id" : "s5-t1",
      "begin" : 373,
      "end" : 376,
      "text" : "'ve",
      "whiteSpace" : false
    }, {
      "id" : "s5-t2",
      "begin" : 377,
      "end" : 380,
      "text" : "now",
      "whiteSpace" : false
    }, {
      "id" : "s5-t3",
      "begin" : 381,
      "end" : 391,
      "text" : "discovered",
      "whiteSpace" : false
    }, {
      "id" : "s5-t4",
      "begin" : 392,
      "end" : 396,
      "text" : "that",
      "whiteSpace" : false
    }, {
      "id" : "s5-t5",
      "begin" : 397,
      "end" : 401,
      "text" : "they",
      "whiteSpace" : false
    }, {
      "id" : "s5-t6",
      "begin" : 402,
      "end" : 406,
      "text" : "want",
      "whiteSpace" : false
    }, {
      "id" : "s5-t7",
      "begin" : 407,
      "end" : 409,
      "text" : "to",
      "whiteSpace" : false
    }, {
      "id" : "s5-t8",
      "begin" : 410,
      "end" : 416,
      "text" : "charge",
      "whiteSpace" : false
    }, {
      "id" : "s5-t9",
      "begin" : 417,
      "end" : 418,
      "text" : "a",
      "whiteSpace" : false
    }, {
      "id" : "s5-t10",
      "begin" : 419,
      "end" : 420,
      "text" : "$",
      "whiteSpace" : false
    }, {
      "id" : "s5-t11",
      "begin" : 420,
      "end" : 423,
      "text" : "130",
      "whiteSpace" : false
    }, {
      "id" : "s5-t12",
      "begin" : 424,
      "end" : 436,
      "text" : "subscription",
      "whiteSpace" : false
    }, {
      "id" : "s5-t13",
      "begin" : 437,
      "end" : 440,
      "text" : "fee",
      "whiteSpace" : false
    }, {
      "id" : "s5-t14",
      "begin" : 441,
      "end" : 443,
      "text" : "to",
      "whiteSpace" : false
    }, {
      "id" : "s5-t15",
      "begin" : 444,
      "end" : 447,
      "text" : "get",
      "whiteSpace" : false
    }, {
      "id" : "s5-t16",
      "begin" : 448,
      "end" : 454,
      "text" : "access",
      "whiteSpace" : false
    }, {
      "id" : "s5-t17",
      "begin" : 455,
      "end" : 457,
      "text" : "to",
      "whiteSpace" : false
    }, {
      "id" : "s5-t18",
      "begin" : 458,
      "end" : 462,
      "text" : "them",
      "whiteSpace" : false
    }, {
      "id" : "s5-t19",
      "begin" : 462,
      "end" : 463,
      "text" : ",",
      "whiteSpace" : false
    }, {
      "id" : "s5-t20",
      "begin" : 464,
      "end" : 469,
      "text" : "which",
      "whiteSpace" : false
    }, {
      "id" : "s5-t21",
      "begin" : 470,
      "end" : 478,
      "text" : "somewhat",
      "whiteSpace" : false
    }, {
      "id" : "s5-t22",
      "begin" : 479,
      "end" : 486,
      "text" : "defeats",
      "whiteSpace" : false
    }, {
      "id" : "s5-t23",
      "begin" : 487,
      "end" : 490,
      "text" : "the",
      "whiteSpace" : false
    }, {
      "id" : "s5-t24",
      "begin" : 491,
      "end" : 498,
      "text" : "purpose",
      "whiteSpace" : false
    }, {
      "id" : "s5-t25",
      "begin" : 499,
      "end" : 501,
      "text" : "of",
      "whiteSpace" : false
    }, {
      "id" : "s5-t26",
      "begin" : 502,
      "end" : 511,
      "text" : "switching",
      "whiteSpace" : false
    }, {
      "id" : "s5-t27",
      "begin" : 512,
      "end" : 516,
      "text" : "from",
      "whiteSpace" : false
    }, {
      "id" : "s5-t28",
      "begin" : 517,
      "end" : 520,
      "text" : "gas",
      "whiteSpace" : false
    }, {
      "id" : "s5-t29",
      "begin" : 521,
      "end" : 523,
      "text" : "to",
      "whiteSpace" : false
    }, {
      "id" : "s5-t30",
      "begin" : 524,
      "end" : 532,
      "text" : "electric",
      "whiteSpace" : false
    }, {
      "id" : "s5-t31",
      "begin" : 532,
      "end" : 533,
      "text" : ".",
      "whiteSpace" : false
    } ]
  }, {
    "id" : "s6",
    "begin" : 534,
    "end" : 724,
    "text" : "\\n\\nI'm curious if anyone has experience fighting this kinda thing, or is aware of any city ordinances that would force them to let me install my own car charger or something to that effect.",
    "tokens" : [ {
      "id" : "s6-t0",
      "begin" : 534,
      "end" : 536,
      "text" : "\\n",
      "whiteSpace" : false
    }, {
      "id" : "s6-t1",
      "begin" : 536,
      "end" : 539,
      "text" : "\\nI",
      "whiteSpace" : false
    }, {
      "id" : "s6-t2",
      "begin" : 539,
      "end" : 541,
      "text" : "'m",
      "whiteSpace" : false
    }, {
      "id" : "s6-t3",
      "begin" : 542,
      "end" : 549,
      "text" : "curious",
      "whiteSpace" : false
    }, {
      "id" : "s6-t4",
      "begin" : 550,
      "end" : 552,
      "text" : "if",
      "whiteSpace" : false
    }, {
      "id" : "s6-t5",
      "begin" : 553,
      "end" : 559,
      "text" : "anyone",
      "whiteSpace" : false
    }, {
      "id" : "s6-t6",
      "begin" : 560,
      "end" : 563,
      "text" : "has",
      "whiteSpace" : false
    }, {
      "id" : "s6-t7",
      "begin" : 564,
      "end" : 574,
      "text" : "experience",
      "whiteSpace" : false
    }, {
      "id" : "s6-t8",
      "begin" : 575,
      "end" : 583,
      "text" : "fighting",
      "whiteSpace" : false
    }, {
      "id" : "s6-t9",
      "begin" : 584,
      "end" : 588,
      "text" : "this",
      "whiteSpace" : false
    }, {
      "id" : "s6-t10",
      "begin" : 589,
      "end" : 594,
      "text" : "kinda",
      "whiteSpace" : false
    }, {
      "id" : "s6-t11",
      "begin" : 595,
      "end" : 600,
      "text" : "thing",
      "whiteSpace" : false
    }, {
      "id" : "s6-t12",
      "begin" : 600,
      "end" : 601,
      "text" : ",",
      "whiteSpace" : false
    }, {
      "id" : "s6-t13",
      "begin" : 602,
      "end" : 604,
      "text" : "or",
      "whiteSpace" : false
    }, {
      "id" : "s6-t14",
      "begin" : 605,
      "end" : 607,
      "text" : "is",
      "whiteSpace" : false
    }, {
      "id" : "s6-t15",
      "begin" : 608,
      "end" : 613,
      "text" : "aware",
      "whiteSpace" : false
    }, {
      "id" : "s6-t16",
      "begin" : 614,
      "end" : 616,
      "text" : "of",
      "whiteSpace" : false
    }, {
      "id" : "s6-t17",
      "begin" : 617,
      "end" : 620,
      "text" : "any",
      "whiteSpace" : false
    }, {
      "id" : "s6-t18",
      "begin" : 621,
      "end" : 625,
      "text" : "city",
      "whiteSpace" : false
    }, {
      "id" : "s6-t19",
      "begin" : 626,
      "end" : 636,
      "text" : "ordinances",
      "whiteSpace" : false
    }, {
      "id" : "s6-t20",
      "begin" : 637,
      "end" : 641,
      "text" : "that",
      "whiteSpace" : false
    }, {
      "id" : "s6-t21",
      "begin" : 642,
      "end" : 647,
      "text" : "would",
      "whiteSpace" : false
    }, {
      "id" : "s6-t22",
      "begin" : 648,
      "end" : 653,
      "text" : "force",
      "whiteSpace" : false
    }, {
      "id" : "s6-t23",
      "begin" : 654,
      "end" : 658,
      "text" : "them",
      "whiteSpace" : false
    }, {
      "id" : "s6-t24",
      "begin" : 659,
      "end" : 661,
      "text" : "to",
      "whiteSpace" : false
    }, {
      "id" : "s6-t25",
      "begin" : 662,
      "end" : 665,
      "text" : "let",
      "whiteSpace" : false
    }, {
      "id" : "s6-t26",
      "begin" : 666,
      "end" : 668,
      "text" : "me",
      "whiteSpace" : false
    }, {
      "id" : "s6-t27",
      "begin" : 669,
      "end" : 676,
      "text" : "install",
      "whiteSpace" : false
    }, {
      "id" : "s6-t28",
      "begin" : 677,
      "end" : 679,
      "text" : "my",
      "whiteSpace" : false
    }, {
      "id" : "s6-t29",
      "begin" : 680,
      "end" : 683,
      "text" : "own",
      "whiteSpace" : false
    }, {
      "id" : "s6-t30",
      "begin" : 684,
      "end" : 687,
      "text" : "car",
      "whiteSpace" : false
    }, {
      "id" : "s6-t31",
      "begin" : 688,
      "end" : 695,
      "text" : "charger",
      "whiteSpace" : false
    }, {
      "id" : "s6-t32",
      "begin" : 696,
      "end" : 698,
      "text" : "or",
      "whiteSpace" : false
    }, {
      "id" : "s6-t33",
      "begin" : 699,
      "end" : 708,
      "text" : "something",
      "whiteSpace" : false
    }, {
      "id" : "s6-t34",
      "begin" : 709,
      "end" : 711,
      "text" : "to",
      "whiteSpace" : false
    }, {
      "id" : "s6-t35",
      "begin" : 712,
      "end" : 716,
      "text" : "that",
      "whiteSpace" : false
    }, {
      "id" : "s6-t36",
      "begin" : 717,
      "end" : 723,
      "text" : "effect",
      "whiteSpace" : false
    }, {
      "id" : "s6-t37",
      "begin" : 723,
      "end" : 724,
      "text" : ".",
      "whiteSpace" : false
    } ]
  }, {
    "id" : "s7",
    "begin" : 724,
    "end" : 726,
    "text" : "\",",
    "tokens" : [ {
      "id" : "s7-t0",
      "begin" : 724,
      "end" : 725,
      "text" : "\"",
      "whiteSpace" : false
    }, {
      "id" : "s7-t1",
      "begin" : 725,
      "end" : 726,
      "text" : ",",
      "whiteSpace" : false
    } ]
  }, {
    "id" : "s8",
    "begin" : 732,
    "end" : 758,
    "text" : "\"subreddit\": \"LosAngeles\",",
    "tokens" : [ {
      "id" : "s8-t0",
      "begin" : 732,
      "end" : 733,
      "text" : "\"",
      "whiteSpace" : false
    }, {
      "id" : "s8-t1",
      "begin" : 733,
      "end" : 742,
      "text" : "subreddit",
      "whiteSpace" : false
    }, {
      "id" : "s8-t2",
      "begin" : 742,
      "end" : 743,
      "text" : "\"",
      "whiteSpace" : false
    }, {
      "id" : "s8-t3",
      "begin" : 743,
      "end" : 744,
      "text" : ":",
      "whiteSpace" : false
    }, {
      "id" : "s8-t4",
      "begin" : 745,
      "end" : 746,
      "text" : "\"",
      "whiteSpace" : false
    }, {
      "id" : "s8-t5",
      "begin" : 746,
      "end" : 756,
      "text" : "LosAngeles",
      "whiteSpace" : false
    }, {
      "id" : "s8-t6",
      "begin" : 756,
      "end" : 757,
      "text" : "\"",
      "whiteSpace" : false
    }, {
      "id" : "s8-t7",
      "begin" : 757,
      "end" : 758,
      "text" : ",",
      "whiteSpace" : false
    } ]
  }, {
    "id" : "s9",
    "begin" : 764,
    "end" : 801,
    "text" : "\"created\": \"2020-04-15T10:37:14.000Z\"",
    "tokens" : [ {
      "id" : "s9-t0",
      "begin" : 764,
      "end" : 765,
      "text" : "\"",
      "whiteSpace" : false
    }, {
      "id" : "s9-t1",
      "begin" : 765,
      "end" : 772,
      "text" : "created",
      "whiteSpace" : false
    }, {
      "id" : "s9-t2",
      "begin" : 772,
      "end" : 773,
      "text" : "\"",
      "whiteSpace" : false
    }, {
      "id" : "s9-t3",
      "begin" : 773,
      "end" : 774,
      "text" : ":",
      "whiteSpace" : false
    }, {
      "id" : "s9-t4",
      "begin" : 775,
      "end" : 776,
      "text" : "\"",
      "whiteSpace" : false
    }, {
      "id" : "s9-t5",
      "begin" : 776,
      "end" : 800,
      "text" : "2020-04-15T10:37:14.000Z",
      "whiteSpace" : false
    }, {
      "id" : "s9-t6",
      "begin" : 800,
      "end" : 801,
      "text" : "\"",
      "whiteSpace" : false
    } ]
  }, {
    "id" : "s10",
    "begin" : 803,
    "end" : 804,
    "text" : "}",
    "tokens" : [ {
      "id" : "s10-t0",
      "begin" : 803,
      "end" : 804,
      "text" : "}",
      "whiteSpace" : false
    } ]
  } ],
  "mentions" : [ {
    "id" : "s1-m1",
    "properties" : {
      "SIRE_MENTION_ROLE" : "Apartment_Renter",
      "SIRE_ENTITY_SUBTYPE" : "NONE",
      "SIRE_MENTION_TYPE" : "NONE",
      "SIRE_MENTION_CLASS" : "SPC"
    },
    "type" : "Apartment_Renter",
    "begin" : 44,
    "end" : 63,
    "inCoref" : false
  }, {
    "id" : "s4-m1",
    "properties" : {
      "SIRE_MENTION_ROLE" : "Apartment_Renter",
      "SIRE_ENTITY_SUBTYPE" : "NONE",
      "SIRE_MENTION_TYPE" : "NONE",
      "SIRE_MENTION_CLASS" : "SPC"
    },
    "type" : "Apartment_Renter",
    "begin" : 270,
    "end" : 281,
    "inCoref" : false
  } ],
  "relations" : [ ],
  "corefs" : [ ],
  "typeResolved" : true,
  "userResolved" : false
}