{
  "id" : "309eec40-941f-11ea-9504-7b29ec84e81d-11",
  "name" : "LA-doc-16.doc",
  "createdDate" : 0,
  "version" : 3,
  "text" : "{\n\n    \"title\": \"Unemployment Payments\",\n\n    \"text\": \"Just dropping a friendly “check your unemployment payout” to everyone who has been lucky enough to get everything sorted out. \\n\\nThe additional $600 a week just came through for the last two weeks payments, so you should already see it in your payout from  yesterday. \\n\\nThis certainly helps calm the nerves down substantially!\",\n\n    \"subreddit\": \"LosAngeles\",\n\n    \"created\": \"2020-04-13T17:38:47.000Z\"\n\n}\n\n",
  "docLength" : 0,
  "language" : "EN",
  "status" : "IN_PROGRESS",
  "modifiedDate" : 1589303352416,
  "documentSet" : [ ],
  "preannotation" : [ ],
  "sentences" : [ {
    "id" : "s0",
    "begin" : 0,
    "end" : 1,
    "text" : "{",
    "tokens" : [ {
      "id" : "s0-t0",
      "begin" : 0,
      "end" : 1,
      "text" : "{",
      "whiteSpace" : false
    } ]
  }, {
    "id" : "s1",
    "begin" : 7,
    "end" : 40,
    "text" : "\"title\": \"Unemployment Payments\",",
    "tokens" : [ {
      "id" : "s1-t0",
      "begin" : 7,
      "end" : 8,
      "text" : "\"",
      "whiteSpace" : false
    }, {
      "id" : "s1-t1",
      "begin" : 8,
      "end" : 13,
      "text" : "title",
      "whiteSpace" : false
    }, {
      "id" : "s1-t2",
      "begin" : 13,
      "end" : 14,
      "text" : "\"",
      "whiteSpace" : false
    }, {
      "id" : "s1-t3",
      "begin" : 14,
      "end" : 15,
      "text" : ":",
      "whiteSpace" : false
    }, {
      "id" : "s1-t4",
      "begin" : 16,
      "end" : 17,
      "text" : "\"",
      "whiteSpace" : false
    }, {
      "id" : "s1-t5",
      "begin" : 17,
      "end" : 29,
      "text" : "Unemployment",
      "whiteSpace" : false
    }, {
      "id" : "s1-t6",
      "begin" : 30,
      "end" : 38,
      "text" : "Payments",
      "whiteSpace" : false
    }, {
      "id" : "s1-t7",
      "begin" : 38,
      "end" : 39,
      "text" : "\"",
      "whiteSpace" : false
    }, {
      "id" : "s1-t8",
      "begin" : 39,
      "end" : 40,
      "text" : ",",
      "whiteSpace" : false
    } ]
  }, {
    "id" : "s2",
    "begin" : 46,
    "end" : 180,
    "text" : "\"text\": \"Just dropping a friendly “check your unemployment payout” to everyone who has been lucky enough to get everything sorted out.",
    "tokens" : [ {
      "id" : "s2-t0",
      "begin" : 46,
      "end" : 47,
      "text" : "\"",
      "whiteSpace" : false
    }, {
      "id" : "s2-t1",
      "begin" : 47,
      "end" : 51,
      "text" : "text",
      "whiteSpace" : false
    }, {
      "id" : "s2-t2",
      "begin" : 51,
      "end" : 52,
      "text" : "\"",
      "whiteSpace" : false
    }, {
      "id" : "s2-t3",
      "begin" : 52,
      "end" : 53,
      "text" : ":",
      "whiteSpace" : false
    }, {
      "id" : "s2-t4",
      "begin" : 54,
      "end" : 55,
      "text" : "\"",
      "whiteSpace" : false
    }, {
      "id" : "s2-t5",
      "begin" : 55,
      "end" : 59,
      "text" : "Just",
      "whiteSpace" : false
    }, {
      "id" : "s2-t6",
      "begin" : 60,
      "end" : 68,
      "text" : "dropping",
      "whiteSpace" : false
    }, {
      "id" : "s2-t7",
      "begin" : 69,
      "end" : 70,
      "text" : "a",
      "whiteSpace" : false
    }, {
      "id" : "s2-t8",
      "begin" : 71,
      "end" : 79,
      "text" : "friendly",
      "whiteSpace" : false
    }, {
      "id" : "s2-t9",
      "begin" : 80,
      "end" : 81,
      "text" : "“",
      "whiteSpace" : false
    }, {
      "id" : "s2-t10",
      "begin" : 81,
      "end" : 86,
      "text" : "check",
      "whiteSpace" : false
    }, {
      "id" : "s2-t11",
      "begin" : 87,
      "end" : 91,
      "text" : "your",
      "whiteSpace" : false
    }, {
      "id" : "s2-t12",
      "begin" : 92,
      "end" : 104,
      "text" : "unemployment",
      "whiteSpace" : false
    }, {
      "id" : "s2-t13",
      "begin" : 105,
      "end" : 111,
      "text" : "payout",
      "whiteSpace" : false
    }, {
      "id" : "s2-t14",
      "begin" : 111,
      "end" : 112,
      "text" : "”",
      "whiteSpace" : false
    }, {
      "id" : "s2-t15",
      "begin" : 113,
      "end" : 115,
      "text" : "to",
      "whiteSpace" : false
    }, {
      "id" : "s2-t16",
      "begin" : 116,
      "end" : 124,
      "text" : "everyone",
      "whiteSpace" : false
    }, {
      "id" : "s2-t17",
      "begin" : 125,
      "end" : 128,
      "text" : "who",
      "whiteSpace" : false
    }, {
      "id" : "s2-t18",
      "begin" : 129,
      "end" : 132,
      "text" : "has",
      "whiteSpace" : false
    }, {
      "id" : "s2-t19",
      "begin" : 133,
      "end" : 137,
      "text" : "been",
      "whiteSpace" : false
    }, {
      "id" : "s2-t20",
      "begin" : 138,
      "end" : 143,
      "text" : "lucky",
      "whiteSpace" : false
    }, {
      "id" : "s2-t21",
      "begin" : 144,
      "end" : 150,
      "text" : "enough",
      "whiteSpace" : false
    }, {
      "id" : "s2-t22",
      "begin" : 151,
      "end" : 153,
      "text" : "to",
      "whiteSpace" : false
    }, {
      "id" : "s2-t23",
      "begin" : 154,
      "end" : 157,
      "text" : "get",
      "whiteSpace" : false
    }, {
      "id" : "s2-t24",
      "begin" : 158,
      "end" : 168,
      "text" : "everything",
      "whiteSpace" : false
    }, {
      "id" : "s2-t25",
      "begin" : 169,
      "end" : 175,
      "text" : "sorted",
      "whiteSpace" : false
    }, {
      "id" : "s2-t26",
      "begin" : 176,
      "end" : 179,
      "text" : "out",
      "whiteSpace" : false
    }, {
      "id" : "s2-t27",
      "begin" : 179,
      "end" : 180,
      "text" : ".",
      "whiteSpace" : false
    } ]
  }, {
    "id" : "s3",
    "begin" : 181,
    "end" : 323,
    "text" : "\\n\\nThe additional $600 a week just came through for the last two weeks payments, so you should already see it in your payout from  yesterday.",
    "tokens" : [ {
      "id" : "s3-t0",
      "begin" : 181,
      "end" : 183,
      "text" : "\\n",
      "whiteSpace" : false
    }, {
      "id" : "s3-t1",
      "begin" : 183,
      "end" : 188,
      "text" : "\\nThe",
      "whiteSpace" : false
    }, {
      "id" : "s3-t2",
      "begin" : 189,
      "end" : 199,
      "text" : "additional",
      "whiteSpace" : false
    }, {
      "id" : "s3-t3",
      "begin" : 200,
      "end" : 201,
      "text" : "$",
      "whiteSpace" : false
    }, {
      "id" : "s3-t4",
      "begin" : 201,
      "end" : 204,
      "text" : "600",
      "whiteSpace" : false
    }, {
      "id" : "s3-t5",
      "begin" : 205,
      "end" : 206,
      "text" : "a",
      "whiteSpace" : false
    }, {
      "id" : "s3-t6",
      "begin" : 207,
      "end" : 211,
      "text" : "week",
      "whiteSpace" : false
    }, {
      "id" : "s3-t7",
      "begin" : 212,
      "end" : 216,
      "text" : "just",
      "whiteSpace" : false
    }, {
      "id" : "s3-t8",
      "begin" : 217,
      "end" : 221,
      "text" : "came",
      "whiteSpace" : false
    }, {
      "id" : "s3-t9",
      "begin" : 222,
      "end" : 229,
      "text" : "through",
      "whiteSpace" : false
    }, {
      "id" : "s3-t10",
      "begin" : 230,
      "end" : 233,
      "text" : "for",
      "whiteSpace" : false
    }, {
      "id" : "s3-t11",
      "begin" : 234,
      "end" : 237,
      "text" : "the",
      "whiteSpace" : false
    }, {
      "id" : "s3-t12",
      "begin" : 238,
      "end" : 242,
      "text" : "last",
      "whiteSpace" : false
    }, {
      "id" : "s3-t13",
      "begin" : 243,
      "end" : 246,
      "text" : "two",
      "whiteSpace" : false
    }, {
      "id" : "s3-t14",
      "begin" : 247,
      "end" : 252,
      "text" : "weeks",
      "whiteSpace" : false
    }, {
      "id" : "s3-t15",
      "begin" : 253,
      "end" : 261,
      "text" : "payments",
      "whiteSpace" : false
    }, {
      "id" : "s3-t16",
      "begin" : 261,
      "end" : 262,
      "text" : ",",
      "whiteSpace" : false
    }, {
      "id" : "s3-t17",
      "begin" : 263,
      "end" : 265,
      "text" : "so",
      "whiteSpace" : false
    }, {
      "id" : "s3-t18",
      "begin" : 266,
      "end" : 269,
      "text" : "you",
      "whiteSpace" : false
    }, {
      "id" : "s3-t19",
      "begin" : 270,
      "end" : 276,
      "text" : "should",
      "whiteSpace" : false
    }, {
      "id" : "s3-t20",
      "begin" : 277,
      "end" : 284,
      "text" : "already",
      "whiteSpace" : false
    }, {
      "id" : "s3-t21",
      "begin" : 285,
      "end" : 288,
      "text" : "see",
      "whiteSpace" : false
    }, {
      "id" : "s3-t22",
      "begin" : 289,
      "end" : 291,
      "text" : "it",
      "whiteSpace" : false
    }, {
      "id" : "s3-t23",
      "begin" : 292,
      "end" : 294,
      "text" : "in",
      "whiteSpace" : false
    }, {
      "id" : "s3-t24",
      "begin" : 295,
      "end" : 299,
      "text" : "your",
      "whiteSpace" : false
    }, {
      "id" : "s3-t25",
      "begin" : 300,
      "end" : 306,
      "text" : "payout",
      "whiteSpace" : false
    }, {
      "id" : "s3-t26",
      "begin" : 307,
      "end" : 311,
      "text" : "from",
      "whiteSpace" : false
    }, {
      "id" : "s3-t27",
      "begin" : 313,
      "end" : 322,
      "text" : "yesterday",
      "whiteSpace" : false
    }, {
      "id" : "s3-t28",
      "begin" : 322,
      "end" : 323,
      "text" : ".",
      "whiteSpace" : false
    } ]
  }, {
    "id" : "s4",
    "begin" : 324,
    "end" : 384,
    "text" : "\\n\\nThis certainly helps calm the nerves down substantially!",
    "tokens" : [ {
      "id" : "s4-t0",
      "begin" : 324,
      "end" : 326,
      "text" : "\\n",
      "whiteSpace" : false
    }, {
      "id" : "s4-t1",
      "begin" : 326,
      "end" : 332,
      "text" : "\\nThis",
      "whiteSpace" : false
    }, {
      "id" : "s4-t2",
      "begin" : 333,
      "end" : 342,
      "text" : "certainly",
      "whiteSpace" : false
    }, {
      "id" : "s4-t3",
      "begin" : 343,
      "end" : 348,
      "text" : "helps",
      "whiteSpace" : false
    }, {
      "id" : "s4-t4",
      "begin" : 349,
      "end" : 353,
      "text" : "calm",
      "whiteSpace" : false
    }, {
      "id" : "s4-t5",
      "begin" : 354,
      "end" : 357,
      "text" : "the",
      "whiteSpace" : false
    }, {
      "id" : "s4-t6",
      "begin" : 358,
      "end" : 364,
      "text" : "nerves",
      "whiteSpace" : false
    }, {
      "id" : "s4-t7",
      "begin" : 365,
      "end" : 369,
      "text" : "down",
      "whiteSpace" : false
    }, {
      "id" : "s4-t8",
      "begin" : 370,
      "end" : 383,
      "text" : "substantially",
      "whiteSpace" : false
    }, {
      "id" : "s4-t9",
      "begin" : 383,
      "end" : 384,
      "text" : "!",
      "whiteSpace" : false
    } ]
  }, {
    "id" : "s5",
    "begin" : 384,
    "end" : 386,
    "text" : "\",",
    "tokens" : [ {
      "id" : "s5-t0",
      "begin" : 384,
      "end" : 385,
      "text" : "\"",
      "whiteSpace" : false
    }, {
      "id" : "s5-t1",
      "begin" : 385,
      "end" : 386,
      "text" : ",",
      "whiteSpace" : false
    } ]
  }, {
    "id" : "s6",
    "begin" : 392,
    "end" : 418,
    "text" : "\"subreddit\": \"LosAngeles\",",
    "tokens" : [ {
      "id" : "s6-t0",
      "begin" : 392,
      "end" : 393,
      "text" : "\"",
      "whiteSpace" : false
    }, {
      "id" : "s6-t1",
      "begin" : 393,
      "end" : 402,
      "text" : "subreddit",
      "whiteSpace" : false
    }, {
      "id" : "s6-t2",
      "begin" : 402,
      "end" : 403,
      "text" : "\"",
      "whiteSpace" : false
    }, {
      "id" : "s6-t3",
      "begin" : 403,
      "end" : 404,
      "text" : ":",
      "whiteSpace" : false
    }, {
      "id" : "s6-t4",
      "begin" : 405,
      "end" : 406,
      "text" : "\"",
      "whiteSpace" : false
    }, {
      "id" : "s6-t5",
      "begin" : 406,
      "end" : 416,
      "text" : "LosAngeles",
      "whiteSpace" : false
    }, {
      "id" : "s6-t6",
      "begin" : 416,
      "end" : 417,
      "text" : "\"",
      "whiteSpace" : false
    }, {
      "id" : "s6-t7",
      "begin" : 417,
      "end" : 418,
      "text" : ",",
      "whiteSpace" : false
    } ]
  }, {
    "id" : "s7",
    "begin" : 424,
    "end" : 461,
    "text" : "\"created\": \"2020-04-13T17:38:47.000Z\"",
    "tokens" : [ {
      "id" : "s7-t0",
      "begin" : 424,
      "end" : 425,
      "text" : "\"",
      "whiteSpace" : false
    }, {
      "id" : "s7-t1",
      "begin" : 425,
      "end" : 432,
      "text" : "created",
      "whiteSpace" : false
    }, {
      "id" : "s7-t2",
      "begin" : 432,
      "end" : 433,
      "text" : "\"",
      "whiteSpace" : false
    }, {
      "id" : "s7-t3",
      "begin" : 433,
      "end" : 434,
      "text" : ":",
      "whiteSpace" : false
    }, {
      "id" : "s7-t4",
      "begin" : 435,
      "end" : 436,
      "text" : "\"",
      "whiteSpace" : false
    }, {
      "id" : "s7-t5",
      "begin" : 436,
      "end" : 460,
      "text" : "2020-04-13T17:38:47.000Z",
      "whiteSpace" : false
    }, {
      "id" : "s7-t6",
      "begin" : 460,
      "end" : 461,
      "text" : "\"",
      "whiteSpace" : false
    } ]
  }, {
    "id" : "s8",
    "begin" : 463,
    "end" : 464,
    "text" : "}",
    "tokens" : [ {
      "id" : "s8-t0",
      "begin" : 463,
      "end" : 464,
      "text" : "}",
      "whiteSpace" : false
    } ]
  } ],
  "mentions" : [ {
    "id" : "s1-m1",
    "properties" : {
      "SIRE_MENTION_ROLE" : "Unemployed",
      "SIRE_ENTITY_SUBTYPE" : "NONE",
      "SIRE_MENTION_TYPE" : "NONE",
      "SIRE_MENTION_CLASS" : "SPC"
    },
    "type" : "Unemployed",
    "begin" : 17,
    "end" : 38,
    "inCoref" : false
  }, {
    "id" : "s2-m1",
    "properties" : {
      "SIRE_MENTION_ROLE" : "Unemployed",
      "SIRE_ENTITY_SUBTYPE" : "NONE",
      "SIRE_MENTION_TYPE" : "NONE",
      "SIRE_MENTION_CLASS" : "SPC"
    },
    "type" : "Unemployed",
    "begin" : 81,
    "end" : 111,
    "inCoref" : false
  } ],
  "relations" : [ ],
  "corefs" : [ ],
  "typeResolved" : true,
  "userResolved" : false
}