{
  "id" : "309eec40-941f-11ea-9504-7b29ec84e81d-24",
  "name" : "LA-doc-29.doc",
  "createdDate" : 0,
  "version" : 3,
  "text" : "{\n\n    \"title\": \"Parking in a 2hr time limit\",\n\n    \"text\": \"I just spoke to someone i was transferred to via 311. Just a heads up 2hr time limit in non metered, non permitted street is still being enforced. At least here in sherman oaks.\",\n\n    \"subreddit\": \"LosAngeles\",\n\n    \"created\": \"2020-04-02T06:46:40.000Z\"\n\n}\n\n",
  "docLength" : 0,
  "language" : "EN",
  "status" : "IN_PROGRESS",
  "modifiedDate" : 1589305844209,
  "documentSet" : [ ],
  "preannotation" : [ ],
  "sentences" : [ {
    "id" : "s0",
    "begin" : 0,
    "end" : 1,
    "text" : "{",
    "tokens" : [ {
      "id" : "s0-t0",
      "begin" : 0,
      "end" : 1,
      "text" : "{",
      "whiteSpace" : false
    } ]
  }, {
    "id" : "s1",
    "begin" : 7,
    "end" : 46,
    "text" : "\"title\": \"Parking in a 2hr time limit\",",
    "tokens" : [ {
      "id" : "s1-t0",
      "begin" : 7,
      "end" : 8,
      "text" : "\"",
      "whiteSpace" : false
    }, {
      "id" : "s1-t1",
      "begin" : 8,
      "end" : 13,
      "text" : "title",
      "whiteSpace" : false
    }, {
      "id" : "s1-t2",
      "begin" : 13,
      "end" : 14,
      "text" : "\"",
      "whiteSpace" : false
    }, {
      "id" : "s1-t3",
      "begin" : 14,
      "end" : 15,
      "text" : ":",
      "whiteSpace" : false
    }, {
      "id" : "s1-t4",
      "begin" : 16,
      "end" : 17,
      "text" : "\"",
      "whiteSpace" : false
    }, {
      "id" : "s1-t5",
      "begin" : 17,
      "end" : 24,
      "text" : "Parking",
      "whiteSpace" : false
    }, {
      "id" : "s1-t6",
      "begin" : 25,
      "end" : 27,
      "text" : "in",
      "whiteSpace" : false
    }, {
      "id" : "s1-t7",
      "begin" : 28,
      "end" : 29,
      "text" : "a",
      "whiteSpace" : false
    }, {
      "id" : "s1-t8",
      "begin" : 30,
      "end" : 33,
      "text" : "2hr",
      "whiteSpace" : false
    }, {
      "id" : "s1-t9",
      "begin" : 34,
      "end" : 38,
      "text" : "time",
      "whiteSpace" : false
    }, {
      "id" : "s1-t10",
      "begin" : 39,
      "end" : 44,
      "text" : "limit",
      "whiteSpace" : false
    }, {
      "id" : "s1-t11",
      "begin" : 44,
      "end" : 45,
      "text" : "\"",
      "whiteSpace" : false
    }, {
      "id" : "s1-t12",
      "begin" : 45,
      "end" : 46,
      "text" : ",",
      "whiteSpace" : false
    } ]
  }, {
    "id" : "s2",
    "begin" : 52,
    "end" : 114,
    "text" : "\"text\": \"I just spoke to someone i was transferred to via 311.",
    "tokens" : [ {
      "id" : "s2-t0",
      "begin" : 52,
      "end" : 53,
      "text" : "\"",
      "whiteSpace" : false
    }, {
      "id" : "s2-t1",
      "begin" : 53,
      "end" : 57,
      "text" : "text",
      "whiteSpace" : false
    }, {
      "id" : "s2-t2",
      "begin" : 57,
      "end" : 58,
      "text" : "\"",
      "whiteSpace" : false
    }, {
      "id" : "s2-t3",
      "begin" : 58,
      "end" : 59,
      "text" : ":",
      "whiteSpace" : false
    }, {
      "id" : "s2-t4",
      "begin" : 60,
      "end" : 61,
      "text" : "\"",
      "whiteSpace" : false
    }, {
      "id" : "s2-t5",
      "begin" : 61,
      "end" : 62,
      "text" : "I",
      "whiteSpace" : false
    }, {
      "id" : "s2-t6",
      "begin" : 63,
      "end" : 67,
      "text" : "just",
      "whiteSpace" : false
    }, {
      "id" : "s2-t7",
      "begin" : 68,
      "end" : 73,
      "text" : "spoke",
      "whiteSpace" : false
    }, {
      "id" : "s2-t8",
      "begin" : 74,
      "end" : 76,
      "text" : "to",
      "whiteSpace" : false
    }, {
      "id" : "s2-t9",
      "begin" : 77,
      "end" : 84,
      "text" : "someone",
      "whiteSpace" : false
    }, {
      "id" : "s2-t10",
      "begin" : 85,
      "end" : 86,
      "text" : "i",
      "whiteSpace" : false
    }, {
      "id" : "s2-t11",
      "begin" : 87,
      "end" : 90,
      "text" : "was",
      "whiteSpace" : false
    }, {
      "id" : "s2-t12",
      "begin" : 91,
      "end" : 102,
      "text" : "transferred",
      "whiteSpace" : false
    }, {
      "id" : "s2-t13",
      "begin" : 103,
      "end" : 105,
      "text" : "to",
      "whiteSpace" : false
    }, {
      "id" : "s2-t14",
      "begin" : 106,
      "end" : 109,
      "text" : "via",
      "whiteSpace" : false
    }, {
      "id" : "s2-t15",
      "begin" : 110,
      "end" : 113,
      "text" : "311",
      "whiteSpace" : false
    }, {
      "id" : "s2-t16",
      "begin" : 113,
      "end" : 114,
      "text" : ".",
      "whiteSpace" : false
    } ]
  }, {
    "id" : "s3",
    "begin" : 115,
    "end" : 207,
    "text" : "Just a heads up 2hr time limit in non metered, non permitted street is still being enforced.",
    "tokens" : [ {
      "id" : "s3-t0",
      "begin" : 115,
      "end" : 119,
      "text" : "Just",
      "whiteSpace" : false
    }, {
      "id" : "s3-t1",
      "begin" : 120,
      "end" : 121,
      "text" : "a",
      "whiteSpace" : false
    }, {
      "id" : "s3-t2",
      "begin" : 122,
      "end" : 127,
      "text" : "heads",
      "whiteSpace" : false
    }, {
      "id" : "s3-t3",
      "begin" : 128,
      "end" : 130,
      "text" : "up",
      "whiteSpace" : false
    }, {
      "id" : "s3-t4",
      "begin" : 131,
      "end" : 134,
      "text" : "2hr",
      "whiteSpace" : false
    }, {
      "id" : "s3-t5",
      "begin" : 135,
      "end" : 139,
      "text" : "time",
      "whiteSpace" : false
    }, {
      "id" : "s3-t6",
      "begin" : 140,
      "end" : 145,
      "text" : "limit",
      "whiteSpace" : false
    }, {
      "id" : "s3-t7",
      "begin" : 146,
      "end" : 148,
      "text" : "in",
      "whiteSpace" : false
    }, {
      "id" : "s3-t8",
      "begin" : 149,
      "end" : 152,
      "text" : "non",
      "whiteSpace" : false
    }, {
      "id" : "s3-t9",
      "begin" : 153,
      "end" : 160,
      "text" : "metered",
      "whiteSpace" : false
    }, {
      "id" : "s3-t10",
      "begin" : 160,
      "end" : 161,
      "text" : ",",
      "whiteSpace" : false
    }, {
      "id" : "s3-t11",
      "begin" : 162,
      "end" : 165,
      "text" : "non",
      "whiteSpace" : false
    }, {
      "id" : "s3-t12",
      "begin" : 166,
      "end" : 175,
      "text" : "permitted",
      "whiteSpace" : false
    }, {
      "id" : "s3-t13",
      "begin" : 176,
      "end" : 182,
      "text" : "street",
      "whiteSpace" : false
    }, {
      "id" : "s3-t14",
      "begin" : 183,
      "end" : 185,
      "text" : "is",
      "whiteSpace" : false
    }, {
      "id" : "s3-t15",
      "begin" : 186,
      "end" : 191,
      "text" : "still",
      "whiteSpace" : false
    }, {
      "id" : "s3-t16",
      "begin" : 192,
      "end" : 197,
      "text" : "being",
      "whiteSpace" : false
    }, {
      "id" : "s3-t17",
      "begin" : 198,
      "end" : 206,
      "text" : "enforced",
      "whiteSpace" : false
    }, {
      "id" : "s3-t18",
      "begin" : 206,
      "end" : 207,
      "text" : ".",
      "whiteSpace" : false
    } ]
  }, {
    "id" : "s4",
    "begin" : 208,
    "end" : 238,
    "text" : "At least here in sherman oaks.",
    "tokens" : [ {
      "id" : "s4-t0",
      "begin" : 208,
      "end" : 210,
      "text" : "At",
      "whiteSpace" : false
    }, {
      "id" : "s4-t1",
      "begin" : 211,
      "end" : 216,
      "text" : "least",
      "whiteSpace" : false
    }, {
      "id" : "s4-t2",
      "begin" : 217,
      "end" : 221,
      "text" : "here",
      "whiteSpace" : false
    }, {
      "id" : "s4-t3",
      "begin" : 222,
      "end" : 224,
      "text" : "in",
      "whiteSpace" : false
    }, {
      "id" : "s4-t4",
      "begin" : 225,
      "end" : 232,
      "text" : "sherman",
      "whiteSpace" : false
    }, {
      "id" : "s4-t5",
      "begin" : 233,
      "end" : 237,
      "text" : "oaks",
      "whiteSpace" : false
    }, {
      "id" : "s4-t6",
      "begin" : 237,
      "end" : 238,
      "text" : ".",
      "whiteSpace" : false
    } ]
  }, {
    "id" : "s5",
    "begin" : 238,
    "end" : 240,
    "text" : "\",",
    "tokens" : [ {
      "id" : "s5-t0",
      "begin" : 238,
      "end" : 239,
      "text" : "\"",
      "whiteSpace" : false
    }, {
      "id" : "s5-t1",
      "begin" : 239,
      "end" : 240,
      "text" : ",",
      "whiteSpace" : false
    } ]
  }, {
    "id" : "s6",
    "begin" : 246,
    "end" : 272,
    "text" : "\"subreddit\": \"LosAngeles\",",
    "tokens" : [ {
      "id" : "s6-t0",
      "begin" : 246,
      "end" : 247,
      "text" : "\"",
      "whiteSpace" : false
    }, {
      "id" : "s6-t1",
      "begin" : 247,
      "end" : 256,
      "text" : "subreddit",
      "whiteSpace" : false
    }, {
      "id" : "s6-t2",
      "begin" : 256,
      "end" : 257,
      "text" : "\"",
      "whiteSpace" : false
    }, {
      "id" : "s6-t3",
      "begin" : 257,
      "end" : 258,
      "text" : ":",
      "whiteSpace" : false
    }, {
      "id" : "s6-t4",
      "begin" : 259,
      "end" : 260,
      "text" : "\"",
      "whiteSpace" : false
    }, {
      "id" : "s6-t5",
      "begin" : 260,
      "end" : 270,
      "text" : "LosAngeles",
      "whiteSpace" : false
    }, {
      "id" : "s6-t6",
      "begin" : 270,
      "end" : 271,
      "text" : "\"",
      "whiteSpace" : false
    }, {
      "id" : "s6-t7",
      "begin" : 271,
      "end" : 272,
      "text" : ",",
      "whiteSpace" : false
    } ]
  }, {
    "id" : "s7",
    "begin" : 278,
    "end" : 315,
    "text" : "\"created\": \"2020-04-02T06:46:40.000Z\"",
    "tokens" : [ {
      "id" : "s7-t0",
      "begin" : 278,
      "end" : 279,
      "text" : "\"",
      "whiteSpace" : false
    }, {
      "id" : "s7-t1",
      "begin" : 279,
      "end" : 286,
      "text" : "created",
      "whiteSpace" : false
    }, {
      "id" : "s7-t2",
      "begin" : 286,
      "end" : 287,
      "text" : "\"",
      "whiteSpace" : false
    }, {
      "id" : "s7-t3",
      "begin" : 287,
      "end" : 288,
      "text" : ":",
      "whiteSpace" : false
    }, {
      "id" : "s7-t4",
      "begin" : 289,
      "end" : 290,
      "text" : "\"",
      "whiteSpace" : false
    }, {
      "id" : "s7-t5",
      "begin" : 290,
      "end" : 314,
      "text" : "2020-04-02T06:46:40.000Z",
      "whiteSpace" : false
    }, {
      "id" : "s7-t6",
      "begin" : 314,
      "end" : 315,
      "text" : "\"",
      "whiteSpace" : false
    } ]
  }, {
    "id" : "s8",
    "begin" : 317,
    "end" : 318,
    "text" : "}",
    "tokens" : [ {
      "id" : "s8-t0",
      "begin" : 317,
      "end" : 318,
      "text" : "}",
      "whiteSpace" : false
    } ]
  } ],
  "mentions" : [ {
    "id" : "s1-m1",
    "properties" : {
      "SIRE_MENTION_ROLE" : "Car_Owner",
      "SIRE_ENTITY_SUBTYPE" : "NONE",
      "SIRE_MENTION_TYPE" : "NONE",
      "SIRE_MENTION_CLASS" : "SPC"
    },
    "type" : "Car_Owner",
    "begin" : 17,
    "end" : 24,
    "inCoref" : false
  }, {
    "id" : "s3-m1",
    "properties" : {
      "SIRE_MENTION_ROLE" : "Car_Owner",
      "SIRE_ENTITY_SUBTYPE" : "NONE",
      "SIRE_MENTION_TYPE" : "NONE",
      "SIRE_MENTION_CLASS" : "SPC"
    },
    "type" : "Car_Owner",
    "begin" : 131,
    "end" : 182,
    "inCoref" : false
  } ],
  "relations" : [ ],
  "corefs" : [ ],
  "typeResolved" : true,
  "userResolved" : false
}