{
  "id" : "432714e0-9592-11ea-8a2d-81b8af140d06-2",
  "name" : "dc-doc-88.txt",
  "createdDate" : 0,
  "version" : 3,
  "text" : "{\n    \"title\": \"What Neighborhoods have the most Young People?\",\n    \"text\": \"Hey guys. I am moving to DC in July with a job working for the government. I want to know what neighborhoods in DC are mostly young millennials (Age 20-35)? I read a lot about DC being filled with young people who are creative and love travelling. Here are the factors I am using to choose a neighborhood:\\n\\n&#x200B;\\n\\n\\\\-Concentration of young people\\n\\n\\\\-Food options (Fast casual >>> fancy restaurants)\\n\\n\\\\-Vibrant nightlife close by\\n\\n\\\\-Good Date spots \\n\\n\\\\-Density\\n\\n\\\\-Access to Public Transportation\\n\\n&#x200B;\\n\\nI am likely going to live with roommates so quality renting options will be a factor too. \",\n    \"subreddit\": \"washingtondc\",\n    \"created\": \"2020-04-21T04:39:58.000Z\"\n}",
  "docLength" : 0,
  "language" : "EN",
  "status" : "IN_PROGRESS",
  "modifiedDate" : 1589427073381,
  "documentSet" : [ ],
  "preannotation" : [ "PRE_LW", "PRE_SIRE" ],
  "sentences" : [ {
    "id" : "s0",
    "begin" : 0,
    "end" : 62,
    "text" : "{\n    \"title\": \"What Neighborhoods have the most Young People?",
    "tokens" : [ {
      "id" : "s0-t0",
      "begin" : 0,
      "end" : 1,
      "text" : "{",
      "whiteSpace" : false
    }, {
      "id" : "s0-t1",
      "begin" : 6,
      "end" : 7,
      "text" : "\"",
      "whiteSpace" : false
    }, {
      "id" : "s0-t2",
      "begin" : 7,
      "end" : 12,
      "text" : "title",
      "whiteSpace" : false
    }, {
      "id" : "s0-t3",
      "begin" : 12,
      "end" : 13,
      "text" : "\"",
      "whiteSpace" : false
    }, {
      "id" : "s0-t4",
      "begin" : 13,
      "end" : 14,
      "text" : ":",
      "whiteSpace" : false
    }, {
      "id" : "s0-t5",
      "begin" : 15,
      "end" : 16,
      "text" : "\"",
      "whiteSpace" : false
    }, {
      "id" : "s0-t6",
      "begin" : 16,
      "end" : 20,
      "text" : "What",
      "whiteSpace" : false
    }, {
      "id" : "s0-t7",
      "begin" : 21,
      "end" : 34,
      "text" : "Neighborhoods",
      "whiteSpace" : false
    }, {
      "id" : "s0-t8",
      "begin" : 35,
      "end" : 39,
      "text" : "have",
      "whiteSpace" : false
    }, {
      "id" : "s0-t9",
      "begin" : 40,
      "end" : 43,
      "text" : "the",
      "whiteSpace" : false
    }, {
      "id" : "s0-t10",
      "begin" : 44,
      "end" : 48,
      "text" : "most",
      "whiteSpace" : false
    }, {
      "id" : "s0-t11",
      "begin" : 49,
      "end" : 54,
      "text" : "Young",
      "whiteSpace" : false
    }, {
      "id" : "s0-t12",
      "begin" : 55,
      "end" : 61,
      "text" : "People",
      "whiteSpace" : false
    }, {
      "id" : "s0-t13",
      "begin" : 61,
      "end" : 62,
      "text" : "?",
      "whiteSpace" : false
    } ]
  }, {
    "id" : "s1",
    "begin" : 62,
    "end" : 87,
    "text" : "\",\n    \"text\": \"Hey guys.",
    "tokens" : [ {
      "id" : "s1-t0",
      "begin" : 62,
      "end" : 63,
      "text" : "\"",
      "whiteSpace" : false
    }, {
      "id" : "s1-t1",
      "begin" : 63,
      "end" : 64,
      "text" : ",",
      "whiteSpace" : false
    }, {
      "id" : "s1-t2",
      "begin" : 69,
      "end" : 70,
      "text" : "\"",
      "whiteSpace" : false
    }, {
      "id" : "s1-t3",
      "begin" : 70,
      "end" : 74,
      "text" : "text",
      "whiteSpace" : false
    }, {
      "id" : "s1-t4",
      "begin" : 74,
      "end" : 75,
      "text" : "\"",
      "whiteSpace" : false
    }, {
      "id" : "s1-t5",
      "begin" : 75,
      "end" : 76,
      "text" : ":",
      "whiteSpace" : false
    }, {
      "id" : "s1-t6",
      "begin" : 77,
      "end" : 78,
      "text" : "\"",
      "whiteSpace" : false
    }, {
      "id" : "s1-t7",
      "begin" : 78,
      "end" : 81,
      "text" : "Hey",
      "whiteSpace" : false
    }, {
      "id" : "s1-t8",
      "begin" : 82,
      "end" : 86,
      "text" : "guys",
      "whiteSpace" : false
    }, {
      "id" : "s1-t9",
      "begin" : 86,
      "end" : 87,
      "text" : ".",
      "whiteSpace" : false
    } ]
  }, {
    "id" : "s2",
    "begin" : 88,
    "end" : 152,
    "text" : "I am moving to DC in July with a job working for the government.",
    "tokens" : [ {
      "id" : "s2-t0",
      "begin" : 88,
      "end" : 89,
      "text" : "I",
      "whiteSpace" : false
    }, {
      "id" : "s2-t1",
      "begin" : 90,
      "end" : 92,
      "text" : "am",
      "whiteSpace" : false
    }, {
      "id" : "s2-t2",
      "begin" : 93,
      "end" : 99,
      "text" : "moving",
      "whiteSpace" : false
    }, {
      "id" : "s2-t3",
      "begin" : 100,
      "end" : 102,
      "text" : "to",
      "whiteSpace" : false
    }, {
      "id" : "s2-t4",
      "begin" : 103,
      "end" : 105,
      "text" : "DC",
      "whiteSpace" : false
    }, {
      "id" : "s2-t5",
      "begin" : 106,
      "end" : 108,
      "text" : "in",
      "whiteSpace" : false
    }, {
      "id" : "s2-t6",
      "begin" : 109,
      "end" : 113,
      "text" : "July",
      "whiteSpace" : false
    }, {
      "id" : "s2-t7",
      "begin" : 114,
      "end" : 118,
      "text" : "with",
      "whiteSpace" : false
    }, {
      "id" : "s2-t8",
      "begin" : 119,
      "end" : 120,
      "text" : "a",
      "whiteSpace" : false
    }, {
      "id" : "s2-t9",
      "begin" : 121,
      "end" : 124,
      "text" : "job",
      "whiteSpace" : false
    }, {
      "id" : "s2-t10",
      "begin" : 125,
      "end" : 132,
      "text" : "working",
      "whiteSpace" : false
    }, {
      "id" : "s2-t11",
      "begin" : 133,
      "end" : 136,
      "text" : "for",
      "whiteSpace" : false
    }, {
      "id" : "s2-t12",
      "begin" : 137,
      "end" : 140,
      "text" : "the",
      "whiteSpace" : false
    }, {
      "id" : "s2-t13",
      "begin" : 141,
      "end" : 151,
      "text" : "government",
      "whiteSpace" : false
    }, {
      "id" : "s2-t14",
      "begin" : 151,
      "end" : 152,
      "text" : ".",
      "whiteSpace" : false
    } ]
  }, {
    "id" : "s3",
    "begin" : 153,
    "end" : 234,
    "text" : "I want to know what neighborhoods in DC are mostly young millennials (Age 20-35)?",
    "tokens" : [ {
      "id" : "s3-t0",
      "begin" : 153,
      "end" : 154,
      "text" : "I",
      "whiteSpace" : false
    }, {
      "id" : "s3-t1",
      "begin" : 155,
      "end" : 159,
      "text" : "want",
      "whiteSpace" : false
    }, {
      "id" : "s3-t2",
      "begin" : 160,
      "end" : 162,
      "text" : "to",
      "whiteSpace" : false
    }, {
      "id" : "s3-t3",
      "begin" : 163,
      "end" : 167,
      "text" : "know",
      "whiteSpace" : false
    }, {
      "id" : "s3-t4",
      "begin" : 168,
      "end" : 172,
      "text" : "what",
      "whiteSpace" : false
    }, {
      "id" : "s3-t5",
      "begin" : 173,
      "end" : 186,
      "text" : "neighborhoods",
      "whiteSpace" : false
    }, {
      "id" : "s3-t6",
      "begin" : 187,
      "end" : 189,
      "text" : "in",
      "whiteSpace" : false
    }, {
      "id" : "s3-t7",
      "begin" : 190,
      "end" : 192,
      "text" : "DC",
      "whiteSpace" : false
    }, {
      "id" : "s3-t8",
      "begin" : 193,
      "end" : 196,
      "text" : "are",
      "whiteSpace" : false
    }, {
      "id" : "s3-t9",
      "begin" : 197,
      "end" : 203,
      "text" : "mostly",
      "whiteSpace" : false
    }, {
      "id" : "s3-t10",
      "begin" : 204,
      "end" : 209,
      "text" : "young",
      "whiteSpace" : false
    }, {
      "id" : "s3-t11",
      "begin" : 210,
      "end" : 221,
      "text" : "millennials",
      "whiteSpace" : false
    }, {
      "id" : "s3-t12",
      "begin" : 222,
      "end" : 223,
      "text" : "(",
      "whiteSpace" : false
    }, {
      "id" : "s3-t13",
      "begin" : 223,
      "end" : 226,
      "text" : "Age",
      "whiteSpace" : false
    }, {
      "id" : "s3-t14",
      "begin" : 227,
      "end" : 232,
      "text" : "20-35",
      "whiteSpace" : false
    }, {
      "id" : "s3-t15",
      "begin" : 232,
      "end" : 233,
      "text" : ")",
      "whiteSpace" : false
    }, {
      "id" : "s3-t16",
      "begin" : 233,
      "end" : 234,
      "text" : "?",
      "whiteSpace" : false
    } ]
  }, {
    "id" : "s4",
    "begin" : 235,
    "end" : 325,
    "text" : "I read a lot about DC being filled with young people who are creative and love travelling.",
    "tokens" : [ {
      "id" : "s4-t0",
      "begin" : 235,
      "end" : 236,
      "text" : "I",
      "whiteSpace" : false
    }, {
      "id" : "s4-t1",
      "begin" : 237,
      "end" : 241,
      "text" : "read",
      "whiteSpace" : false
    }, {
      "id" : "s4-t2",
      "begin" : 242,
      "end" : 243,
      "text" : "a",
      "whiteSpace" : false
    }, {
      "id" : "s4-t3",
      "begin" : 244,
      "end" : 247,
      "text" : "lot",
      "whiteSpace" : false
    }, {
      "id" : "s4-t4",
      "begin" : 248,
      "end" : 253,
      "text" : "about",
      "whiteSpace" : false
    }, {
      "id" : "s4-t5",
      "begin" : 254,
      "end" : 256,
      "text" : "DC",
      "whiteSpace" : false
    }, {
      "id" : "s4-t6",
      "begin" : 257,
      "end" : 262,
      "text" : "being",
      "whiteSpace" : false
    }, {
      "id" : "s4-t7",
      "begin" : 263,
      "end" : 269,
      "text" : "filled",
      "whiteSpace" : false
    }, {
      "id" : "s4-t8",
      "begin" : 270,
      "end" : 274,
      "text" : "with",
      "whiteSpace" : false
    }, {
      "id" : "s4-t9",
      "begin" : 275,
      "end" : 280,
      "text" : "young",
      "whiteSpace" : false
    }, {
      "id" : "s4-t10",
      "begin" : 281,
      "end" : 287,
      "text" : "people",
      "whiteSpace" : false
    }, {
      "id" : "s4-t11",
      "begin" : 288,
      "end" : 291,
      "text" : "who",
      "whiteSpace" : false
    }, {
      "id" : "s4-t12",
      "begin" : 292,
      "end" : 295,
      "text" : "are",
      "whiteSpace" : false
    }, {
      "id" : "s4-t13",
      "begin" : 296,
      "end" : 304,
      "text" : "creative",
      "whiteSpace" : false
    }, {
      "id" : "s4-t14",
      "begin" : 305,
      "end" : 308,
      "text" : "and",
      "whiteSpace" : false
    }, {
      "id" : "s4-t15",
      "begin" : 309,
      "end" : 313,
      "text" : "love",
      "whiteSpace" : false
    }, {
      "id" : "s4-t16",
      "begin" : 314,
      "end" : 324,
      "text" : "travelling",
      "whiteSpace" : false
    }, {
      "id" : "s4-t17",
      "begin" : 324,
      "end" : 325,
      "text" : ".",
      "whiteSpace" : false
    } ]
  }, {
    "id" : "s5",
    "begin" : 326,
    "end" : 699,
    "text" : "Here are the factors I am using to choose a neighborhood:\\n\\n&#x200B;\\n\\n\\\\-Concentration of young people\\n\\n\\\\-Food options (Fast casual >>> fancy restaurants)\\n\\n\\\\-Vibrant nightlife close by\\n\\n\\\\-Good Date spots \\n\\n\\\\-Density\\n\\n\\\\-Access to Public Transportation\\n\\n&#x200B;\\n\\nI am likely going to live with roommates so quality renting options will be a factor too.",
    "tokens" : [ {
      "id" : "s5-t0",
      "begin" : 326,
      "end" : 330,
      "text" : "Here",
      "whiteSpace" : false
    }, {
      "id" : "s5-t1",
      "begin" : 331,
      "end" : 334,
      "text" : "are",
      "whiteSpace" : false
    }, {
      "id" : "s5-t2",
      "begin" : 335,
      "end" : 338,
      "text" : "the",
      "whiteSpace" : false
    }, {
      "id" : "s5-t3",
      "begin" : 339,
      "end" : 346,
      "text" : "factors",
      "whiteSpace" : false
    }, {
      "id" : "s5-t4",
      "begin" : 347,
      "end" : 348,
      "text" : "I",
      "whiteSpace" : false
    }, {
      "id" : "s5-t5",
      "begin" : 349,
      "end" : 351,
      "text" : "am",
      "whiteSpace" : false
    }, {
      "id" : "s5-t6",
      "begin" : 352,
      "end" : 357,
      "text" : "using",
      "whiteSpace" : false
    }, {
      "id" : "s5-t7",
      "begin" : 358,
      "end" : 360,
      "text" : "to",
      "whiteSpace" : false
    }, {
      "id" : "s5-t8",
      "begin" : 361,
      "end" : 367,
      "text" : "choose",
      "whiteSpace" : false
    }, {
      "id" : "s5-t9",
      "begin" : 368,
      "end" : 369,
      "text" : "a",
      "whiteSpace" : false
    }, {
      "id" : "s5-t10",
      "begin" : 370,
      "end" : 383,
      "text" : "neighborhood:",
      "whiteSpace" : false
    }, {
      "id" : "s5-t11",
      "begin" : 383,
      "end" : 385,
      "text" : "\\n",
      "whiteSpace" : false
    }, {
      "id" : "s5-t12",
      "begin" : 385,
      "end" : 397,
      "text" : "\\n&#x200B;\\n",
      "whiteSpace" : false
    }, {
      "id" : "s5-t13",
      "begin" : 397,
      "end" : 399,
      "text" : "\\n",
      "whiteSpace" : false
    }, {
      "id" : "s5-t14",
      "begin" : 399,
      "end" : 415,
      "text" : "\\\\-Concentration",
      "whiteSpace" : false
    }, {
      "id" : "s5-t15",
      "begin" : 416,
      "end" : 418,
      "text" : "of",
      "whiteSpace" : false
    }, {
      "id" : "s5-t16",
      "begin" : 419,
      "end" : 424,
      "text" : "young",
      "whiteSpace" : false
    }, {
      "id" : "s5-t17",
      "begin" : 425,
      "end" : 431,
      "text" : "people",
      "whiteSpace" : false
    }, {
      "id" : "s5-t18",
      "begin" : 431,
      "end" : 433,
      "text" : "\\n",
      "whiteSpace" : false
    }, {
      "id" : "s5-t19",
      "begin" : 433,
      "end" : 435,
      "text" : "\\n",
      "whiteSpace" : false
    }, {
      "id" : "s5-t20",
      "begin" : 435,
      "end" : 442,
      "text" : "\\\\-Food",
      "whiteSpace" : false
    }, {
      "id" : "s5-t21",
      "begin" : 443,
      "end" : 450,
      "text" : "options",
      "whiteSpace" : false
    }, {
      "id" : "s5-t22",
      "begin" : 451,
      "end" : 452,
      "text" : "(",
      "whiteSpace" : false
    }, {
      "id" : "s5-t23",
      "begin" : 452,
      "end" : 456,
      "text" : "Fast",
      "whiteSpace" : false
    }, {
      "id" : "s5-t24",
      "begin" : 457,
      "end" : 463,
      "text" : "casual",
      "whiteSpace" : false
    }, {
      "id" : "s5-t25",
      "begin" : 464,
      "end" : 465,
      "text" : ">",
      "whiteSpace" : false
    }, {
      "id" : "s5-t26",
      "begin" : 465,
      "end" : 466,
      "text" : ">",
      "whiteSpace" : false
    }, {
      "id" : "s5-t27",
      "begin" : 466,
      "end" : 467,
      "text" : ">",
      "whiteSpace" : false
    }, {
      "id" : "s5-t28",
      "begin" : 468,
      "end" : 473,
      "text" : "fancy",
      "whiteSpace" : false
    }, {
      "id" : "s5-t29",
      "begin" : 474,
      "end" : 485,
      "text" : "restaurants",
      "whiteSpace" : false
    }, {
      "id" : "s5-t30",
      "begin" : 485,
      "end" : 486,
      "text" : ")",
      "whiteSpace" : false
    }, {
      "id" : "s5-t31",
      "begin" : 486,
      "end" : 488,
      "text" : "\\n",
      "whiteSpace" : false
    }, {
      "id" : "s5-t32",
      "begin" : 488,
      "end" : 490,
      "text" : "\\n",
      "whiteSpace" : false
    }, {
      "id" : "s5-t33",
      "begin" : 490,
      "end" : 500,
      "text" : "\\\\-Vibrant",
      "whiteSpace" : false
    }, {
      "id" : "s5-t34",
      "begin" : 501,
      "end" : 510,
      "text" : "nightlife",
      "whiteSpace" : false
    }, {
      "id" : "s5-t35",
      "begin" : 511,
      "end" : 516,
      "text" : "close",
      "whiteSpace" : false
    }, {
      "id" : "s5-t36",
      "begin" : 517,
      "end" : 519,
      "text" : "by",
      "whiteSpace" : false
    }, {
      "id" : "s5-t37",
      "begin" : 519,
      "end" : 521,
      "text" : "\\n",
      "whiteSpace" : false
    }, {
      "id" : "s5-t38",
      "begin" : 521,
      "end" : 523,
      "text" : "\\n",
      "whiteSpace" : false
    }, {
      "id" : "s5-t39",
      "begin" : 523,
      "end" : 530,
      "text" : "\\\\-Good",
      "whiteSpace" : false
    }, {
      "id" : "s5-t40",
      "begin" : 531,
      "end" : 535,
      "text" : "Date",
      "whiteSpace" : false
    }, {
      "id" : "s5-t41",
      "begin" : 536,
      "end" : 541,
      "text" : "spots",
      "whiteSpace" : false
    }, {
      "id" : "s5-t42",
      "begin" : 542,
      "end" : 544,
      "text" : "\\n",
      "whiteSpace" : false
    }, {
      "id" : "s5-t43",
      "begin" : 544,
      "end" : 546,
      "text" : "\\n",
      "whiteSpace" : false
    }, {
      "id" : "s5-t44",
      "begin" : 546,
      "end" : 556,
      "text" : "\\\\-Density",
      "whiteSpace" : false
    }, {
      "id" : "s5-t45",
      "begin" : 556,
      "end" : 558,
      "text" : "\\n",
      "whiteSpace" : false
    }, {
      "id" : "s5-t46",
      "begin" : 558,
      "end" : 560,
      "text" : "\\n",
      "whiteSpace" : false
    }, {
      "id" : "s5-t47",
      "begin" : 560,
      "end" : 569,
      "text" : "\\\\-Access",
      "whiteSpace" : false
    }, {
      "id" : "s5-t48",
      "begin" : 570,
      "end" : 572,
      "text" : "to",
      "whiteSpace" : false
    }, {
      "id" : "s5-t49",
      "begin" : 573,
      "end" : 579,
      "text" : "Public",
      "whiteSpace" : false
    }, {
      "id" : "s5-t50",
      "begin" : 580,
      "end" : 594,
      "text" : "Transportation",
      "whiteSpace" : false
    }, {
      "id" : "s5-t51",
      "begin" : 594,
      "end" : 596,
      "text" : "\\n",
      "whiteSpace" : false
    }, {
      "id" : "s5-t52",
      "begin" : 596,
      "end" : 608,
      "text" : "\\n&#x200B;\\n",
      "whiteSpace" : false
    }, {
      "id" : "s5-t53",
      "begin" : 608,
      "end" : 611,
      "text" : "\\nI",
      "whiteSpace" : false
    }, {
      "id" : "s5-t54",
      "begin" : 612,
      "end" : 614,
      "text" : "am",
      "whiteSpace" : false
    }, {
      "id" : "s5-t55",
      "begin" : 615,
      "end" : 621,
      "text" : "likely",
      "whiteSpace" : false
    }, {
      "id" : "s5-t56",
      "begin" : 622,
      "end" : 627,
      "text" : "going",
      "whiteSpace" : false
    }, {
      "id" : "s5-t57",
      "begin" : 628,
      "end" : 630,
      "text" : "to",
      "whiteSpace" : false
    }, {
      "id" : "s5-t58",
      "begin" : 631,
      "end" : 635,
      "text" : "live",
      "whiteSpace" : false
    }, {
      "id" : "s5-t59",
      "begin" : 636,
      "end" : 640,
      "text" : "with",
      "whiteSpace" : false
    }, {
      "id" : "s5-t60",
      "begin" : 641,
      "end" : 650,
      "text" : "roommates",
      "whiteSpace" : false
    }, {
      "id" : "s5-t61",
      "begin" : 651,
      "end" : 653,
      "text" : "so",
      "whiteSpace" : false
    }, {
      "id" : "s5-t62",
      "begin" : 654,
      "end" : 661,
      "text" : "quality",
      "whiteSpace" : false
    }, {
      "id" : "s5-t63",
      "begin" : 662,
      "end" : 669,
      "text" : "renting",
      "whiteSpace" : false
    }, {
      "id" : "s5-t64",
      "begin" : 670,
      "end" : 677,
      "text" : "options",
      "whiteSpace" : false
    }, {
      "id" : "s5-t65",
      "begin" : 678,
      "end" : 682,
      "text" : "will",
      "whiteSpace" : false
    }, {
      "id" : "s5-t66",
      "begin" : 683,
      "end" : 685,
      "text" : "be",
      "whiteSpace" : false
    }, {
      "id" : "s5-t67",
      "begin" : 686,
      "end" : 687,
      "text" : "a",
      "whiteSpace" : false
    }, {
      "id" : "s5-t68",
      "begin" : 688,
      "end" : 694,
      "text" : "factor",
      "whiteSpace" : false
    }, {
      "id" : "s5-t69",
      "begin" : 695,
      "end" : 698,
      "text" : "too",
      "whiteSpace" : false
    }, {
      "id" : "s5-t70",
      "begin" : 698,
      "end" : 699,
      "text" : ".",
      "whiteSpace" : false
    } ]
  }, {
    "id" : "s6",
    "begin" : 700,
    "end" : 779,
    "text" : "\",\n    \"subreddit\": \"washingtondc\",\n    \"created\": \"2020-04-21T04:39:58.000Z\"\n}",
    "tokens" : [ {
      "id" : "s6-t0",
      "begin" : 700,
      "end" : 701,
      "text" : "\"",
      "whiteSpace" : false
    }, {
      "id" : "s6-t1",
      "begin" : 701,
      "end" : 702,
      "text" : ",",
      "whiteSpace" : false
    }, {
      "id" : "s6-t2",
      "begin" : 707,
      "end" : 708,
      "text" : "\"",
      "whiteSpace" : false
    }, {
      "id" : "s6-t3",
      "begin" : 708,
      "end" : 717,
      "text" : "subreddit",
      "whiteSpace" : false
    }, {
      "id" : "s6-t4",
      "begin" : 717,
      "end" : 718,
      "text" : "\"",
      "whiteSpace" : false
    }, {
      "id" : "s6-t5",
      "begin" : 718,
      "end" : 719,
      "text" : ":",
      "whiteSpace" : false
    }, {
      "id" : "s6-t6",
      "begin" : 720,
      "end" : 721,
      "text" : "\"",
      "whiteSpace" : false
    }, {
      "id" : "s6-t7",
      "begin" : 721,
      "end" : 733,
      "text" : "washingtondc",
      "whiteSpace" : false
    }, {
      "id" : "s6-t8",
      "begin" : 733,
      "end" : 734,
      "text" : "\"",
      "whiteSpace" : false
    }, {
      "id" : "s6-t9",
      "begin" : 734,
      "end" : 735,
      "text" : ",",
      "whiteSpace" : false
    }, {
      "id" : "s6-t10",
      "begin" : 740,
      "end" : 741,
      "text" : "\"",
      "whiteSpace" : false
    }, {
      "id" : "s6-t11",
      "begin" : 741,
      "end" : 748,
      "text" : "created",
      "whiteSpace" : false
    }, {
      "id" : "s6-t12",
      "begin" : 748,
      "end" : 749,
      "text" : "\"",
      "whiteSpace" : false
    }, {
      "id" : "s6-t13",
      "begin" : 749,
      "end" : 750,
      "text" : ":",
      "whiteSpace" : false
    }, {
      "id" : "s6-t14",
      "begin" : 751,
      "end" : 752,
      "text" : "\"",
      "whiteSpace" : false
    }, {
      "id" : "s6-t15",
      "begin" : 752,
      "end" : 776,
      "text" : "2020-04-21T04:39:58.000Z",
      "whiteSpace" : false
    }, {
      "id" : "s6-t16",
      "begin" : 776,
      "end" : 777,
      "text" : "\"",
      "whiteSpace" : false
    }, {
      "id" : "s6-t17",
      "begin" : 778,
      "end" : 779,
      "text" : "}",
      "whiteSpace" : false
    } ]
  } ],
  "mentions" : [ {
    "id" : "s2-m1",
    "properties" : {
      "SIRE_MENTION_ROLE" : "Full_Time_Employment",
      "SIRE_ENTITY_SUBTYPE" : "NONE",
      "SIRE_MENTION_TYPE" : "NONE",
      "SIRE_MENTION_CLASS" : "SPC"
    },
    "type" : "Full_Time_Employment",
    "begin" : 121,
    "end" : 151,
    "inCoref" : false
  }, {
    "id" : "s5-m1",
    "properties" : {
      "SIRE_MENTION_ROLE" : "No_Vehicle",
      "SIRE_ENTITY_SUBTYPE" : "NONE",
      "SIRE_MENTION_TYPE" : "NONE",
      "SIRE_MENTION_CLASS" : "SPC"
    },
    "type" : "No_Vehicle",
    "begin" : 560,
    "end" : 594,
    "inCoref" : false
  } ],
  "relations" : [ ],
  "corefs" : [ ],
  "typeResolved" : true,
  "userResolved" : false
}