{
  "id" : "432714e0-9592-11ea-8a2d-81b8af140d06-30",
  "name" : "dc-doc-55.txt",
  "createdDate" : 0,
  "version" : 3,
  "text" : "{\n    \"title\": \"How to cancel Washington Sports Club Membership\",\n    \"text\": \"I recently moved, and my new building has a pretty great gym (though it’s currently closed alongside every other amenity in the building). I previously had a WSC membership at the Columbia Heights location. I’ve read about them being a nightmare for cancelation before—they’ve been sued by the District twice for their billing and cancellation practices. That’s even worse now, though, with everything being closed. So, any clue on how to cancel my membership in the age of Coronavirus when every location is shuttered?\",\n    \"subreddit\": \"washingtondc\",\n    \"created\": \"2020-03-29T11:02:31.000Z\"\n}",
  "docLength" : 0,
  "language" : "EN",
  "status" : "IN_PROGRESS",
  "modifiedDate" : 1589427112926,
  "documentSet" : [ ],
  "preannotation" : [ "PRE_LW", "PRE_SIRE" ],
  "sentences" : [ {
    "id" : "s0",
    "begin" : 0,
    "end" : 217,
    "text" : "{\n    \"title\": \"How to cancel Washington Sports Club Membership\",\n    \"text\": \"I recently moved, and my new building has a pretty great gym (though it’s currently closed alongside every other amenity in the building).",
    "tokens" : [ {
      "id" : "s0-t0",
      "begin" : 0,
      "end" : 1,
      "text" : "{",
      "whiteSpace" : false
    }, {
      "id" : "s0-t1",
      "begin" : 6,
      "end" : 7,
      "text" : "\"",
      "whiteSpace" : false
    }, {
      "id" : "s0-t2",
      "begin" : 7,
      "end" : 12,
      "text" : "title",
      "whiteSpace" : false
    }, {
      "id" : "s0-t3",
      "begin" : 12,
      "end" : 13,
      "text" : "\"",
      "whiteSpace" : false
    }, {
      "id" : "s0-t4",
      "begin" : 13,
      "end" : 14,
      "text" : ":",
      "whiteSpace" : false
    }, {
      "id" : "s0-t5",
      "begin" : 15,
      "end" : 16,
      "text" : "\"",
      "whiteSpace" : false
    }, {
      "id" : "s0-t6",
      "begin" : 16,
      "end" : 19,
      "text" : "How",
      "whiteSpace" : false
    }, {
      "id" : "s0-t7",
      "begin" : 20,
      "end" : 22,
      "text" : "to",
      "whiteSpace" : false
    }, {
      "id" : "s0-t8",
      "begin" : 23,
      "end" : 29,
      "text" : "cancel",
      "whiteSpace" : false
    }, {
      "id" : "s0-t9",
      "begin" : 30,
      "end" : 40,
      "text" : "Washington",
      "whiteSpace" : false
    }, {
      "id" : "s0-t10",
      "begin" : 41,
      "end" : 47,
      "text" : "Sports",
      "whiteSpace" : false
    }, {
      "id" : "s0-t11",
      "begin" : 48,
      "end" : 52,
      "text" : "Club",
      "whiteSpace" : false
    }, {
      "id" : "s0-t12",
      "begin" : 53,
      "end" : 63,
      "text" : "Membership",
      "whiteSpace" : false
    }, {
      "id" : "s0-t13",
      "begin" : 63,
      "end" : 64,
      "text" : "\"",
      "whiteSpace" : false
    }, {
      "id" : "s0-t14",
      "begin" : 64,
      "end" : 65,
      "text" : ",",
      "whiteSpace" : false
    }, {
      "id" : "s0-t15",
      "begin" : 70,
      "end" : 71,
      "text" : "\"",
      "whiteSpace" : false
    }, {
      "id" : "s0-t16",
      "begin" : 71,
      "end" : 75,
      "text" : "text",
      "whiteSpace" : false
    }, {
      "id" : "s0-t17",
      "begin" : 75,
      "end" : 76,
      "text" : "\"",
      "whiteSpace" : false
    }, {
      "id" : "s0-t18",
      "begin" : 76,
      "end" : 77,
      "text" : ":",
      "whiteSpace" : false
    }, {
      "id" : "s0-t19",
      "begin" : 78,
      "end" : 79,
      "text" : "\"",
      "whiteSpace" : false
    }, {
      "id" : "s0-t20",
      "begin" : 79,
      "end" : 80,
      "text" : "I",
      "whiteSpace" : false
    }, {
      "id" : "s0-t21",
      "begin" : 81,
      "end" : 89,
      "text" : "recently",
      "whiteSpace" : false
    }, {
      "id" : "s0-t22",
      "begin" : 90,
      "end" : 95,
      "text" : "moved",
      "whiteSpace" : false
    }, {
      "id" : "s0-t23",
      "begin" : 95,
      "end" : 96,
      "text" : ",",
      "whiteSpace" : false
    }, {
      "id" : "s0-t24",
      "begin" : 97,
      "end" : 100,
      "text" : "and",
      "whiteSpace" : false
    }, {
      "id" : "s0-t25",
      "begin" : 101,
      "end" : 103,
      "text" : "my",
      "whiteSpace" : false
    }, {
      "id" : "s0-t26",
      "begin" : 104,
      "end" : 107,
      "text" : "new",
      "whiteSpace" : false
    }, {
      "id" : "s0-t27",
      "begin" : 108,
      "end" : 116,
      "text" : "building",
      "whiteSpace" : false
    }, {
      "id" : "s0-t28",
      "begin" : 117,
      "end" : 120,
      "text" : "has",
      "whiteSpace" : false
    }, {
      "id" : "s0-t29",
      "begin" : 121,
      "end" : 122,
      "text" : "a",
      "whiteSpace" : false
    }, {
      "id" : "s0-t30",
      "begin" : 123,
      "end" : 129,
      "text" : "pretty",
      "whiteSpace" : false
    }, {
      "id" : "s0-t31",
      "begin" : 130,
      "end" : 135,
      "text" : "great",
      "whiteSpace" : false
    }, {
      "id" : "s0-t32",
      "begin" : 136,
      "end" : 139,
      "text" : "gym",
      "whiteSpace" : false
    }, {
      "id" : "s0-t33",
      "begin" : 140,
      "end" : 141,
      "text" : "(",
      "whiteSpace" : false
    }, {
      "id" : "s0-t34",
      "begin" : 141,
      "end" : 147,
      "text" : "though",
      "whiteSpace" : false
    }, {
      "id" : "s0-t35",
      "begin" : 148,
      "end" : 150,
      "text" : "it",
      "whiteSpace" : false
    }, {
      "id" : "s0-t36",
      "begin" : 150,
      "end" : 152,
      "text" : "’s",
      "whiteSpace" : false
    }, {
      "id" : "s0-t37",
      "begin" : 153,
      "end" : 162,
      "text" : "currently",
      "whiteSpace" : false
    }, {
      "id" : "s0-t38",
      "begin" : 163,
      "end" : 169,
      "text" : "closed",
      "whiteSpace" : false
    }, {
      "id" : "s0-t39",
      "begin" : 170,
      "end" : 179,
      "text" : "alongside",
      "whiteSpace" : false
    }, {
      "id" : "s0-t40",
      "begin" : 180,
      "end" : 185,
      "text" : "every",
      "whiteSpace" : false
    }, {
      "id" : "s0-t41",
      "begin" : 186,
      "end" : 191,
      "text" : "other",
      "whiteSpace" : false
    }, {
      "id" : "s0-t42",
      "begin" : 192,
      "end" : 199,
      "text" : "amenity",
      "whiteSpace" : false
    }, {
      "id" : "s0-t43",
      "begin" : 200,
      "end" : 202,
      "text" : "in",
      "whiteSpace" : false
    }, {
      "id" : "s0-t44",
      "begin" : 203,
      "end" : 206,
      "text" : "the",
      "whiteSpace" : false
    }, {
      "id" : "s0-t45",
      "begin" : 207,
      "end" : 215,
      "text" : "building",
      "whiteSpace" : false
    }, {
      "id" : "s0-t46",
      "begin" : 215,
      "end" : 216,
      "text" : ")",
      "whiteSpace" : false
    }, {
      "id" : "s0-t47",
      "begin" : 216,
      "end" : 217,
      "text" : ".",
      "whiteSpace" : false
    } ]
  }, {
    "id" : "s1",
    "begin" : 218,
    "end" : 285,
    "text" : "I previously had a WSC membership at the Columbia Heights location.",
    "tokens" : [ {
      "id" : "s1-t0",
      "begin" : 218,
      "end" : 219,
      "text" : "I",
      "whiteSpace" : false
    }, {
      "id" : "s1-t1",
      "begin" : 220,
      "end" : 230,
      "text" : "previously",
      "whiteSpace" : false
    }, {
      "id" : "s1-t2",
      "begin" : 231,
      "end" : 234,
      "text" : "had",
      "whiteSpace" : false
    }, {
      "id" : "s1-t3",
      "begin" : 235,
      "end" : 236,
      "text" : "a",
      "whiteSpace" : false
    }, {
      "id" : "s1-t4",
      "begin" : 237,
      "end" : 240,
      "text" : "WSC",
      "whiteSpace" : false
    }, {
      "id" : "s1-t5",
      "begin" : 241,
      "end" : 251,
      "text" : "membership",
      "whiteSpace" : false
    }, {
      "id" : "s1-t6",
      "begin" : 252,
      "end" : 254,
      "text" : "at",
      "whiteSpace" : false
    }, {
      "id" : "s1-t7",
      "begin" : 255,
      "end" : 258,
      "text" : "the",
      "whiteSpace" : false
    }, {
      "id" : "s1-t8",
      "begin" : 259,
      "end" : 267,
      "text" : "Columbia",
      "whiteSpace" : false
    }, {
      "id" : "s1-t9",
      "begin" : 268,
      "end" : 275,
      "text" : "Heights",
      "whiteSpace" : false
    }, {
      "id" : "s1-t10",
      "begin" : 276,
      "end" : 284,
      "text" : "location",
      "whiteSpace" : false
    }, {
      "id" : "s1-t11",
      "begin" : 284,
      "end" : 285,
      "text" : ".",
      "whiteSpace" : false
    } ]
  }, {
    "id" : "s2",
    "begin" : 286,
    "end" : 433,
    "text" : "I’ve read about them being a nightmare for cancelation before—they’ve been sued by the District twice for their billing and cancellation practices.",
    "tokens" : [ {
      "id" : "s2-t0",
      "begin" : 286,
      "end" : 287,
      "text" : "I",
      "whiteSpace" : false
    }, {
      "id" : "s2-t1",
      "begin" : 287,
      "end" : 290,
      "text" : "’ve",
      "whiteSpace" : false
    }, {
      "id" : "s2-t2",
      "begin" : 291,
      "end" : 295,
      "text" : "read",
      "whiteSpace" : false
    }, {
      "id" : "s2-t3",
      "begin" : 296,
      "end" : 301,
      "text" : "about",
      "whiteSpace" : false
    }, {
      "id" : "s2-t4",
      "begin" : 302,
      "end" : 306,
      "text" : "them",
      "whiteSpace" : false
    }, {
      "id" : "s2-t5",
      "begin" : 307,
      "end" : 312,
      "text" : "being",
      "whiteSpace" : false
    }, {
      "id" : "s2-t6",
      "begin" : 313,
      "end" : 314,
      "text" : "a",
      "whiteSpace" : false
    }, {
      "id" : "s2-t7",
      "begin" : 315,
      "end" : 324,
      "text" : "nightmare",
      "whiteSpace" : false
    }, {
      "id" : "s2-t8",
      "begin" : 325,
      "end" : 328,
      "text" : "for",
      "whiteSpace" : false
    }, {
      "id" : "s2-t9",
      "begin" : 329,
      "end" : 340,
      "text" : "cancelation",
      "whiteSpace" : false
    }, {
      "id" : "s2-t10",
      "begin" : 341,
      "end" : 347,
      "text" : "before",
      "whiteSpace" : false
    }, {
      "id" : "s2-t11",
      "begin" : 347,
      "end" : 348,
      "text" : "—",
      "whiteSpace" : false
    }, {
      "id" : "s2-t12",
      "begin" : 348,
      "end" : 352,
      "text" : "they",
      "whiteSpace" : false
    }, {
      "id" : "s2-t13",
      "begin" : 352,
      "end" : 355,
      "text" : "’ve",
      "whiteSpace" : false
    }, {
      "id" : "s2-t14",
      "begin" : 356,
      "end" : 360,
      "text" : "been",
      "whiteSpace" : false
    }, {
      "id" : "s2-t15",
      "begin" : 361,
      "end" : 365,
      "text" : "sued",
      "whiteSpace" : false
    }, {
      "id" : "s2-t16",
      "begin" : 366,
      "end" : 368,
      "text" : "by",
      "whiteSpace" : false
    }, {
      "id" : "s2-t17",
      "begin" : 369,
      "end" : 372,
      "text" : "the",
      "whiteSpace" : false
    }, {
      "id" : "s2-t18",
      "begin" : 373,
      "end" : 381,
      "text" : "District",
      "whiteSpace" : false
    }, {
      "id" : "s2-t19",
      "begin" : 382,
      "end" : 387,
      "text" : "twice",
      "whiteSpace" : false
    }, {
      "id" : "s2-t20",
      "begin" : 388,
      "end" : 391,
      "text" : "for",
      "whiteSpace" : false
    }, {
      "id" : "s2-t21",
      "begin" : 392,
      "end" : 397,
      "text" : "their",
      "whiteSpace" : false
    }, {
      "id" : "s2-t22",
      "begin" : 398,
      "end" : 405,
      "text" : "billing",
      "whiteSpace" : false
    }, {
      "id" : "s2-t23",
      "begin" : 406,
      "end" : 409,
      "text" : "and",
      "whiteSpace" : false
    }, {
      "id" : "s2-t24",
      "begin" : 410,
      "end" : 422,
      "text" : "cancellation",
      "whiteSpace" : false
    }, {
      "id" : "s2-t25",
      "begin" : 423,
      "end" : 432,
      "text" : "practices",
      "whiteSpace" : false
    }, {
      "id" : "s2-t26",
      "begin" : 432,
      "end" : 433,
      "text" : ".",
      "whiteSpace" : false
    } ]
  }, {
    "id" : "s3",
    "begin" : 434,
    "end" : 494,
    "text" : "That’s even worse now, though, with everything being closed.",
    "tokens" : [ {
      "id" : "s3-t0",
      "begin" : 434,
      "end" : 438,
      "text" : "That",
      "whiteSpace" : false
    }, {
      "id" : "s3-t1",
      "begin" : 438,
      "end" : 440,
      "text" : "’s",
      "whiteSpace" : false
    }, {
      "id" : "s3-t2",
      "begin" : 441,
      "end" : 445,
      "text" : "even",
      "whiteSpace" : false
    }, {
      "id" : "s3-t3",
      "begin" : 446,
      "end" : 451,
      "text" : "worse",
      "whiteSpace" : false
    }, {
      "id" : "s3-t4",
      "begin" : 452,
      "end" : 455,
      "text" : "now",
      "whiteSpace" : false
    }, {
      "id" : "s3-t5",
      "begin" : 455,
      "end" : 456,
      "text" : ",",
      "whiteSpace" : false
    }, {
      "id" : "s3-t6",
      "begin" : 457,
      "end" : 463,
      "text" : "though",
      "whiteSpace" : false
    }, {
      "id" : "s3-t7",
      "begin" : 463,
      "end" : 464,
      "text" : ",",
      "whiteSpace" : false
    }, {
      "id" : "s3-t8",
      "begin" : 465,
      "end" : 469,
      "text" : "with",
      "whiteSpace" : false
    }, {
      "id" : "s3-t9",
      "begin" : 470,
      "end" : 480,
      "text" : "everything",
      "whiteSpace" : false
    }, {
      "id" : "s3-t10",
      "begin" : 481,
      "end" : 486,
      "text" : "being",
      "whiteSpace" : false
    }, {
      "id" : "s3-t11",
      "begin" : 487,
      "end" : 493,
      "text" : "closed",
      "whiteSpace" : false
    }, {
      "id" : "s3-t12",
      "begin" : 493,
      "end" : 494,
      "text" : ".",
      "whiteSpace" : false
    } ]
  }, {
    "id" : "s4",
    "begin" : 495,
    "end" : 598,
    "text" : "So, any clue on how to cancel my membership in the age of Coronavirus when every location is shuttered?",
    "tokens" : [ {
      "id" : "s4-t0",
      "begin" : 495,
      "end" : 497,
      "text" : "So",
      "whiteSpace" : false
    }, {
      "id" : "s4-t1",
      "begin" : 497,
      "end" : 498,
      "text" : ",",
      "whiteSpace" : false
    }, {
      "id" : "s4-t2",
      "begin" : 499,
      "end" : 502,
      "text" : "any",
      "whiteSpace" : false
    }, {
      "id" : "s4-t3",
      "begin" : 503,
      "end" : 507,
      "text" : "clue",
      "whiteSpace" : false
    }, {
      "id" : "s4-t4",
      "begin" : 508,
      "end" : 510,
      "text" : "on",
      "whiteSpace" : false
    }, {
      "id" : "s4-t5",
      "begin" : 511,
      "end" : 514,
      "text" : "how",
      "whiteSpace" : false
    }, {
      "id" : "s4-t6",
      "begin" : 515,
      "end" : 517,
      "text" : "to",
      "whiteSpace" : false
    }, {
      "id" : "s4-t7",
      "begin" : 518,
      "end" : 524,
      "text" : "cancel",
      "whiteSpace" : false
    }, {
      "id" : "s4-t8",
      "begin" : 525,
      "end" : 527,
      "text" : "my",
      "whiteSpace" : false
    }, {
      "id" : "s4-t9",
      "begin" : 528,
      "end" : 538,
      "text" : "membership",
      "whiteSpace" : false
    }, {
      "id" : "s4-t10",
      "begin" : 539,
      "end" : 541,
      "text" : "in",
      "whiteSpace" : false
    }, {
      "id" : "s4-t11",
      "begin" : 542,
      "end" : 545,
      "text" : "the",
      "whiteSpace" : false
    }, {
      "id" : "s4-t12",
      "begin" : 546,
      "end" : 549,
      "text" : "age",
      "whiteSpace" : false
    }, {
      "id" : "s4-t13",
      "begin" : 550,
      "end" : 552,
      "text" : "of",
      "whiteSpace" : false
    }, {
      "id" : "s4-t14",
      "begin" : 553,
      "end" : 564,
      "text" : "Coronavirus",
      "whiteSpace" : false
    }, {
      "id" : "s4-t15",
      "begin" : 565,
      "end" : 569,
      "text" : "when",
      "whiteSpace" : false
    }, {
      "id" : "s4-t16",
      "begin" : 570,
      "end" : 575,
      "text" : "every",
      "whiteSpace" : false
    }, {
      "id" : "s4-t17",
      "begin" : 576,
      "end" : 584,
      "text" : "location",
      "whiteSpace" : false
    }, {
      "id" : "s4-t18",
      "begin" : 585,
      "end" : 587,
      "text" : "is",
      "whiteSpace" : false
    }, {
      "id" : "s4-t19",
      "begin" : 588,
      "end" : 597,
      "text" : "shuttered",
      "whiteSpace" : false
    }, {
      "id" : "s4-t20",
      "begin" : 597,
      "end" : 598,
      "text" : "?",
      "whiteSpace" : false
    } ]
  }, {
    "id" : "s5",
    "begin" : 598,
    "end" : 677,
    "text" : "\",\n    \"subreddit\": \"washingtondc\",\n    \"created\": \"2020-03-29T11:02:31.000Z\"\n}",
    "tokens" : [ {
      "id" : "s5-t0",
      "begin" : 598,
      "end" : 599,
      "text" : "\"",
      "whiteSpace" : false
    }, {
      "id" : "s5-t1",
      "begin" : 599,
      "end" : 600,
      "text" : ",",
      "whiteSpace" : false
    }, {
      "id" : "s5-t2",
      "begin" : 605,
      "end" : 606,
      "text" : "\"",
      "whiteSpace" : false
    }, {
      "id" : "s5-t3",
      "begin" : 606,
      "end" : 615,
      "text" : "subreddit",
      "whiteSpace" : false
    }, {
      "id" : "s5-t4",
      "begin" : 615,
      "end" : 616,
      "text" : "\"",
      "whiteSpace" : false
    }, {
      "id" : "s5-t5",
      "begin" : 616,
      "end" : 617,
      "text" : ":",
      "whiteSpace" : false
    }, {
      "id" : "s5-t6",
      "begin" : 618,
      "end" : 619,
      "text" : "\"",
      "whiteSpace" : false
    }, {
      "id" : "s5-t7",
      "begin" : 619,
      "end" : 631,
      "text" : "washingtondc",
      "whiteSpace" : false
    }, {
      "id" : "s5-t8",
      "begin" : 631,
      "end" : 632,
      "text" : "\"",
      "whiteSpace" : false
    }, {
      "id" : "s5-t9",
      "begin" : 632,
      "end" : 633,
      "text" : ",",
      "whiteSpace" : false
    }, {
      "id" : "s5-t10",
      "begin" : 638,
      "end" : 639,
      "text" : "\"",
      "whiteSpace" : false
    }, {
      "id" : "s5-t11",
      "begin" : 639,
      "end" : 646,
      "text" : "created",
      "whiteSpace" : false
    }, {
      "id" : "s5-t12",
      "begin" : 646,
      "end" : 647,
      "text" : "\"",
      "whiteSpace" : false
    }, {
      "id" : "s5-t13",
      "begin" : 647,
      "end" : 648,
      "text" : ":",
      "whiteSpace" : false
    }, {
      "id" : "s5-t14",
      "begin" : 649,
      "end" : 650,
      "text" : "\"",
      "whiteSpace" : false
    }, {
      "id" : "s5-t15",
      "begin" : 650,
      "end" : 674,
      "text" : "2020-03-29T11:02:31.000Z",
      "whiteSpace" : false
    }, {
      "id" : "s5-t16",
      "begin" : 674,
      "end" : 675,
      "text" : "\"",
      "whiteSpace" : false
    }, {
      "id" : "s5-t17",
      "begin" : 676,
      "end" : 677,
      "text" : "}",
      "whiteSpace" : false
    } ]
  } ],
  "mentions" : [ {
    "id" : "s0-m1",
    "properties" : {
      "SIRE_MENTION_ROLE" : "Apartment_Renter",
      "SIRE_ENTITY_SUBTYPE" : "NONE",
      "SIRE_MENTION_TYPE" : "NONE",
      "SIRE_MENTION_CLASS" : "SPC"
    },
    "type" : "Apartment_Renter",
    "begin" : 101,
    "end" : 116,
    "inCoref" : false
  }, {
    "id" : "s0-m2",
    "properties" : {
      "SIRE_MENTION_ROLE" : "Apartment_Renter",
      "SIRE_ENTITY_SUBTYPE" : "NONE",
      "SIRE_MENTION_TYPE" : "NONE",
      "SIRE_MENTION_CLASS" : "SPC"
    },
    "type" : "Apartment_Renter",
    "begin" : 207,
    "end" : 215,
    "inCoref" : false
  } ],
  "relations" : [ ],
  "corefs" : [ ],
  "typeResolved" : true,
  "userResolved" : false
}