{
  "id" : "432714e0-9592-11ea-8a2d-81b8af140d06-40",
  "name" : "dc-doc-54.txt",
  "createdDate" : 0,
  "version" : 3,
  "text" : "{\n    \"title\": \"Where to donate clothes?\",\n    \"text\": \"I had to move last week as my lease ended (bad timing), so I recently cleaned out my closet. I’ve got about 5 trash bags full of men’s clothing (mostly medium sized shirts and 30/32ish sized pants). Goodwill is closed and not accepting donations. I have to go in to work this week so I can’t hit Salvation Army and they are only open during business hours. Where can I drop off a bunch of gently used clothes so they don’t go to waste?\\n\\nI also have a wood TV stand and small side board to get rid of if anyone is interested.\",\n    \"subreddit\": \"washingtondc\",\n    \"created\": \"2020-03-30T00:35:43.000Z\"\n}",
  "docLength" : 0,
  "language" : "EN",
  "status" : "READY",
  "modifiedDate" : 1589426660370,
  "documentSet" : [ ],
  "preannotation" : [ "PRE_LW", "PRE_SIRE" ],
  "sentences" : [ {
    "id" : "s0",
    "begin" : 0,
    "end" : 40,
    "text" : "{\n    \"title\": \"Where to donate clothes?",
    "tokens" : [ {
      "id" : "s0-t0",
      "begin" : 0,
      "end" : 1,
      "text" : "{",
      "whiteSpace" : false
    }, {
      "id" : "s0-t1",
      "begin" : 6,
      "end" : 7,
      "text" : "\"",
      "whiteSpace" : false
    }, {
      "id" : "s0-t2",
      "begin" : 7,
      "end" : 12,
      "text" : "title",
      "whiteSpace" : false
    }, {
      "id" : "s0-t3",
      "begin" : 12,
      "end" : 13,
      "text" : "\"",
      "whiteSpace" : false
    }, {
      "id" : "s0-t4",
      "begin" : 13,
      "end" : 14,
      "text" : ":",
      "whiteSpace" : false
    }, {
      "id" : "s0-t5",
      "begin" : 15,
      "end" : 16,
      "text" : "\"",
      "whiteSpace" : false
    }, {
      "id" : "s0-t6",
      "begin" : 16,
      "end" : 21,
      "text" : "Where",
      "whiteSpace" : false
    }, {
      "id" : "s0-t7",
      "begin" : 22,
      "end" : 24,
      "text" : "to",
      "whiteSpace" : false
    }, {
      "id" : "s0-t8",
      "begin" : 25,
      "end" : 31,
      "text" : "donate",
      "whiteSpace" : false
    }, {
      "id" : "s0-t9",
      "begin" : 32,
      "end" : 39,
      "text" : "clothes",
      "whiteSpace" : false
    }, {
      "id" : "s0-t10",
      "begin" : 39,
      "end" : 40,
      "text" : "?",
      "whiteSpace" : false
    } ]
  }, {
    "id" : "s1",
    "begin" : 40,
    "end" : 148,
    "text" : "\",\n    \"text\": \"I had to move last week as my lease ended (bad timing), so I recently cleaned out my closet.",
    "tokens" : [ {
      "id" : "s1-t0",
      "begin" : 40,
      "end" : 41,
      "text" : "\"",
      "whiteSpace" : false
    }, {
      "id" : "s1-t1",
      "begin" : 41,
      "end" : 42,
      "text" : ",",
      "whiteSpace" : false
    }, {
      "id" : "s1-t2",
      "begin" : 47,
      "end" : 48,
      "text" : "\"",
      "whiteSpace" : false
    }, {
      "id" : "s1-t3",
      "begin" : 48,
      "end" : 52,
      "text" : "text",
      "whiteSpace" : false
    }, {
      "id" : "s1-t4",
      "begin" : 52,
      "end" : 53,
      "text" : "\"",
      "whiteSpace" : false
    }, {
      "id" : "s1-t5",
      "begin" : 53,
      "end" : 54,
      "text" : ":",
      "whiteSpace" : false
    }, {
      "id" : "s1-t6",
      "begin" : 55,
      "end" : 56,
      "text" : "\"",
      "whiteSpace" : false
    }, {
      "id" : "s1-t7",
      "begin" : 56,
      "end" : 57,
      "text" : "I",
      "whiteSpace" : false
    }, {
      "id" : "s1-t8",
      "begin" : 58,
      "end" : 61,
      "text" : "had",
      "whiteSpace" : false
    }, {
      "id" : "s1-t9",
      "begin" : 62,
      "end" : 64,
      "text" : "to",
      "whiteSpace" : false
    }, {
      "id" : "s1-t10",
      "begin" : 65,
      "end" : 69,
      "text" : "move",
      "whiteSpace" : false
    }, {
      "id" : "s1-t11",
      "begin" : 70,
      "end" : 74,
      "text" : "last",
      "whiteSpace" : false
    }, {
      "id" : "s1-t12",
      "begin" : 75,
      "end" : 79,
      "text" : "week",
      "whiteSpace" : false
    }, {
      "id" : "s1-t13",
      "begin" : 80,
      "end" : 82,
      "text" : "as",
      "whiteSpace" : false
    }, {
      "id" : "s1-t14",
      "begin" : 83,
      "end" : 85,
      "text" : "my",
      "whiteSpace" : false
    }, {
      "id" : "s1-t15",
      "begin" : 86,
      "end" : 91,
      "text" : "lease",
      "whiteSpace" : false
    }, {
      "id" : "s1-t16",
      "begin" : 92,
      "end" : 97,
      "text" : "ended",
      "whiteSpace" : false
    }, {
      "id" : "s1-t17",
      "begin" : 98,
      "end" : 99,
      "text" : "(",
      "whiteSpace" : false
    }, {
      "id" : "s1-t18",
      "begin" : 99,
      "end" : 102,
      "text" : "bad",
      "whiteSpace" : false
    }, {
      "id" : "s1-t19",
      "begin" : 103,
      "end" : 109,
      "text" : "timing",
      "whiteSpace" : false
    }, {
      "id" : "s1-t20",
      "begin" : 109,
      "end" : 110,
      "text" : ")",
      "whiteSpace" : false
    }, {
      "id" : "s1-t21",
      "begin" : 110,
      "end" : 111,
      "text" : ",",
      "whiteSpace" : false
    }, {
      "id" : "s1-t22",
      "begin" : 112,
      "end" : 114,
      "text" : "so",
      "whiteSpace" : false
    }, {
      "id" : "s1-t23",
      "begin" : 115,
      "end" : 116,
      "text" : "I",
      "whiteSpace" : false
    }, {
      "id" : "s1-t24",
      "begin" : 117,
      "end" : 125,
      "text" : "recently",
      "whiteSpace" : false
    }, {
      "id" : "s1-t25",
      "begin" : 126,
      "end" : 133,
      "text" : "cleaned",
      "whiteSpace" : false
    }, {
      "id" : "s1-t26",
      "begin" : 134,
      "end" : 137,
      "text" : "out",
      "whiteSpace" : false
    }, {
      "id" : "s1-t27",
      "begin" : 138,
      "end" : 140,
      "text" : "my",
      "whiteSpace" : false
    }, {
      "id" : "s1-t28",
      "begin" : 141,
      "end" : 147,
      "text" : "closet",
      "whiteSpace" : false
    }, {
      "id" : "s1-t29",
      "begin" : 147,
      "end" : 148,
      "text" : ".",
      "whiteSpace" : false
    } ]
  }, {
    "id" : "s2",
    "begin" : 149,
    "end" : 254,
    "text" : "I’ve got about 5 trash bags full of men’s clothing (mostly medium sized shirts and 30/32ish sized pants).",
    "tokens" : [ {
      "id" : "s2-t0",
      "begin" : 149,
      "end" : 150,
      "text" : "I",
      "whiteSpace" : false
    }, {
      "id" : "s2-t1",
      "begin" : 150,
      "end" : 153,
      "text" : "’ve",
      "whiteSpace" : false
    }, {
      "id" : "s2-t2",
      "begin" : 154,
      "end" : 157,
      "text" : "got",
      "whiteSpace" : false
    }, {
      "id" : "s2-t3",
      "begin" : 158,
      "end" : 163,
      "text" : "about",
      "whiteSpace" : false
    }, {
      "id" : "s2-t4",
      "begin" : 164,
      "end" : 165,
      "text" : "5",
      "whiteSpace" : false
    }, {
      "id" : "s2-t5",
      "begin" : 166,
      "end" : 171,
      "text" : "trash",
      "whiteSpace" : false
    }, {
      "id" : "s2-t6",
      "begin" : 172,
      "end" : 176,
      "text" : "bags",
      "whiteSpace" : false
    }, {
      "id" : "s2-t7",
      "begin" : 177,
      "end" : 181,
      "text" : "full",
      "whiteSpace" : false
    }, {
      "id" : "s2-t8",
      "begin" : 182,
      "end" : 184,
      "text" : "of",
      "whiteSpace" : false
    }, {
      "id" : "s2-t9",
      "begin" : 185,
      "end" : 188,
      "text" : "men",
      "whiteSpace" : false
    }, {
      "id" : "s2-t10",
      "begin" : 188,
      "end" : 190,
      "text" : "’s",
      "whiteSpace" : false
    }, {
      "id" : "s2-t11",
      "begin" : 191,
      "end" : 199,
      "text" : "clothing",
      "whiteSpace" : false
    }, {
      "id" : "s2-t12",
      "begin" : 200,
      "end" : 201,
      "text" : "(",
      "whiteSpace" : false
    }, {
      "id" : "s2-t13",
      "begin" : 201,
      "end" : 207,
      "text" : "mostly",
      "whiteSpace" : false
    }, {
      "id" : "s2-t14",
      "begin" : 208,
      "end" : 214,
      "text" : "medium",
      "whiteSpace" : false
    }, {
      "id" : "s2-t15",
      "begin" : 215,
      "end" : 220,
      "text" : "sized",
      "whiteSpace" : false
    }, {
      "id" : "s2-t16",
      "begin" : 221,
      "end" : 227,
      "text" : "shirts",
      "whiteSpace" : false
    }, {
      "id" : "s2-t17",
      "begin" : 228,
      "end" : 231,
      "text" : "and",
      "whiteSpace" : false
    }, {
      "id" : "s2-t18",
      "begin" : 232,
      "end" : 234,
      "text" : "30",
      "whiteSpace" : false
    }, {
      "id" : "s2-t19",
      "begin" : 234,
      "end" : 240,
      "text" : "/32ish",
      "whiteSpace" : false
    }, {
      "id" : "s2-t20",
      "begin" : 241,
      "end" : 246,
      "text" : "sized",
      "whiteSpace" : false
    }, {
      "id" : "s2-t21",
      "begin" : 247,
      "end" : 252,
      "text" : "pants",
      "whiteSpace" : false
    }, {
      "id" : "s2-t22",
      "begin" : 252,
      "end" : 253,
      "text" : ")",
      "whiteSpace" : false
    }, {
      "id" : "s2-t23",
      "begin" : 253,
      "end" : 254,
      "text" : ".",
      "whiteSpace" : false
    } ]
  }, {
    "id" : "s3",
    "begin" : 255,
    "end" : 302,
    "text" : "Goodwill is closed and not accepting donations.",
    "tokens" : [ {
      "id" : "s3-t0",
      "begin" : 255,
      "end" : 263,
      "text" : "Goodwill",
      "whiteSpace" : false
    }, {
      "id" : "s3-t1",
      "begin" : 264,
      "end" : 266,
      "text" : "is",
      "whiteSpace" : false
    }, {
      "id" : "s3-t2",
      "begin" : 267,
      "end" : 273,
      "text" : "closed",
      "whiteSpace" : false
    }, {
      "id" : "s3-t3",
      "begin" : 274,
      "end" : 277,
      "text" : "and",
      "whiteSpace" : false
    }, {
      "id" : "s3-t4",
      "begin" : 278,
      "end" : 281,
      "text" : "not",
      "whiteSpace" : false
    }, {
      "id" : "s3-t5",
      "begin" : 282,
      "end" : 291,
      "text" : "accepting",
      "whiteSpace" : false
    }, {
      "id" : "s3-t6",
      "begin" : 292,
      "end" : 301,
      "text" : "donations",
      "whiteSpace" : false
    }, {
      "id" : "s3-t7",
      "begin" : 301,
      "end" : 302,
      "text" : ".",
      "whiteSpace" : false
    } ]
  }, {
    "id" : "s4",
    "begin" : 303,
    "end" : 412,
    "text" : "I have to go in to work this week so I can’t hit Salvation Army and they are only open during business hours.",
    "tokens" : [ {
      "id" : "s4-t0",
      "begin" : 303,
      "end" : 304,
      "text" : "I",
      "whiteSpace" : false
    }, {
      "id" : "s4-t1",
      "begin" : 305,
      "end" : 309,
      "text" : "have",
      "whiteSpace" : false
    }, {
      "id" : "s4-t2",
      "begin" : 310,
      "end" : 312,
      "text" : "to",
      "whiteSpace" : false
    }, {
      "id" : "s4-t3",
      "begin" : 313,
      "end" : 315,
      "text" : "go",
      "whiteSpace" : false
    }, {
      "id" : "s4-t4",
      "begin" : 316,
      "end" : 318,
      "text" : "in",
      "whiteSpace" : false
    }, {
      "id" : "s4-t5",
      "begin" : 319,
      "end" : 321,
      "text" : "to",
      "whiteSpace" : false
    }, {
      "id" : "s4-t6",
      "begin" : 322,
      "end" : 326,
      "text" : "work",
      "whiteSpace" : false
    }, {
      "id" : "s4-t7",
      "begin" : 327,
      "end" : 331,
      "text" : "this",
      "whiteSpace" : false
    }, {
      "id" : "s4-t8",
      "begin" : 332,
      "end" : 336,
      "text" : "week",
      "whiteSpace" : false
    }, {
      "id" : "s4-t9",
      "begin" : 337,
      "end" : 339,
      "text" : "so",
      "whiteSpace" : false
    }, {
      "id" : "s4-t10",
      "begin" : 340,
      "end" : 341,
      "text" : "I",
      "whiteSpace" : false
    }, {
      "id" : "s4-t11",
      "begin" : 342,
      "end" : 344,
      "text" : "ca",
      "whiteSpace" : false
    }, {
      "id" : "s4-t12",
      "begin" : 344,
      "end" : 347,
      "text" : "n’t",
      "whiteSpace" : false
    }, {
      "id" : "s4-t13",
      "begin" : 348,
      "end" : 351,
      "text" : "hit",
      "whiteSpace" : false
    }, {
      "id" : "s4-t14",
      "begin" : 352,
      "end" : 361,
      "text" : "Salvation",
      "whiteSpace" : false
    }, {
      "id" : "s4-t15",
      "begin" : 362,
      "end" : 366,
      "text" : "Army",
      "whiteSpace" : false
    }, {
      "id" : "s4-t16",
      "begin" : 367,
      "end" : 370,
      "text" : "and",
      "whiteSpace" : false
    }, {
      "id" : "s4-t17",
      "begin" : 371,
      "end" : 375,
      "text" : "they",
      "whiteSpace" : false
    }, {
      "id" : "s4-t18",
      "begin" : 376,
      "end" : 379,
      "text" : "are",
      "whiteSpace" : false
    }, {
      "id" : "s4-t19",
      "begin" : 380,
      "end" : 384,
      "text" : "only",
      "whiteSpace" : false
    }, {
      "id" : "s4-t20",
      "begin" : 385,
      "end" : 389,
      "text" : "open",
      "whiteSpace" : false
    }, {
      "id" : "s4-t21",
      "begin" : 390,
      "end" : 396,
      "text" : "during",
      "whiteSpace" : false
    }, {
      "id" : "s4-t22",
      "begin" : 397,
      "end" : 405,
      "text" : "business",
      "whiteSpace" : false
    }, {
      "id" : "s4-t23",
      "begin" : 406,
      "end" : 411,
      "text" : "hours",
      "whiteSpace" : false
    }, {
      "id" : "s4-t24",
      "begin" : 411,
      "end" : 412,
      "text" : ".",
      "whiteSpace" : false
    } ]
  }, {
    "id" : "s5",
    "begin" : 413,
    "end" : 491,
    "text" : "Where can I drop off a bunch of gently used clothes so they don’t go to waste?",
    "tokens" : [ {
      "id" : "s5-t0",
      "begin" : 413,
      "end" : 418,
      "text" : "Where",
      "whiteSpace" : false
    }, {
      "id" : "s5-t1",
      "begin" : 419,
      "end" : 422,
      "text" : "can",
      "whiteSpace" : false
    }, {
      "id" : "s5-t2",
      "begin" : 423,
      "end" : 424,
      "text" : "I",
      "whiteSpace" : false
    }, {
      "id" : "s5-t3",
      "begin" : 425,
      "end" : 429,
      "text" : "drop",
      "whiteSpace" : false
    }, {
      "id" : "s5-t4",
      "begin" : 430,
      "end" : 433,
      "text" : "off",
      "whiteSpace" : false
    }, {
      "id" : "s5-t5",
      "begin" : 434,
      "end" : 435,
      "text" : "a",
      "whiteSpace" : false
    }, {
      "id" : "s5-t6",
      "begin" : 436,
      "end" : 441,
      "text" : "bunch",
      "whiteSpace" : false
    }, {
      "id" : "s5-t7",
      "begin" : 442,
      "end" : 444,
      "text" : "of",
      "whiteSpace" : false
    }, {
      "id" : "s5-t8",
      "begin" : 445,
      "end" : 451,
      "text" : "gently",
      "whiteSpace" : false
    }, {
      "id" : "s5-t9",
      "begin" : 452,
      "end" : 456,
      "text" : "used",
      "whiteSpace" : false
    }, {
      "id" : "s5-t10",
      "begin" : 457,
      "end" : 464,
      "text" : "clothes",
      "whiteSpace" : false
    }, {
      "id" : "s5-t11",
      "begin" : 465,
      "end" : 467,
      "text" : "so",
      "whiteSpace" : false
    }, {
      "id" : "s5-t12",
      "begin" : 468,
      "end" : 472,
      "text" : "they",
      "whiteSpace" : false
    }, {
      "id" : "s5-t13",
      "begin" : 473,
      "end" : 475,
      "text" : "do",
      "whiteSpace" : false
    }, {
      "id" : "s5-t14",
      "begin" : 475,
      "end" : 478,
      "text" : "n’t",
      "whiteSpace" : false
    }, {
      "id" : "s5-t15",
      "begin" : 479,
      "end" : 481,
      "text" : "go",
      "whiteSpace" : false
    }, {
      "id" : "s5-t16",
      "begin" : 482,
      "end" : 484,
      "text" : "to",
      "whiteSpace" : false
    }, {
      "id" : "s5-t17",
      "begin" : 485,
      "end" : 490,
      "text" : "waste",
      "whiteSpace" : false
    }, {
      "id" : "s5-t18",
      "begin" : 490,
      "end" : 491,
      "text" : "?",
      "whiteSpace" : false
    } ]
  }, {
    "id" : "s6",
    "begin" : 491,
    "end" : 582,
    "text" : "\\n\\nI also have a wood TV stand and small side board to get rid of if anyone is interested.",
    "tokens" : [ {
      "id" : "s6-t0",
      "begin" : 491,
      "end" : 493,
      "text" : "\\n",
      "whiteSpace" : false
    }, {
      "id" : "s6-t1",
      "begin" : 493,
      "end" : 496,
      "text" : "\\nI",
      "whiteSpace" : false
    }, {
      "id" : "s6-t2",
      "begin" : 497,
      "end" : 501,
      "text" : "also",
      "whiteSpace" : false
    }, {
      "id" : "s6-t3",
      "begin" : 502,
      "end" : 506,
      "text" : "have",
      "whiteSpace" : false
    }, {
      "id" : "s6-t4",
      "begin" : 507,
      "end" : 508,
      "text" : "a",
      "whiteSpace" : false
    }, {
      "id" : "s6-t5",
      "begin" : 509,
      "end" : 513,
      "text" : "wood",
      "whiteSpace" : false
    }, {
      "id" : "s6-t6",
      "begin" : 514,
      "end" : 516,
      "text" : "TV",
      "whiteSpace" : false
    }, {
      "id" : "s6-t7",
      "begin" : 517,
      "end" : 522,
      "text" : "stand",
      "whiteSpace" : false
    }, {
      "id" : "s6-t8",
      "begin" : 523,
      "end" : 526,
      "text" : "and",
      "whiteSpace" : false
    }, {
      "id" : "s6-t9",
      "begin" : 527,
      "end" : 532,
      "text" : "small",
      "whiteSpace" : false
    }, {
      "id" : "s6-t10",
      "begin" : 533,
      "end" : 537,
      "text" : "side",
      "whiteSpace" : false
    }, {
      "id" : "s6-t11",
      "begin" : 538,
      "end" : 543,
      "text" : "board",
      "whiteSpace" : false
    }, {
      "id" : "s6-t12",
      "begin" : 544,
      "end" : 546,
      "text" : "to",
      "whiteSpace" : false
    }, {
      "id" : "s6-t13",
      "begin" : 547,
      "end" : 550,
      "text" : "get",
      "whiteSpace" : false
    }, {
      "id" : "s6-t14",
      "begin" : 551,
      "end" : 554,
      "text" : "rid",
      "whiteSpace" : false
    }, {
      "id" : "s6-t15",
      "begin" : 555,
      "end" : 557,
      "text" : "of",
      "whiteSpace" : false
    }, {
      "id" : "s6-t16",
      "begin" : 558,
      "end" : 560,
      "text" : "if",
      "whiteSpace" : false
    }, {
      "id" : "s6-t17",
      "begin" : 561,
      "end" : 567,
      "text" : "anyone",
      "whiteSpace" : false
    }, {
      "id" : "s6-t18",
      "begin" : 568,
      "end" : 570,
      "text" : "is",
      "whiteSpace" : false
    }, {
      "id" : "s6-t19",
      "begin" : 571,
      "end" : 581,
      "text" : "interested",
      "whiteSpace" : false
    }, {
      "id" : "s6-t20",
      "begin" : 581,
      "end" : 582,
      "text" : ".",
      "whiteSpace" : false
    } ]
  }, {
    "id" : "s7",
    "begin" : 582,
    "end" : 661,
    "text" : "\",\n    \"subreddit\": \"washingtondc\",\n    \"created\": \"2020-03-30T00:35:43.000Z\"\n}",
    "tokens" : [ {
      "id" : "s7-t0",
      "begin" : 582,
      "end" : 583,
      "text" : "\"",
      "whiteSpace" : false
    }, {
      "id" : "s7-t1",
      "begin" : 583,
      "end" : 584,
      "text" : ",",
      "whiteSpace" : false
    }, {
      "id" : "s7-t2",
      "begin" : 589,
      "end" : 590,
      "text" : "\"",
      "whiteSpace" : false
    }, {
      "id" : "s7-t3",
      "begin" : 590,
      "end" : 599,
      "text" : "subreddit",
      "whiteSpace" : false
    }, {
      "id" : "s7-t4",
      "begin" : 599,
      "end" : 600,
      "text" : "\"",
      "whiteSpace" : false
    }, {
      "id" : "s7-t5",
      "begin" : 600,
      "end" : 601,
      "text" : ":",
      "whiteSpace" : false
    }, {
      "id" : "s7-t6",
      "begin" : 602,
      "end" : 603,
      "text" : "\"",
      "whiteSpace" : false
    }, {
      "id" : "s7-t7",
      "begin" : 603,
      "end" : 615,
      "text" : "washingtondc",
      "whiteSpace" : false
    }, {
      "id" : "s7-t8",
      "begin" : 615,
      "end" : 616,
      "text" : "\"",
      "whiteSpace" : false
    }, {
      "id" : "s7-t9",
      "begin" : 616,
      "end" : 617,
      "text" : ",",
      "whiteSpace" : false
    }, {
      "id" : "s7-t10",
      "begin" : 622,
      "end" : 623,
      "text" : "\"",
      "whiteSpace" : false
    }, {
      "id" : "s7-t11",
      "begin" : 623,
      "end" : 630,
      "text" : "created",
      "whiteSpace" : false
    }, {
      "id" : "s7-t12",
      "begin" : 630,
      "end" : 631,
      "text" : "\"",
      "whiteSpace" : false
    }, {
      "id" : "s7-t13",
      "begin" : 631,
      "end" : 632,
      "text" : ":",
      "whiteSpace" : false
    }, {
      "id" : "s7-t14",
      "begin" : 633,
      "end" : 634,
      "text" : "\"",
      "whiteSpace" : false
    }, {
      "id" : "s7-t15",
      "begin" : 634,
      "end" : 658,
      "text" : "2020-03-30T00:35:43.000Z",
      "whiteSpace" : false
    }, {
      "id" : "s7-t16",
      "begin" : 658,
      "end" : 659,
      "text" : "\"",
      "whiteSpace" : false
    }, {
      "id" : "s7-t17",
      "begin" : 660,
      "end" : 661,
      "text" : "}",
      "whiteSpace" : false
    } ]
  } ],
  "mentions" : [ {
    "id" : "m1",
    "source" : "PREANNOTATION",
    "properties" : {
      "SIRE_ENTITY_SUBTYPE" : "NONE",
      "SIRE_MENTION_ROLE" : "Apartment_Renter",
      "SIRE_MENTION_TYPE" : "NONE",
      "SIRE_MENTION_CLASS" : "SPC"
    },
    "type" : "Apartment_Renter",
    "begin" : 86,
    "end" : 91,
    "inCoref" : false
  } ],
  "relations" : [ ],
  "corefs" : [ ],
  "typeResolved" : true,
  "userResolved" : false
}