{
  "id" : "432714e0-9592-11ea-8a2d-81b8af140d06-55",
  "name" : "dc-doc-40.txt",
  "createdDate" : 0,
  "version" : 3,
  "text" : "{\n    \"title\": \"UMUC Global Campus?\",\n    \"text\": \"My wife is looking to get her bachelors in criminal justice. She has a low GPA and they will accept her. She has a good job, just wants a degree to possibly get a higher paying one. \\n\\nDoes anyone have any info on if the school is good or not? Know anyone that went there? \\n\\nAny info would be great. \\n\\nThanks!\",\n    \"subreddit\": \"washingtondc\",\n    \"created\": \"2020-04-04T04:20:32.000Z\"\n}",
  "docLength" : 0,
  "language" : "EN",
  "status" : "IN_PROGRESS",
  "modifiedDate" : 1589429014329,
  "documentSet" : [ ],
  "preannotation" : [ "PRE_LW", "PRE_SIRE" ],
  "sentences" : [ {
    "id" : "s0",
    "begin" : 0,
    "end" : 35,
    "text" : "{\n    \"title\": \"UMUC Global Campus?",
    "tokens" : [ {
      "id" : "s0-t0",
      "begin" : 0,
      "end" : 1,
      "text" : "{",
      "whiteSpace" : false
    }, {
      "id" : "s0-t1",
      "begin" : 6,
      "end" : 7,
      "text" : "\"",
      "whiteSpace" : false
    }, {
      "id" : "s0-t2",
      "begin" : 7,
      "end" : 12,
      "text" : "title",
      "whiteSpace" : false
    }, {
      "id" : "s0-t3",
      "begin" : 12,
      "end" : 13,
      "text" : "\"",
      "whiteSpace" : false
    }, {
      "id" : "s0-t4",
      "begin" : 13,
      "end" : 14,
      "text" : ":",
      "whiteSpace" : false
    }, {
      "id" : "s0-t5",
      "begin" : 15,
      "end" : 16,
      "text" : "\"",
      "whiteSpace" : false
    }, {
      "id" : "s0-t6",
      "begin" : 16,
      "end" : 20,
      "text" : "UMUC",
      "whiteSpace" : false
    }, {
      "id" : "s0-t7",
      "begin" : 21,
      "end" : 27,
      "text" : "Global",
      "whiteSpace" : false
    }, {
      "id" : "s0-t8",
      "begin" : 28,
      "end" : 34,
      "text" : "Campus",
      "whiteSpace" : false
    }, {
      "id" : "s0-t9",
      "begin" : 34,
      "end" : 35,
      "text" : "?",
      "whiteSpace" : false
    } ]
  }, {
    "id" : "s1",
    "begin" : 35,
    "end" : 111,
    "text" : "\",\n    \"text\": \"My wife is looking to get her bachelors in criminal justice.",
    "tokens" : [ {
      "id" : "s1-t0",
      "begin" : 35,
      "end" : 36,
      "text" : "\"",
      "whiteSpace" : false
    }, {
      "id" : "s1-t1",
      "begin" : 36,
      "end" : 37,
      "text" : ",",
      "whiteSpace" : false
    }, {
      "id" : "s1-t2",
      "begin" : 42,
      "end" : 43,
      "text" : "\"",
      "whiteSpace" : false
    }, {
      "id" : "s1-t3",
      "begin" : 43,
      "end" : 47,
      "text" : "text",
      "whiteSpace" : false
    }, {
      "id" : "s1-t4",
      "begin" : 47,
      "end" : 48,
      "text" : "\"",
      "whiteSpace" : false
    }, {
      "id" : "s1-t5",
      "begin" : 48,
      "end" : 49,
      "text" : ":",
      "whiteSpace" : false
    }, {
      "id" : "s1-t6",
      "begin" : 50,
      "end" : 51,
      "text" : "\"",
      "whiteSpace" : false
    }, {
      "id" : "s1-t7",
      "begin" : 51,
      "end" : 53,
      "text" : "My",
      "whiteSpace" : false
    }, {
      "id" : "s1-t8",
      "begin" : 54,
      "end" : 58,
      "text" : "wife",
      "whiteSpace" : false
    }, {
      "id" : "s1-t9",
      "begin" : 59,
      "end" : 61,
      "text" : "is",
      "whiteSpace" : false
    }, {
      "id" : "s1-t10",
      "begin" : 62,
      "end" : 69,
      "text" : "looking",
      "whiteSpace" : false
    }, {
      "id" : "s1-t11",
      "begin" : 70,
      "end" : 72,
      "text" : "to",
      "whiteSpace" : false
    }, {
      "id" : "s1-t12",
      "begin" : 73,
      "end" : 76,
      "text" : "get",
      "whiteSpace" : false
    }, {
      "id" : "s1-t13",
      "begin" : 77,
      "end" : 80,
      "text" : "her",
      "whiteSpace" : false
    }, {
      "id" : "s1-t14",
      "begin" : 81,
      "end" : 90,
      "text" : "bachelors",
      "whiteSpace" : false
    }, {
      "id" : "s1-t15",
      "begin" : 91,
      "end" : 93,
      "text" : "in",
      "whiteSpace" : false
    }, {
      "id" : "s1-t16",
      "begin" : 94,
      "end" : 102,
      "text" : "criminal",
      "whiteSpace" : false
    }, {
      "id" : "s1-t17",
      "begin" : 103,
      "end" : 110,
      "text" : "justice",
      "whiteSpace" : false
    }, {
      "id" : "s1-t18",
      "begin" : 110,
      "end" : 111,
      "text" : ".",
      "whiteSpace" : false
    } ]
  }, {
    "id" : "s2",
    "begin" : 112,
    "end" : 155,
    "text" : "She has a low GPA and they will accept her.",
    "tokens" : [ {
      "id" : "s2-t0",
      "begin" : 112,
      "end" : 115,
      "text" : "She",
      "whiteSpace" : false
    }, {
      "id" : "s2-t1",
      "begin" : 116,
      "end" : 119,
      "text" : "has",
      "whiteSpace" : false
    }, {
      "id" : "s2-t2",
      "begin" : 120,
      "end" : 121,
      "text" : "a",
      "whiteSpace" : false
    }, {
      "id" : "s2-t3",
      "begin" : 122,
      "end" : 125,
      "text" : "low",
      "whiteSpace" : false
    }, {
      "id" : "s2-t4",
      "begin" : 126,
      "end" : 129,
      "text" : "GPA",
      "whiteSpace" : false
    }, {
      "id" : "s2-t5",
      "begin" : 130,
      "end" : 133,
      "text" : "and",
      "whiteSpace" : false
    }, {
      "id" : "s2-t6",
      "begin" : 134,
      "end" : 138,
      "text" : "they",
      "whiteSpace" : false
    }, {
      "id" : "s2-t7",
      "begin" : 139,
      "end" : 143,
      "text" : "will",
      "whiteSpace" : false
    }, {
      "id" : "s2-t8",
      "begin" : 144,
      "end" : 150,
      "text" : "accept",
      "whiteSpace" : false
    }, {
      "id" : "s2-t9",
      "begin" : 151,
      "end" : 154,
      "text" : "her",
      "whiteSpace" : false
    }, {
      "id" : "s2-t10",
      "begin" : 154,
      "end" : 155,
      "text" : ".",
      "whiteSpace" : false
    } ]
  }, {
    "id" : "s3",
    "begin" : 156,
    "end" : 232,
    "text" : "She has a good job, just wants a degree to possibly get a higher paying one.",
    "tokens" : [ {
      "id" : "s3-t0",
      "begin" : 156,
      "end" : 159,
      "text" : "She",
      "whiteSpace" : false
    }, {
      "id" : "s3-t1",
      "begin" : 160,
      "end" : 163,
      "text" : "has",
      "whiteSpace" : false
    }, {
      "id" : "s3-t2",
      "begin" : 164,
      "end" : 165,
      "text" : "a",
      "whiteSpace" : false
    }, {
      "id" : "s3-t3",
      "begin" : 166,
      "end" : 170,
      "text" : "good",
      "whiteSpace" : false
    }, {
      "id" : "s3-t4",
      "begin" : 171,
      "end" : 174,
      "text" : "job",
      "whiteSpace" : false
    }, {
      "id" : "s3-t5",
      "begin" : 174,
      "end" : 175,
      "text" : ",",
      "whiteSpace" : false
    }, {
      "id" : "s3-t6",
      "begin" : 176,
      "end" : 180,
      "text" : "just",
      "whiteSpace" : false
    }, {
      "id" : "s3-t7",
      "begin" : 181,
      "end" : 186,
      "text" : "wants",
      "whiteSpace" : false
    }, {
      "id" : "s3-t8",
      "begin" : 187,
      "end" : 188,
      "text" : "a",
      "whiteSpace" : false
    }, {
      "id" : "s3-t9",
      "begin" : 189,
      "end" : 195,
      "text" : "degree",
      "whiteSpace" : false
    }, {
      "id" : "s3-t10",
      "begin" : 196,
      "end" : 198,
      "text" : "to",
      "whiteSpace" : false
    }, {
      "id" : "s3-t11",
      "begin" : 199,
      "end" : 207,
      "text" : "possibly",
      "whiteSpace" : false
    }, {
      "id" : "s3-t12",
      "begin" : 208,
      "end" : 211,
      "text" : "get",
      "whiteSpace" : false
    }, {
      "id" : "s3-t13",
      "begin" : 212,
      "end" : 213,
      "text" : "a",
      "whiteSpace" : false
    }, {
      "id" : "s3-t14",
      "begin" : 214,
      "end" : 220,
      "text" : "higher",
      "whiteSpace" : false
    }, {
      "id" : "s3-t15",
      "begin" : 221,
      "end" : 227,
      "text" : "paying",
      "whiteSpace" : false
    }, {
      "id" : "s3-t16",
      "begin" : 228,
      "end" : 231,
      "text" : "one",
      "whiteSpace" : false
    }, {
      "id" : "s3-t17",
      "begin" : 231,
      "end" : 232,
      "text" : ".",
      "whiteSpace" : false
    } ]
  }, {
    "id" : "s4",
    "begin" : 233,
    "end" : 295,
    "text" : "\\n\\nDoes anyone have any info on if the school is good or not?",
    "tokens" : [ {
      "id" : "s4-t0",
      "begin" : 233,
      "end" : 235,
      "text" : "\\n",
      "whiteSpace" : false
    }, {
      "id" : "s4-t1",
      "begin" : 235,
      "end" : 241,
      "text" : "\\nDoes",
      "whiteSpace" : false
    }, {
      "id" : "s4-t2",
      "begin" : 242,
      "end" : 248,
      "text" : "anyone",
      "whiteSpace" : false
    }, {
      "id" : "s4-t3",
      "begin" : 249,
      "end" : 253,
      "text" : "have",
      "whiteSpace" : false
    }, {
      "id" : "s4-t4",
      "begin" : 254,
      "end" : 257,
      "text" : "any",
      "whiteSpace" : false
    }, {
      "id" : "s4-t5",
      "begin" : 258,
      "end" : 262,
      "text" : "info",
      "whiteSpace" : false
    }, {
      "id" : "s4-t6",
      "begin" : 263,
      "end" : 265,
      "text" : "on",
      "whiteSpace" : false
    }, {
      "id" : "s4-t7",
      "begin" : 266,
      "end" : 268,
      "text" : "if",
      "whiteSpace" : false
    }, {
      "id" : "s4-t8",
      "begin" : 269,
      "end" : 272,
      "text" : "the",
      "whiteSpace" : false
    }, {
      "id" : "s4-t9",
      "begin" : 273,
      "end" : 279,
      "text" : "school",
      "whiteSpace" : false
    }, {
      "id" : "s4-t10",
      "begin" : 280,
      "end" : 282,
      "text" : "is",
      "whiteSpace" : false
    }, {
      "id" : "s4-t11",
      "begin" : 283,
      "end" : 287,
      "text" : "good",
      "whiteSpace" : false
    }, {
      "id" : "s4-t12",
      "begin" : 288,
      "end" : 290,
      "text" : "or",
      "whiteSpace" : false
    }, {
      "id" : "s4-t13",
      "begin" : 291,
      "end" : 294,
      "text" : "not",
      "whiteSpace" : false
    }, {
      "id" : "s4-t14",
      "begin" : 294,
      "end" : 295,
      "text" : "?",
      "whiteSpace" : false
    } ]
  }, {
    "id" : "s5",
    "begin" : 296,
    "end" : 324,
    "text" : "Know anyone that went there?",
    "tokens" : [ {
      "id" : "s5-t0",
      "begin" : 296,
      "end" : 300,
      "text" : "Know",
      "whiteSpace" : false
    }, {
      "id" : "s5-t1",
      "begin" : 301,
      "end" : 307,
      "text" : "anyone",
      "whiteSpace" : false
    }, {
      "id" : "s5-t2",
      "begin" : 308,
      "end" : 312,
      "text" : "that",
      "whiteSpace" : false
    }, {
      "id" : "s5-t3",
      "begin" : 313,
      "end" : 317,
      "text" : "went",
      "whiteSpace" : false
    }, {
      "id" : "s5-t4",
      "begin" : 318,
      "end" : 323,
      "text" : "there",
      "whiteSpace" : false
    }, {
      "id" : "s5-t5",
      "begin" : 323,
      "end" : 324,
      "text" : "?",
      "whiteSpace" : false
    } ]
  }, {
    "id" : "s6",
    "begin" : 325,
    "end" : 353,
    "text" : "\\n\\nAny info would be great.",
    "tokens" : [ {
      "id" : "s6-t0",
      "begin" : 325,
      "end" : 327,
      "text" : "\\n",
      "whiteSpace" : false
    }, {
      "id" : "s6-t1",
      "begin" : 327,
      "end" : 332,
      "text" : "\\nAny",
      "whiteSpace" : false
    }, {
      "id" : "s6-t2",
      "begin" : 333,
      "end" : 337,
      "text" : "info",
      "whiteSpace" : false
    }, {
      "id" : "s6-t3",
      "begin" : 338,
      "end" : 343,
      "text" : "would",
      "whiteSpace" : false
    }, {
      "id" : "s6-t4",
      "begin" : 344,
      "end" : 346,
      "text" : "be",
      "whiteSpace" : false
    }, {
      "id" : "s6-t5",
      "begin" : 347,
      "end" : 352,
      "text" : "great",
      "whiteSpace" : false
    }, {
      "id" : "s6-t6",
      "begin" : 352,
      "end" : 353,
      "text" : ".",
      "whiteSpace" : false
    } ]
  }, {
    "id" : "s7",
    "begin" : 354,
    "end" : 444,
    "text" : "\\n\\nThanks!\",\n    \"subreddit\": \"washingtondc\",\n    \"created\": \"2020-04-04T04:20:32.000Z\"\n}",
    "tokens" : [ {
      "id" : "s7-t0",
      "begin" : 354,
      "end" : 356,
      "text" : "\\n",
      "whiteSpace" : false
    }, {
      "id" : "s7-t1",
      "begin" : 356,
      "end" : 365,
      "text" : "\\nThanks!",
      "whiteSpace" : false
    }, {
      "id" : "s7-t2",
      "begin" : 365,
      "end" : 366,
      "text" : "\"",
      "whiteSpace" : false
    }, {
      "id" : "s7-t3",
      "begin" : 366,
      "end" : 367,
      "text" : ",",
      "whiteSpace" : false
    }, {
      "id" : "s7-t4",
      "begin" : 372,
      "end" : 382,
      "text" : "\"subreddit",
      "whiteSpace" : false
    }, {
      "id" : "s7-t5",
      "begin" : 382,
      "end" : 383,
      "text" : "\"",
      "whiteSpace" : false
    }, {
      "id" : "s7-t6",
      "begin" : 383,
      "end" : 384,
      "text" : ":",
      "whiteSpace" : false
    }, {
      "id" : "s7-t7",
      "begin" : 385,
      "end" : 386,
      "text" : "\"",
      "whiteSpace" : false
    }, {
      "id" : "s7-t8",
      "begin" : 386,
      "end" : 398,
      "text" : "washingtondc",
      "whiteSpace" : false
    }, {
      "id" : "s7-t9",
      "begin" : 398,
      "end" : 399,
      "text" : "\"",
      "whiteSpace" : false
    }, {
      "id" : "s7-t10",
      "begin" : 399,
      "end" : 400,
      "text" : ",",
      "whiteSpace" : false
    }, {
      "id" : "s7-t11",
      "begin" : 405,
      "end" : 406,
      "text" : "\"",
      "whiteSpace" : false
    }, {
      "id" : "s7-t12",
      "begin" : 406,
      "end" : 413,
      "text" : "created",
      "whiteSpace" : false
    }, {
      "id" : "s7-t13",
      "begin" : 413,
      "end" : 414,
      "text" : "\"",
      "whiteSpace" : false
    }, {
      "id" : "s7-t14",
      "begin" : 414,
      "end" : 415,
      "text" : ":",
      "whiteSpace" : false
    }, {
      "id" : "s7-t15",
      "begin" : 416,
      "end" : 417,
      "text" : "\"",
      "whiteSpace" : false
    }, {
      "id" : "s7-t16",
      "begin" : 417,
      "end" : 441,
      "text" : "2020-04-04T04:20:32.000Z",
      "whiteSpace" : false
    }, {
      "id" : "s7-t17",
      "begin" : 441,
      "end" : 442,
      "text" : "\"",
      "whiteSpace" : false
    }, {
      "id" : "s7-t18",
      "begin" : 443,
      "end" : 444,
      "text" : "}",
      "whiteSpace" : false
    } ]
  } ],
  "mentions" : [ {
    "id" : "s1-m1",
    "properties" : {
      "SIRE_MENTION_ROLE" : "University_Student",
      "SIRE_ENTITY_SUBTYPE" : "NONE",
      "SIRE_MENTION_TYPE" : "NONE",
      "SIRE_MENTION_CLASS" : "SPC"
    },
    "type" : "University_Student",
    "begin" : 73,
    "end" : 110,
    "inCoref" : false
  }, {
    "id" : "s3-m1",
    "properties" : {
      "SIRE_MENTION_ROLE" : "Full_Time_Employment",
      "SIRE_ENTITY_SUBTYPE" : "NONE",
      "SIRE_MENTION_TYPE" : "NONE",
      "SIRE_MENTION_CLASS" : "SPC"
    },
    "type" : "Full_Time_Employment",
    "begin" : 166,
    "end" : 174,
    "inCoref" : false
  } ],
  "relations" : [ ],
  "corefs" : [ ],
  "typeResolved" : true,
  "userResolved" : false
}