{
  "id" : "432714e0-9592-11ea-8a2d-81b8af140d06-64",
  "name" : "dc-doc-31.txt",
  "createdDate" : 0,
  "version" : 3,
  "text" : "{\n    \"title\": \"Moving for Grad School - NoMa vs. Logan/Dupont Circle\",\n    \"text\": \"I’m moving to DC for grad school in a few months (GW), and I’m trying to decide between living in NoMa or Dupont/Logan Circle area. \\n\\nFor my price range, the quality of apartments seems to vary drastically - my dollar goes a lot further in NoMa than it does in Logan and Dupont (I understand they’re not cheap areas). But Logan and Dupont are much closer (i.e. walking distance) which I’d prefer. It’s also my understanding that Logan Circle and Dupont Circle are “trendier” areas with more nightlife and things to do and NoMa doesn’t have much going on. \\n\\nI’ll be a grad student and working part time so I won’t have tons of time on my hands, but I definitely want to enjoy DC as much as I can (I did my undergrad in the area so I’m somewhat familiar with DC). \\n\\nCan anyone offer this perspective or experience?\\n\\nEdit: when I say my dollar goes further, I’m referring to some basic amenities like a dishwasher and in-unit washer/dryer (things I’ve gotten spoiled to).\",\n    \"subreddit\": \"washingtondc\",\n    \"created\": \"2020-04-08T05:26:59.000Z\"\n}",
  "docLength" : 0,
  "language" : "EN",
  "status" : "IN_PROGRESS",
  "modifiedDate" : 1589431549691,
  "documentSet" : [ ],
  "preannotation" : [ "PRE_LW", "PRE_SIRE" ],
  "sentences" : [ {
    "id" : "s0",
    "begin" : 0,
    "end" : 216,
    "text" : "{\n    \"title\": \"Moving for Grad School - NoMa vs. Logan/Dupont Circle\",\n    \"text\": \"I’m moving to DC for grad school in a few months (GW), and I’m trying to decide between living in NoMa or Dupont/Logan Circle area.",
    "tokens" : [ {
      "id" : "s0-t0",
      "begin" : 0,
      "end" : 1,
      "text" : "{",
      "whiteSpace" : false
    }, {
      "id" : "s0-t1",
      "begin" : 6,
      "end" : 7,
      "text" : "\"",
      "whiteSpace" : false
    }, {
      "id" : "s0-t2",
      "begin" : 7,
      "end" : 12,
      "text" : "title",
      "whiteSpace" : false
    }, {
      "id" : "s0-t3",
      "begin" : 12,
      "end" : 13,
      "text" : "\"",
      "whiteSpace" : false
    }, {
      "id" : "s0-t4",
      "begin" : 13,
      "end" : 14,
      "text" : ":",
      "whiteSpace" : false
    }, {
      "id" : "s0-t5",
      "begin" : 15,
      "end" : 16,
      "text" : "\"",
      "whiteSpace" : false
    }, {
      "id" : "s0-t6",
      "begin" : 16,
      "end" : 22,
      "text" : "Moving",
      "whiteSpace" : false
    }, {
      "id" : "s0-t7",
      "begin" : 23,
      "end" : 26,
      "text" : "for",
      "whiteSpace" : false
    }, {
      "id" : "s0-t8",
      "begin" : 27,
      "end" : 31,
      "text" : "Grad",
      "whiteSpace" : false
    }, {
      "id" : "s0-t9",
      "begin" : 32,
      "end" : 38,
      "text" : "School",
      "whiteSpace" : false
    }, {
      "id" : "s0-t10",
      "begin" : 39,
      "end" : 40,
      "text" : "-",
      "whiteSpace" : false
    }, {
      "id" : "s0-t11",
      "begin" : 41,
      "end" : 45,
      "text" : "NoMa",
      "whiteSpace" : false
    }, {
      "id" : "s0-t12",
      "begin" : 46,
      "end" : 49,
      "text" : "vs.",
      "whiteSpace" : false
    }, {
      "id" : "s0-t13",
      "begin" : 50,
      "end" : 55,
      "text" : "Logan",
      "whiteSpace" : false
    }, {
      "id" : "s0-t14",
      "begin" : 55,
      "end" : 56,
      "text" : "/",
      "whiteSpace" : false
    }, {
      "id" : "s0-t15",
      "begin" : 56,
      "end" : 62,
      "text" : "Dupont",
      "whiteSpace" : false
    }, {
      "id" : "s0-t16",
      "begin" : 63,
      "end" : 69,
      "text" : "Circle",
      "whiteSpace" : false
    }, {
      "id" : "s0-t17",
      "begin" : 69,
      "end" : 70,
      "text" : "\"",
      "whiteSpace" : false
    }, {
      "id" : "s0-t18",
      "begin" : 70,
      "end" : 71,
      "text" : ",",
      "whiteSpace" : false
    }, {
      "id" : "s0-t19",
      "begin" : 76,
      "end" : 77,
      "text" : "\"",
      "whiteSpace" : false
    }, {
      "id" : "s0-t20",
      "begin" : 77,
      "end" : 81,
      "text" : "text",
      "whiteSpace" : false
    }, {
      "id" : "s0-t21",
      "begin" : 81,
      "end" : 82,
      "text" : "\"",
      "whiteSpace" : false
    }, {
      "id" : "s0-t22",
      "begin" : 82,
      "end" : 83,
      "text" : ":",
      "whiteSpace" : false
    }, {
      "id" : "s0-t23",
      "begin" : 84,
      "end" : 85,
      "text" : "\"",
      "whiteSpace" : false
    }, {
      "id" : "s0-t24",
      "begin" : 85,
      "end" : 86,
      "text" : "I",
      "whiteSpace" : false
    }, {
      "id" : "s0-t25",
      "begin" : 86,
      "end" : 88,
      "text" : "’m",
      "whiteSpace" : false
    }, {
      "id" : "s0-t26",
      "begin" : 89,
      "end" : 95,
      "text" : "moving",
      "whiteSpace" : false
    }, {
      "id" : "s0-t27",
      "begin" : 96,
      "end" : 98,
      "text" : "to",
      "whiteSpace" : false
    }, {
      "id" : "s0-t28",
      "begin" : 99,
      "end" : 101,
      "text" : "DC",
      "whiteSpace" : false
    }, {
      "id" : "s0-t29",
      "begin" : 102,
      "end" : 105,
      "text" : "for",
      "whiteSpace" : false
    }, {
      "id" : "s0-t30",
      "begin" : 106,
      "end" : 110,
      "text" : "grad",
      "whiteSpace" : false
    }, {
      "id" : "s0-t31",
      "begin" : 111,
      "end" : 117,
      "text" : "school",
      "whiteSpace" : false
    }, {
      "id" : "s0-t32",
      "begin" : 118,
      "end" : 120,
      "text" : "in",
      "whiteSpace" : false
    }, {
      "id" : "s0-t33",
      "begin" : 121,
      "end" : 122,
      "text" : "a",
      "whiteSpace" : false
    }, {
      "id" : "s0-t34",
      "begin" : 123,
      "end" : 126,
      "text" : "few",
      "whiteSpace" : false
    }, {
      "id" : "s0-t35",
      "begin" : 127,
      "end" : 133,
      "text" : "months",
      "whiteSpace" : false
    }, {
      "id" : "s0-t36",
      "begin" : 134,
      "end" : 135,
      "text" : "(",
      "whiteSpace" : false
    }, {
      "id" : "s0-t37",
      "begin" : 135,
      "end" : 137,
      "text" : "GW",
      "whiteSpace" : false
    }, {
      "id" : "s0-t38",
      "begin" : 137,
      "end" : 138,
      "text" : ")",
      "whiteSpace" : false
    }, {
      "id" : "s0-t39",
      "begin" : 138,
      "end" : 139,
      "text" : ",",
      "whiteSpace" : false
    }, {
      "id" : "s0-t40",
      "begin" : 140,
      "end" : 143,
      "text" : "and",
      "whiteSpace" : false
    }, {
      "id" : "s0-t41",
      "begin" : 144,
      "end" : 145,
      "text" : "I",
      "whiteSpace" : false
    }, {
      "id" : "s0-t42",
      "begin" : 145,
      "end" : 147,
      "text" : "’m",
      "whiteSpace" : false
    }, {
      "id" : "s0-t43",
      "begin" : 148,
      "end" : 154,
      "text" : "trying",
      "whiteSpace" : false
    }, {
      "id" : "s0-t44",
      "begin" : 155,
      "end" : 157,
      "text" : "to",
      "whiteSpace" : false
    }, {
      "id" : "s0-t45",
      "begin" : 158,
      "end" : 164,
      "text" : "decide",
      "whiteSpace" : false
    }, {
      "id" : "s0-t46",
      "begin" : 165,
      "end" : 172,
      "text" : "between",
      "whiteSpace" : false
    }, {
      "id" : "s0-t47",
      "begin" : 173,
      "end" : 179,
      "text" : "living",
      "whiteSpace" : false
    }, {
      "id" : "s0-t48",
      "begin" : 180,
      "end" : 182,
      "text" : "in",
      "whiteSpace" : false
    }, {
      "id" : "s0-t49",
      "begin" : 183,
      "end" : 187,
      "text" : "NoMa",
      "whiteSpace" : false
    }, {
      "id" : "s0-t50",
      "begin" : 188,
      "end" : 190,
      "text" : "or",
      "whiteSpace" : false
    }, {
      "id" : "s0-t51",
      "begin" : 191,
      "end" : 197,
      "text" : "Dupont",
      "whiteSpace" : false
    }, {
      "id" : "s0-t52",
      "begin" : 197,
      "end" : 198,
      "text" : "/",
      "whiteSpace" : false
    }, {
      "id" : "s0-t53",
      "begin" : 198,
      "end" : 203,
      "text" : "Logan",
      "whiteSpace" : false
    }, {
      "id" : "s0-t54",
      "begin" : 204,
      "end" : 210,
      "text" : "Circle",
      "whiteSpace" : false
    }, {
      "id" : "s0-t55",
      "begin" : 211,
      "end" : 215,
      "text" : "area",
      "whiteSpace" : false
    }, {
      "id" : "s0-t56",
      "begin" : 215,
      "end" : 216,
      "text" : ".",
      "whiteSpace" : false
    } ]
  }, {
    "id" : "s1",
    "begin" : 217,
    "end" : 404,
    "text" : "\\n\\nFor my price range, the quality of apartments seems to vary drastically - my dollar goes a lot further in NoMa than it does in Logan and Dupont (I understand they’re not cheap areas).",
    "tokens" : [ {
      "id" : "s1-t0",
      "begin" : 217,
      "end" : 219,
      "text" : "\\n",
      "whiteSpace" : false
    }, {
      "id" : "s1-t1",
      "begin" : 219,
      "end" : 224,
      "text" : "\\nFor",
      "whiteSpace" : false
    }, {
      "id" : "s1-t2",
      "begin" : 225,
      "end" : 227,
      "text" : "my",
      "whiteSpace" : false
    }, {
      "id" : "s1-t3",
      "begin" : 228,
      "end" : 233,
      "text" : "price",
      "whiteSpace" : false
    }, {
      "id" : "s1-t4",
      "begin" : 234,
      "end" : 239,
      "text" : "range",
      "whiteSpace" : false
    }, {
      "id" : "s1-t5",
      "begin" : 239,
      "end" : 240,
      "text" : ",",
      "whiteSpace" : false
    }, {
      "id" : "s1-t6",
      "begin" : 241,
      "end" : 244,
      "text" : "the",
      "whiteSpace" : false
    }, {
      "id" : "s1-t7",
      "begin" : 245,
      "end" : 252,
      "text" : "quality",
      "whiteSpace" : false
    }, {
      "id" : "s1-t8",
      "begin" : 253,
      "end" : 255,
      "text" : "of",
      "whiteSpace" : false
    }, {
      "id" : "s1-t9",
      "begin" : 256,
      "end" : 266,
      "text" : "apartments",
      "whiteSpace" : false
    }, {
      "id" : "s1-t10",
      "begin" : 267,
      "end" : 272,
      "text" : "seems",
      "whiteSpace" : false
    }, {
      "id" : "s1-t11",
      "begin" : 273,
      "end" : 275,
      "text" : "to",
      "whiteSpace" : false
    }, {
      "id" : "s1-t12",
      "begin" : 276,
      "end" : 280,
      "text" : "vary",
      "whiteSpace" : false
    }, {
      "id" : "s1-t13",
      "begin" : 281,
      "end" : 292,
      "text" : "drastically",
      "whiteSpace" : false
    }, {
      "id" : "s1-t14",
      "begin" : 293,
      "end" : 294,
      "text" : "-",
      "whiteSpace" : false
    }, {
      "id" : "s1-t15",
      "begin" : 295,
      "end" : 297,
      "text" : "my",
      "whiteSpace" : false
    }, {
      "id" : "s1-t16",
      "begin" : 298,
      "end" : 304,
      "text" : "dollar",
      "whiteSpace" : false
    }, {
      "id" : "s1-t17",
      "begin" : 305,
      "end" : 309,
      "text" : "goes",
      "whiteSpace" : false
    }, {
      "id" : "s1-t18",
      "begin" : 310,
      "end" : 311,
      "text" : "a",
      "whiteSpace" : false
    }, {
      "id" : "s1-t19",
      "begin" : 312,
      "end" : 315,
      "text" : "lot",
      "whiteSpace" : false
    }, {
      "id" : "s1-t20",
      "begin" : 316,
      "end" : 323,
      "text" : "further",
      "whiteSpace" : false
    }, {
      "id" : "s1-t21",
      "begin" : 324,
      "end" : 326,
      "text" : "in",
      "whiteSpace" : false
    }, {
      "id" : "s1-t22",
      "begin" : 327,
      "end" : 331,
      "text" : "NoMa",
      "whiteSpace" : false
    }, {
      "id" : "s1-t23",
      "begin" : 332,
      "end" : 336,
      "text" : "than",
      "whiteSpace" : false
    }, {
      "id" : "s1-t24",
      "begin" : 337,
      "end" : 339,
      "text" : "it",
      "whiteSpace" : false
    }, {
      "id" : "s1-t25",
      "begin" : 340,
      "end" : 344,
      "text" : "does",
      "whiteSpace" : false
    }, {
      "id" : "s1-t26",
      "begin" : 345,
      "end" : 347,
      "text" : "in",
      "whiteSpace" : false
    }, {
      "id" : "s1-t27",
      "begin" : 348,
      "end" : 353,
      "text" : "Logan",
      "whiteSpace" : false
    }, {
      "id" : "s1-t28",
      "begin" : 354,
      "end" : 357,
      "text" : "and",
      "whiteSpace" : false
    }, {
      "id" : "s1-t29",
      "begin" : 358,
      "end" : 364,
      "text" : "Dupont",
      "whiteSpace" : false
    }, {
      "id" : "s1-t30",
      "begin" : 365,
      "end" : 366,
      "text" : "(",
      "whiteSpace" : false
    }, {
      "id" : "s1-t31",
      "begin" : 366,
      "end" : 367,
      "text" : "I",
      "whiteSpace" : false
    }, {
      "id" : "s1-t32",
      "begin" : 368,
      "end" : 378,
      "text" : "understand",
      "whiteSpace" : false
    }, {
      "id" : "s1-t33",
      "begin" : 379,
      "end" : 383,
      "text" : "they",
      "whiteSpace" : false
    }, {
      "id" : "s1-t34",
      "begin" : 383,
      "end" : 386,
      "text" : "’re",
      "whiteSpace" : false
    }, {
      "id" : "s1-t35",
      "begin" : 387,
      "end" : 390,
      "text" : "not",
      "whiteSpace" : false
    }, {
      "id" : "s1-t36",
      "begin" : 391,
      "end" : 396,
      "text" : "cheap",
      "whiteSpace" : false
    }, {
      "id" : "s1-t37",
      "begin" : 397,
      "end" : 402,
      "text" : "areas",
      "whiteSpace" : false
    }, {
      "id" : "s1-t38",
      "begin" : 402,
      "end" : 403,
      "text" : ")",
      "whiteSpace" : false
    }, {
      "id" : "s1-t39",
      "begin" : 403,
      "end" : 404,
      "text" : ".",
      "whiteSpace" : false
    } ]
  }, {
    "id" : "s2",
    "begin" : 405,
    "end" : 483,
    "text" : "But Logan and Dupont are much closer (i.e. walking distance) which I’d prefer.",
    "tokens" : [ {
      "id" : "s2-t0",
      "begin" : 405,
      "end" : 408,
      "text" : "But",
      "whiteSpace" : false
    }, {
      "id" : "s2-t1",
      "begin" : 409,
      "end" : 414,
      "text" : "Logan",
      "whiteSpace" : false
    }, {
      "id" : "s2-t2",
      "begin" : 415,
      "end" : 418,
      "text" : "and",
      "whiteSpace" : false
    }, {
      "id" : "s2-t3",
      "begin" : 419,
      "end" : 425,
      "text" : "Dupont",
      "whiteSpace" : false
    }, {
      "id" : "s2-t4",
      "begin" : 426,
      "end" : 429,
      "text" : "are",
      "whiteSpace" : false
    }, {
      "id" : "s2-t5",
      "begin" : 430,
      "end" : 434,
      "text" : "much",
      "whiteSpace" : false
    }, {
      "id" : "s2-t6",
      "begin" : 435,
      "end" : 441,
      "text" : "closer",
      "whiteSpace" : false
    }, {
      "id" : "s2-t7",
      "begin" : 442,
      "end" : 443,
      "text" : "(",
      "whiteSpace" : false
    }, {
      "id" : "s2-t8",
      "begin" : 443,
      "end" : 447,
      "text" : "i.e.",
      "whiteSpace" : false
    }, {
      "id" : "s2-t9",
      "begin" : 448,
      "end" : 455,
      "text" : "walking",
      "whiteSpace" : false
    }, {
      "id" : "s2-t10",
      "begin" : 456,
      "end" : 464,
      "text" : "distance",
      "whiteSpace" : false
    }, {
      "id" : "s2-t11",
      "begin" : 464,
      "end" : 465,
      "text" : ")",
      "whiteSpace" : false
    }, {
      "id" : "s2-t12",
      "begin" : 466,
      "end" : 471,
      "text" : "which",
      "whiteSpace" : false
    }, {
      "id" : "s2-t13",
      "begin" : 472,
      "end" : 473,
      "text" : "I",
      "whiteSpace" : false
    }, {
      "id" : "s2-t14",
      "begin" : 473,
      "end" : 475,
      "text" : "’d",
      "whiteSpace" : false
    }, {
      "id" : "s2-t15",
      "begin" : 476,
      "end" : 482,
      "text" : "prefer",
      "whiteSpace" : false
    }, {
      "id" : "s2-t16",
      "begin" : 482,
      "end" : 483,
      "text" : ".",
      "whiteSpace" : false
    } ]
  }, {
    "id" : "s3",
    "begin" : 484,
    "end" : 641,
    "text" : "It’s also my understanding that Logan Circle and Dupont Circle are “trendier” areas with more nightlife and things to do and NoMa doesn’t have much going on.",
    "tokens" : [ {
      "id" : "s3-t0",
      "begin" : 484,
      "end" : 486,
      "text" : "It",
      "whiteSpace" : false
    }, {
      "id" : "s3-t1",
      "begin" : 486,
      "end" : 488,
      "text" : "’s",
      "whiteSpace" : false
    }, {
      "id" : "s3-t2",
      "begin" : 489,
      "end" : 493,
      "text" : "also",
      "whiteSpace" : false
    }, {
      "id" : "s3-t3",
      "begin" : 494,
      "end" : 496,
      "text" : "my",
      "whiteSpace" : false
    }, {
      "id" : "s3-t4",
      "begin" : 497,
      "end" : 510,
      "text" : "understanding",
      "whiteSpace" : false
    }, {
      "id" : "s3-t5",
      "begin" : 511,
      "end" : 515,
      "text" : "that",
      "whiteSpace" : false
    }, {
      "id" : "s3-t6",
      "begin" : 516,
      "end" : 521,
      "text" : "Logan",
      "whiteSpace" : false
    }, {
      "id" : "s3-t7",
      "begin" : 522,
      "end" : 528,
      "text" : "Circle",
      "whiteSpace" : false
    }, {
      "id" : "s3-t8",
      "begin" : 529,
      "end" : 532,
      "text" : "and",
      "whiteSpace" : false
    }, {
      "id" : "s3-t9",
      "begin" : 533,
      "end" : 539,
      "text" : "Dupont",
      "whiteSpace" : false
    }, {
      "id" : "s3-t10",
      "begin" : 540,
      "end" : 546,
      "text" : "Circle",
      "whiteSpace" : false
    }, {
      "id" : "s3-t11",
      "begin" : 547,
      "end" : 550,
      "text" : "are",
      "whiteSpace" : false
    }, {
      "id" : "s3-t12",
      "begin" : 551,
      "end" : 552,
      "text" : "“",
      "whiteSpace" : false
    }, {
      "id" : "s3-t13",
      "begin" : 552,
      "end" : 560,
      "text" : "trendier",
      "whiteSpace" : false
    }, {
      "id" : "s3-t14",
      "begin" : 560,
      "end" : 561,
      "text" : "”",
      "whiteSpace" : false
    }, {
      "id" : "s3-t15",
      "begin" : 562,
      "end" : 567,
      "text" : "areas",
      "whiteSpace" : false
    }, {
      "id" : "s3-t16",
      "begin" : 568,
      "end" : 572,
      "text" : "with",
      "whiteSpace" : false
    }, {
      "id" : "s3-t17",
      "begin" : 573,
      "end" : 577,
      "text" : "more",
      "whiteSpace" : false
    }, {
      "id" : "s3-t18",
      "begin" : 578,
      "end" : 587,
      "text" : "nightlife",
      "whiteSpace" : false
    }, {
      "id" : "s3-t19",
      "begin" : 588,
      "end" : 591,
      "text" : "and",
      "whiteSpace" : false
    }, {
      "id" : "s3-t20",
      "begin" : 592,
      "end" : 598,
      "text" : "things",
      "whiteSpace" : false
    }, {
      "id" : "s3-t21",
      "begin" : 599,
      "end" : 601,
      "text" : "to",
      "whiteSpace" : false
    }, {
      "id" : "s3-t22",
      "begin" : 602,
      "end" : 604,
      "text" : "do",
      "whiteSpace" : false
    }, {
      "id" : "s3-t23",
      "begin" : 605,
      "end" : 608,
      "text" : "and",
      "whiteSpace" : false
    }, {
      "id" : "s3-t24",
      "begin" : 609,
      "end" : 613,
      "text" : "NoMa",
      "whiteSpace" : false
    }, {
      "id" : "s3-t25",
      "begin" : 614,
      "end" : 618,
      "text" : "does",
      "whiteSpace" : false
    }, {
      "id" : "s3-t26",
      "begin" : 618,
      "end" : 621,
      "text" : "n’t",
      "whiteSpace" : false
    }, {
      "id" : "s3-t27",
      "begin" : 622,
      "end" : 626,
      "text" : "have",
      "whiteSpace" : false
    }, {
      "id" : "s3-t28",
      "begin" : 627,
      "end" : 631,
      "text" : "much",
      "whiteSpace" : false
    }, {
      "id" : "s3-t29",
      "begin" : 632,
      "end" : 637,
      "text" : "going",
      "whiteSpace" : false
    }, {
      "id" : "s3-t30",
      "begin" : 638,
      "end" : 640,
      "text" : "on",
      "whiteSpace" : false
    }, {
      "id" : "s3-t31",
      "begin" : 640,
      "end" : 641,
      "text" : ".",
      "whiteSpace" : false
    } ]
  }, {
    "id" : "s4",
    "begin" : 642,
    "end" : 850,
    "text" : "\\n\\nI’ll be a grad student and working part time so I won’t have tons of time on my hands, but I definitely want to enjoy DC as much as I can (I did my undergrad in the area so I’m somewhat familiar with DC).",
    "tokens" : [ {
      "id" : "s4-t0",
      "begin" : 642,
      "end" : 644,
      "text" : "\\n",
      "whiteSpace" : false
    }, {
      "id" : "s4-t1",
      "begin" : 644,
      "end" : 647,
      "text" : "\\nI",
      "whiteSpace" : false
    }, {
      "id" : "s4-t2",
      "begin" : 647,
      "end" : 650,
      "text" : "’ll",
      "whiteSpace" : false
    }, {
      "id" : "s4-t3",
      "begin" : 651,
      "end" : 653,
      "text" : "be",
      "whiteSpace" : false
    }, {
      "id" : "s4-t4",
      "begin" : 654,
      "end" : 655,
      "text" : "a",
      "whiteSpace" : false
    }, {
      "id" : "s4-t5",
      "begin" : 656,
      "end" : 660,
      "text" : "grad",
      "whiteSpace" : false
    }, {
      "id" : "s4-t6",
      "begin" : 661,
      "end" : 668,
      "text" : "student",
      "whiteSpace" : false
    }, {
      "id" : "s4-t7",
      "begin" : 669,
      "end" : 672,
      "text" : "and",
      "whiteSpace" : false
    }, {
      "id" : "s4-t8",
      "begin" : 673,
      "end" : 680,
      "text" : "working",
      "whiteSpace" : false
    }, {
      "id" : "s4-t9",
      "begin" : 681,
      "end" : 685,
      "text" : "part",
      "whiteSpace" : false
    }, {
      "id" : "s4-t10",
      "begin" : 686,
      "end" : 690,
      "text" : "time",
      "whiteSpace" : false
    }, {
      "id" : "s4-t11",
      "begin" : 691,
      "end" : 693,
      "text" : "so",
      "whiteSpace" : false
    }, {
      "id" : "s4-t12",
      "begin" : 694,
      "end" : 695,
      "text" : "I",
      "whiteSpace" : false
    }, {
      "id" : "s4-t13",
      "begin" : 696,
      "end" : 698,
      "text" : "wo",
      "whiteSpace" : false
    }, {
      "id" : "s4-t14",
      "begin" : 698,
      "end" : 701,
      "text" : "n’t",
      "whiteSpace" : false
    }, {
      "id" : "s4-t15",
      "begin" : 702,
      "end" : 706,
      "text" : "have",
      "whiteSpace" : false
    }, {
      "id" : "s4-t16",
      "begin" : 707,
      "end" : 711,
      "text" : "tons",
      "whiteSpace" : false
    }, {
      "id" : "s4-t17",
      "begin" : 712,
      "end" : 714,
      "text" : "of",
      "whiteSpace" : false
    }, {
      "id" : "s4-t18",
      "begin" : 715,
      "end" : 719,
      "text" : "time",
      "whiteSpace" : false
    }, {
      "id" : "s4-t19",
      "begin" : 720,
      "end" : 722,
      "text" : "on",
      "whiteSpace" : false
    }, {
      "id" : "s4-t20",
      "begin" : 723,
      "end" : 725,
      "text" : "my",
      "whiteSpace" : false
    }, {
      "id" : "s4-t21",
      "begin" : 726,
      "end" : 731,
      "text" : "hands",
      "whiteSpace" : false
    }, {
      "id" : "s4-t22",
      "begin" : 731,
      "end" : 732,
      "text" : ",",
      "whiteSpace" : false
    }, {
      "id" : "s4-t23",
      "begin" : 733,
      "end" : 736,
      "text" : "but",
      "whiteSpace" : false
    }, {
      "id" : "s4-t24",
      "begin" : 737,
      "end" : 738,
      "text" : "I",
      "whiteSpace" : false
    }, {
      "id" : "s4-t25",
      "begin" : 739,
      "end" : 749,
      "text" : "definitely",
      "whiteSpace" : false
    }, {
      "id" : "s4-t26",
      "begin" : 750,
      "end" : 754,
      "text" : "want",
      "whiteSpace" : false
    }, {
      "id" : "s4-t27",
      "begin" : 755,
      "end" : 757,
      "text" : "to",
      "whiteSpace" : false
    }, {
      "id" : "s4-t28",
      "begin" : 758,
      "end" : 763,
      "text" : "enjoy",
      "whiteSpace" : false
    }, {
      "id" : "s4-t29",
      "begin" : 764,
      "end" : 766,
      "text" : "DC",
      "whiteSpace" : false
    }, {
      "id" : "s4-t30",
      "begin" : 767,
      "end" : 769,
      "text" : "as",
      "whiteSpace" : false
    }, {
      "id" : "s4-t31",
      "begin" : 770,
      "end" : 774,
      "text" : "much",
      "whiteSpace" : false
    }, {
      "id" : "s4-t32",
      "begin" : 775,
      "end" : 777,
      "text" : "as",
      "whiteSpace" : false
    }, {
      "id" : "s4-t33",
      "begin" : 778,
      "end" : 779,
      "text" : "I",
      "whiteSpace" : false
    }, {
      "id" : "s4-t34",
      "begin" : 780,
      "end" : 783,
      "text" : "can",
      "whiteSpace" : false
    }, {
      "id" : "s4-t35",
      "begin" : 784,
      "end" : 785,
      "text" : "(",
      "whiteSpace" : false
    }, {
      "id" : "s4-t36",
      "begin" : 785,
      "end" : 786,
      "text" : "I",
      "whiteSpace" : false
    }, {
      "id" : "s4-t37",
      "begin" : 787,
      "end" : 790,
      "text" : "did",
      "whiteSpace" : false
    }, {
      "id" : "s4-t38",
      "begin" : 791,
      "end" : 793,
      "text" : "my",
      "whiteSpace" : false
    }, {
      "id" : "s4-t39",
      "begin" : 794,
      "end" : 803,
      "text" : "undergrad",
      "whiteSpace" : false
    }, {
      "id" : "s4-t40",
      "begin" : 804,
      "end" : 806,
      "text" : "in",
      "whiteSpace" : false
    }, {
      "id" : "s4-t41",
      "begin" : 807,
      "end" : 810,
      "text" : "the",
      "whiteSpace" : false
    }, {
      "id" : "s4-t42",
      "begin" : 811,
      "end" : 815,
      "text" : "area",
      "whiteSpace" : false
    }, {
      "id" : "s4-t43",
      "begin" : 816,
      "end" : 818,
      "text" : "so",
      "whiteSpace" : false
    }, {
      "id" : "s4-t44",
      "begin" : 819,
      "end" : 820,
      "text" : "I",
      "whiteSpace" : false
    }, {
      "id" : "s4-t45",
      "begin" : 820,
      "end" : 822,
      "text" : "’m",
      "whiteSpace" : false
    }, {
      "id" : "s4-t46",
      "begin" : 823,
      "end" : 831,
      "text" : "somewhat",
      "whiteSpace" : false
    }, {
      "id" : "s4-t47",
      "begin" : 832,
      "end" : 840,
      "text" : "familiar",
      "whiteSpace" : false
    }, {
      "id" : "s4-t48",
      "begin" : 841,
      "end" : 845,
      "text" : "with",
      "whiteSpace" : false
    }, {
      "id" : "s4-t49",
      "begin" : 846,
      "end" : 848,
      "text" : "DC",
      "whiteSpace" : false
    }, {
      "id" : "s4-t50",
      "begin" : 848,
      "end" : 849,
      "text" : ")",
      "whiteSpace" : false
    }, {
      "id" : "s4-t51",
      "begin" : 849,
      "end" : 850,
      "text" : ".",
      "whiteSpace" : false
    } ]
  }, {
    "id" : "s5",
    "begin" : 851,
    "end" : 903,
    "text" : "\\n\\nCan anyone offer this perspective or experience?",
    "tokens" : [ {
      "id" : "s5-t0",
      "begin" : 851,
      "end" : 853,
      "text" : "\\n",
      "whiteSpace" : false
    }, {
      "id" : "s5-t1",
      "begin" : 853,
      "end" : 858,
      "text" : "\\nCan",
      "whiteSpace" : false
    }, {
      "id" : "s5-t2",
      "begin" : 859,
      "end" : 865,
      "text" : "anyone",
      "whiteSpace" : false
    }, {
      "id" : "s5-t3",
      "begin" : 866,
      "end" : 871,
      "text" : "offer",
      "whiteSpace" : false
    }, {
      "id" : "s5-t4",
      "begin" : 872,
      "end" : 876,
      "text" : "this",
      "whiteSpace" : false
    }, {
      "id" : "s5-t5",
      "begin" : 877,
      "end" : 888,
      "text" : "perspective",
      "whiteSpace" : false
    }, {
      "id" : "s5-t6",
      "begin" : 889,
      "end" : 891,
      "text" : "or",
      "whiteSpace" : false
    }, {
      "id" : "s5-t7",
      "begin" : 892,
      "end" : 902,
      "text" : "experience",
      "whiteSpace" : false
    }, {
      "id" : "s5-t8",
      "begin" : 902,
      "end" : 903,
      "text" : "?",
      "whiteSpace" : false
    } ]
  }, {
    "id" : "s6",
    "begin" : 903,
    "end" : 1061,
    "text" : "\\n\\nEdit: when I say my dollar goes further, I’m referring to some basic amenities like a dishwasher and in-unit washer/dryer (things I’ve gotten spoiled to).",
    "tokens" : [ {
      "id" : "s6-t0",
      "begin" : 903,
      "end" : 905,
      "text" : "\\n",
      "whiteSpace" : false
    }, {
      "id" : "s6-t1",
      "begin" : 905,
      "end" : 911,
      "text" : "\\nEdit",
      "whiteSpace" : false
    }, {
      "id" : "s6-t2",
      "begin" : 911,
      "end" : 912,
      "text" : ":",
      "whiteSpace" : false
    }, {
      "id" : "s6-t3",
      "begin" : 913,
      "end" : 917,
      "text" : "when",
      "whiteSpace" : false
    }, {
      "id" : "s6-t4",
      "begin" : 918,
      "end" : 919,
      "text" : "I",
      "whiteSpace" : false
    }, {
      "id" : "s6-t5",
      "begin" : 920,
      "end" : 923,
      "text" : "say",
      "whiteSpace" : false
    }, {
      "id" : "s6-t6",
      "begin" : 924,
      "end" : 926,
      "text" : "my",
      "whiteSpace" : false
    }, {
      "id" : "s6-t7",
      "begin" : 927,
      "end" : 933,
      "text" : "dollar",
      "whiteSpace" : false
    }, {
      "id" : "s6-t8",
      "begin" : 934,
      "end" : 938,
      "text" : "goes",
      "whiteSpace" : false
    }, {
      "id" : "s6-t9",
      "begin" : 939,
      "end" : 946,
      "text" : "further",
      "whiteSpace" : false
    }, {
      "id" : "s6-t10",
      "begin" : 946,
      "end" : 947,
      "text" : ",",
      "whiteSpace" : false
    }, {
      "id" : "s6-t11",
      "begin" : 948,
      "end" : 949,
      "text" : "I",
      "whiteSpace" : false
    }, {
      "id" : "s6-t12",
      "begin" : 949,
      "end" : 951,
      "text" : "’m",
      "whiteSpace" : false
    }, {
      "id" : "s6-t13",
      "begin" : 952,
      "end" : 961,
      "text" : "referring",
      "whiteSpace" : false
    }, {
      "id" : "s6-t14",
      "begin" : 962,
      "end" : 964,
      "text" : "to",
      "whiteSpace" : false
    }, {
      "id" : "s6-t15",
      "begin" : 965,
      "end" : 969,
      "text" : "some",
      "whiteSpace" : false
    }, {
      "id" : "s6-t16",
      "begin" : 970,
      "end" : 975,
      "text" : "basic",
      "whiteSpace" : false
    }, {
      "id" : "s6-t17",
      "begin" : 976,
      "end" : 985,
      "text" : "amenities",
      "whiteSpace" : false
    }, {
      "id" : "s6-t18",
      "begin" : 986,
      "end" : 990,
      "text" : "like",
      "whiteSpace" : false
    }, {
      "id" : "s6-t19",
      "begin" : 991,
      "end" : 992,
      "text" : "a",
      "whiteSpace" : false
    }, {
      "id" : "s6-t20",
      "begin" : 993,
      "end" : 1003,
      "text" : "dishwasher",
      "whiteSpace" : false
    }, {
      "id" : "s6-t21",
      "begin" : 1004,
      "end" : 1007,
      "text" : "and",
      "whiteSpace" : false
    }, {
      "id" : "s6-t22",
      "begin" : 1008,
      "end" : 1010,
      "text" : "in",
      "whiteSpace" : false
    }, {
      "id" : "s6-t23",
      "begin" : 1010,
      "end" : 1011,
      "text" : "-",
      "whiteSpace" : false
    }, {
      "id" : "s6-t24",
      "begin" : 1011,
      "end" : 1015,
      "text" : "unit",
      "whiteSpace" : false
    }, {
      "id" : "s6-t25",
      "begin" : 1016,
      "end" : 1022,
      "text" : "washer",
      "whiteSpace" : false
    }, {
      "id" : "s6-t26",
      "begin" : 1022,
      "end" : 1023,
      "text" : "/",
      "whiteSpace" : false
    }, {
      "id" : "s6-t27",
      "begin" : 1023,
      "end" : 1028,
      "text" : "dryer",
      "whiteSpace" : false
    }, {
      "id" : "s6-t28",
      "begin" : 1029,
      "end" : 1030,
      "text" : "(",
      "whiteSpace" : false
    }, {
      "id" : "s6-t29",
      "begin" : 1030,
      "end" : 1036,
      "text" : "things",
      "whiteSpace" : false
    }, {
      "id" : "s6-t30",
      "begin" : 1037,
      "end" : 1038,
      "text" : "I",
      "whiteSpace" : false
    }, {
      "id" : "s6-t31",
      "begin" : 1038,
      "end" : 1041,
      "text" : "’ve",
      "whiteSpace" : false
    }, {
      "id" : "s6-t32",
      "begin" : 1042,
      "end" : 1048,
      "text" : "gotten",
      "whiteSpace" : false
    }, {
      "id" : "s6-t33",
      "begin" : 1049,
      "end" : 1056,
      "text" : "spoiled",
      "whiteSpace" : false
    }, {
      "id" : "s6-t34",
      "begin" : 1057,
      "end" : 1059,
      "text" : "to",
      "whiteSpace" : false
    }, {
      "id" : "s6-t35",
      "begin" : 1059,
      "end" : 1060,
      "text" : ")",
      "whiteSpace" : false
    }, {
      "id" : "s6-t36",
      "begin" : 1060,
      "end" : 1061,
      "text" : ".",
      "whiteSpace" : false
    } ]
  }, {
    "id" : "s7",
    "begin" : 1061,
    "end" : 1140,
    "text" : "\",\n    \"subreddit\": \"washingtondc\",\n    \"created\": \"2020-04-08T05:26:59.000Z\"\n}",
    "tokens" : [ {
      "id" : "s7-t0",
      "begin" : 1061,
      "end" : 1062,
      "text" : "\"",
      "whiteSpace" : false
    }, {
      "id" : "s7-t1",
      "begin" : 1062,
      "end" : 1063,
      "text" : ",",
      "whiteSpace" : false
    }, {
      "id" : "s7-t2",
      "begin" : 1068,
      "end" : 1069,
      "text" : "\"",
      "whiteSpace" : false
    }, {
      "id" : "s7-t3",
      "begin" : 1069,
      "end" : 1078,
      "text" : "subreddit",
      "whiteSpace" : false
    }, {
      "id" : "s7-t4",
      "begin" : 1078,
      "end" : 1079,
      "text" : "\"",
      "whiteSpace" : false
    }, {
      "id" : "s7-t5",
      "begin" : 1079,
      "end" : 1080,
      "text" : ":",
      "whiteSpace" : false
    }, {
      "id" : "s7-t6",
      "begin" : 1081,
      "end" : 1082,
      "text" : "\"",
      "whiteSpace" : false
    }, {
      "id" : "s7-t7",
      "begin" : 1082,
      "end" : 1094,
      "text" : "washingtondc",
      "whiteSpace" : false
    }, {
      "id" : "s7-t8",
      "begin" : 1094,
      "end" : 1095,
      "text" : "\"",
      "whiteSpace" : false
    }, {
      "id" : "s7-t9",
      "begin" : 1095,
      "end" : 1096,
      "text" : ",",
      "whiteSpace" : false
    }, {
      "id" : "s7-t10",
      "begin" : 1101,
      "end" : 1102,
      "text" : "\"",
      "whiteSpace" : false
    }, {
      "id" : "s7-t11",
      "begin" : 1102,
      "end" : 1109,
      "text" : "created",
      "whiteSpace" : false
    }, {
      "id" : "s7-t12",
      "begin" : 1109,
      "end" : 1110,
      "text" : "\"",
      "whiteSpace" : false
    }, {
      "id" : "s7-t13",
      "begin" : 1110,
      "end" : 1111,
      "text" : ":",
      "whiteSpace" : false
    }, {
      "id" : "s7-t14",
      "begin" : 1112,
      "end" : 1113,
      "text" : "\"",
      "whiteSpace" : false
    }, {
      "id" : "s7-t15",
      "begin" : 1113,
      "end" : 1137,
      "text" : "2020-04-08T05:26:59.000Z",
      "whiteSpace" : false
    }, {
      "id" : "s7-t16",
      "begin" : 1137,
      "end" : 1138,
      "text" : "\"",
      "whiteSpace" : false
    }, {
      "id" : "s7-t17",
      "begin" : 1139,
      "end" : 1140,
      "text" : "}",
      "whiteSpace" : false
    } ]
  } ],
  "mentions" : [ {
    "id" : "m1",
    "properties" : {
      "SIRE_ENTITY_SUBTYPE" : "NONE",
      "SIRE_ENTITY_CLASS" : "SPC",
      "SIRE_ENTITY_LEVEL" : "NONE",
      "SIRE_MENTION_ROLE" : "University_Student",
      "SIRE_MENTION_TYPE" : "NONE",
      "SIRE_MENTION_CLASS" : "SPC"
    },
    "type" : "University_Student",
    "begin" : 27,
    "end" : 38,
    "inCoref" : false
  }, {
    "id" : "s0-m2",
    "properties" : {
      "SIRE_MENTION_ROLE" : "University_Student",
      "SIRE_ENTITY_SUBTYPE" : "NONE",
      "SIRE_MENTION_TYPE" : "NONE",
      "SIRE_MENTION_CLASS" : "SPC"
    },
    "type" : "University_Student",
    "begin" : 106,
    "end" : 117,
    "inCoref" : false
  }, {
    "id" : "m2",
    "properties" : {
      "SIRE_ENTITY_SUBTYPE" : "NONE",
      "SIRE_ENTITY_CLASS" : "SPC",
      "SIRE_ENTITY_LEVEL" : "NONE",
      "SIRE_MENTION_ROLE" : "Apartment_Renter",
      "SIRE_MENTION_TYPE" : "NONE",
      "SIRE_MENTION_CLASS" : "SPC"
    },
    "type" : "Apartment_Renter",
    "begin" : 256,
    "end" : 266,
    "inCoref" : false
  }, {
    "id" : "s4-m1",
    "properties" : {
      "SIRE_MENTION_ROLE" : "University_Student",
      "SIRE_ENTITY_SUBTYPE" : "NONE",
      "SIRE_MENTION_TYPE" : "NONE",
      "SIRE_MENTION_CLASS" : "SPC"
    },
    "type" : "University_Student",
    "begin" : 644,
    "end" : 668,
    "inCoref" : false
  } ],
  "relations" : [ ],
  "corefs" : [ ],
  "typeResolved" : true,
  "userResolved" : false
}