{
  "id" : "432714e0-9592-11ea-8a2d-81b8af140d06-37",
  "name" : "dc-doc-58.txt",
  "createdDate" : 0,
  "version" : 3,
  "text" : "{\n    \"title\": \"Hiring Freeze?\",\n    \"text\": \"I am/was in the running for a job with the Senate, last time I heard from them was about 2 1/2 weeks ago when they said they were going to start calling references and asked about salary.  Since then it's been complete radio silence. It's likely that they just decided not to hire me and haven't alerted me yet, but is there any kind of freeze on government new hires in effect that anyone knows of that could be the cause of delay?\",\n    \"subreddit\": \"washingtondc\",\n    \"created\": \"2020-03-29T04:56:40.000Z\"\n}",
  "docLength" : 0,
  "language" : "EN",
  "status" : "IN_PROGRESS",
  "modifiedDate" : 1589428541364,
  "documentSet" : [ ],
  "preannotation" : [ "PRE_LW", "PRE_SIRE" ],
  "sentences" : [ {
    "id" : "s0",
    "begin" : 0,
    "end" : 30,
    "text" : "{\n    \"title\": \"Hiring Freeze?",
    "tokens" : [ {
      "id" : "s0-t0",
      "begin" : 0,
      "end" : 1,
      "text" : "{",
      "whiteSpace" : false
    }, {
      "id" : "s0-t1",
      "begin" : 6,
      "end" : 7,
      "text" : "\"",
      "whiteSpace" : false
    }, {
      "id" : "s0-t2",
      "begin" : 7,
      "end" : 12,
      "text" : "title",
      "whiteSpace" : false
    }, {
      "id" : "s0-t3",
      "begin" : 12,
      "end" : 13,
      "text" : "\"",
      "whiteSpace" : false
    }, {
      "id" : "s0-t4",
      "begin" : 13,
      "end" : 14,
      "text" : ":",
      "whiteSpace" : false
    }, {
      "id" : "s0-t5",
      "begin" : 15,
      "end" : 16,
      "text" : "\"",
      "whiteSpace" : false
    }, {
      "id" : "s0-t6",
      "begin" : 16,
      "end" : 22,
      "text" : "Hiring",
      "whiteSpace" : false
    }, {
      "id" : "s0-t7",
      "begin" : 23,
      "end" : 29,
      "text" : "Freeze",
      "whiteSpace" : false
    }, {
      "id" : "s0-t8",
      "begin" : 29,
      "end" : 30,
      "text" : "?",
      "whiteSpace" : false
    } ]
  }, {
    "id" : "s1",
    "begin" : 30,
    "end" : 233,
    "text" : "\",\n    \"text\": \"I am/was in the running for a job with the Senate, last time I heard from them was about 2 1/2 weeks ago when they said they were going to start calling references and asked about salary.",
    "tokens" : [ {
      "id" : "s1-t0",
      "begin" : 30,
      "end" : 31,
      "text" : "\"",
      "whiteSpace" : false
    }, {
      "id" : "s1-t1",
      "begin" : 31,
      "end" : 32,
      "text" : ",",
      "whiteSpace" : false
    }, {
      "id" : "s1-t2",
      "begin" : 37,
      "end" : 38,
      "text" : "\"",
      "whiteSpace" : false
    }, {
      "id" : "s1-t3",
      "begin" : 38,
      "end" : 42,
      "text" : "text",
      "whiteSpace" : false
    }, {
      "id" : "s1-t4",
      "begin" : 42,
      "end" : 43,
      "text" : "\"",
      "whiteSpace" : false
    }, {
      "id" : "s1-t5",
      "begin" : 43,
      "end" : 44,
      "text" : ":",
      "whiteSpace" : false
    }, {
      "id" : "s1-t6",
      "begin" : 45,
      "end" : 46,
      "text" : "\"",
      "whiteSpace" : false
    }, {
      "id" : "s1-t7",
      "begin" : 46,
      "end" : 47,
      "text" : "I",
      "whiteSpace" : false
    }, {
      "id" : "s1-t8",
      "begin" : 48,
      "end" : 54,
      "text" : "am/was",
      "whiteSpace" : false
    }, {
      "id" : "s1-t9",
      "begin" : 55,
      "end" : 57,
      "text" : "in",
      "whiteSpace" : false
    }, {
      "id" : "s1-t10",
      "begin" : 58,
      "end" : 61,
      "text" : "the",
      "whiteSpace" : false
    }, {
      "id" : "s1-t11",
      "begin" : 62,
      "end" : 69,
      "text" : "running",
      "whiteSpace" : false
    }, {
      "id" : "s1-t12",
      "begin" : 70,
      "end" : 73,
      "text" : "for",
      "whiteSpace" : false
    }, {
      "id" : "s1-t13",
      "begin" : 74,
      "end" : 75,
      "text" : "a",
      "whiteSpace" : false
    }, {
      "id" : "s1-t14",
      "begin" : 76,
      "end" : 79,
      "text" : "job",
      "whiteSpace" : false
    }, {
      "id" : "s1-t15",
      "begin" : 80,
      "end" : 84,
      "text" : "with",
      "whiteSpace" : false
    }, {
      "id" : "s1-t16",
      "begin" : 85,
      "end" : 88,
      "text" : "the",
      "whiteSpace" : false
    }, {
      "id" : "s1-t17",
      "begin" : 89,
      "end" : 95,
      "text" : "Senate",
      "whiteSpace" : false
    }, {
      "id" : "s1-t18",
      "begin" : 95,
      "end" : 96,
      "text" : ",",
      "whiteSpace" : false
    }, {
      "id" : "s1-t19",
      "begin" : 97,
      "end" : 101,
      "text" : "last",
      "whiteSpace" : false
    }, {
      "id" : "s1-t20",
      "begin" : 102,
      "end" : 106,
      "text" : "time",
      "whiteSpace" : false
    }, {
      "id" : "s1-t21",
      "begin" : 107,
      "end" : 108,
      "text" : "I",
      "whiteSpace" : false
    }, {
      "id" : "s1-t22",
      "begin" : 109,
      "end" : 114,
      "text" : "heard",
      "whiteSpace" : false
    }, {
      "id" : "s1-t23",
      "begin" : 115,
      "end" : 119,
      "text" : "from",
      "whiteSpace" : false
    }, {
      "id" : "s1-t24",
      "begin" : 120,
      "end" : 124,
      "text" : "them",
      "whiteSpace" : false
    }, {
      "id" : "s1-t25",
      "begin" : 125,
      "end" : 128,
      "text" : "was",
      "whiteSpace" : false
    }, {
      "id" : "s1-t26",
      "begin" : 129,
      "end" : 134,
      "text" : "about",
      "whiteSpace" : false
    }, {
      "id" : "s1-t27",
      "begin" : 135,
      "end" : 136,
      "text" : "2",
      "whiteSpace" : false
    }, {
      "id" : "s1-t28",
      "begin" : 137,
      "end" : 140,
      "text" : "1/2",
      "whiteSpace" : false
    }, {
      "id" : "s1-t29",
      "begin" : 141,
      "end" : 146,
      "text" : "weeks",
      "whiteSpace" : false
    }, {
      "id" : "s1-t30",
      "begin" : 147,
      "end" : 150,
      "text" : "ago",
      "whiteSpace" : false
    }, {
      "id" : "s1-t31",
      "begin" : 151,
      "end" : 155,
      "text" : "when",
      "whiteSpace" : false
    }, {
      "id" : "s1-t32",
      "begin" : 156,
      "end" : 160,
      "text" : "they",
      "whiteSpace" : false
    }, {
      "id" : "s1-t33",
      "begin" : 161,
      "end" : 165,
      "text" : "said",
      "whiteSpace" : false
    }, {
      "id" : "s1-t34",
      "begin" : 166,
      "end" : 170,
      "text" : "they",
      "whiteSpace" : false
    }, {
      "id" : "s1-t35",
      "begin" : 171,
      "end" : 175,
      "text" : "were",
      "whiteSpace" : false
    }, {
      "id" : "s1-t36",
      "begin" : 176,
      "end" : 181,
      "text" : "going",
      "whiteSpace" : false
    }, {
      "id" : "s1-t37",
      "begin" : 182,
      "end" : 184,
      "text" : "to",
      "whiteSpace" : false
    }, {
      "id" : "s1-t38",
      "begin" : 185,
      "end" : 190,
      "text" : "start",
      "whiteSpace" : false
    }, {
      "id" : "s1-t39",
      "begin" : 191,
      "end" : 198,
      "text" : "calling",
      "whiteSpace" : false
    }, {
      "id" : "s1-t40",
      "begin" : 199,
      "end" : 209,
      "text" : "references",
      "whiteSpace" : false
    }, {
      "id" : "s1-t41",
      "begin" : 210,
      "end" : 213,
      "text" : "and",
      "whiteSpace" : false
    }, {
      "id" : "s1-t42",
      "begin" : 214,
      "end" : 219,
      "text" : "asked",
      "whiteSpace" : false
    }, {
      "id" : "s1-t43",
      "begin" : 220,
      "end" : 225,
      "text" : "about",
      "whiteSpace" : false
    }, {
      "id" : "s1-t44",
      "begin" : 226,
      "end" : 232,
      "text" : "salary",
      "whiteSpace" : false
    }, {
      "id" : "s1-t45",
      "begin" : 232,
      "end" : 233,
      "text" : ".",
      "whiteSpace" : false
    } ]
  }, {
    "id" : "s2",
    "begin" : 235,
    "end" : 279,
    "text" : "Since then it's been complete radio silence.",
    "tokens" : [ {
      "id" : "s2-t0",
      "begin" : 235,
      "end" : 240,
      "text" : "Since",
      "whiteSpace" : false
    }, {
      "id" : "s2-t1",
      "begin" : 241,
      "end" : 245,
      "text" : "then",
      "whiteSpace" : false
    }, {
      "id" : "s2-t2",
      "begin" : 246,
      "end" : 248,
      "text" : "it",
      "whiteSpace" : false
    }, {
      "id" : "s2-t3",
      "begin" : 248,
      "end" : 250,
      "text" : "'s",
      "whiteSpace" : false
    }, {
      "id" : "s2-t4",
      "begin" : 251,
      "end" : 255,
      "text" : "been",
      "whiteSpace" : false
    }, {
      "id" : "s2-t5",
      "begin" : 256,
      "end" : 264,
      "text" : "complete",
      "whiteSpace" : false
    }, {
      "id" : "s2-t6",
      "begin" : 265,
      "end" : 270,
      "text" : "radio",
      "whiteSpace" : false
    }, {
      "id" : "s2-t7",
      "begin" : 271,
      "end" : 278,
      "text" : "silence",
      "whiteSpace" : false
    }, {
      "id" : "s2-t8",
      "begin" : 278,
      "end" : 279,
      "text" : ".",
      "whiteSpace" : false
    } ]
  }, {
    "id" : "s3",
    "begin" : 280,
    "end" : 478,
    "text" : "It's likely that they just decided not to hire me and haven't alerted me yet, but is there any kind of freeze on government new hires in effect that anyone knows of that could be the cause of delay?",
    "tokens" : [ {
      "id" : "s3-t0",
      "begin" : 280,
      "end" : 282,
      "text" : "It",
      "whiteSpace" : false
    }, {
      "id" : "s3-t1",
      "begin" : 282,
      "end" : 284,
      "text" : "'s",
      "whiteSpace" : false
    }, {
      "id" : "s3-t2",
      "begin" : 285,
      "end" : 291,
      "text" : "likely",
      "whiteSpace" : false
    }, {
      "id" : "s3-t3",
      "begin" : 292,
      "end" : 296,
      "text" : "that",
      "whiteSpace" : false
    }, {
      "id" : "s3-t4",
      "begin" : 297,
      "end" : 301,
      "text" : "they",
      "whiteSpace" : false
    }, {
      "id" : "s3-t5",
      "begin" : 302,
      "end" : 306,
      "text" : "just",
      "whiteSpace" : false
    }, {
      "id" : "s3-t6",
      "begin" : 307,
      "end" : 314,
      "text" : "decided",
      "whiteSpace" : false
    }, {
      "id" : "s3-t7",
      "begin" : 315,
      "end" : 318,
      "text" : "not",
      "whiteSpace" : false
    }, {
      "id" : "s3-t8",
      "begin" : 319,
      "end" : 321,
      "text" : "to",
      "whiteSpace" : false
    }, {
      "id" : "s3-t9",
      "begin" : 322,
      "end" : 326,
      "text" : "hire",
      "whiteSpace" : false
    }, {
      "id" : "s3-t10",
      "begin" : 327,
      "end" : 329,
      "text" : "me",
      "whiteSpace" : false
    }, {
      "id" : "s3-t11",
      "begin" : 330,
      "end" : 333,
      "text" : "and",
      "whiteSpace" : false
    }, {
      "id" : "s3-t12",
      "begin" : 334,
      "end" : 338,
      "text" : "have",
      "whiteSpace" : false
    }, {
      "id" : "s3-t13",
      "begin" : 338,
      "end" : 341,
      "text" : "n't",
      "whiteSpace" : false
    }, {
      "id" : "s3-t14",
      "begin" : 342,
      "end" : 349,
      "text" : "alerted",
      "whiteSpace" : false
    }, {
      "id" : "s3-t15",
      "begin" : 350,
      "end" : 352,
      "text" : "me",
      "whiteSpace" : false
    }, {
      "id" : "s3-t16",
      "begin" : 353,
      "end" : 356,
      "text" : "yet",
      "whiteSpace" : false
    }, {
      "id" : "s3-t17",
      "begin" : 356,
      "end" : 357,
      "text" : ",",
      "whiteSpace" : false
    }, {
      "id" : "s3-t18",
      "begin" : 358,
      "end" : 361,
      "text" : "but",
      "whiteSpace" : false
    }, {
      "id" : "s3-t19",
      "begin" : 362,
      "end" : 364,
      "text" : "is",
      "whiteSpace" : false
    }, {
      "id" : "s3-t20",
      "begin" : 365,
      "end" : 370,
      "text" : "there",
      "whiteSpace" : false
    }, {
      "id" : "s3-t21",
      "begin" : 371,
      "end" : 374,
      "text" : "any",
      "whiteSpace" : false
    }, {
      "id" : "s3-t22",
      "begin" : 375,
      "end" : 379,
      "text" : "kind",
      "whiteSpace" : false
    }, {
      "id" : "s3-t23",
      "begin" : 380,
      "end" : 382,
      "text" : "of",
      "whiteSpace" : false
    }, {
      "id" : "s3-t24",
      "begin" : 383,
      "end" : 389,
      "text" : "freeze",
      "whiteSpace" : false
    }, {
      "id" : "s3-t25",
      "begin" : 390,
      "end" : 392,
      "text" : "on",
      "whiteSpace" : false
    }, {
      "id" : "s3-t26",
      "begin" : 393,
      "end" : 403,
      "text" : "government",
      "whiteSpace" : false
    }, {
      "id" : "s3-t27",
      "begin" : 404,
      "end" : 407,
      "text" : "new",
      "whiteSpace" : false
    }, {
      "id" : "s3-t28",
      "begin" : 408,
      "end" : 413,
      "text" : "hires",
      "whiteSpace" : false
    }, {
      "id" : "s3-t29",
      "begin" : 414,
      "end" : 416,
      "text" : "in",
      "whiteSpace" : false
    }, {
      "id" : "s3-t30",
      "begin" : 417,
      "end" : 423,
      "text" : "effect",
      "whiteSpace" : false
    }, {
      "id" : "s3-t31",
      "begin" : 424,
      "end" : 428,
      "text" : "that",
      "whiteSpace" : false
    }, {
      "id" : "s3-t32",
      "begin" : 429,
      "end" : 435,
      "text" : "anyone",
      "whiteSpace" : false
    }, {
      "id" : "s3-t33",
      "begin" : 436,
      "end" : 441,
      "text" : "knows",
      "whiteSpace" : false
    }, {
      "id" : "s3-t34",
      "begin" : 442,
      "end" : 444,
      "text" : "of",
      "whiteSpace" : false
    }, {
      "id" : "s3-t35",
      "begin" : 445,
      "end" : 449,
      "text" : "that",
      "whiteSpace" : false
    }, {
      "id" : "s3-t36",
      "begin" : 450,
      "end" : 455,
      "text" : "could",
      "whiteSpace" : false
    }, {
      "id" : "s3-t37",
      "begin" : 456,
      "end" : 458,
      "text" : "be",
      "whiteSpace" : false
    }, {
      "id" : "s3-t38",
      "begin" : 459,
      "end" : 462,
      "text" : "the",
      "whiteSpace" : false
    }, {
      "id" : "s3-t39",
      "begin" : 463,
      "end" : 468,
      "text" : "cause",
      "whiteSpace" : false
    }, {
      "id" : "s3-t40",
      "begin" : 469,
      "end" : 471,
      "text" : "of",
      "whiteSpace" : false
    }, {
      "id" : "s3-t41",
      "begin" : 472,
      "end" : 477,
      "text" : "delay",
      "whiteSpace" : false
    }, {
      "id" : "s3-t42",
      "begin" : 477,
      "end" : 478,
      "text" : "?",
      "whiteSpace" : false
    } ]
  }, {
    "id" : "s4",
    "begin" : 478,
    "end" : 557,
    "text" : "\",\n    \"subreddit\": \"washingtondc\",\n    \"created\": \"2020-03-29T04:56:40.000Z\"\n}",
    "tokens" : [ {
      "id" : "s4-t0",
      "begin" : 478,
      "end" : 479,
      "text" : "\"",
      "whiteSpace" : false
    }, {
      "id" : "s4-t1",
      "begin" : 479,
      "end" : 480,
      "text" : ",",
      "whiteSpace" : false
    }, {
      "id" : "s4-t2",
      "begin" : 485,
      "end" : 486,
      "text" : "\"",
      "whiteSpace" : false
    }, {
      "id" : "s4-t3",
      "begin" : 486,
      "end" : 495,
      "text" : "subreddit",
      "whiteSpace" : false
    }, {
      "id" : "s4-t4",
      "begin" : 495,
      "end" : 496,
      "text" : "\"",
      "whiteSpace" : false
    }, {
      "id" : "s4-t5",
      "begin" : 496,
      "end" : 497,
      "text" : ":",
      "whiteSpace" : false
    }, {
      "id" : "s4-t6",
      "begin" : 498,
      "end" : 499,
      "text" : "\"",
      "whiteSpace" : false
    }, {
      "id" : "s4-t7",
      "begin" : 499,
      "end" : 511,
      "text" : "washingtondc",
      "whiteSpace" : false
    }, {
      "id" : "s4-t8",
      "begin" : 511,
      "end" : 512,
      "text" : "\"",
      "whiteSpace" : false
    }, {
      "id" : "s4-t9",
      "begin" : 512,
      "end" : 513,
      "text" : ",",
      "whiteSpace" : false
    }, {
      "id" : "s4-t10",
      "begin" : 518,
      "end" : 519,
      "text" : "\"",
      "whiteSpace" : false
    }, {
      "id" : "s4-t11",
      "begin" : 519,
      "end" : 526,
      "text" : "created",
      "whiteSpace" : false
    }, {
      "id" : "s4-t12",
      "begin" : 526,
      "end" : 527,
      "text" : "\"",
      "whiteSpace" : false
    }, {
      "id" : "s4-t13",
      "begin" : 527,
      "end" : 528,
      "text" : ":",
      "whiteSpace" : false
    }, {
      "id" : "s4-t14",
      "begin" : 529,
      "end" : 530,
      "text" : "\"",
      "whiteSpace" : false
    }, {
      "id" : "s4-t15",
      "begin" : 530,
      "end" : 554,
      "text" : "2020-03-29T04:56:40.000Z",
      "whiteSpace" : false
    }, {
      "id" : "s4-t16",
      "begin" : 554,
      "end" : 555,
      "text" : "\"",
      "whiteSpace" : false
    }, {
      "id" : "s4-t17",
      "begin" : 556,
      "end" : 557,
      "text" : "}",
      "whiteSpace" : false
    } ]
  } ],
  "mentions" : [ {
    "id" : "s0-m1",
    "properties" : {
      "SIRE_MENTION_ROLE" : "Unemployed",
      "SIRE_ENTITY_SUBTYPE" : "NONE",
      "SIRE_MENTION_TYPE" : "NONE",
      "SIRE_MENTION_CLASS" : "SPC"
    },
    "type" : "Unemployed",
    "begin" : 16,
    "end" : 29,
    "inCoref" : false
  }, {
    "id" : "s3-m1",
    "properties" : {
      "SIRE_MENTION_ROLE" : "Unemployed",
      "SIRE_ENTITY_SUBTYPE" : "NONE",
      "SIRE_MENTION_TYPE" : "NONE",
      "SIRE_MENTION_CLASS" : "SPC"
    },
    "type" : "Unemployed",
    "begin" : 307,
    "end" : 329,
    "inCoref" : false
  }, {
    "id" : "s3-m2",
    "properties" : {
      "SIRE_MENTION_ROLE" : "Unemployed",
      "SIRE_ENTITY_SUBTYPE" : "NONE",
      "SIRE_MENTION_TYPE" : "NONE",
      "SIRE_MENTION_CLASS" : "SPC"
    },
    "type" : "Unemployed",
    "begin" : 383,
    "end" : 413,
    "inCoref" : false
  } ],
  "relations" : [ ],
  "corefs" : [ ],
  "typeResolved" : true,
  "userResolved" : false
}