{
  "id" : "432714e0-9592-11ea-8a2d-81b8af140d06-12",
  "name" : "dc-doc-85.txt",
  "createdDate" : 0,
  "version" : 3,
  "text" : "{\n    \"title\": \"Free Metro Card\",\n    \"text\": \"If you or someone you know has to keep going into work in the DC area and uses public transit please let me know. I have an unlimited pass metro card (all train rides under $4.50 and all bus rides are covered) for the month of March that I will not be using much since I'm working from home. I'm happy to give it for free to someone that is still forced to go into work (preferably somebody who would really be helped out by the free card)\\n\\nEDIT: Gave it away!\",\n    \"subreddit\": \"washingtondc\",\n    \"created\": \"2020-03-18T00:11:37.000Z\"\n}",
  "docLength" : 0,
  "language" : "EN",
  "status" : "IN_PROGRESS",
  "modifiedDate" : 1589429777432,
  "documentSet" : [ ],
  "preannotation" : [ "PRE_LW", "PRE_SIRE" ],
  "sentences" : [ {
    "id" : "s0",
    "begin" : 0,
    "end" : 160,
    "text" : "{\n    \"title\": \"Free Metro Card\",\n    \"text\": \"If you or someone you know has to keep going into work in the DC area and uses public transit please let me know.",
    "tokens" : [ {
      "id" : "s0-t0",
      "begin" : 0,
      "end" : 1,
      "text" : "{",
      "whiteSpace" : false
    }, {
      "id" : "s0-t1",
      "begin" : 6,
      "end" : 7,
      "text" : "\"",
      "whiteSpace" : false
    }, {
      "id" : "s0-t2",
      "begin" : 7,
      "end" : 12,
      "text" : "title",
      "whiteSpace" : false
    }, {
      "id" : "s0-t3",
      "begin" : 12,
      "end" : 13,
      "text" : "\"",
      "whiteSpace" : false
    }, {
      "id" : "s0-t4",
      "begin" : 13,
      "end" : 14,
      "text" : ":",
      "whiteSpace" : false
    }, {
      "id" : "s0-t5",
      "begin" : 15,
      "end" : 16,
      "text" : "\"",
      "whiteSpace" : false
    }, {
      "id" : "s0-t6",
      "begin" : 16,
      "end" : 20,
      "text" : "Free",
      "whiteSpace" : false
    }, {
      "id" : "s0-t7",
      "begin" : 21,
      "end" : 26,
      "text" : "Metro",
      "whiteSpace" : false
    }, {
      "id" : "s0-t8",
      "begin" : 27,
      "end" : 31,
      "text" : "Card",
      "whiteSpace" : false
    }, {
      "id" : "s0-t9",
      "begin" : 31,
      "end" : 32,
      "text" : "\"",
      "whiteSpace" : false
    }, {
      "id" : "s0-t10",
      "begin" : 32,
      "end" : 33,
      "text" : ",",
      "whiteSpace" : false
    }, {
      "id" : "s0-t11",
      "begin" : 38,
      "end" : 39,
      "text" : "\"",
      "whiteSpace" : false
    }, {
      "id" : "s0-t12",
      "begin" : 39,
      "end" : 43,
      "text" : "text",
      "whiteSpace" : false
    }, {
      "id" : "s0-t13",
      "begin" : 43,
      "end" : 44,
      "text" : "\"",
      "whiteSpace" : false
    }, {
      "id" : "s0-t14",
      "begin" : 44,
      "end" : 45,
      "text" : ":",
      "whiteSpace" : false
    }, {
      "id" : "s0-t15",
      "begin" : 46,
      "end" : 47,
      "text" : "\"",
      "whiteSpace" : false
    }, {
      "id" : "s0-t16",
      "begin" : 47,
      "end" : 49,
      "text" : "If",
      "whiteSpace" : false
    }, {
      "id" : "s0-t17",
      "begin" : 50,
      "end" : 53,
      "text" : "you",
      "whiteSpace" : false
    }, {
      "id" : "s0-t18",
      "begin" : 54,
      "end" : 56,
      "text" : "or",
      "whiteSpace" : false
    }, {
      "id" : "s0-t19",
      "begin" : 57,
      "end" : 64,
      "text" : "someone",
      "whiteSpace" : false
    }, {
      "id" : "s0-t20",
      "begin" : 65,
      "end" : 68,
      "text" : "you",
      "whiteSpace" : false
    }, {
      "id" : "s0-t21",
      "begin" : 69,
      "end" : 73,
      "text" : "know",
      "whiteSpace" : false
    }, {
      "id" : "s0-t22",
      "begin" : 74,
      "end" : 77,
      "text" : "has",
      "whiteSpace" : false
    }, {
      "id" : "s0-t23",
      "begin" : 78,
      "end" : 80,
      "text" : "to",
      "whiteSpace" : false
    }, {
      "id" : "s0-t24",
      "begin" : 81,
      "end" : 85,
      "text" : "keep",
      "whiteSpace" : false
    }, {
      "id" : "s0-t25",
      "begin" : 86,
      "end" : 91,
      "text" : "going",
      "whiteSpace" : false
    }, {
      "id" : "s0-t26",
      "begin" : 92,
      "end" : 96,
      "text" : "into",
      "whiteSpace" : false
    }, {
      "id" : "s0-t27",
      "begin" : 97,
      "end" : 101,
      "text" : "work",
      "whiteSpace" : false
    }, {
      "id" : "s0-t28",
      "begin" : 102,
      "end" : 104,
      "text" : "in",
      "whiteSpace" : false
    }, {
      "id" : "s0-t29",
      "begin" : 105,
      "end" : 108,
      "text" : "the",
      "whiteSpace" : false
    }, {
      "id" : "s0-t30",
      "begin" : 109,
      "end" : 111,
      "text" : "DC",
      "whiteSpace" : false
    }, {
      "id" : "s0-t31",
      "begin" : 112,
      "end" : 116,
      "text" : "area",
      "whiteSpace" : false
    }, {
      "id" : "s0-t32",
      "begin" : 117,
      "end" : 120,
      "text" : "and",
      "whiteSpace" : false
    }, {
      "id" : "s0-t33",
      "begin" : 121,
      "end" : 125,
      "text" : "uses",
      "whiteSpace" : false
    }, {
      "id" : "s0-t34",
      "begin" : 126,
      "end" : 132,
      "text" : "public",
      "whiteSpace" : false
    }, {
      "id" : "s0-t35",
      "begin" : 133,
      "end" : 140,
      "text" : "transit",
      "whiteSpace" : false
    }, {
      "id" : "s0-t36",
      "begin" : 141,
      "end" : 147,
      "text" : "please",
      "whiteSpace" : false
    }, {
      "id" : "s0-t37",
      "begin" : 148,
      "end" : 151,
      "text" : "let",
      "whiteSpace" : false
    }, {
      "id" : "s0-t38",
      "begin" : 152,
      "end" : 154,
      "text" : "me",
      "whiteSpace" : false
    }, {
      "id" : "s0-t39",
      "begin" : 155,
      "end" : 159,
      "text" : "know",
      "whiteSpace" : false
    }, {
      "id" : "s0-t40",
      "begin" : 159,
      "end" : 160,
      "text" : ".",
      "whiteSpace" : false
    } ]
  }, {
    "id" : "s1",
    "begin" : 161,
    "end" : 338,
    "text" : "I have an unlimited pass metro card (all train rides under $4.50 and all bus rides are covered) for the month of March that I will not be using much since I'm working from home.",
    "tokens" : [ {
      "id" : "s1-t0",
      "begin" : 161,
      "end" : 162,
      "text" : "I",
      "whiteSpace" : false
    }, {
      "id" : "s1-t1",
      "begin" : 163,
      "end" : 167,
      "text" : "have",
      "whiteSpace" : false
    }, {
      "id" : "s1-t2",
      "begin" : 168,
      "end" : 170,
      "text" : "an",
      "whiteSpace" : false
    }, {
      "id" : "s1-t3",
      "begin" : 171,
      "end" : 180,
      "text" : "unlimited",
      "whiteSpace" : false
    }, {
      "id" : "s1-t4",
      "begin" : 181,
      "end" : 185,
      "text" : "pass",
      "whiteSpace" : false
    }, {
      "id" : "s1-t5",
      "begin" : 186,
      "end" : 191,
      "text" : "metro",
      "whiteSpace" : false
    }, {
      "id" : "s1-t6",
      "begin" : 192,
      "end" : 196,
      "text" : "card",
      "whiteSpace" : false
    }, {
      "id" : "s1-t7",
      "begin" : 197,
      "end" : 198,
      "text" : "(",
      "whiteSpace" : false
    }, {
      "id" : "s1-t8",
      "begin" : 198,
      "end" : 201,
      "text" : "all",
      "whiteSpace" : false
    }, {
      "id" : "s1-t9",
      "begin" : 202,
      "end" : 207,
      "text" : "train",
      "whiteSpace" : false
    }, {
      "id" : "s1-t10",
      "begin" : 208,
      "end" : 213,
      "text" : "rides",
      "whiteSpace" : false
    }, {
      "id" : "s1-t11",
      "begin" : 214,
      "end" : 219,
      "text" : "under",
      "whiteSpace" : false
    }, {
      "id" : "s1-t12",
      "begin" : 220,
      "end" : 221,
      "text" : "$",
      "whiteSpace" : false
    }, {
      "id" : "s1-t13",
      "begin" : 221,
      "end" : 225,
      "text" : "4.50",
      "whiteSpace" : false
    }, {
      "id" : "s1-t14",
      "begin" : 226,
      "end" : 229,
      "text" : "and",
      "whiteSpace" : false
    }, {
      "id" : "s1-t15",
      "begin" : 230,
      "end" : 233,
      "text" : "all",
      "whiteSpace" : false
    }, {
      "id" : "s1-t16",
      "begin" : 234,
      "end" : 237,
      "text" : "bus",
      "whiteSpace" : false
    }, {
      "id" : "s1-t17",
      "begin" : 238,
      "end" : 243,
      "text" : "rides",
      "whiteSpace" : false
    }, {
      "id" : "s1-t18",
      "begin" : 244,
      "end" : 247,
      "text" : "are",
      "whiteSpace" : false
    }, {
      "id" : "s1-t19",
      "begin" : 248,
      "end" : 255,
      "text" : "covered",
      "whiteSpace" : false
    }, {
      "id" : "s1-t20",
      "begin" : 255,
      "end" : 256,
      "text" : ")",
      "whiteSpace" : false
    }, {
      "id" : "s1-t21",
      "begin" : 257,
      "end" : 260,
      "text" : "for",
      "whiteSpace" : false
    }, {
      "id" : "s1-t22",
      "begin" : 261,
      "end" : 264,
      "text" : "the",
      "whiteSpace" : false
    }, {
      "id" : "s1-t23",
      "begin" : 265,
      "end" : 270,
      "text" : "month",
      "whiteSpace" : false
    }, {
      "id" : "s1-t24",
      "begin" : 271,
      "end" : 273,
      "text" : "of",
      "whiteSpace" : false
    }, {
      "id" : "s1-t25",
      "begin" : 274,
      "end" : 279,
      "text" : "March",
      "whiteSpace" : false
    }, {
      "id" : "s1-t26",
      "begin" : 280,
      "end" : 284,
      "text" : "that",
      "whiteSpace" : false
    }, {
      "id" : "s1-t27",
      "begin" : 285,
      "end" : 286,
      "text" : "I",
      "whiteSpace" : false
    }, {
      "id" : "s1-t28",
      "begin" : 287,
      "end" : 291,
      "text" : "will",
      "whiteSpace" : false
    }, {
      "id" : "s1-t29",
      "begin" : 292,
      "end" : 295,
      "text" : "not",
      "whiteSpace" : false
    }, {
      "id" : "s1-t30",
      "begin" : 296,
      "end" : 298,
      "text" : "be",
      "whiteSpace" : false
    }, {
      "id" : "s1-t31",
      "begin" : 299,
      "end" : 304,
      "text" : "using",
      "whiteSpace" : false
    }, {
      "id" : "s1-t32",
      "begin" : 305,
      "end" : 309,
      "text" : "much",
      "whiteSpace" : false
    }, {
      "id" : "s1-t33",
      "begin" : 310,
      "end" : 315,
      "text" : "since",
      "whiteSpace" : false
    }, {
      "id" : "s1-t34",
      "begin" : 316,
      "end" : 317,
      "text" : "I",
      "whiteSpace" : false
    }, {
      "id" : "s1-t35",
      "begin" : 317,
      "end" : 319,
      "text" : "'m",
      "whiteSpace" : false
    }, {
      "id" : "s1-t36",
      "begin" : 320,
      "end" : 327,
      "text" : "working",
      "whiteSpace" : false
    }, {
      "id" : "s1-t37",
      "begin" : 328,
      "end" : 332,
      "text" : "from",
      "whiteSpace" : false
    }, {
      "id" : "s1-t38",
      "begin" : 333,
      "end" : 337,
      "text" : "home",
      "whiteSpace" : false
    }, {
      "id" : "s1-t39",
      "begin" : 337,
      "end" : 338,
      "text" : ".",
      "whiteSpace" : false
    } ]
  }, {
    "id" : "s2",
    "begin" : 339,
    "end" : 509,
    "text" : "I'm happy to give it for free to someone that is still forced to go into work (preferably somebody who would really be helped out by the free card)\\n\\nEDIT: Gave it away!",
    "tokens" : [ {
      "id" : "s2-t0",
      "begin" : 339,
      "end" : 340,
      "text" : "I",
      "whiteSpace" : false
    }, {
      "id" : "s2-t1",
      "begin" : 340,
      "end" : 342,
      "text" : "'m",
      "whiteSpace" : false
    }, {
      "id" : "s2-t2",
      "begin" : 343,
      "end" : 348,
      "text" : "happy",
      "whiteSpace" : false
    }, {
      "id" : "s2-t3",
      "begin" : 349,
      "end" : 351,
      "text" : "to",
      "whiteSpace" : false
    }, {
      "id" : "s2-t4",
      "begin" : 352,
      "end" : 356,
      "text" : "give",
      "whiteSpace" : false
    }, {
      "id" : "s2-t5",
      "begin" : 357,
      "end" : 359,
      "text" : "it",
      "whiteSpace" : false
    }, {
      "id" : "s2-t6",
      "begin" : 360,
      "end" : 363,
      "text" : "for",
      "whiteSpace" : false
    }, {
      "id" : "s2-t7",
      "begin" : 364,
      "end" : 368,
      "text" : "free",
      "whiteSpace" : false
    }, {
      "id" : "s2-t8",
      "begin" : 369,
      "end" : 371,
      "text" : "to",
      "whiteSpace" : false
    }, {
      "id" : "s2-t9",
      "begin" : 372,
      "end" : 379,
      "text" : "someone",
      "whiteSpace" : false
    }, {
      "id" : "s2-t10",
      "begin" : 380,
      "end" : 384,
      "text" : "that",
      "whiteSpace" : false
    }, {
      "id" : "s2-t11",
      "begin" : 385,
      "end" : 387,
      "text" : "is",
      "whiteSpace" : false
    }, {
      "id" : "s2-t12",
      "begin" : 388,
      "end" : 393,
      "text" : "still",
      "whiteSpace" : false
    }, {
      "id" : "s2-t13",
      "begin" : 394,
      "end" : 400,
      "text" : "forced",
      "whiteSpace" : false
    }, {
      "id" : "s2-t14",
      "begin" : 401,
      "end" : 403,
      "text" : "to",
      "whiteSpace" : false
    }, {
      "id" : "s2-t15",
      "begin" : 404,
      "end" : 406,
      "text" : "go",
      "whiteSpace" : false
    }, {
      "id" : "s2-t16",
      "begin" : 407,
      "end" : 411,
      "text" : "into",
      "whiteSpace" : false
    }, {
      "id" : "s2-t17",
      "begin" : 412,
      "end" : 416,
      "text" : "work",
      "whiteSpace" : false
    }, {
      "id" : "s2-t18",
      "begin" : 417,
      "end" : 418,
      "text" : "(",
      "whiteSpace" : false
    }, {
      "id" : "s2-t19",
      "begin" : 418,
      "end" : 428,
      "text" : "preferably",
      "whiteSpace" : false
    }, {
      "id" : "s2-t20",
      "begin" : 429,
      "end" : 437,
      "text" : "somebody",
      "whiteSpace" : false
    }, {
      "id" : "s2-t21",
      "begin" : 438,
      "end" : 441,
      "text" : "who",
      "whiteSpace" : false
    }, {
      "id" : "s2-t22",
      "begin" : 442,
      "end" : 447,
      "text" : "would",
      "whiteSpace" : false
    }, {
      "id" : "s2-t23",
      "begin" : 448,
      "end" : 454,
      "text" : "really",
      "whiteSpace" : false
    }, {
      "id" : "s2-t24",
      "begin" : 455,
      "end" : 457,
      "text" : "be",
      "whiteSpace" : false
    }, {
      "id" : "s2-t25",
      "begin" : 458,
      "end" : 464,
      "text" : "helped",
      "whiteSpace" : false
    }, {
      "id" : "s2-t26",
      "begin" : 465,
      "end" : 468,
      "text" : "out",
      "whiteSpace" : false
    }, {
      "id" : "s2-t27",
      "begin" : 469,
      "end" : 471,
      "text" : "by",
      "whiteSpace" : false
    }, {
      "id" : "s2-t28",
      "begin" : 472,
      "end" : 475,
      "text" : "the",
      "whiteSpace" : false
    }, {
      "id" : "s2-t29",
      "begin" : 476,
      "end" : 480,
      "text" : "free",
      "whiteSpace" : false
    }, {
      "id" : "s2-t30",
      "begin" : 481,
      "end" : 485,
      "text" : "card",
      "whiteSpace" : false
    }, {
      "id" : "s2-t31",
      "begin" : 485,
      "end" : 486,
      "text" : ")",
      "whiteSpace" : false
    }, {
      "id" : "s2-t32",
      "begin" : 486,
      "end" : 488,
      "text" : "\\n",
      "whiteSpace" : false
    }, {
      "id" : "s2-t33",
      "begin" : 488,
      "end" : 494,
      "text" : "\\nEDIT",
      "whiteSpace" : false
    }, {
      "id" : "s2-t34",
      "begin" : 494,
      "end" : 495,
      "text" : ":",
      "whiteSpace" : false
    }, {
      "id" : "s2-t35",
      "begin" : 496,
      "end" : 500,
      "text" : "Gave",
      "whiteSpace" : false
    }, {
      "id" : "s2-t36",
      "begin" : 501,
      "end" : 503,
      "text" : "it",
      "whiteSpace" : false
    }, {
      "id" : "s2-t37",
      "begin" : 504,
      "end" : 508,
      "text" : "away",
      "whiteSpace" : false
    }, {
      "id" : "s2-t38",
      "begin" : 508,
      "end" : 509,
      "text" : "!",
      "whiteSpace" : false
    } ]
  }, {
    "id" : "s3",
    "begin" : 509,
    "end" : 588,
    "text" : "\",\n    \"subreddit\": \"washingtondc\",\n    \"created\": \"2020-03-18T00:11:37.000Z\"\n}",
    "tokens" : [ {
      "id" : "s3-t0",
      "begin" : 509,
      "end" : 510,
      "text" : "\"",
      "whiteSpace" : false
    }, {
      "id" : "s3-t1",
      "begin" : 510,
      "end" : 511,
      "text" : ",",
      "whiteSpace" : false
    }, {
      "id" : "s3-t2",
      "begin" : 516,
      "end" : 517,
      "text" : "\"",
      "whiteSpace" : false
    }, {
      "id" : "s3-t3",
      "begin" : 517,
      "end" : 526,
      "text" : "subreddit",
      "whiteSpace" : false
    }, {
      "id" : "s3-t4",
      "begin" : 526,
      "end" : 527,
      "text" : "\"",
      "whiteSpace" : false
    }, {
      "id" : "s3-t5",
      "begin" : 527,
      "end" : 528,
      "text" : ":",
      "whiteSpace" : false
    }, {
      "id" : "s3-t6",
      "begin" : 529,
      "end" : 530,
      "text" : "\"",
      "whiteSpace" : false
    }, {
      "id" : "s3-t7",
      "begin" : 530,
      "end" : 542,
      "text" : "washingtondc",
      "whiteSpace" : false
    }, {
      "id" : "s3-t8",
      "begin" : 542,
      "end" : 543,
      "text" : "\"",
      "whiteSpace" : false
    }, {
      "id" : "s3-t9",
      "begin" : 543,
      "end" : 544,
      "text" : ",",
      "whiteSpace" : false
    }, {
      "id" : "s3-t10",
      "begin" : 549,
      "end" : 550,
      "text" : "\"",
      "whiteSpace" : false
    }, {
      "id" : "s3-t11",
      "begin" : 550,
      "end" : 557,
      "text" : "created",
      "whiteSpace" : false
    }, {
      "id" : "s3-t12",
      "begin" : 557,
      "end" : 558,
      "text" : "\"",
      "whiteSpace" : false
    }, {
      "id" : "s3-t13",
      "begin" : 558,
      "end" : 559,
      "text" : ":",
      "whiteSpace" : false
    }, {
      "id" : "s3-t14",
      "begin" : 560,
      "end" : 561,
      "text" : "\"",
      "whiteSpace" : false
    }, {
      "id" : "s3-t15",
      "begin" : 561,
      "end" : 585,
      "text" : "2020-03-18T00:11:37.000Z",
      "whiteSpace" : false
    }, {
      "id" : "s3-t16",
      "begin" : 585,
      "end" : 586,
      "text" : "\"",
      "whiteSpace" : false
    }, {
      "id" : "s3-t17",
      "begin" : 587,
      "end" : 588,
      "text" : "}",
      "whiteSpace" : false
    } ]
  } ],
  "mentions" : [ {
    "id" : "s0-m2",
    "properties" : {
      "SIRE_MENTION_ROLE" : "No_Vehicle",
      "SIRE_ENTITY_SUBTYPE" : "NONE",
      "SIRE_MENTION_TYPE" : "NONE",
      "SIRE_MENTION_CLASS" : "SPC"
    },
    "type" : "No_Vehicle",
    "begin" : 16,
    "end" : 31,
    "inCoref" : false
  }, {
    "id" : "m1",
    "properties" : {
      "SIRE_ENTITY_SUBTYPE" : "NONE",
      "SIRE_ENTITY_CLASS" : "SPC",
      "SIRE_ENTITY_LEVEL" : "NONE",
      "SIRE_MENTION_ROLE" : "No_Vehicle",
      "SIRE_MENTION_TYPE" : "NONE",
      "SIRE_MENTION_CLASS" : "SPC"
    },
    "type" : "No_Vehicle",
    "begin" : 126,
    "end" : 140,
    "inCoref" : false
  }, {
    "id" : "s1-m1",
    "properties" : {
      "SIRE_MENTION_ROLE" : "No_Vehicle",
      "SIRE_ENTITY_SUBTYPE" : "NONE",
      "SIRE_MENTION_TYPE" : "NONE",
      "SIRE_MENTION_CLASS" : "SPC"
    },
    "type" : "No_Vehicle",
    "begin" : 171,
    "end" : 196,
    "inCoref" : false
  } ],
  "relations" : [ ],
  "corefs" : [ ],
  "typeResolved" : true,
  "userResolved" : false
}