{
  "id" : "432714e0-9592-11ea-8a2d-81b8af140d06-0",
  "name" : "dc-doc-1.txt",
  "createdDate" : 0,
  "version" : 3,
  "text" : "  {\n    \"title\": \"Solar 101 -- Where do I start?\",\n    \"text\": \"Hi! With being locked in the house because of COVID, I've started to entertain the idea of solar on our flat roof. I have excellent sun exposure pretty much all day with a large roof area. I started to look around and do some research but all these solar websites keep asking me for my address and phone number to reach out to me before any quotes and it just feels kinda shady. I did it one time last year and kept getting calls from various vendors which caused me to be overwhelmed and kinda give up.\\n\\nAny one in the district recently go solar? Any suggestions or tips on recommended vendors, how financing works for these, and understanding what and how SRECs work?\\n\\nAppreciate it all!\",\n    \"subreddit\": \"washingtondc\",\n    \"created\": \"2020-04-25T01:13:26.000Z\"\n}\n",
  "docLength" : 0,
  "language" : "EN",
  "status" : "IN_PROGRESS",
  "modifiedDate" : 1589426883215,
  "documentSet" : [ ],
  "preannotation" : [ "PRE_LW", "PRE_SIRE" ],
  "sentences" : [ {
    "id" : "s0",
    "begin" : 2,
    "end" : 48,
    "text" : "{\n    \"title\": \"Solar 101 -- Where do I start?",
    "tokens" : [ {
      "id" : "s0-t0",
      "begin" : 2,
      "end" : 3,
      "text" : "{",
      "whiteSpace" : false
    }, {
      "id" : "s0-t1",
      "begin" : 8,
      "end" : 9,
      "text" : "\"",
      "whiteSpace" : false
    }, {
      "id" : "s0-t2",
      "begin" : 9,
      "end" : 14,
      "text" : "title",
      "whiteSpace" : false
    }, {
      "id" : "s0-t3",
      "begin" : 14,
      "end" : 15,
      "text" : "\"",
      "whiteSpace" : false
    }, {
      "id" : "s0-t4",
      "begin" : 15,
      "end" : 16,
      "text" : ":",
      "whiteSpace" : false
    }, {
      "id" : "s0-t5",
      "begin" : 17,
      "end" : 18,
      "text" : "\"",
      "whiteSpace" : false
    }, {
      "id" : "s0-t6",
      "begin" : 18,
      "end" : 23,
      "text" : "Solar",
      "whiteSpace" : false
    }, {
      "id" : "s0-t7",
      "begin" : 24,
      "end" : 27,
      "text" : "101",
      "whiteSpace" : false
    }, {
      "id" : "s0-t8",
      "begin" : 28,
      "end" : 30,
      "text" : "--",
      "whiteSpace" : false
    }, {
      "id" : "s0-t9",
      "begin" : 31,
      "end" : 36,
      "text" : "Where",
      "whiteSpace" : false
    }, {
      "id" : "s0-t10",
      "begin" : 37,
      "end" : 39,
      "text" : "do",
      "whiteSpace" : false
    }, {
      "id" : "s0-t11",
      "begin" : 40,
      "end" : 41,
      "text" : "I",
      "whiteSpace" : false
    }, {
      "id" : "s0-t12",
      "begin" : 42,
      "end" : 47,
      "text" : "start",
      "whiteSpace" : false
    }, {
      "id" : "s0-t13",
      "begin" : 47,
      "end" : 48,
      "text" : "?",
      "whiteSpace" : false
    } ]
  }, {
    "id" : "s1",
    "begin" : 48,
    "end" : 67,
    "text" : "\",\n    \"text\": \"Hi!",
    "tokens" : [ {
      "id" : "s1-t0",
      "begin" : 48,
      "end" : 49,
      "text" : "\"",
      "whiteSpace" : false
    }, {
      "id" : "s1-t1",
      "begin" : 49,
      "end" : 50,
      "text" : ",",
      "whiteSpace" : false
    }, {
      "id" : "s1-t2",
      "begin" : 55,
      "end" : 56,
      "text" : "\"",
      "whiteSpace" : false
    }, {
      "id" : "s1-t3",
      "begin" : 56,
      "end" : 60,
      "text" : "text",
      "whiteSpace" : false
    }, {
      "id" : "s1-t4",
      "begin" : 60,
      "end" : 61,
      "text" : "\"",
      "whiteSpace" : false
    }, {
      "id" : "s1-t5",
      "begin" : 61,
      "end" : 62,
      "text" : ":",
      "whiteSpace" : false
    }, {
      "id" : "s1-t6",
      "begin" : 63,
      "end" : 64,
      "text" : "\"",
      "whiteSpace" : false
    }, {
      "id" : "s1-t7",
      "begin" : 64,
      "end" : 66,
      "text" : "Hi",
      "whiteSpace" : false
    }, {
      "id" : "s1-t8",
      "begin" : 66,
      "end" : 67,
      "text" : "!",
      "whiteSpace" : false
    } ]
  }, {
    "id" : "s2",
    "begin" : 68,
    "end" : 178,
    "text" : "With being locked in the house because of COVID, I've started to entertain the idea of solar on our flat roof.",
    "tokens" : [ {
      "id" : "s2-t0",
      "begin" : 68,
      "end" : 72,
      "text" : "With",
      "whiteSpace" : false
    }, {
      "id" : "s2-t1",
      "begin" : 73,
      "end" : 78,
      "text" : "being",
      "whiteSpace" : false
    }, {
      "id" : "s2-t2",
      "begin" : 79,
      "end" : 85,
      "text" : "locked",
      "whiteSpace" : false
    }, {
      "id" : "s2-t3",
      "begin" : 86,
      "end" : 88,
      "text" : "in",
      "whiteSpace" : false
    }, {
      "id" : "s2-t4",
      "begin" : 89,
      "end" : 92,
      "text" : "the",
      "whiteSpace" : false
    }, {
      "id" : "s2-t5",
      "begin" : 93,
      "end" : 98,
      "text" : "house",
      "whiteSpace" : false
    }, {
      "id" : "s2-t6",
      "begin" : 99,
      "end" : 106,
      "text" : "because",
      "whiteSpace" : false
    }, {
      "id" : "s2-t7",
      "begin" : 107,
      "end" : 109,
      "text" : "of",
      "whiteSpace" : false
    }, {
      "id" : "s2-t8",
      "begin" : 110,
      "end" : 115,
      "text" : "COVID",
      "whiteSpace" : false
    }, {
      "id" : "s2-t9",
      "begin" : 115,
      "end" : 116,
      "text" : ",",
      "whiteSpace" : false
    }, {
      "id" : "s2-t10",
      "begin" : 117,
      "end" : 118,
      "text" : "I",
      "whiteSpace" : false
    }, {
      "id" : "s2-t11",
      "begin" : 118,
      "end" : 121,
      "text" : "'ve",
      "whiteSpace" : false
    }, {
      "id" : "s2-t12",
      "begin" : 122,
      "end" : 129,
      "text" : "started",
      "whiteSpace" : false
    }, {
      "id" : "s2-t13",
      "begin" : 130,
      "end" : 132,
      "text" : "to",
      "whiteSpace" : false
    }, {
      "id" : "s2-t14",
      "begin" : 133,
      "end" : 142,
      "text" : "entertain",
      "whiteSpace" : false
    }, {
      "id" : "s2-t15",
      "begin" : 143,
      "end" : 146,
      "text" : "the",
      "whiteSpace" : false
    }, {
      "id" : "s2-t16",
      "begin" : 147,
      "end" : 151,
      "text" : "idea",
      "whiteSpace" : false
    }, {
      "id" : "s2-t17",
      "begin" : 152,
      "end" : 154,
      "text" : "of",
      "whiteSpace" : false
    }, {
      "id" : "s2-t18",
      "begin" : 155,
      "end" : 160,
      "text" : "solar",
      "whiteSpace" : false
    }, {
      "id" : "s2-t19",
      "begin" : 161,
      "end" : 163,
      "text" : "on",
      "whiteSpace" : false
    }, {
      "id" : "s2-t20",
      "begin" : 164,
      "end" : 167,
      "text" : "our",
      "whiteSpace" : false
    }, {
      "id" : "s2-t21",
      "begin" : 168,
      "end" : 172,
      "text" : "flat",
      "whiteSpace" : false
    }, {
      "id" : "s2-t22",
      "begin" : 173,
      "end" : 177,
      "text" : "roof",
      "whiteSpace" : false
    }, {
      "id" : "s2-t23",
      "begin" : 177,
      "end" : 178,
      "text" : ".",
      "whiteSpace" : false
    } ]
  }, {
    "id" : "s3",
    "begin" : 179,
    "end" : 252,
    "text" : "I have excellent sun exposure pretty much all day with a large roof area.",
    "tokens" : [ {
      "id" : "s3-t0",
      "begin" : 179,
      "end" : 180,
      "text" : "I",
      "whiteSpace" : false
    }, {
      "id" : "s3-t1",
      "begin" : 181,
      "end" : 185,
      "text" : "have",
      "whiteSpace" : false
    }, {
      "id" : "s3-t2",
      "begin" : 186,
      "end" : 195,
      "text" : "excellent",
      "whiteSpace" : false
    }, {
      "id" : "s3-t3",
      "begin" : 196,
      "end" : 199,
      "text" : "sun",
      "whiteSpace" : false
    }, {
      "id" : "s3-t4",
      "begin" : 200,
      "end" : 208,
      "text" : "exposure",
      "whiteSpace" : false
    }, {
      "id" : "s3-t5",
      "begin" : 209,
      "end" : 215,
      "text" : "pretty",
      "whiteSpace" : false
    }, {
      "id" : "s3-t6",
      "begin" : 216,
      "end" : 220,
      "text" : "much",
      "whiteSpace" : false
    }, {
      "id" : "s3-t7",
      "begin" : 221,
      "end" : 224,
      "text" : "all",
      "whiteSpace" : false
    }, {
      "id" : "s3-t8",
      "begin" : 225,
      "end" : 228,
      "text" : "day",
      "whiteSpace" : false
    }, {
      "id" : "s3-t9",
      "begin" : 229,
      "end" : 233,
      "text" : "with",
      "whiteSpace" : false
    }, {
      "id" : "s3-t10",
      "begin" : 234,
      "end" : 235,
      "text" : "a",
      "whiteSpace" : false
    }, {
      "id" : "s3-t11",
      "begin" : 236,
      "end" : 241,
      "text" : "large",
      "whiteSpace" : false
    }, {
      "id" : "s3-t12",
      "begin" : 242,
      "end" : 246,
      "text" : "roof",
      "whiteSpace" : false
    }, {
      "id" : "s3-t13",
      "begin" : 247,
      "end" : 251,
      "text" : "area",
      "whiteSpace" : false
    }, {
      "id" : "s3-t14",
      "begin" : 251,
      "end" : 252,
      "text" : ".",
      "whiteSpace" : false
    } ]
  }, {
    "id" : "s4",
    "begin" : 253,
    "end" : 442,
    "text" : "I started to look around and do some research but all these solar websites keep asking me for my address and phone number to reach out to me before any quotes and it just feels kinda shady.",
    "tokens" : [ {
      "id" : "s4-t0",
      "begin" : 253,
      "end" : 254,
      "text" : "I",
      "whiteSpace" : false
    }, {
      "id" : "s4-t1",
      "begin" : 255,
      "end" : 262,
      "text" : "started",
      "whiteSpace" : false
    }, {
      "id" : "s4-t2",
      "begin" : 263,
      "end" : 265,
      "text" : "to",
      "whiteSpace" : false
    }, {
      "id" : "s4-t3",
      "begin" : 266,
      "end" : 270,
      "text" : "look",
      "whiteSpace" : false
    }, {
      "id" : "s4-t4",
      "begin" : 271,
      "end" : 277,
      "text" : "around",
      "whiteSpace" : false
    }, {
      "id" : "s4-t5",
      "begin" : 278,
      "end" : 281,
      "text" : "and",
      "whiteSpace" : false
    }, {
      "id" : "s4-t6",
      "begin" : 282,
      "end" : 284,
      "text" : "do",
      "whiteSpace" : false
    }, {
      "id" : "s4-t7",
      "begin" : 285,
      "end" : 289,
      "text" : "some",
      "whiteSpace" : false
    }, {
      "id" : "s4-t8",
      "begin" : 290,
      "end" : 298,
      "text" : "research",
      "whiteSpace" : false
    }, {
      "id" : "s4-t9",
      "begin" : 299,
      "end" : 302,
      "text" : "but",
      "whiteSpace" : false
    }, {
      "id" : "s4-t10",
      "begin" : 303,
      "end" : 306,
      "text" : "all",
      "whiteSpace" : false
    }, {
      "id" : "s4-t11",
      "begin" : 307,
      "end" : 312,
      "text" : "these",
      "whiteSpace" : false
    }, {
      "id" : "s4-t12",
      "begin" : 313,
      "end" : 318,
      "text" : "solar",
      "whiteSpace" : false
    }, {
      "id" : "s4-t13",
      "begin" : 319,
      "end" : 327,
      "text" : "websites",
      "whiteSpace" : false
    }, {
      "id" : "s4-t14",
      "begin" : 328,
      "end" : 332,
      "text" : "keep",
      "whiteSpace" : false
    }, {
      "id" : "s4-t15",
      "begin" : 333,
      "end" : 339,
      "text" : "asking",
      "whiteSpace" : false
    }, {
      "id" : "s4-t16",
      "begin" : 340,
      "end" : 342,
      "text" : "me",
      "whiteSpace" : false
    }, {
      "id" : "s4-t17",
      "begin" : 343,
      "end" : 346,
      "text" : "for",
      "whiteSpace" : false
    }, {
      "id" : "s4-t18",
      "begin" : 347,
      "end" : 349,
      "text" : "my",
      "whiteSpace" : false
    }, {
      "id" : "s4-t19",
      "begin" : 350,
      "end" : 357,
      "text" : "address",
      "whiteSpace" : false
    }, {
      "id" : "s4-t20",
      "begin" : 358,
      "end" : 361,
      "text" : "and",
      "whiteSpace" : false
    }, {
      "id" : "s4-t21",
      "begin" : 362,
      "end" : 367,
      "text" : "phone",
      "whiteSpace" : false
    }, {
      "id" : "s4-t22",
      "begin" : 368,
      "end" : 374,
      "text" : "number",
      "whiteSpace" : false
    }, {
      "id" : "s4-t23",
      "begin" : 375,
      "end" : 377,
      "text" : "to",
      "whiteSpace" : false
    }, {
      "id" : "s4-t24",
      "begin" : 378,
      "end" : 383,
      "text" : "reach",
      "whiteSpace" : false
    }, {
      "id" : "s4-t25",
      "begin" : 384,
      "end" : 387,
      "text" : "out",
      "whiteSpace" : false
    }, {
      "id" : "s4-t26",
      "begin" : 388,
      "end" : 390,
      "text" : "to",
      "whiteSpace" : false
    }, {
      "id" : "s4-t27",
      "begin" : 391,
      "end" : 393,
      "text" : "me",
      "whiteSpace" : false
    }, {
      "id" : "s4-t28",
      "begin" : 394,
      "end" : 400,
      "text" : "before",
      "whiteSpace" : false
    }, {
      "id" : "s4-t29",
      "begin" : 401,
      "end" : 404,
      "text" : "any",
      "whiteSpace" : false
    }, {
      "id" : "s4-t30",
      "begin" : 405,
      "end" : 411,
      "text" : "quotes",
      "whiteSpace" : false
    }, {
      "id" : "s4-t31",
      "begin" : 412,
      "end" : 415,
      "text" : "and",
      "whiteSpace" : false
    }, {
      "id" : "s4-t32",
      "begin" : 416,
      "end" : 418,
      "text" : "it",
      "whiteSpace" : false
    }, {
      "id" : "s4-t33",
      "begin" : 419,
      "end" : 423,
      "text" : "just",
      "whiteSpace" : false
    }, {
      "id" : "s4-t34",
      "begin" : 424,
      "end" : 429,
      "text" : "feels",
      "whiteSpace" : false
    }, {
      "id" : "s4-t35",
      "begin" : 430,
      "end" : 435,
      "text" : "kinda",
      "whiteSpace" : false
    }, {
      "id" : "s4-t36",
      "begin" : 436,
      "end" : 441,
      "text" : "shady",
      "whiteSpace" : false
    }, {
      "id" : "s4-t37",
      "begin" : 441,
      "end" : 442,
      "text" : ".",
      "whiteSpace" : false
    } ]
  }, {
    "id" : "s5",
    "begin" : 443,
    "end" : 567,
    "text" : "I did it one time last year and kept getting calls from various vendors which caused me to be overwhelmed and kinda give up.",
    "tokens" : [ {
      "id" : "s5-t0",
      "begin" : 443,
      "end" : 444,
      "text" : "I",
      "whiteSpace" : false
    }, {
      "id" : "s5-t1",
      "begin" : 445,
      "end" : 448,
      "text" : "did",
      "whiteSpace" : false
    }, {
      "id" : "s5-t2",
      "begin" : 449,
      "end" : 451,
      "text" : "it",
      "whiteSpace" : false
    }, {
      "id" : "s5-t3",
      "begin" : 452,
      "end" : 455,
      "text" : "one",
      "whiteSpace" : false
    }, {
      "id" : "s5-t4",
      "begin" : 456,
      "end" : 460,
      "text" : "time",
      "whiteSpace" : false
    }, {
      "id" : "s5-t5",
      "begin" : 461,
      "end" : 465,
      "text" : "last",
      "whiteSpace" : false
    }, {
      "id" : "s5-t6",
      "begin" : 466,
      "end" : 470,
      "text" : "year",
      "whiteSpace" : false
    }, {
      "id" : "s5-t7",
      "begin" : 471,
      "end" : 474,
      "text" : "and",
      "whiteSpace" : false
    }, {
      "id" : "s5-t8",
      "begin" : 475,
      "end" : 479,
      "text" : "kept",
      "whiteSpace" : false
    }, {
      "id" : "s5-t9",
      "begin" : 480,
      "end" : 487,
      "text" : "getting",
      "whiteSpace" : false
    }, {
      "id" : "s5-t10",
      "begin" : 488,
      "end" : 493,
      "text" : "calls",
      "whiteSpace" : false
    }, {
      "id" : "s5-t11",
      "begin" : 494,
      "end" : 498,
      "text" : "from",
      "whiteSpace" : false
    }, {
      "id" : "s5-t12",
      "begin" : 499,
      "end" : 506,
      "text" : "various",
      "whiteSpace" : false
    }, {
      "id" : "s5-t13",
      "begin" : 507,
      "end" : 514,
      "text" : "vendors",
      "whiteSpace" : false
    }, {
      "id" : "s5-t14",
      "begin" : 515,
      "end" : 520,
      "text" : "which",
      "whiteSpace" : false
    }, {
      "id" : "s5-t15",
      "begin" : 521,
      "end" : 527,
      "text" : "caused",
      "whiteSpace" : false
    }, {
      "id" : "s5-t16",
      "begin" : 528,
      "end" : 530,
      "text" : "me",
      "whiteSpace" : false
    }, {
      "id" : "s5-t17",
      "begin" : 531,
      "end" : 533,
      "text" : "to",
      "whiteSpace" : false
    }, {
      "id" : "s5-t18",
      "begin" : 534,
      "end" : 536,
      "text" : "be",
      "whiteSpace" : false
    }, {
      "id" : "s5-t19",
      "begin" : 537,
      "end" : 548,
      "text" : "overwhelmed",
      "whiteSpace" : false
    }, {
      "id" : "s5-t20",
      "begin" : 549,
      "end" : 552,
      "text" : "and",
      "whiteSpace" : false
    }, {
      "id" : "s5-t21",
      "begin" : 553,
      "end" : 558,
      "text" : "kinda",
      "whiteSpace" : false
    }, {
      "id" : "s5-t22",
      "begin" : 559,
      "end" : 563,
      "text" : "give",
      "whiteSpace" : false
    }, {
      "id" : "s5-t23",
      "begin" : 564,
      "end" : 566,
      "text" : "up",
      "whiteSpace" : false
    }, {
      "id" : "s5-t24",
      "begin" : 566,
      "end" : 567,
      "text" : ".",
      "whiteSpace" : false
    } ]
  }, {
    "id" : "s6",
    "begin" : 567,
    "end" : 613,
    "text" : "\\n\\nAny one in the district recently go solar?",
    "tokens" : [ {
      "id" : "s6-t0",
      "begin" : 567,
      "end" : 569,
      "text" : "\\n",
      "whiteSpace" : false
    }, {
      "id" : "s6-t1",
      "begin" : 569,
      "end" : 574,
      "text" : "\\nAny",
      "whiteSpace" : false
    }, {
      "id" : "s6-t2",
      "begin" : 575,
      "end" : 578,
      "text" : "one",
      "whiteSpace" : false
    }, {
      "id" : "s6-t3",
      "begin" : 579,
      "end" : 581,
      "text" : "in",
      "whiteSpace" : false
    }, {
      "id" : "s6-t4",
      "begin" : 582,
      "end" : 585,
      "text" : "the",
      "whiteSpace" : false
    }, {
      "id" : "s6-t5",
      "begin" : 586,
      "end" : 594,
      "text" : "district",
      "whiteSpace" : false
    }, {
      "id" : "s6-t6",
      "begin" : 595,
      "end" : 603,
      "text" : "recently",
      "whiteSpace" : false
    }, {
      "id" : "s6-t7",
      "begin" : 604,
      "end" : 606,
      "text" : "go",
      "whiteSpace" : false
    }, {
      "id" : "s6-t8",
      "begin" : 607,
      "end" : 612,
      "text" : "solar",
      "whiteSpace" : false
    }, {
      "id" : "s6-t9",
      "begin" : 612,
      "end" : 613,
      "text" : "?",
      "whiteSpace" : false
    } ]
  }, {
    "id" : "s7",
    "begin" : 614,
    "end" : 735,
    "text" : "Any suggestions or tips on recommended vendors, how financing works for these, and understanding what and how SRECs work?",
    "tokens" : [ {
      "id" : "s7-t0",
      "begin" : 614,
      "end" : 617,
      "text" : "Any",
      "whiteSpace" : false
    }, {
      "id" : "s7-t1",
      "begin" : 618,
      "end" : 629,
      "text" : "suggestions",
      "whiteSpace" : false
    }, {
      "id" : "s7-t2",
      "begin" : 630,
      "end" : 632,
      "text" : "or",
      "whiteSpace" : false
    }, {
      "id" : "s7-t3",
      "begin" : 633,
      "end" : 637,
      "text" : "tips",
      "whiteSpace" : false
    }, {
      "id" : "s7-t4",
      "begin" : 638,
      "end" : 640,
      "text" : "on",
      "whiteSpace" : false
    }, {
      "id" : "s7-t5",
      "begin" : 641,
      "end" : 652,
      "text" : "recommended",
      "whiteSpace" : false
    }, {
      "id" : "s7-t6",
      "begin" : 653,
      "end" : 660,
      "text" : "vendors",
      "whiteSpace" : false
    }, {
      "id" : "s7-t7",
      "begin" : 660,
      "end" : 661,
      "text" : ",",
      "whiteSpace" : false
    }, {
      "id" : "s7-t8",
      "begin" : 662,
      "end" : 665,
      "text" : "how",
      "whiteSpace" : false
    }, {
      "id" : "s7-t9",
      "begin" : 666,
      "end" : 675,
      "text" : "financing",
      "whiteSpace" : false
    }, {
      "id" : "s7-t10",
      "begin" : 676,
      "end" : 681,
      "text" : "works",
      "whiteSpace" : false
    }, {
      "id" : "s7-t11",
      "begin" : 682,
      "end" : 685,
      "text" : "for",
      "whiteSpace" : false
    }, {
      "id" : "s7-t12",
      "begin" : 686,
      "end" : 691,
      "text" : "these",
      "whiteSpace" : false
    }, {
      "id" : "s7-t13",
      "begin" : 691,
      "end" : 692,
      "text" : ",",
      "whiteSpace" : false
    }, {
      "id" : "s7-t14",
      "begin" : 693,
      "end" : 696,
      "text" : "and",
      "whiteSpace" : false
    }, {
      "id" : "s7-t15",
      "begin" : 697,
      "end" : 710,
      "text" : "understanding",
      "whiteSpace" : false
    }, {
      "id" : "s7-t16",
      "begin" : 711,
      "end" : 715,
      "text" : "what",
      "whiteSpace" : false
    }, {
      "id" : "s7-t17",
      "begin" : 716,
      "end" : 719,
      "text" : "and",
      "whiteSpace" : false
    }, {
      "id" : "s7-t18",
      "begin" : 720,
      "end" : 723,
      "text" : "how",
      "whiteSpace" : false
    }, {
      "id" : "s7-t19",
      "begin" : 724,
      "end" : 729,
      "text" : "SRECs",
      "whiteSpace" : false
    }, {
      "id" : "s7-t20",
      "begin" : 730,
      "end" : 734,
      "text" : "work",
      "whiteSpace" : false
    }, {
      "id" : "s7-t21",
      "begin" : 734,
      "end" : 735,
      "text" : "?",
      "whiteSpace" : false
    } ]
  }, {
    "id" : "s8",
    "begin" : 735,
    "end" : 757,
    "text" : "\\n\\nAppreciate it all!",
    "tokens" : [ {
      "id" : "s8-t0",
      "begin" : 735,
      "end" : 737,
      "text" : "\\n",
      "whiteSpace" : false
    }, {
      "id" : "s8-t1",
      "begin" : 737,
      "end" : 749,
      "text" : "\\nAppreciate",
      "whiteSpace" : false
    }, {
      "id" : "s8-t2",
      "begin" : 750,
      "end" : 752,
      "text" : "it",
      "whiteSpace" : false
    }, {
      "id" : "s8-t3",
      "begin" : 753,
      "end" : 756,
      "text" : "all",
      "whiteSpace" : false
    }, {
      "id" : "s8-t4",
      "begin" : 756,
      "end" : 757,
      "text" : "!",
      "whiteSpace" : false
    } ]
  }, {
    "id" : "s9",
    "begin" : 757,
    "end" : 836,
    "text" : "\",\n    \"subreddit\": \"washingtondc\",\n    \"created\": \"2020-04-25T01:13:26.000Z\"\n}",
    "tokens" : [ {
      "id" : "s9-t0",
      "begin" : 757,
      "end" : 758,
      "text" : "\"",
      "whiteSpace" : false
    }, {
      "id" : "s9-t1",
      "begin" : 758,
      "end" : 759,
      "text" : ",",
      "whiteSpace" : false
    }, {
      "id" : "s9-t2",
      "begin" : 764,
      "end" : 765,
      "text" : "\"",
      "whiteSpace" : false
    }, {
      "id" : "s9-t3",
      "begin" : 765,
      "end" : 774,
      "text" : "subreddit",
      "whiteSpace" : false
    }, {
      "id" : "s9-t4",
      "begin" : 774,
      "end" : 775,
      "text" : "\"",
      "whiteSpace" : false
    }, {
      "id" : "s9-t5",
      "begin" : 775,
      "end" : 776,
      "text" : ":",
      "whiteSpace" : false
    }, {
      "id" : "s9-t6",
      "begin" : 777,
      "end" : 778,
      "text" : "\"",
      "whiteSpace" : false
    }, {
      "id" : "s9-t7",
      "begin" : 778,
      "end" : 790,
      "text" : "washingtondc",
      "whiteSpace" : false
    }, {
      "id" : "s9-t8",
      "begin" : 790,
      "end" : 791,
      "text" : "\"",
      "whiteSpace" : false
    }, {
      "id" : "s9-t9",
      "begin" : 791,
      "end" : 792,
      "text" : ",",
      "whiteSpace" : false
    }, {
      "id" : "s9-t10",
      "begin" : 797,
      "end" : 798,
      "text" : "\"",
      "whiteSpace" : false
    }, {
      "id" : "s9-t11",
      "begin" : 798,
      "end" : 805,
      "text" : "created",
      "whiteSpace" : false
    }, {
      "id" : "s9-t12",
      "begin" : 805,
      "end" : 806,
      "text" : "\"",
      "whiteSpace" : false
    }, {
      "id" : "s9-t13",
      "begin" : 806,
      "end" : 807,
      "text" : ":",
      "whiteSpace" : false
    }, {
      "id" : "s9-t14",
      "begin" : 808,
      "end" : 809,
      "text" : "\"",
      "whiteSpace" : false
    }, {
      "id" : "s9-t15",
      "begin" : 809,
      "end" : 833,
      "text" : "2020-04-25T01:13:26.000Z",
      "whiteSpace" : false
    }, {
      "id" : "s9-t16",
      "begin" : 833,
      "end" : 834,
      "text" : "\"",
      "whiteSpace" : false
    }, {
      "id" : "s9-t17",
      "begin" : 835,
      "end" : 836,
      "text" : "}",
      "whiteSpace" : false
    } ]
  } ],
  "mentions" : [ {
    "id" : "s2-m1",
    "properties" : {
      "SIRE_MENTION_ROLE" : "Home_Owner",
      "SIRE_ENTITY_SUBTYPE" : "NONE",
      "SIRE_MENTION_TYPE" : "NONE",
      "SIRE_MENTION_CLASS" : "SPC"
    },
    "type" : "Home_Owner",
    "begin" : 93,
    "end" : 98,
    "inCoref" : false
  }, {
    "id" : "s2-m2",
    "properties" : {
      "SIRE_MENTION_ROLE" : "Home_Owner",
      "SIRE_ENTITY_SUBTYPE" : "NONE",
      "SIRE_MENTION_TYPE" : "NONE",
      "SIRE_MENTION_CLASS" : "SPC"
    },
    "type" : "Home_Owner",
    "begin" : 173,
    "end" : 177,
    "inCoref" : false
  }, {
    "id" : "s3-m1",
    "properties" : {
      "SIRE_MENTION_ROLE" : "Home_Owner",
      "SIRE_ENTITY_SUBTYPE" : "NONE",
      "SIRE_MENTION_TYPE" : "NONE",
      "SIRE_MENTION_CLASS" : "SPC"
    },
    "type" : "Home_Owner",
    "begin" : 242,
    "end" : 246,
    "inCoref" : false
  } ],
  "relations" : [ ],
  "corefs" : [ ],
  "typeResolved" : true,
  "userResolved" : false
}