{
  "id" : "432714e0-9592-11ea-8a2d-81b8af140d06-66",
  "name" : "dc-doc-28.txt",
  "createdDate" : 0,
  "version" : 3,
  "text" : "{\n    \"title\": \"best examples to show just how empty DC is?\",\n    \"text\": \"hey. i run two photography pages on Instagram, and i also got a new camera i would like to test out so i figured out my next subject matter would be showcasing how just the contrast b/t a \\\"dynamic\\\" DC and one that's near standstill.\\n\\ni know this may not be a great idea given the fact we're in the midst of a worldwide pandemic. but i can 1000% promise with a cherry on top that i'll follow social distancing, wear a mask, and use gloves (and properly dispose of them), and since i'll be walking around (and maybe using Metro), it could be considered recreation (?)\\n\\ni wanted to know what locations in the area that are usually busy and teaming with life are empty and desolate. locations such as streets, neighborhoods, attractions, etc.\\n\\ni also had a question about getting lunch because i know most places are closed for dining in, but i was wondering if i could do takeout and have a little fun picnic by myself in Farragut Sq or something haha\\n\\ni was also wondering if i would get any shit from law enforcement if they saw some dorky kid with two cameras walking around in the midst of a pandemic.\\n\\nagain, sorry if this generally isn't a good idea, it just seems almost something in a lifetime opportunity.\",\n    \"subreddit\": \"washingtondc\",\n    \"created\": \"2020-04-23T14:36:35.000Z\"\n}",
  "docLength" : 0,
  "language" : "EN",
  "status" : "IN_PROGRESS",
  "modifiedDate" : 1589431616986,
  "documentSet" : [ ],
  "preannotation" : [ "PRE_LW", "PRE_SIRE" ],
  "sentences" : [ {
    "id" : "s0",
    "begin" : 0,
    "end" : 59,
    "text" : "{\n    \"title\": \"best examples to show just how empty DC is?",
    "tokens" : [ {
      "id" : "s0-t0",
      "begin" : 0,
      "end" : 1,
      "text" : "{",
      "whiteSpace" : false
    }, {
      "id" : "s0-t1",
      "begin" : 6,
      "end" : 7,
      "text" : "\"",
      "whiteSpace" : false
    }, {
      "id" : "s0-t2",
      "begin" : 7,
      "end" : 12,
      "text" : "title",
      "whiteSpace" : false
    }, {
      "id" : "s0-t3",
      "begin" : 12,
      "end" : 13,
      "text" : "\"",
      "whiteSpace" : false
    }, {
      "id" : "s0-t4",
      "begin" : 13,
      "end" : 14,
      "text" : ":",
      "whiteSpace" : false
    }, {
      "id" : "s0-t5",
      "begin" : 15,
      "end" : 16,
      "text" : "\"",
      "whiteSpace" : false
    }, {
      "id" : "s0-t6",
      "begin" : 16,
      "end" : 20,
      "text" : "best",
      "whiteSpace" : false
    }, {
      "id" : "s0-t7",
      "begin" : 21,
      "end" : 29,
      "text" : "examples",
      "whiteSpace" : false
    }, {
      "id" : "s0-t8",
      "begin" : 30,
      "end" : 32,
      "text" : "to",
      "whiteSpace" : false
    }, {
      "id" : "s0-t9",
      "begin" : 33,
      "end" : 37,
      "text" : "show",
      "whiteSpace" : false
    }, {
      "id" : "s0-t10",
      "begin" : 38,
      "end" : 42,
      "text" : "just",
      "whiteSpace" : false
    }, {
      "id" : "s0-t11",
      "begin" : 43,
      "end" : 46,
      "text" : "how",
      "whiteSpace" : false
    }, {
      "id" : "s0-t12",
      "begin" : 47,
      "end" : 52,
      "text" : "empty",
      "whiteSpace" : false
    }, {
      "id" : "s0-t13",
      "begin" : 53,
      "end" : 55,
      "text" : "DC",
      "whiteSpace" : false
    }, {
      "id" : "s0-t14",
      "begin" : 56,
      "end" : 58,
      "text" : "is",
      "whiteSpace" : false
    }, {
      "id" : "s0-t15",
      "begin" : 58,
      "end" : 59,
      "text" : "?",
      "whiteSpace" : false
    } ]
  }, {
    "id" : "s1",
    "begin" : 59,
    "end" : 309,
    "text" : "\",\n    \"text\": \"hey. i run two photography pages on Instagram, and i also got a new camera i would like to test out so i figured out my next subject matter would be showcasing how just the contrast b/t a \\\"dynamic\\\" DC and one that's near standstill.",
    "tokens" : [ {
      "id" : "s1-t0",
      "begin" : 59,
      "end" : 60,
      "text" : "\"",
      "whiteSpace" : false
    }, {
      "id" : "s1-t1",
      "begin" : 60,
      "end" : 61,
      "text" : ",",
      "whiteSpace" : false
    }, {
      "id" : "s1-t2",
      "begin" : 66,
      "end" : 67,
      "text" : "\"",
      "whiteSpace" : false
    }, {
      "id" : "s1-t3",
      "begin" : 67,
      "end" : 71,
      "text" : "text",
      "whiteSpace" : false
    }, {
      "id" : "s1-t4",
      "begin" : 71,
      "end" : 72,
      "text" : "\"",
      "whiteSpace" : false
    }, {
      "id" : "s1-t5",
      "begin" : 72,
      "end" : 73,
      "text" : ":",
      "whiteSpace" : false
    }, {
      "id" : "s1-t6",
      "begin" : 74,
      "end" : 75,
      "text" : "\"",
      "whiteSpace" : false
    }, {
      "id" : "s1-t7",
      "begin" : 75,
      "end" : 79,
      "text" : "hey.",
      "whiteSpace" : false
    }, {
      "id" : "s1-t8",
      "begin" : 80,
      "end" : 81,
      "text" : "i",
      "whiteSpace" : false
    }, {
      "id" : "s1-t9",
      "begin" : 82,
      "end" : 85,
      "text" : "run",
      "whiteSpace" : false
    }, {
      "id" : "s1-t10",
      "begin" : 86,
      "end" : 89,
      "text" : "two",
      "whiteSpace" : false
    }, {
      "id" : "s1-t11",
      "begin" : 90,
      "end" : 101,
      "text" : "photography",
      "whiteSpace" : false
    }, {
      "id" : "s1-t12",
      "begin" : 102,
      "end" : 107,
      "text" : "pages",
      "whiteSpace" : false
    }, {
      "id" : "s1-t13",
      "begin" : 108,
      "end" : 110,
      "text" : "on",
      "whiteSpace" : false
    }, {
      "id" : "s1-t14",
      "begin" : 111,
      "end" : 120,
      "text" : "Instagram",
      "whiteSpace" : false
    }, {
      "id" : "s1-t15",
      "begin" : 120,
      "end" : 121,
      "text" : ",",
      "whiteSpace" : false
    }, {
      "id" : "s1-t16",
      "begin" : 122,
      "end" : 125,
      "text" : "and",
      "whiteSpace" : false
    }, {
      "id" : "s1-t17",
      "begin" : 126,
      "end" : 127,
      "text" : "i",
      "whiteSpace" : false
    }, {
      "id" : "s1-t18",
      "begin" : 128,
      "end" : 132,
      "text" : "also",
      "whiteSpace" : false
    }, {
      "id" : "s1-t19",
      "begin" : 133,
      "end" : 136,
      "text" : "got",
      "whiteSpace" : false
    }, {
      "id" : "s1-t20",
      "begin" : 137,
      "end" : 138,
      "text" : "a",
      "whiteSpace" : false
    }, {
      "id" : "s1-t21",
      "begin" : 139,
      "end" : 142,
      "text" : "new",
      "whiteSpace" : false
    }, {
      "id" : "s1-t22",
      "begin" : 143,
      "end" : 149,
      "text" : "camera",
      "whiteSpace" : false
    }, {
      "id" : "s1-t23",
      "begin" : 150,
      "end" : 151,
      "text" : "i",
      "whiteSpace" : false
    }, {
      "id" : "s1-t24",
      "begin" : 152,
      "end" : 157,
      "text" : "would",
      "whiteSpace" : false
    }, {
      "id" : "s1-t25",
      "begin" : 158,
      "end" : 162,
      "text" : "like",
      "whiteSpace" : false
    }, {
      "id" : "s1-t26",
      "begin" : 163,
      "end" : 165,
      "text" : "to",
      "whiteSpace" : false
    }, {
      "id" : "s1-t27",
      "begin" : 166,
      "end" : 170,
      "text" : "test",
      "whiteSpace" : false
    }, {
      "id" : "s1-t28",
      "begin" : 171,
      "end" : 174,
      "text" : "out",
      "whiteSpace" : false
    }, {
      "id" : "s1-t29",
      "begin" : 175,
      "end" : 177,
      "text" : "so",
      "whiteSpace" : false
    }, {
      "id" : "s1-t30",
      "begin" : 178,
      "end" : 179,
      "text" : "i",
      "whiteSpace" : false
    }, {
      "id" : "s1-t31",
      "begin" : 180,
      "end" : 187,
      "text" : "figured",
      "whiteSpace" : false
    }, {
      "id" : "s1-t32",
      "begin" : 188,
      "end" : 191,
      "text" : "out",
      "whiteSpace" : false
    }, {
      "id" : "s1-t33",
      "begin" : 192,
      "end" : 194,
      "text" : "my",
      "whiteSpace" : false
    }, {
      "id" : "s1-t34",
      "begin" : 195,
      "end" : 199,
      "text" : "next",
      "whiteSpace" : false
    }, {
      "id" : "s1-t35",
      "begin" : 200,
      "end" : 207,
      "text" : "subject",
      "whiteSpace" : false
    }, {
      "id" : "s1-t36",
      "begin" : 208,
      "end" : 214,
      "text" : "matter",
      "whiteSpace" : false
    }, {
      "id" : "s1-t37",
      "begin" : 215,
      "end" : 220,
      "text" : "would",
      "whiteSpace" : false
    }, {
      "id" : "s1-t38",
      "begin" : 221,
      "end" : 223,
      "text" : "be",
      "whiteSpace" : false
    }, {
      "id" : "s1-t39",
      "begin" : 224,
      "end" : 234,
      "text" : "showcasing",
      "whiteSpace" : false
    }, {
      "id" : "s1-t40",
      "begin" : 235,
      "end" : 238,
      "text" : "how",
      "whiteSpace" : false
    }, {
      "id" : "s1-t41",
      "begin" : 239,
      "end" : 243,
      "text" : "just",
      "whiteSpace" : false
    }, {
      "id" : "s1-t42",
      "begin" : 244,
      "end" : 247,
      "text" : "the",
      "whiteSpace" : false
    }, {
      "id" : "s1-t43",
      "begin" : 248,
      "end" : 256,
      "text" : "contrast",
      "whiteSpace" : false
    }, {
      "id" : "s1-t44",
      "begin" : 257,
      "end" : 258,
      "text" : "b",
      "whiteSpace" : false
    }, {
      "id" : "s1-t45",
      "begin" : 258,
      "end" : 259,
      "text" : "/",
      "whiteSpace" : false
    }, {
      "id" : "s1-t46",
      "begin" : 259,
      "end" : 260,
      "text" : "t",
      "whiteSpace" : false
    }, {
      "id" : "s1-t47",
      "begin" : 261,
      "end" : 262,
      "text" : "a",
      "whiteSpace" : false
    }, {
      "id" : "s1-t48",
      "begin" : 263,
      "end" : 265,
      "text" : "\\\"",
      "whiteSpace" : false
    }, {
      "id" : "s1-t49",
      "begin" : 265,
      "end" : 272,
      "text" : "dynamic",
      "whiteSpace" : false
    }, {
      "id" : "s1-t50",
      "begin" : 272,
      "end" : 274,
      "text" : "\\\"",
      "whiteSpace" : false
    }, {
      "id" : "s1-t51",
      "begin" : 275,
      "end" : 277,
      "text" : "DC",
      "whiteSpace" : false
    }, {
      "id" : "s1-t52",
      "begin" : 278,
      "end" : 281,
      "text" : "and",
      "whiteSpace" : false
    }, {
      "id" : "s1-t53",
      "begin" : 282,
      "end" : 285,
      "text" : "one",
      "whiteSpace" : false
    }, {
      "id" : "s1-t54",
      "begin" : 286,
      "end" : 290,
      "text" : "that",
      "whiteSpace" : false
    }, {
      "id" : "s1-t55",
      "begin" : 290,
      "end" : 292,
      "text" : "'s",
      "whiteSpace" : false
    }, {
      "id" : "s1-t56",
      "begin" : 293,
      "end" : 297,
      "text" : "near",
      "whiteSpace" : false
    }, {
      "id" : "s1-t57",
      "begin" : 298,
      "end" : 308,
      "text" : "standstill",
      "whiteSpace" : false
    }, {
      "id" : "s1-t58",
      "begin" : 308,
      "end" : 309,
      "text" : ".",
      "whiteSpace" : false
    } ]
  }, {
    "id" : "s2",
    "begin" : 309,
    "end" : 407,
    "text" : "\\n\\ni know this may not be a great idea given the fact we're in the midst of a worldwide pandemic.",
    "tokens" : [ {
      "id" : "s2-t0",
      "begin" : 309,
      "end" : 311,
      "text" : "\\n",
      "whiteSpace" : false
    }, {
      "id" : "s2-t1",
      "begin" : 311,
      "end" : 314,
      "text" : "\\ni",
      "whiteSpace" : false
    }, {
      "id" : "s2-t2",
      "begin" : 315,
      "end" : 319,
      "text" : "know",
      "whiteSpace" : false
    }, {
      "id" : "s2-t3",
      "begin" : 320,
      "end" : 324,
      "text" : "this",
      "whiteSpace" : false
    }, {
      "id" : "s2-t4",
      "begin" : 325,
      "end" : 328,
      "text" : "may",
      "whiteSpace" : false
    }, {
      "id" : "s2-t5",
      "begin" : 329,
      "end" : 332,
      "text" : "not",
      "whiteSpace" : false
    }, {
      "id" : "s2-t6",
      "begin" : 333,
      "end" : 335,
      "text" : "be",
      "whiteSpace" : false
    }, {
      "id" : "s2-t7",
      "begin" : 336,
      "end" : 337,
      "text" : "a",
      "whiteSpace" : false
    }, {
      "id" : "s2-t8",
      "begin" : 338,
      "end" : 343,
      "text" : "great",
      "whiteSpace" : false
    }, {
      "id" : "s2-t9",
      "begin" : 344,
      "end" : 348,
      "text" : "idea",
      "whiteSpace" : false
    }, {
      "id" : "s2-t10",
      "begin" : 349,
      "end" : 354,
      "text" : "given",
      "whiteSpace" : false
    }, {
      "id" : "s2-t11",
      "begin" : 355,
      "end" : 358,
      "text" : "the",
      "whiteSpace" : false
    }, {
      "id" : "s2-t12",
      "begin" : 359,
      "end" : 363,
      "text" : "fact",
      "whiteSpace" : false
    }, {
      "id" : "s2-t13",
      "begin" : 364,
      "end" : 366,
      "text" : "we",
      "whiteSpace" : false
    }, {
      "id" : "s2-t14",
      "begin" : 366,
      "end" : 369,
      "text" : "'re",
      "whiteSpace" : false
    }, {
      "id" : "s2-t15",
      "begin" : 370,
      "end" : 372,
      "text" : "in",
      "whiteSpace" : false
    }, {
      "id" : "s2-t16",
      "begin" : 373,
      "end" : 376,
      "text" : "the",
      "whiteSpace" : false
    }, {
      "id" : "s2-t17",
      "begin" : 377,
      "end" : 382,
      "text" : "midst",
      "whiteSpace" : false
    }, {
      "id" : "s2-t18",
      "begin" : 383,
      "end" : 385,
      "text" : "of",
      "whiteSpace" : false
    }, {
      "id" : "s2-t19",
      "begin" : 386,
      "end" : 387,
      "text" : "a",
      "whiteSpace" : false
    }, {
      "id" : "s2-t20",
      "begin" : 388,
      "end" : 397,
      "text" : "worldwide",
      "whiteSpace" : false
    }, {
      "id" : "s2-t21",
      "begin" : 398,
      "end" : 406,
      "text" : "pandemic",
      "whiteSpace" : false
    }, {
      "id" : "s2-t22",
      "begin" : 406,
      "end" : 407,
      "text" : ".",
      "whiteSpace" : false
    } ]
  }, {
    "id" : "s3",
    "begin" : 408,
    "end" : 759,
    "text" : "but i can 1000% promise with a cherry on top that i'll follow social distancing, wear a mask, and use gloves (and properly dispose of them), and since i'll be walking around (and maybe using Metro), it could be considered recreation (?)\\n\\ni wanted to know what locations in the area that are usually busy and teaming with life are empty and desolate.",
    "tokens" : [ {
      "id" : "s3-t0",
      "begin" : 408,
      "end" : 411,
      "text" : "but",
      "whiteSpace" : false
    }, {
      "id" : "s3-t1",
      "begin" : 412,
      "end" : 413,
      "text" : "i",
      "whiteSpace" : false
    }, {
      "id" : "s3-t2",
      "begin" : 414,
      "end" : 417,
      "text" : "can",
      "whiteSpace" : false
    }, {
      "id" : "s3-t3",
      "begin" : 418,
      "end" : 422,
      "text" : "1000",
      "whiteSpace" : false
    }, {
      "id" : "s3-t4",
      "begin" : 422,
      "end" : 423,
      "text" : "%",
      "whiteSpace" : false
    }, {
      "id" : "s3-t5",
      "begin" : 424,
      "end" : 431,
      "text" : "promise",
      "whiteSpace" : false
    }, {
      "id" : "s3-t6",
      "begin" : 432,
      "end" : 436,
      "text" : "with",
      "whiteSpace" : false
    }, {
      "id" : "s3-t7",
      "begin" : 437,
      "end" : 438,
      "text" : "a",
      "whiteSpace" : false
    }, {
      "id" : "s3-t8",
      "begin" : 439,
      "end" : 445,
      "text" : "cherry",
      "whiteSpace" : false
    }, {
      "id" : "s3-t9",
      "begin" : 446,
      "end" : 448,
      "text" : "on",
      "whiteSpace" : false
    }, {
      "id" : "s3-t10",
      "begin" : 449,
      "end" : 452,
      "text" : "top",
      "whiteSpace" : false
    }, {
      "id" : "s3-t11",
      "begin" : 453,
      "end" : 457,
      "text" : "that",
      "whiteSpace" : false
    }, {
      "id" : "s3-t12",
      "begin" : 458,
      "end" : 459,
      "text" : "i",
      "whiteSpace" : false
    }, {
      "id" : "s3-t13",
      "begin" : 459,
      "end" : 462,
      "text" : "'ll",
      "whiteSpace" : false
    }, {
      "id" : "s3-t14",
      "begin" : 463,
      "end" : 469,
      "text" : "follow",
      "whiteSpace" : false
    }, {
      "id" : "s3-t15",
      "begin" : 470,
      "end" : 476,
      "text" : "social",
      "whiteSpace" : false
    }, {
      "id" : "s3-t16",
      "begin" : 477,
      "end" : 487,
      "text" : "distancing",
      "whiteSpace" : false
    }, {
      "id" : "s3-t17",
      "begin" : 487,
      "end" : 488,
      "text" : ",",
      "whiteSpace" : false
    }, {
      "id" : "s3-t18",
      "begin" : 489,
      "end" : 493,
      "text" : "wear",
      "whiteSpace" : false
    }, {
      "id" : "s3-t19",
      "begin" : 494,
      "end" : 495,
      "text" : "a",
      "whiteSpace" : false
    }, {
      "id" : "s3-t20",
      "begin" : 496,
      "end" : 500,
      "text" : "mask",
      "whiteSpace" : false
    }, {
      "id" : "s3-t21",
      "begin" : 500,
      "end" : 501,
      "text" : ",",
      "whiteSpace" : false
    }, {
      "id" : "s3-t22",
      "begin" : 502,
      "end" : 505,
      "text" : "and",
      "whiteSpace" : false
    }, {
      "id" : "s3-t23",
      "begin" : 506,
      "end" : 509,
      "text" : "use",
      "whiteSpace" : false
    }, {
      "id" : "s3-t24",
      "begin" : 510,
      "end" : 516,
      "text" : "gloves",
      "whiteSpace" : false
    }, {
      "id" : "s3-t25",
      "begin" : 517,
      "end" : 518,
      "text" : "(",
      "whiteSpace" : false
    }, {
      "id" : "s3-t26",
      "begin" : 518,
      "end" : 521,
      "text" : "and",
      "whiteSpace" : false
    }, {
      "id" : "s3-t27",
      "begin" : 522,
      "end" : 530,
      "text" : "properly",
      "whiteSpace" : false
    }, {
      "id" : "s3-t28",
      "begin" : 531,
      "end" : 538,
      "text" : "dispose",
      "whiteSpace" : false
    }, {
      "id" : "s3-t29",
      "begin" : 539,
      "end" : 541,
      "text" : "of",
      "whiteSpace" : false
    }, {
      "id" : "s3-t30",
      "begin" : 542,
      "end" : 546,
      "text" : "them",
      "whiteSpace" : false
    }, {
      "id" : "s3-t31",
      "begin" : 546,
      "end" : 547,
      "text" : ")",
      "whiteSpace" : false
    }, {
      "id" : "s3-t32",
      "begin" : 547,
      "end" : 548,
      "text" : ",",
      "whiteSpace" : false
    }, {
      "id" : "s3-t33",
      "begin" : 549,
      "end" : 552,
      "text" : "and",
      "whiteSpace" : false
    }, {
      "id" : "s3-t34",
      "begin" : 553,
      "end" : 558,
      "text" : "since",
      "whiteSpace" : false
    }, {
      "id" : "s3-t35",
      "begin" : 559,
      "end" : 560,
      "text" : "i",
      "whiteSpace" : false
    }, {
      "id" : "s3-t36",
      "begin" : 560,
      "end" : 563,
      "text" : "'ll",
      "whiteSpace" : false
    }, {
      "id" : "s3-t37",
      "begin" : 564,
      "end" : 566,
      "text" : "be",
      "whiteSpace" : false
    }, {
      "id" : "s3-t38",
      "begin" : 567,
      "end" : 574,
      "text" : "walking",
      "whiteSpace" : false
    }, {
      "id" : "s3-t39",
      "begin" : 575,
      "end" : 581,
      "text" : "around",
      "whiteSpace" : false
    }, {
      "id" : "s3-t40",
      "begin" : 582,
      "end" : 583,
      "text" : "(",
      "whiteSpace" : false
    }, {
      "id" : "s3-t41",
      "begin" : 583,
      "end" : 586,
      "text" : "and",
      "whiteSpace" : false
    }, {
      "id" : "s3-t42",
      "begin" : 587,
      "end" : 592,
      "text" : "maybe",
      "whiteSpace" : false
    }, {
      "id" : "s3-t43",
      "begin" : 593,
      "end" : 598,
      "text" : "using",
      "whiteSpace" : false
    }, {
      "id" : "s3-t44",
      "begin" : 599,
      "end" : 604,
      "text" : "Metro",
      "whiteSpace" : false
    }, {
      "id" : "s3-t45",
      "begin" : 604,
      "end" : 605,
      "text" : ")",
      "whiteSpace" : false
    }, {
      "id" : "s3-t46",
      "begin" : 605,
      "end" : 606,
      "text" : ",",
      "whiteSpace" : false
    }, {
      "id" : "s3-t47",
      "begin" : 607,
      "end" : 609,
      "text" : "it",
      "whiteSpace" : false
    }, {
      "id" : "s3-t48",
      "begin" : 610,
      "end" : 615,
      "text" : "could",
      "whiteSpace" : false
    }, {
      "id" : "s3-t49",
      "begin" : 616,
      "end" : 618,
      "text" : "be",
      "whiteSpace" : false
    }, {
      "id" : "s3-t50",
      "begin" : 619,
      "end" : 629,
      "text" : "considered",
      "whiteSpace" : false
    }, {
      "id" : "s3-t51",
      "begin" : 630,
      "end" : 640,
      "text" : "recreation",
      "whiteSpace" : false
    }, {
      "id" : "s3-t52",
      "begin" : 641,
      "end" : 642,
      "text" : "(",
      "whiteSpace" : false
    }, {
      "id" : "s3-t53",
      "begin" : 642,
      "end" : 643,
      "text" : "?",
      "whiteSpace" : false
    }, {
      "id" : "s3-t54",
      "begin" : 643,
      "end" : 644,
      "text" : ")",
      "whiteSpace" : false
    }, {
      "id" : "s3-t55",
      "begin" : 644,
      "end" : 646,
      "text" : "\\n",
      "whiteSpace" : false
    }, {
      "id" : "s3-t56",
      "begin" : 646,
      "end" : 649,
      "text" : "\\ni",
      "whiteSpace" : false
    }, {
      "id" : "s3-t57",
      "begin" : 650,
      "end" : 656,
      "text" : "wanted",
      "whiteSpace" : false
    }, {
      "id" : "s3-t58",
      "begin" : 657,
      "end" : 659,
      "text" : "to",
      "whiteSpace" : false
    }, {
      "id" : "s3-t59",
      "begin" : 660,
      "end" : 664,
      "text" : "know",
      "whiteSpace" : false
    }, {
      "id" : "s3-t60",
      "begin" : 665,
      "end" : 669,
      "text" : "what",
      "whiteSpace" : false
    }, {
      "id" : "s3-t61",
      "begin" : 670,
      "end" : 679,
      "text" : "locations",
      "whiteSpace" : false
    }, {
      "id" : "s3-t62",
      "begin" : 680,
      "end" : 682,
      "text" : "in",
      "whiteSpace" : false
    }, {
      "id" : "s3-t63",
      "begin" : 683,
      "end" : 686,
      "text" : "the",
      "whiteSpace" : false
    }, {
      "id" : "s3-t64",
      "begin" : 687,
      "end" : 691,
      "text" : "area",
      "whiteSpace" : false
    }, {
      "id" : "s3-t65",
      "begin" : 692,
      "end" : 696,
      "text" : "that",
      "whiteSpace" : false
    }, {
      "id" : "s3-t66",
      "begin" : 697,
      "end" : 700,
      "text" : "are",
      "whiteSpace" : false
    }, {
      "id" : "s3-t67",
      "begin" : 701,
      "end" : 708,
      "text" : "usually",
      "whiteSpace" : false
    }, {
      "id" : "s3-t68",
      "begin" : 709,
      "end" : 713,
      "text" : "busy",
      "whiteSpace" : false
    }, {
      "id" : "s3-t69",
      "begin" : 714,
      "end" : 717,
      "text" : "and",
      "whiteSpace" : false
    }, {
      "id" : "s3-t70",
      "begin" : 718,
      "end" : 725,
      "text" : "teaming",
      "whiteSpace" : false
    }, {
      "id" : "s3-t71",
      "begin" : 726,
      "end" : 730,
      "text" : "with",
      "whiteSpace" : false
    }, {
      "id" : "s3-t72",
      "begin" : 731,
      "end" : 735,
      "text" : "life",
      "whiteSpace" : false
    }, {
      "id" : "s3-t73",
      "begin" : 736,
      "end" : 739,
      "text" : "are",
      "whiteSpace" : false
    }, {
      "id" : "s3-t74",
      "begin" : 740,
      "end" : 745,
      "text" : "empty",
      "whiteSpace" : false
    }, {
      "id" : "s3-t75",
      "begin" : 746,
      "end" : 749,
      "text" : "and",
      "whiteSpace" : false
    }, {
      "id" : "s3-t76",
      "begin" : 750,
      "end" : 758,
      "text" : "desolate",
      "whiteSpace" : false
    }, {
      "id" : "s3-t77",
      "begin" : 758,
      "end" : 759,
      "text" : ".",
      "whiteSpace" : false
    } ]
  }, {
    "id" : "s4",
    "begin" : 760,
    "end" : 1298,
    "text" : "locations such as streets, neighborhoods, attractions, etc.\\n\\ni also had a question about getting lunch because i know most places are closed for dining in, but i was wondering if i could do takeout and have a little fun picnic by myself in Farragut Sq or something haha\\n\\ni was also wondering if i would get any shit from law enforcement if they saw some dorky kid with two cameras walking around in the midst of a pandemic.\\n\\nagain, sorry if this generally isn't a good idea, it just seems almost something in a lifetime opportunity.",
    "tokens" : [ {
      "id" : "s4-t0",
      "begin" : 760,
      "end" : 769,
      "text" : "locations",
      "whiteSpace" : false
    }, {
      "id" : "s4-t1",
      "begin" : 770,
      "end" : 774,
      "text" : "such",
      "whiteSpace" : false
    }, {
      "id" : "s4-t2",
      "begin" : 775,
      "end" : 777,
      "text" : "as",
      "whiteSpace" : false
    }, {
      "id" : "s4-t3",
      "begin" : 778,
      "end" : 785,
      "text" : "streets",
      "whiteSpace" : false
    }, {
      "id" : "s4-t4",
      "begin" : 785,
      "end" : 786,
      "text" : ",",
      "whiteSpace" : false
    }, {
      "id" : "s4-t5",
      "begin" : 787,
      "end" : 800,
      "text" : "neighborhoods",
      "whiteSpace" : false
    }, {
      "id" : "s4-t6",
      "begin" : 800,
      "end" : 801,
      "text" : ",",
      "whiteSpace" : false
    }, {
      "id" : "s4-t7",
      "begin" : 802,
      "end" : 813,
      "text" : "attractions",
      "whiteSpace" : false
    }, {
      "id" : "s4-t8",
      "begin" : 813,
      "end" : 814,
      "text" : ",",
      "whiteSpace" : false
    }, {
      "id" : "s4-t9",
      "begin" : 815,
      "end" : 819,
      "text" : "etc.",
      "whiteSpace" : false
    }, {
      "id" : "s4-t10",
      "begin" : 819,
      "end" : 821,
      "text" : "\\n",
      "whiteSpace" : false
    }, {
      "id" : "s4-t11",
      "begin" : 821,
      "end" : 824,
      "text" : "\\ni",
      "whiteSpace" : false
    }, {
      "id" : "s4-t12",
      "begin" : 825,
      "end" : 829,
      "text" : "also",
      "whiteSpace" : false
    }, {
      "id" : "s4-t13",
      "begin" : 830,
      "end" : 833,
      "text" : "had",
      "whiteSpace" : false
    }, {
      "id" : "s4-t14",
      "begin" : 834,
      "end" : 835,
      "text" : "a",
      "whiteSpace" : false
    }, {
      "id" : "s4-t15",
      "begin" : 836,
      "end" : 844,
      "text" : "question",
      "whiteSpace" : false
    }, {
      "id" : "s4-t16",
      "begin" : 845,
      "end" : 850,
      "text" : "about",
      "whiteSpace" : false
    }, {
      "id" : "s4-t17",
      "begin" : 851,
      "end" : 858,
      "text" : "getting",
      "whiteSpace" : false
    }, {
      "id" : "s4-t18",
      "begin" : 859,
      "end" : 864,
      "text" : "lunch",
      "whiteSpace" : false
    }, {
      "id" : "s4-t19",
      "begin" : 865,
      "end" : 872,
      "text" : "because",
      "whiteSpace" : false
    }, {
      "id" : "s4-t20",
      "begin" : 873,
      "end" : 874,
      "text" : "i",
      "whiteSpace" : false
    }, {
      "id" : "s4-t21",
      "begin" : 875,
      "end" : 879,
      "text" : "know",
      "whiteSpace" : false
    }, {
      "id" : "s4-t22",
      "begin" : 880,
      "end" : 884,
      "text" : "most",
      "whiteSpace" : false
    }, {
      "id" : "s4-t23",
      "begin" : 885,
      "end" : 891,
      "text" : "places",
      "whiteSpace" : false
    }, {
      "id" : "s4-t24",
      "begin" : 892,
      "end" : 895,
      "text" : "are",
      "whiteSpace" : false
    }, {
      "id" : "s4-t25",
      "begin" : 896,
      "end" : 902,
      "text" : "closed",
      "whiteSpace" : false
    }, {
      "id" : "s4-t26",
      "begin" : 903,
      "end" : 906,
      "text" : "for",
      "whiteSpace" : false
    }, {
      "id" : "s4-t27",
      "begin" : 907,
      "end" : 913,
      "text" : "dining",
      "whiteSpace" : false
    }, {
      "id" : "s4-t28",
      "begin" : 914,
      "end" : 916,
      "text" : "in",
      "whiteSpace" : false
    }, {
      "id" : "s4-t29",
      "begin" : 916,
      "end" : 917,
      "text" : ",",
      "whiteSpace" : false
    }, {
      "id" : "s4-t30",
      "begin" : 918,
      "end" : 921,
      "text" : "but",
      "whiteSpace" : false
    }, {
      "id" : "s4-t31",
      "begin" : 922,
      "end" : 923,
      "text" : "i",
      "whiteSpace" : false
    }, {
      "id" : "s4-t32",
      "begin" : 924,
      "end" : 927,
      "text" : "was",
      "whiteSpace" : false
    }, {
      "id" : "s4-t33",
      "begin" : 928,
      "end" : 937,
      "text" : "wondering",
      "whiteSpace" : false
    }, {
      "id" : "s4-t34",
      "begin" : 938,
      "end" : 940,
      "text" : "if",
      "whiteSpace" : false
    }, {
      "id" : "s4-t35",
      "begin" : 941,
      "end" : 942,
      "text" : "i",
      "whiteSpace" : false
    }, {
      "id" : "s4-t36",
      "begin" : 943,
      "end" : 948,
      "text" : "could",
      "whiteSpace" : false
    }, {
      "id" : "s4-t37",
      "begin" : 949,
      "end" : 951,
      "text" : "do",
      "whiteSpace" : false
    }, {
      "id" : "s4-t38",
      "begin" : 952,
      "end" : 959,
      "text" : "takeout",
      "whiteSpace" : false
    }, {
      "id" : "s4-t39",
      "begin" : 960,
      "end" : 963,
      "text" : "and",
      "whiteSpace" : false
    }, {
      "id" : "s4-t40",
      "begin" : 964,
      "end" : 968,
      "text" : "have",
      "whiteSpace" : false
    }, {
      "id" : "s4-t41",
      "begin" : 969,
      "end" : 970,
      "text" : "a",
      "whiteSpace" : false
    }, {
      "id" : "s4-t42",
      "begin" : 971,
      "end" : 977,
      "text" : "little",
      "whiteSpace" : false
    }, {
      "id" : "s4-t43",
      "begin" : 978,
      "end" : 981,
      "text" : "fun",
      "whiteSpace" : false
    }, {
      "id" : "s4-t44",
      "begin" : 982,
      "end" : 988,
      "text" : "picnic",
      "whiteSpace" : false
    }, {
      "id" : "s4-t45",
      "begin" : 989,
      "end" : 991,
      "text" : "by",
      "whiteSpace" : false
    }, {
      "id" : "s4-t46",
      "begin" : 992,
      "end" : 998,
      "text" : "myself",
      "whiteSpace" : false
    }, {
      "id" : "s4-t47",
      "begin" : 999,
      "end" : 1001,
      "text" : "in",
      "whiteSpace" : false
    }, {
      "id" : "s4-t48",
      "begin" : 1002,
      "end" : 1010,
      "text" : "Farragut",
      "whiteSpace" : false
    }, {
      "id" : "s4-t49",
      "begin" : 1011,
      "end" : 1013,
      "text" : "Sq",
      "whiteSpace" : false
    }, {
      "id" : "s4-t50",
      "begin" : 1014,
      "end" : 1016,
      "text" : "or",
      "whiteSpace" : false
    }, {
      "id" : "s4-t51",
      "begin" : 1017,
      "end" : 1026,
      "text" : "something",
      "whiteSpace" : false
    }, {
      "id" : "s4-t52",
      "begin" : 1027,
      "end" : 1031,
      "text" : "haha",
      "whiteSpace" : false
    }, {
      "id" : "s4-t53",
      "begin" : 1031,
      "end" : 1033,
      "text" : "\\n",
      "whiteSpace" : false
    }, {
      "id" : "s4-t54",
      "begin" : 1033,
      "end" : 1036,
      "text" : "\\ni",
      "whiteSpace" : false
    }, {
      "id" : "s4-t55",
      "begin" : 1037,
      "end" : 1040,
      "text" : "was",
      "whiteSpace" : false
    }, {
      "id" : "s4-t56",
      "begin" : 1041,
      "end" : 1045,
      "text" : "also",
      "whiteSpace" : false
    }, {
      "id" : "s4-t57",
      "begin" : 1046,
      "end" : 1055,
      "text" : "wondering",
      "whiteSpace" : false
    }, {
      "id" : "s4-t58",
      "begin" : 1056,
      "end" : 1058,
      "text" : "if",
      "whiteSpace" : false
    }, {
      "id" : "s4-t59",
      "begin" : 1059,
      "end" : 1060,
      "text" : "i",
      "whiteSpace" : false
    }, {
      "id" : "s4-t60",
      "begin" : 1061,
      "end" : 1066,
      "text" : "would",
      "whiteSpace" : false
    }, {
      "id" : "s4-t61",
      "begin" : 1067,
      "end" : 1070,
      "text" : "get",
      "whiteSpace" : false
    }, {
      "id" : "s4-t62",
      "begin" : 1071,
      "end" : 1074,
      "text" : "any",
      "whiteSpace" : false
    }, {
      "id" : "s4-t63",
      "begin" : 1075,
      "end" : 1079,
      "text" : "shit",
      "whiteSpace" : false
    }, {
      "id" : "s4-t64",
      "begin" : 1080,
      "end" : 1084,
      "text" : "from",
      "whiteSpace" : false
    }, {
      "id" : "s4-t65",
      "begin" : 1085,
      "end" : 1088,
      "text" : "law",
      "whiteSpace" : false
    }, {
      "id" : "s4-t66",
      "begin" : 1089,
      "end" : 1100,
      "text" : "enforcement",
      "whiteSpace" : false
    }, {
      "id" : "s4-t67",
      "begin" : 1101,
      "end" : 1103,
      "text" : "if",
      "whiteSpace" : false
    }, {
      "id" : "s4-t68",
      "begin" : 1104,
      "end" : 1108,
      "text" : "they",
      "whiteSpace" : false
    }, {
      "id" : "s4-t69",
      "begin" : 1109,
      "end" : 1112,
      "text" : "saw",
      "whiteSpace" : false
    }, {
      "id" : "s4-t70",
      "begin" : 1113,
      "end" : 1117,
      "text" : "some",
      "whiteSpace" : false
    }, {
      "id" : "s4-t71",
      "begin" : 1118,
      "end" : 1123,
      "text" : "dorky",
      "whiteSpace" : false
    }, {
      "id" : "s4-t72",
      "begin" : 1124,
      "end" : 1127,
      "text" : "kid",
      "whiteSpace" : false
    }, {
      "id" : "s4-t73",
      "begin" : 1128,
      "end" : 1132,
      "text" : "with",
      "whiteSpace" : false
    }, {
      "id" : "s4-t74",
      "begin" : 1133,
      "end" : 1136,
      "text" : "two",
      "whiteSpace" : false
    }, {
      "id" : "s4-t75",
      "begin" : 1137,
      "end" : 1144,
      "text" : "cameras",
      "whiteSpace" : false
    }, {
      "id" : "s4-t76",
      "begin" : 1145,
      "end" : 1152,
      "text" : "walking",
      "whiteSpace" : false
    }, {
      "id" : "s4-t77",
      "begin" : 1153,
      "end" : 1159,
      "text" : "around",
      "whiteSpace" : false
    }, {
      "id" : "s4-t78",
      "begin" : 1160,
      "end" : 1162,
      "text" : "in",
      "whiteSpace" : false
    }, {
      "id" : "s4-t79",
      "begin" : 1163,
      "end" : 1166,
      "text" : "the",
      "whiteSpace" : false
    }, {
      "id" : "s4-t80",
      "begin" : 1167,
      "end" : 1172,
      "text" : "midst",
      "whiteSpace" : false
    }, {
      "id" : "s4-t81",
      "begin" : 1173,
      "end" : 1175,
      "text" : "of",
      "whiteSpace" : false
    }, {
      "id" : "s4-t82",
      "begin" : 1176,
      "end" : 1177,
      "text" : "a",
      "whiteSpace" : false
    }, {
      "id" : "s4-t83",
      "begin" : 1178,
      "end" : 1187,
      "text" : "pandemic.",
      "whiteSpace" : false
    }, {
      "id" : "s4-t84",
      "begin" : 1187,
      "end" : 1189,
      "text" : "\\n",
      "whiteSpace" : false
    }, {
      "id" : "s4-t85",
      "begin" : 1189,
      "end" : 1196,
      "text" : "\\nagain",
      "whiteSpace" : false
    }, {
      "id" : "s4-t86",
      "begin" : 1196,
      "end" : 1197,
      "text" : ",",
      "whiteSpace" : false
    }, {
      "id" : "s4-t87",
      "begin" : 1198,
      "end" : 1203,
      "text" : "sorry",
      "whiteSpace" : false
    }, {
      "id" : "s4-t88",
      "begin" : 1204,
      "end" : 1206,
      "text" : "if",
      "whiteSpace" : false
    }, {
      "id" : "s4-t89",
      "begin" : 1207,
      "end" : 1211,
      "text" : "this",
      "whiteSpace" : false
    }, {
      "id" : "s4-t90",
      "begin" : 1212,
      "end" : 1221,
      "text" : "generally",
      "whiteSpace" : false
    }, {
      "id" : "s4-t91",
      "begin" : 1222,
      "end" : 1224,
      "text" : "is",
      "whiteSpace" : false
    }, {
      "id" : "s4-t92",
      "begin" : 1224,
      "end" : 1227,
      "text" : "n't",
      "whiteSpace" : false
    }, {
      "id" : "s4-t93",
      "begin" : 1228,
      "end" : 1229,
      "text" : "a",
      "whiteSpace" : false
    }, {
      "id" : "s4-t94",
      "begin" : 1230,
      "end" : 1234,
      "text" : "good",
      "whiteSpace" : false
    }, {
      "id" : "s4-t95",
      "begin" : 1235,
      "end" : 1239,
      "text" : "idea",
      "whiteSpace" : false
    }, {
      "id" : "s4-t96",
      "begin" : 1239,
      "end" : 1240,
      "text" : ",",
      "whiteSpace" : false
    }, {
      "id" : "s4-t97",
      "begin" : 1241,
      "end" : 1243,
      "text" : "it",
      "whiteSpace" : false
    }, {
      "id" : "s4-t98",
      "begin" : 1244,
      "end" : 1248,
      "text" : "just",
      "whiteSpace" : false
    }, {
      "id" : "s4-t99",
      "begin" : 1249,
      "end" : 1254,
      "text" : "seems",
      "whiteSpace" : false
    }, {
      "id" : "s4-t100",
      "begin" : 1255,
      "end" : 1261,
      "text" : "almost",
      "whiteSpace" : false
    }, {
      "id" : "s4-t101",
      "begin" : 1262,
      "end" : 1271,
      "text" : "something",
      "whiteSpace" : false
    }, {
      "id" : "s4-t102",
      "begin" : 1272,
      "end" : 1274,
      "text" : "in",
      "whiteSpace" : false
    }, {
      "id" : "s4-t103",
      "begin" : 1275,
      "end" : 1276,
      "text" : "a",
      "whiteSpace" : false
    }, {
      "id" : "s4-t104",
      "begin" : 1277,
      "end" : 1285,
      "text" : "lifetime",
      "whiteSpace" : false
    }, {
      "id" : "s4-t105",
      "begin" : 1286,
      "end" : 1297,
      "text" : "opportunity",
      "whiteSpace" : false
    }, {
      "id" : "s4-t106",
      "begin" : 1297,
      "end" : 1298,
      "text" : ".",
      "whiteSpace" : false
    } ]
  }, {
    "id" : "s5",
    "begin" : 1298,
    "end" : 1377,
    "text" : "\",\n    \"subreddit\": \"washingtondc\",\n    \"created\": \"2020-04-23T14:36:35.000Z\"\n}",
    "tokens" : [ {
      "id" : "s5-t0",
      "begin" : 1298,
      "end" : 1299,
      "text" : "\"",
      "whiteSpace" : false
    }, {
      "id" : "s5-t1",
      "begin" : 1299,
      "end" : 1300,
      "text" : ",",
      "whiteSpace" : false
    }, {
      "id" : "s5-t2",
      "begin" : 1305,
      "end" : 1306,
      "text" : "\"",
      "whiteSpace" : false
    }, {
      "id" : "s5-t3",
      "begin" : 1306,
      "end" : 1315,
      "text" : "subreddit",
      "whiteSpace" : false
    }, {
      "id" : "s5-t4",
      "begin" : 1315,
      "end" : 1316,
      "text" : "\"",
      "whiteSpace" : false
    }, {
      "id" : "s5-t5",
      "begin" : 1316,
      "end" : 1317,
      "text" : ":",
      "whiteSpace" : false
    }, {
      "id" : "s5-t6",
      "begin" : 1318,
      "end" : 1319,
      "text" : "\"",
      "whiteSpace" : false
    }, {
      "id" : "s5-t7",
      "begin" : 1319,
      "end" : 1331,
      "text" : "washingtondc",
      "whiteSpace" : false
    }, {
      "id" : "s5-t8",
      "begin" : 1331,
      "end" : 1332,
      "text" : "\"",
      "whiteSpace" : false
    }, {
      "id" : "s5-t9",
      "begin" : 1332,
      "end" : 1333,
      "text" : ",",
      "whiteSpace" : false
    }, {
      "id" : "s5-t10",
      "begin" : 1338,
      "end" : 1339,
      "text" : "\"",
      "whiteSpace" : false
    }, {
      "id" : "s5-t11",
      "begin" : 1339,
      "end" : 1346,
      "text" : "created",
      "whiteSpace" : false
    }, {
      "id" : "s5-t12",
      "begin" : 1346,
      "end" : 1347,
      "text" : "\"",
      "whiteSpace" : false
    }, {
      "id" : "s5-t13",
      "begin" : 1347,
      "end" : 1348,
      "text" : ":",
      "whiteSpace" : false
    }, {
      "id" : "s5-t14",
      "begin" : 1349,
      "end" : 1350,
      "text" : "\"",
      "whiteSpace" : false
    }, {
      "id" : "s5-t15",
      "begin" : 1350,
      "end" : 1374,
      "text" : "2020-04-23T14:36:35.000Z",
      "whiteSpace" : false
    }, {
      "id" : "s5-t16",
      "begin" : 1374,
      "end" : 1375,
      "text" : "\"",
      "whiteSpace" : false
    }, {
      "id" : "s5-t17",
      "begin" : 1376,
      "end" : 1377,
      "text" : "}",
      "whiteSpace" : false
    } ]
  } ],
  "mentions" : [ {
    "id" : "s3-m1",
    "properties" : {
      "SIRE_MENTION_ROLE" : "No_Vehicle",
      "SIRE_ENTITY_SUBTYPE" : "NONE",
      "SIRE_MENTION_TYPE" : "NONE",
      "SIRE_MENTION_CLASS" : "SPC"
    },
    "type" : "No_Vehicle",
    "begin" : 559,
    "end" : 605,
    "inCoref" : false
  } ],
  "relations" : [ ],
  "corefs" : [ ],
  "typeResolved" : true,
  "userResolved" : false
}