{
  "id" : "432714e0-9592-11ea-8a2d-81b8af140d06-83",
  "name" : "dc-doc-7.txt",
  "createdDate" : 0,
  "version" : 3,
  "text" : "{\n    \"title\": \"Quiet 17 Dental Care\",\n    \"text\": \"Has anyone ever been to Quiet 17 Dental Care in NoMa? \\n\\nI'm looking for a new dentist. Been going to the same place for almost ten years, but it changed hands when the old dentist retried. I don't really like the new management - they try to push services I know I don't need and they convinced me to get a crown that has caused me nothing but trouble.\\n\\nQuiet 17 came up as a good option in my area, but open to other suggestions.\",\n    \"subreddit\": \"washingtondc\",\n    \"created\": \"2020-04-17T04:08:12.000Z\"\n}",
  "docLength" : 0,
  "language" : "EN",
  "status" : "READY",
  "modifiedDate" : 1589426660370,
  "documentSet" : [ ],
  "preannotation" : [ "PRE_LW", "PRE_SIRE" ],
  "sentences" : [ {
    "id" : "s0",
    "begin" : 0,
    "end" : 105,
    "text" : "{\n    \"title\": \"Quiet 17 Dental Care\",\n    \"text\": \"Has anyone ever been to Quiet 17 Dental Care in NoMa?",
    "tokens" : [ {
      "id" : "s0-t0",
      "begin" : 0,
      "end" : 1,
      "text" : "{",
      "whiteSpace" : false
    }, {
      "id" : "s0-t1",
      "begin" : 6,
      "end" : 7,
      "text" : "\"",
      "whiteSpace" : false
    }, {
      "id" : "s0-t2",
      "begin" : 7,
      "end" : 12,
      "text" : "title",
      "whiteSpace" : false
    }, {
      "id" : "s0-t3",
      "begin" : 12,
      "end" : 13,
      "text" : "\"",
      "whiteSpace" : false
    }, {
      "id" : "s0-t4",
      "begin" : 13,
      "end" : 14,
      "text" : ":",
      "whiteSpace" : false
    }, {
      "id" : "s0-t5",
      "begin" : 15,
      "end" : 16,
      "text" : "\"",
      "whiteSpace" : false
    }, {
      "id" : "s0-t6",
      "begin" : 16,
      "end" : 21,
      "text" : "Quiet",
      "whiteSpace" : false
    }, {
      "id" : "s0-t7",
      "begin" : 22,
      "end" : 24,
      "text" : "17",
      "whiteSpace" : false
    }, {
      "id" : "s0-t8",
      "begin" : 25,
      "end" : 31,
      "text" : "Dental",
      "whiteSpace" : false
    }, {
      "id" : "s0-t9",
      "begin" : 32,
      "end" : 36,
      "text" : "Care",
      "whiteSpace" : false
    }, {
      "id" : "s0-t10",
      "begin" : 36,
      "end" : 37,
      "text" : "\"",
      "whiteSpace" : false
    }, {
      "id" : "s0-t11",
      "begin" : 37,
      "end" : 38,
      "text" : ",",
      "whiteSpace" : false
    }, {
      "id" : "s0-t12",
      "begin" : 43,
      "end" : 44,
      "text" : "\"",
      "whiteSpace" : false
    }, {
      "id" : "s0-t13",
      "begin" : 44,
      "end" : 48,
      "text" : "text",
      "whiteSpace" : false
    }, {
      "id" : "s0-t14",
      "begin" : 48,
      "end" : 49,
      "text" : "\"",
      "whiteSpace" : false
    }, {
      "id" : "s0-t15",
      "begin" : 49,
      "end" : 50,
      "text" : ":",
      "whiteSpace" : false
    }, {
      "id" : "s0-t16",
      "begin" : 51,
      "end" : 52,
      "text" : "\"",
      "whiteSpace" : false
    }, {
      "id" : "s0-t17",
      "begin" : 52,
      "end" : 55,
      "text" : "Has",
      "whiteSpace" : false
    }, {
      "id" : "s0-t18",
      "begin" : 56,
      "end" : 62,
      "text" : "anyone",
      "whiteSpace" : false
    }, {
      "id" : "s0-t19",
      "begin" : 63,
      "end" : 67,
      "text" : "ever",
      "whiteSpace" : false
    }, {
      "id" : "s0-t20",
      "begin" : 68,
      "end" : 72,
      "text" : "been",
      "whiteSpace" : false
    }, {
      "id" : "s0-t21",
      "begin" : 73,
      "end" : 75,
      "text" : "to",
      "whiteSpace" : false
    }, {
      "id" : "s0-t22",
      "begin" : 76,
      "end" : 81,
      "text" : "Quiet",
      "whiteSpace" : false
    }, {
      "id" : "s0-t23",
      "begin" : 82,
      "end" : 84,
      "text" : "17",
      "whiteSpace" : false
    }, {
      "id" : "s0-t24",
      "begin" : 85,
      "end" : 91,
      "text" : "Dental",
      "whiteSpace" : false
    }, {
      "id" : "s0-t25",
      "begin" : 92,
      "end" : 96,
      "text" : "Care",
      "whiteSpace" : false
    }, {
      "id" : "s0-t26",
      "begin" : 97,
      "end" : 99,
      "text" : "in",
      "whiteSpace" : false
    }, {
      "id" : "s0-t27",
      "begin" : 100,
      "end" : 104,
      "text" : "NoMa",
      "whiteSpace" : false
    }, {
      "id" : "s0-t28",
      "begin" : 104,
      "end" : 105,
      "text" : "?",
      "whiteSpace" : false
    } ]
  }, {
    "id" : "s1",
    "begin" : 106,
    "end" : 140,
    "text" : "\\n\\nI'm looking for a new dentist.",
    "tokens" : [ {
      "id" : "s1-t0",
      "begin" : 106,
      "end" : 108,
      "text" : "\\n",
      "whiteSpace" : false
    }, {
      "id" : "s1-t1",
      "begin" : 108,
      "end" : 111,
      "text" : "\\nI",
      "whiteSpace" : false
    }, {
      "id" : "s1-t2",
      "begin" : 111,
      "end" : 113,
      "text" : "'m",
      "whiteSpace" : false
    }, {
      "id" : "s1-t3",
      "begin" : 114,
      "end" : 121,
      "text" : "looking",
      "whiteSpace" : false
    }, {
      "id" : "s1-t4",
      "begin" : 122,
      "end" : 125,
      "text" : "for",
      "whiteSpace" : false
    }, {
      "id" : "s1-t5",
      "begin" : 126,
      "end" : 127,
      "text" : "a",
      "whiteSpace" : false
    }, {
      "id" : "s1-t6",
      "begin" : 128,
      "end" : 131,
      "text" : "new",
      "whiteSpace" : false
    }, {
      "id" : "s1-t7",
      "begin" : 132,
      "end" : 139,
      "text" : "dentist",
      "whiteSpace" : false
    }, {
      "id" : "s1-t8",
      "begin" : 139,
      "end" : 140,
      "text" : ".",
      "whiteSpace" : false
    } ]
  }, {
    "id" : "s2",
    "begin" : 141,
    "end" : 242,
    "text" : "Been going to the same place for almost ten years, but it changed hands when the old dentist retried.",
    "tokens" : [ {
      "id" : "s2-t0",
      "begin" : 141,
      "end" : 145,
      "text" : "Been",
      "whiteSpace" : false
    }, {
      "id" : "s2-t1",
      "begin" : 146,
      "end" : 151,
      "text" : "going",
      "whiteSpace" : false
    }, {
      "id" : "s2-t2",
      "begin" : 152,
      "end" : 154,
      "text" : "to",
      "whiteSpace" : false
    }, {
      "id" : "s2-t3",
      "begin" : 155,
      "end" : 158,
      "text" : "the",
      "whiteSpace" : false
    }, {
      "id" : "s2-t4",
      "begin" : 159,
      "end" : 163,
      "text" : "same",
      "whiteSpace" : false
    }, {
      "id" : "s2-t5",
      "begin" : 164,
      "end" : 169,
      "text" : "place",
      "whiteSpace" : false
    }, {
      "id" : "s2-t6",
      "begin" : 170,
      "end" : 173,
      "text" : "for",
      "whiteSpace" : false
    }, {
      "id" : "s2-t7",
      "begin" : 174,
      "end" : 180,
      "text" : "almost",
      "whiteSpace" : false
    }, {
      "id" : "s2-t8",
      "begin" : 181,
      "end" : 184,
      "text" : "ten",
      "whiteSpace" : false
    }, {
      "id" : "s2-t9",
      "begin" : 185,
      "end" : 190,
      "text" : "years",
      "whiteSpace" : false
    }, {
      "id" : "s2-t10",
      "begin" : 190,
      "end" : 191,
      "text" : ",",
      "whiteSpace" : false
    }, {
      "id" : "s2-t11",
      "begin" : 192,
      "end" : 195,
      "text" : "but",
      "whiteSpace" : false
    }, {
      "id" : "s2-t12",
      "begin" : 196,
      "end" : 198,
      "text" : "it",
      "whiteSpace" : false
    }, {
      "id" : "s2-t13",
      "begin" : 199,
      "end" : 206,
      "text" : "changed",
      "whiteSpace" : false
    }, {
      "id" : "s2-t14",
      "begin" : 207,
      "end" : 212,
      "text" : "hands",
      "whiteSpace" : false
    }, {
      "id" : "s2-t15",
      "begin" : 213,
      "end" : 217,
      "text" : "when",
      "whiteSpace" : false
    }, {
      "id" : "s2-t16",
      "begin" : 218,
      "end" : 221,
      "text" : "the",
      "whiteSpace" : false
    }, {
      "id" : "s2-t17",
      "begin" : 222,
      "end" : 225,
      "text" : "old",
      "whiteSpace" : false
    }, {
      "id" : "s2-t18",
      "begin" : 226,
      "end" : 233,
      "text" : "dentist",
      "whiteSpace" : false
    }, {
      "id" : "s2-t19",
      "begin" : 234,
      "end" : 241,
      "text" : "retried",
      "whiteSpace" : false
    }, {
      "id" : "s2-t20",
      "begin" : 241,
      "end" : 242,
      "text" : ".",
      "whiteSpace" : false
    } ]
  }, {
    "id" : "s3",
    "begin" : 243,
    "end" : 406,
    "text" : "I don't really like the new management - they try to push services I know I don't need and they convinced me to get a crown that has caused me nothing but trouble.",
    "tokens" : [ {
      "id" : "s3-t0",
      "begin" : 243,
      "end" : 244,
      "text" : "I",
      "whiteSpace" : false
    }, {
      "id" : "s3-t1",
      "begin" : 245,
      "end" : 247,
      "text" : "do",
      "whiteSpace" : false
    }, {
      "id" : "s3-t2",
      "begin" : 247,
      "end" : 250,
      "text" : "n't",
      "whiteSpace" : false
    }, {
      "id" : "s3-t3",
      "begin" : 251,
      "end" : 257,
      "text" : "really",
      "whiteSpace" : false
    }, {
      "id" : "s3-t4",
      "begin" : 258,
      "end" : 262,
      "text" : "like",
      "whiteSpace" : false
    }, {
      "id" : "s3-t5",
      "begin" : 263,
      "end" : 266,
      "text" : "the",
      "whiteSpace" : false
    }, {
      "id" : "s3-t6",
      "begin" : 267,
      "end" : 270,
      "text" : "new",
      "whiteSpace" : false
    }, {
      "id" : "s3-t7",
      "begin" : 271,
      "end" : 281,
      "text" : "management",
      "whiteSpace" : false
    }, {
      "id" : "s3-t8",
      "begin" : 282,
      "end" : 283,
      "text" : "-",
      "whiteSpace" : false
    }, {
      "id" : "s3-t9",
      "begin" : 284,
      "end" : 288,
      "text" : "they",
      "whiteSpace" : false
    }, {
      "id" : "s3-t10",
      "begin" : 289,
      "end" : 292,
      "text" : "try",
      "whiteSpace" : false
    }, {
      "id" : "s3-t11",
      "begin" : 293,
      "end" : 295,
      "text" : "to",
      "whiteSpace" : false
    }, {
      "id" : "s3-t12",
      "begin" : 296,
      "end" : 300,
      "text" : "push",
      "whiteSpace" : false
    }, {
      "id" : "s3-t13",
      "begin" : 301,
      "end" : 309,
      "text" : "services",
      "whiteSpace" : false
    }, {
      "id" : "s3-t14",
      "begin" : 310,
      "end" : 311,
      "text" : "I",
      "whiteSpace" : false
    }, {
      "id" : "s3-t15",
      "begin" : 312,
      "end" : 316,
      "text" : "know",
      "whiteSpace" : false
    }, {
      "id" : "s3-t16",
      "begin" : 317,
      "end" : 318,
      "text" : "I",
      "whiteSpace" : false
    }, {
      "id" : "s3-t17",
      "begin" : 319,
      "end" : 321,
      "text" : "do",
      "whiteSpace" : false
    }, {
      "id" : "s3-t18",
      "begin" : 321,
      "end" : 324,
      "text" : "n't",
      "whiteSpace" : false
    }, {
      "id" : "s3-t19",
      "begin" : 325,
      "end" : 329,
      "text" : "need",
      "whiteSpace" : false
    }, {
      "id" : "s3-t20",
      "begin" : 330,
      "end" : 333,
      "text" : "and",
      "whiteSpace" : false
    }, {
      "id" : "s3-t21",
      "begin" : 334,
      "end" : 338,
      "text" : "they",
      "whiteSpace" : false
    }, {
      "id" : "s3-t22",
      "begin" : 339,
      "end" : 348,
      "text" : "convinced",
      "whiteSpace" : false
    }, {
      "id" : "s3-t23",
      "begin" : 349,
      "end" : 351,
      "text" : "me",
      "whiteSpace" : false
    }, {
      "id" : "s3-t24",
      "begin" : 352,
      "end" : 354,
      "text" : "to",
      "whiteSpace" : false
    }, {
      "id" : "s3-t25",
      "begin" : 355,
      "end" : 358,
      "text" : "get",
      "whiteSpace" : false
    }, {
      "id" : "s3-t26",
      "begin" : 359,
      "end" : 360,
      "text" : "a",
      "whiteSpace" : false
    }, {
      "id" : "s3-t27",
      "begin" : 361,
      "end" : 366,
      "text" : "crown",
      "whiteSpace" : false
    }, {
      "id" : "s3-t28",
      "begin" : 367,
      "end" : 371,
      "text" : "that",
      "whiteSpace" : false
    }, {
      "id" : "s3-t29",
      "begin" : 372,
      "end" : 375,
      "text" : "has",
      "whiteSpace" : false
    }, {
      "id" : "s3-t30",
      "begin" : 376,
      "end" : 382,
      "text" : "caused",
      "whiteSpace" : false
    }, {
      "id" : "s3-t31",
      "begin" : 383,
      "end" : 385,
      "text" : "me",
      "whiteSpace" : false
    }, {
      "id" : "s3-t32",
      "begin" : 386,
      "end" : 393,
      "text" : "nothing",
      "whiteSpace" : false
    }, {
      "id" : "s3-t33",
      "begin" : 394,
      "end" : 397,
      "text" : "but",
      "whiteSpace" : false
    }, {
      "id" : "s3-t34",
      "begin" : 398,
      "end" : 405,
      "text" : "trouble",
      "whiteSpace" : false
    }, {
      "id" : "s3-t35",
      "begin" : 405,
      "end" : 406,
      "text" : ".",
      "whiteSpace" : false
    } ]
  }, {
    "id" : "s4",
    "begin" : 406,
    "end" : 486,
    "text" : "\\n\\nQuiet 17 came up as a good option in my area, but open to other suggestions.",
    "tokens" : [ {
      "id" : "s4-t0",
      "begin" : 406,
      "end" : 408,
      "text" : "\\n",
      "whiteSpace" : false
    }, {
      "id" : "s4-t1",
      "begin" : 408,
      "end" : 415,
      "text" : "\\nQuiet",
      "whiteSpace" : false
    }, {
      "id" : "s4-t2",
      "begin" : 416,
      "end" : 418,
      "text" : "17",
      "whiteSpace" : false
    }, {
      "id" : "s4-t3",
      "begin" : 419,
      "end" : 423,
      "text" : "came",
      "whiteSpace" : false
    }, {
      "id" : "s4-t4",
      "begin" : 424,
      "end" : 426,
      "text" : "up",
      "whiteSpace" : false
    }, {
      "id" : "s4-t5",
      "begin" : 427,
      "end" : 429,
      "text" : "as",
      "whiteSpace" : false
    }, {
      "id" : "s4-t6",
      "begin" : 430,
      "end" : 431,
      "text" : "a",
      "whiteSpace" : false
    }, {
      "id" : "s4-t7",
      "begin" : 432,
      "end" : 436,
      "text" : "good",
      "whiteSpace" : false
    }, {
      "id" : "s4-t8",
      "begin" : 437,
      "end" : 443,
      "text" : "option",
      "whiteSpace" : false
    }, {
      "id" : "s4-t9",
      "begin" : 444,
      "end" : 446,
      "text" : "in",
      "whiteSpace" : false
    }, {
      "id" : "s4-t10",
      "begin" : 447,
      "end" : 449,
      "text" : "my",
      "whiteSpace" : false
    }, {
      "id" : "s4-t11",
      "begin" : 450,
      "end" : 454,
      "text" : "area",
      "whiteSpace" : false
    }, {
      "id" : "s4-t12",
      "begin" : 454,
      "end" : 455,
      "text" : ",",
      "whiteSpace" : false
    }, {
      "id" : "s4-t13",
      "begin" : 456,
      "end" : 459,
      "text" : "but",
      "whiteSpace" : false
    }, {
      "id" : "s4-t14",
      "begin" : 460,
      "end" : 464,
      "text" : "open",
      "whiteSpace" : false
    }, {
      "id" : "s4-t15",
      "begin" : 465,
      "end" : 467,
      "text" : "to",
      "whiteSpace" : false
    }, {
      "id" : "s4-t16",
      "begin" : 468,
      "end" : 473,
      "text" : "other",
      "whiteSpace" : false
    }, {
      "id" : "s4-t17",
      "begin" : 474,
      "end" : 485,
      "text" : "suggestions",
      "whiteSpace" : false
    }, {
      "id" : "s4-t18",
      "begin" : 485,
      "end" : 486,
      "text" : ".",
      "whiteSpace" : false
    } ]
  }, {
    "id" : "s5",
    "begin" : 486,
    "end" : 565,
    "text" : "\",\n    \"subreddit\": \"washingtondc\",\n    \"created\": \"2020-04-17T04:08:12.000Z\"\n}",
    "tokens" : [ {
      "id" : "s5-t0",
      "begin" : 486,
      "end" : 487,
      "text" : "\"",
      "whiteSpace" : false
    }, {
      "id" : "s5-t1",
      "begin" : 487,
      "end" : 488,
      "text" : ",",
      "whiteSpace" : false
    }, {
      "id" : "s5-t2",
      "begin" : 493,
      "end" : 494,
      "text" : "\"",
      "whiteSpace" : false
    }, {
      "id" : "s5-t3",
      "begin" : 494,
      "end" : 503,
      "text" : "subreddit",
      "whiteSpace" : false
    }, {
      "id" : "s5-t4",
      "begin" : 503,
      "end" : 504,
      "text" : "\"",
      "whiteSpace" : false
    }, {
      "id" : "s5-t5",
      "begin" : 504,
      "end" : 505,
      "text" : ":",
      "whiteSpace" : false
    }, {
      "id" : "s5-t6",
      "begin" : 506,
      "end" : 507,
      "text" : "\"",
      "whiteSpace" : false
    }, {
      "id" : "s5-t7",
      "begin" : 507,
      "end" : 519,
      "text" : "washingtondc",
      "whiteSpace" : false
    }, {
      "id" : "s5-t8",
      "begin" : 519,
      "end" : 520,
      "text" : "\"",
      "whiteSpace" : false
    }, {
      "id" : "s5-t9",
      "begin" : 520,
      "end" : 521,
      "text" : ",",
      "whiteSpace" : false
    }, {
      "id" : "s5-t10",
      "begin" : 526,
      "end" : 527,
      "text" : "\"",
      "whiteSpace" : false
    }, {
      "id" : "s5-t11",
      "begin" : 527,
      "end" : 534,
      "text" : "created",
      "whiteSpace" : false
    }, {
      "id" : "s5-t12",
      "begin" : 534,
      "end" : 535,
      "text" : "\"",
      "whiteSpace" : false
    }, {
      "id" : "s5-t13",
      "begin" : 535,
      "end" : 536,
      "text" : ":",
      "whiteSpace" : false
    }, {
      "id" : "s5-t14",
      "begin" : 537,
      "end" : 538,
      "text" : "\"",
      "whiteSpace" : false
    }, {
      "id" : "s5-t15",
      "begin" : 538,
      "end" : 562,
      "text" : "2020-04-17T04:08:12.000Z",
      "whiteSpace" : false
    }, {
      "id" : "s5-t16",
      "begin" : 562,
      "end" : 563,
      "text" : "\"",
      "whiteSpace" : false
    }, {
      "id" : "s5-t17",
      "begin" : 564,
      "end" : 565,
      "text" : "}",
      "whiteSpace" : false
    } ]
  } ],
  "mentions" : [ {
    "id" : "m1",
    "source" : "PREANNOTATION",
    "properties" : {
      "SIRE_ENTITY_SUBTYPE" : "NONE",
      "SIRE_MENTION_ROLE" : "Medically_Insured",
      "SIRE_MENTION_TYPE" : "NONE",
      "SIRE_MENTION_CLASS" : "SPC"
    },
    "type" : "Medically_Insured",
    "begin" : 25,
    "end" : 31,
    "inCoref" : false
  }, {
    "id" : "m2",
    "source" : "PREANNOTATION",
    "properties" : {
      "SIRE_ENTITY_SUBTYPE" : "NONE",
      "SIRE_MENTION_ROLE" : "Medically_Insured",
      "SIRE_MENTION_TYPE" : "NONE",
      "SIRE_MENTION_CLASS" : "SPC"
    },
    "type" : "Medically_Insured",
    "begin" : 85,
    "end" : 91,
    "inCoref" : false
  } ],
  "relations" : [ ],
  "corefs" : [ ],
  "typeResolved" : true,
  "userResolved" : false
}