{
  "id" : "432714e0-9592-11ea-8a2d-81b8af140d06-5",
  "name" : "dc-doc-83.txt",
  "createdDate" : 0,
  "version" : 3,
  "text" : "{\n    \"title\": \"Looking for the perfect neighborhood outside the city...\",\n    \"text\": \"My partner, our friend, and I are looking to move to the DC area sometime this winter, and we’re starting to research neighborhoods and suburbs to live in. We are not planning on having to commute into DC every day, but we would like to be able to (keep our cars drive to the metro and easily go to places (mostly the zoo) from there.\\n\\nIdeally:\\n1. Quiet, safe area\\n2. Within walking distance to a metro stop, or within a 15min drive to a metro with a large commuter lot\\n3. <$3,000/month rent for 3 bedrooms\\n\\nAny suggestions?\",\n    \"subreddit\": \"washingtondc\",\n    \"created\": \"2020-04-21T11:20:07.000Z\"\n}",
  "docLength" : 0,
  "language" : "EN",
  "status" : "IN_PROGRESS",
  "modifiedDate" : 1589431077943,
  "documentSet" : [ ],
  "preannotation" : [ "PRE_LW", "PRE_SIRE" ],
  "sentences" : [ {
    "id" : "s0",
    "begin" : 0,
    "end" : 243,
    "text" : "{\n    \"title\": \"Looking for the perfect neighborhood outside the city...\",\n    \"text\": \"My partner, our friend, and I are looking to move to the DC area sometime this winter, and we’re starting to research neighborhoods and suburbs to live in.",
    "tokens" : [ {
      "id" : "s0-t0",
      "begin" : 0,
      "end" : 1,
      "text" : "{",
      "whiteSpace" : false
    }, {
      "id" : "s0-t1",
      "begin" : 6,
      "end" : 7,
      "text" : "\"",
      "whiteSpace" : false
    }, {
      "id" : "s0-t2",
      "begin" : 7,
      "end" : 12,
      "text" : "title",
      "whiteSpace" : false
    }, {
      "id" : "s0-t3",
      "begin" : 12,
      "end" : 13,
      "text" : "\"",
      "whiteSpace" : false
    }, {
      "id" : "s0-t4",
      "begin" : 13,
      "end" : 14,
      "text" : ":",
      "whiteSpace" : false
    }, {
      "id" : "s0-t5",
      "begin" : 15,
      "end" : 16,
      "text" : "\"",
      "whiteSpace" : false
    }, {
      "id" : "s0-t6",
      "begin" : 16,
      "end" : 23,
      "text" : "Looking",
      "whiteSpace" : false
    }, {
      "id" : "s0-t7",
      "begin" : 24,
      "end" : 27,
      "text" : "for",
      "whiteSpace" : false
    }, {
      "id" : "s0-t8",
      "begin" : 28,
      "end" : 31,
      "text" : "the",
      "whiteSpace" : false
    }, {
      "id" : "s0-t9",
      "begin" : 32,
      "end" : 39,
      "text" : "perfect",
      "whiteSpace" : false
    }, {
      "id" : "s0-t10",
      "begin" : 40,
      "end" : 52,
      "text" : "neighborhood",
      "whiteSpace" : false
    }, {
      "id" : "s0-t11",
      "begin" : 53,
      "end" : 60,
      "text" : "outside",
      "whiteSpace" : false
    }, {
      "id" : "s0-t12",
      "begin" : 61,
      "end" : 64,
      "text" : "the",
      "whiteSpace" : false
    }, {
      "id" : "s0-t13",
      "begin" : 65,
      "end" : 69,
      "text" : "city",
      "whiteSpace" : false
    }, {
      "id" : "s0-t14",
      "begin" : 69,
      "end" : 72,
      "text" : "...",
      "whiteSpace" : false
    }, {
      "id" : "s0-t15",
      "begin" : 72,
      "end" : 73,
      "text" : "\"",
      "whiteSpace" : false
    }, {
      "id" : "s0-t16",
      "begin" : 73,
      "end" : 74,
      "text" : ",",
      "whiteSpace" : false
    }, {
      "id" : "s0-t17",
      "begin" : 79,
      "end" : 80,
      "text" : "\"",
      "whiteSpace" : false
    }, {
      "id" : "s0-t18",
      "begin" : 80,
      "end" : 84,
      "text" : "text",
      "whiteSpace" : false
    }, {
      "id" : "s0-t19",
      "begin" : 84,
      "end" : 85,
      "text" : "\"",
      "whiteSpace" : false
    }, {
      "id" : "s0-t20",
      "begin" : 85,
      "end" : 86,
      "text" : ":",
      "whiteSpace" : false
    }, {
      "id" : "s0-t21",
      "begin" : 87,
      "end" : 88,
      "text" : "\"",
      "whiteSpace" : false
    }, {
      "id" : "s0-t22",
      "begin" : 88,
      "end" : 90,
      "text" : "My",
      "whiteSpace" : false
    }, {
      "id" : "s0-t23",
      "begin" : 91,
      "end" : 98,
      "text" : "partner",
      "whiteSpace" : false
    }, {
      "id" : "s0-t24",
      "begin" : 98,
      "end" : 99,
      "text" : ",",
      "whiteSpace" : false
    }, {
      "id" : "s0-t25",
      "begin" : 100,
      "end" : 103,
      "text" : "our",
      "whiteSpace" : false
    }, {
      "id" : "s0-t26",
      "begin" : 104,
      "end" : 110,
      "text" : "friend",
      "whiteSpace" : false
    }, {
      "id" : "s0-t27",
      "begin" : 110,
      "end" : 111,
      "text" : ",",
      "whiteSpace" : false
    }, {
      "id" : "s0-t28",
      "begin" : 112,
      "end" : 115,
      "text" : "and",
      "whiteSpace" : false
    }, {
      "id" : "s0-t29",
      "begin" : 116,
      "end" : 117,
      "text" : "I",
      "whiteSpace" : false
    }, {
      "id" : "s0-t30",
      "begin" : 118,
      "end" : 121,
      "text" : "are",
      "whiteSpace" : false
    }, {
      "id" : "s0-t31",
      "begin" : 122,
      "end" : 129,
      "text" : "looking",
      "whiteSpace" : false
    }, {
      "id" : "s0-t32",
      "begin" : 130,
      "end" : 132,
      "text" : "to",
      "whiteSpace" : false
    }, {
      "id" : "s0-t33",
      "begin" : 133,
      "end" : 137,
      "text" : "move",
      "whiteSpace" : false
    }, {
      "id" : "s0-t34",
      "begin" : 138,
      "end" : 140,
      "text" : "to",
      "whiteSpace" : false
    }, {
      "id" : "s0-t35",
      "begin" : 141,
      "end" : 144,
      "text" : "the",
      "whiteSpace" : false
    }, {
      "id" : "s0-t36",
      "begin" : 145,
      "end" : 147,
      "text" : "DC",
      "whiteSpace" : false
    }, {
      "id" : "s0-t37",
      "begin" : 148,
      "end" : 152,
      "text" : "area",
      "whiteSpace" : false
    }, {
      "id" : "s0-t38",
      "begin" : 153,
      "end" : 161,
      "text" : "sometime",
      "whiteSpace" : false
    }, {
      "id" : "s0-t39",
      "begin" : 162,
      "end" : 166,
      "text" : "this",
      "whiteSpace" : false
    }, {
      "id" : "s0-t40",
      "begin" : 167,
      "end" : 173,
      "text" : "winter",
      "whiteSpace" : false
    }, {
      "id" : "s0-t41",
      "begin" : 173,
      "end" : 174,
      "text" : ",",
      "whiteSpace" : false
    }, {
      "id" : "s0-t42",
      "begin" : 175,
      "end" : 178,
      "text" : "and",
      "whiteSpace" : false
    }, {
      "id" : "s0-t43",
      "begin" : 179,
      "end" : 181,
      "text" : "we",
      "whiteSpace" : false
    }, {
      "id" : "s0-t44",
      "begin" : 181,
      "end" : 184,
      "text" : "’re",
      "whiteSpace" : false
    }, {
      "id" : "s0-t45",
      "begin" : 185,
      "end" : 193,
      "text" : "starting",
      "whiteSpace" : false
    }, {
      "id" : "s0-t46",
      "begin" : 194,
      "end" : 196,
      "text" : "to",
      "whiteSpace" : false
    }, {
      "id" : "s0-t47",
      "begin" : 197,
      "end" : 205,
      "text" : "research",
      "whiteSpace" : false
    }, {
      "id" : "s0-t48",
      "begin" : 206,
      "end" : 219,
      "text" : "neighborhoods",
      "whiteSpace" : false
    }, {
      "id" : "s0-t49",
      "begin" : 220,
      "end" : 223,
      "text" : "and",
      "whiteSpace" : false
    }, {
      "id" : "s0-t50",
      "begin" : 224,
      "end" : 231,
      "text" : "suburbs",
      "whiteSpace" : false
    }, {
      "id" : "s0-t51",
      "begin" : 232,
      "end" : 234,
      "text" : "to",
      "whiteSpace" : false
    }, {
      "id" : "s0-t52",
      "begin" : 235,
      "end" : 239,
      "text" : "live",
      "whiteSpace" : false
    }, {
      "id" : "s0-t53",
      "begin" : 240,
      "end" : 242,
      "text" : "in",
      "whiteSpace" : false
    }, {
      "id" : "s0-t54",
      "begin" : 242,
      "end" : 243,
      "text" : ".",
      "whiteSpace" : false
    } ]
  }, {
    "id" : "s1",
    "begin" : 244,
    "end" : 422,
    "text" : "We are not planning on having to commute into DC every day, but we would like to be able to (keep our cars drive to the metro and easily go to places (mostly the zoo) from there.",
    "tokens" : [ {
      "id" : "s1-t0",
      "begin" : 244,
      "end" : 246,
      "text" : "We",
      "whiteSpace" : false
    }, {
      "id" : "s1-t1",
      "begin" : 247,
      "end" : 250,
      "text" : "are",
      "whiteSpace" : false
    }, {
      "id" : "s1-t2",
      "begin" : 251,
      "end" : 254,
      "text" : "not",
      "whiteSpace" : false
    }, {
      "id" : "s1-t3",
      "begin" : 255,
      "end" : 263,
      "text" : "planning",
      "whiteSpace" : false
    }, {
      "id" : "s1-t4",
      "begin" : 264,
      "end" : 266,
      "text" : "on",
      "whiteSpace" : false
    }, {
      "id" : "s1-t5",
      "begin" : 267,
      "end" : 273,
      "text" : "having",
      "whiteSpace" : false
    }, {
      "id" : "s1-t6",
      "begin" : 274,
      "end" : 276,
      "text" : "to",
      "whiteSpace" : false
    }, {
      "id" : "s1-t7",
      "begin" : 277,
      "end" : 284,
      "text" : "commute",
      "whiteSpace" : false
    }, {
      "id" : "s1-t8",
      "begin" : 285,
      "end" : 289,
      "text" : "into",
      "whiteSpace" : false
    }, {
      "id" : "s1-t9",
      "begin" : 290,
      "end" : 292,
      "text" : "DC",
      "whiteSpace" : false
    }, {
      "id" : "s1-t10",
      "begin" : 293,
      "end" : 298,
      "text" : "every",
      "whiteSpace" : false
    }, {
      "id" : "s1-t11",
      "begin" : 299,
      "end" : 302,
      "text" : "day",
      "whiteSpace" : false
    }, {
      "id" : "s1-t12",
      "begin" : 302,
      "end" : 303,
      "text" : ",",
      "whiteSpace" : false
    }, {
      "id" : "s1-t13",
      "begin" : 304,
      "end" : 307,
      "text" : "but",
      "whiteSpace" : false
    }, {
      "id" : "s1-t14",
      "begin" : 308,
      "end" : 310,
      "text" : "we",
      "whiteSpace" : false
    }, {
      "id" : "s1-t15",
      "begin" : 311,
      "end" : 316,
      "text" : "would",
      "whiteSpace" : false
    }, {
      "id" : "s1-t16",
      "begin" : 317,
      "end" : 321,
      "text" : "like",
      "whiteSpace" : false
    }, {
      "id" : "s1-t17",
      "begin" : 322,
      "end" : 324,
      "text" : "to",
      "whiteSpace" : false
    }, {
      "id" : "s1-t18",
      "begin" : 325,
      "end" : 327,
      "text" : "be",
      "whiteSpace" : false
    }, {
      "id" : "s1-t19",
      "begin" : 328,
      "end" : 332,
      "text" : "able",
      "whiteSpace" : false
    }, {
      "id" : "s1-t20",
      "begin" : 333,
      "end" : 335,
      "text" : "to",
      "whiteSpace" : false
    }, {
      "id" : "s1-t21",
      "begin" : 336,
      "end" : 337,
      "text" : "(",
      "whiteSpace" : false
    }, {
      "id" : "s1-t22",
      "begin" : 337,
      "end" : 341,
      "text" : "keep",
      "whiteSpace" : false
    }, {
      "id" : "s1-t23",
      "begin" : 342,
      "end" : 345,
      "text" : "our",
      "whiteSpace" : false
    }, {
      "id" : "s1-t24",
      "begin" : 346,
      "end" : 350,
      "text" : "cars",
      "whiteSpace" : false
    }, {
      "id" : "s1-t25",
      "begin" : 351,
      "end" : 356,
      "text" : "drive",
      "whiteSpace" : false
    }, {
      "id" : "s1-t26",
      "begin" : 357,
      "end" : 359,
      "text" : "to",
      "whiteSpace" : false
    }, {
      "id" : "s1-t27",
      "begin" : 360,
      "end" : 363,
      "text" : "the",
      "whiteSpace" : false
    }, {
      "id" : "s1-t28",
      "begin" : 364,
      "end" : 369,
      "text" : "metro",
      "whiteSpace" : false
    }, {
      "id" : "s1-t29",
      "begin" : 370,
      "end" : 373,
      "text" : "and",
      "whiteSpace" : false
    }, {
      "id" : "s1-t30",
      "begin" : 374,
      "end" : 380,
      "text" : "easily",
      "whiteSpace" : false
    }, {
      "id" : "s1-t31",
      "begin" : 381,
      "end" : 383,
      "text" : "go",
      "whiteSpace" : false
    }, {
      "id" : "s1-t32",
      "begin" : 384,
      "end" : 386,
      "text" : "to",
      "whiteSpace" : false
    }, {
      "id" : "s1-t33",
      "begin" : 387,
      "end" : 393,
      "text" : "places",
      "whiteSpace" : false
    }, {
      "id" : "s1-t34",
      "begin" : 394,
      "end" : 395,
      "text" : "(",
      "whiteSpace" : false
    }, {
      "id" : "s1-t35",
      "begin" : 395,
      "end" : 401,
      "text" : "mostly",
      "whiteSpace" : false
    }, {
      "id" : "s1-t36",
      "begin" : 402,
      "end" : 405,
      "text" : "the",
      "whiteSpace" : false
    }, {
      "id" : "s1-t37",
      "begin" : 406,
      "end" : 409,
      "text" : "zoo",
      "whiteSpace" : false
    }, {
      "id" : "s1-t38",
      "begin" : 409,
      "end" : 410,
      "text" : ")",
      "whiteSpace" : false
    }, {
      "id" : "s1-t39",
      "begin" : 411,
      "end" : 415,
      "text" : "from",
      "whiteSpace" : false
    }, {
      "id" : "s1-t40",
      "begin" : 416,
      "end" : 421,
      "text" : "there",
      "whiteSpace" : false
    }, {
      "id" : "s1-t41",
      "begin" : 421,
      "end" : 422,
      "text" : ".",
      "whiteSpace" : false
    } ]
  }, {
    "id" : "s2",
    "begin" : 422,
    "end" : 438,
    "text" : "\\n\\nIdeally:\\n1.",
    "tokens" : [ {
      "id" : "s2-t0",
      "begin" : 422,
      "end" : 424,
      "text" : "\\n",
      "whiteSpace" : false
    }, {
      "id" : "s2-t1",
      "begin" : 424,
      "end" : 434,
      "text" : "\\nIdeally:",
      "whiteSpace" : false
    }, {
      "id" : "s2-t2",
      "begin" : 434,
      "end" : 437,
      "text" : "\\n1",
      "whiteSpace" : false
    }, {
      "id" : "s2-t3",
      "begin" : 437,
      "end" : 438,
      "text" : ".",
      "whiteSpace" : false
    } ]
  }, {
    "id" : "s3",
    "begin" : 439,
    "end" : 459,
    "text" : "Quiet, safe area\\n2.",
    "tokens" : [ {
      "id" : "s3-t0",
      "begin" : 439,
      "end" : 444,
      "text" : "Quiet",
      "whiteSpace" : false
    }, {
      "id" : "s3-t1",
      "begin" : 444,
      "end" : 445,
      "text" : ",",
      "whiteSpace" : false
    }, {
      "id" : "s3-t2",
      "begin" : 446,
      "end" : 450,
      "text" : "safe",
      "whiteSpace" : false
    }, {
      "id" : "s3-t3",
      "begin" : 451,
      "end" : 455,
      "text" : "area",
      "whiteSpace" : false
    }, {
      "id" : "s3-t4",
      "begin" : 455,
      "end" : 458,
      "text" : "\\n2",
      "whiteSpace" : false
    }, {
      "id" : "s3-t5",
      "begin" : 458,
      "end" : 459,
      "text" : ".",
      "whiteSpace" : false
    } ]
  }, {
    "id" : "s4",
    "begin" : 460,
    "end" : 565,
    "text" : "Within walking distance to a metro stop, or within a 15min drive to a metro with a large commuter lot\\n3.",
    "tokens" : [ {
      "id" : "s4-t0",
      "begin" : 460,
      "end" : 466,
      "text" : "Within",
      "whiteSpace" : false
    }, {
      "id" : "s4-t1",
      "begin" : 467,
      "end" : 474,
      "text" : "walking",
      "whiteSpace" : false
    }, {
      "id" : "s4-t2",
      "begin" : 475,
      "end" : 483,
      "text" : "distance",
      "whiteSpace" : false
    }, {
      "id" : "s4-t3",
      "begin" : 484,
      "end" : 486,
      "text" : "to",
      "whiteSpace" : false
    }, {
      "id" : "s4-t4",
      "begin" : 487,
      "end" : 488,
      "text" : "a",
      "whiteSpace" : false
    }, {
      "id" : "s4-t5",
      "begin" : 489,
      "end" : 494,
      "text" : "metro",
      "whiteSpace" : false
    }, {
      "id" : "s4-t6",
      "begin" : 495,
      "end" : 499,
      "text" : "stop",
      "whiteSpace" : false
    }, {
      "id" : "s4-t7",
      "begin" : 499,
      "end" : 500,
      "text" : ",",
      "whiteSpace" : false
    }, {
      "id" : "s4-t8",
      "begin" : 501,
      "end" : 503,
      "text" : "or",
      "whiteSpace" : false
    }, {
      "id" : "s4-t9",
      "begin" : 504,
      "end" : 510,
      "text" : "within",
      "whiteSpace" : false
    }, {
      "id" : "s4-t10",
      "begin" : 511,
      "end" : 512,
      "text" : "a",
      "whiteSpace" : false
    }, {
      "id" : "s4-t11",
      "begin" : 513,
      "end" : 518,
      "text" : "15min",
      "whiteSpace" : false
    }, {
      "id" : "s4-t12",
      "begin" : 519,
      "end" : 524,
      "text" : "drive",
      "whiteSpace" : false
    }, {
      "id" : "s4-t13",
      "begin" : 525,
      "end" : 527,
      "text" : "to",
      "whiteSpace" : false
    }, {
      "id" : "s4-t14",
      "begin" : 528,
      "end" : 529,
      "text" : "a",
      "whiteSpace" : false
    }, {
      "id" : "s4-t15",
      "begin" : 530,
      "end" : 535,
      "text" : "metro",
      "whiteSpace" : false
    }, {
      "id" : "s4-t16",
      "begin" : 536,
      "end" : 540,
      "text" : "with",
      "whiteSpace" : false
    }, {
      "id" : "s4-t17",
      "begin" : 541,
      "end" : 542,
      "text" : "a",
      "whiteSpace" : false
    }, {
      "id" : "s4-t18",
      "begin" : 543,
      "end" : 548,
      "text" : "large",
      "whiteSpace" : false
    }, {
      "id" : "s4-t19",
      "begin" : 549,
      "end" : 557,
      "text" : "commuter",
      "whiteSpace" : false
    }, {
      "id" : "s4-t20",
      "begin" : 558,
      "end" : 561,
      "text" : "lot",
      "whiteSpace" : false
    }, {
      "id" : "s4-t21",
      "begin" : 561,
      "end" : 564,
      "text" : "\\n3",
      "whiteSpace" : false
    }, {
      "id" : "s4-t22",
      "begin" : 564,
      "end" : 565,
      "text" : ".",
      "whiteSpace" : false
    } ]
  }, {
    "id" : "s5",
    "begin" : 566,
    "end" : 619,
    "text" : "<$3,000/month rent for 3 bedrooms\\n\\nAny suggestions?",
    "tokens" : [ {
      "id" : "s5-t0",
      "begin" : 566,
      "end" : 579,
      "text" : "<$3,000/month",
      "whiteSpace" : false
    }, {
      "id" : "s5-t1",
      "begin" : 580,
      "end" : 584,
      "text" : "rent",
      "whiteSpace" : false
    }, {
      "id" : "s5-t2",
      "begin" : 585,
      "end" : 588,
      "text" : "for",
      "whiteSpace" : false
    }, {
      "id" : "s5-t3",
      "begin" : 589,
      "end" : 590,
      "text" : "3",
      "whiteSpace" : false
    }, {
      "id" : "s5-t4",
      "begin" : 591,
      "end" : 599,
      "text" : "bedrooms",
      "whiteSpace" : false
    }, {
      "id" : "s5-t5",
      "begin" : 599,
      "end" : 601,
      "text" : "\\n",
      "whiteSpace" : false
    }, {
      "id" : "s5-t6",
      "begin" : 601,
      "end" : 606,
      "text" : "\\nAny",
      "whiteSpace" : false
    }, {
      "id" : "s5-t7",
      "begin" : 607,
      "end" : 618,
      "text" : "suggestions",
      "whiteSpace" : false
    }, {
      "id" : "s5-t8",
      "begin" : 618,
      "end" : 619,
      "text" : "?",
      "whiteSpace" : false
    } ]
  }, {
    "id" : "s6",
    "begin" : 619,
    "end" : 698,
    "text" : "\",\n    \"subreddit\": \"washingtondc\",\n    \"created\": \"2020-04-21T11:20:07.000Z\"\n}",
    "tokens" : [ {
      "id" : "s6-t0",
      "begin" : 619,
      "end" : 620,
      "text" : "\"",
      "whiteSpace" : false
    }, {
      "id" : "s6-t1",
      "begin" : 620,
      "end" : 621,
      "text" : ",",
      "whiteSpace" : false
    }, {
      "id" : "s6-t2",
      "begin" : 626,
      "end" : 627,
      "text" : "\"",
      "whiteSpace" : false
    }, {
      "id" : "s6-t3",
      "begin" : 627,
      "end" : 636,
      "text" : "subreddit",
      "whiteSpace" : false
    }, {
      "id" : "s6-t4",
      "begin" : 636,
      "end" : 637,
      "text" : "\"",
      "whiteSpace" : false
    }, {
      "id" : "s6-t5",
      "begin" : 637,
      "end" : 638,
      "text" : ":",
      "whiteSpace" : false
    }, {
      "id" : "s6-t6",
      "begin" : 639,
      "end" : 640,
      "text" : "\"",
      "whiteSpace" : false
    }, {
      "id" : "s6-t7",
      "begin" : 640,
      "end" : 652,
      "text" : "washingtondc",
      "whiteSpace" : false
    }, {
      "id" : "s6-t8",
      "begin" : 652,
      "end" : 653,
      "text" : "\"",
      "whiteSpace" : false
    }, {
      "id" : "s6-t9",
      "begin" : 653,
      "end" : 654,
      "text" : ",",
      "whiteSpace" : false
    }, {
      "id" : "s6-t10",
      "begin" : 659,
      "end" : 660,
      "text" : "\"",
      "whiteSpace" : false
    }, {
      "id" : "s6-t11",
      "begin" : 660,
      "end" : 667,
      "text" : "created",
      "whiteSpace" : false
    }, {
      "id" : "s6-t12",
      "begin" : 667,
      "end" : 668,
      "text" : "\"",
      "whiteSpace" : false
    }, {
      "id" : "s6-t13",
      "begin" : 668,
      "end" : 669,
      "text" : ":",
      "whiteSpace" : false
    }, {
      "id" : "s6-t14",
      "begin" : 670,
      "end" : 671,
      "text" : "\"",
      "whiteSpace" : false
    }, {
      "id" : "s6-t15",
      "begin" : 671,
      "end" : 695,
      "text" : "2020-04-21T11:20:07.000Z",
      "whiteSpace" : false
    }, {
      "id" : "s6-t16",
      "begin" : 695,
      "end" : 696,
      "text" : "\"",
      "whiteSpace" : false
    }, {
      "id" : "s6-t17",
      "begin" : 697,
      "end" : 698,
      "text" : "}",
      "whiteSpace" : false
    } ]
  } ],
  "mentions" : [ {
    "id" : "s1-m2",
    "properties" : {
      "SIRE_MENTION_ROLE" : "Car_Owner",
      "SIRE_ENTITY_SUBTYPE" : "NONE",
      "SIRE_MENTION_TYPE" : "NONE",
      "SIRE_MENTION_CLASS" : "SPC"
    },
    "type" : "Car_Owner",
    "begin" : 342,
    "end" : 350,
    "inCoref" : false
  }, {
    "id" : "m1",
    "properties" : {
      "SIRE_ENTITY_SUBTYPE" : "NONE",
      "SIRE_MENTION_ROLE" : "Car_Owner",
      "SIRE_MENTION_TYPE" : "NONE",
      "SIRE_MENTION_CLASS" : "SPC"
    },
    "type" : "Car_Owner",
    "begin" : 351,
    "end" : 356,
    "inCoref" : false
  }, {
    "id" : "m2",
    "properties" : {
      "SIRE_ENTITY_SUBTYPE" : "NONE",
      "SIRE_MENTION_ROLE" : "Car_Owner",
      "SIRE_MENTION_TYPE" : "NONE",
      "SIRE_MENTION_CLASS" : "SPC"
    },
    "type" : "Car_Owner",
    "begin" : 519,
    "end" : 524,
    "inCoref" : false
  } ],
  "relations" : [ ],
  "corefs" : [ ],
  "typeResolved" : true,
  "userResolved" : false
}