{
  "id" : "432714e0-9592-11ea-8a2d-81b8af140d06-58",
  "name" : "dc-doc-37.txt",
  "createdDate" : 0,
  "version" : 3,
  "text" : "{\n    \"title\": \"“Scenic” Places to Work from my car during Covid-19\",\n    \"text\": \"Hi everyone, I’m trying to find a good place to work from my car in the dmv. I’m staying home during the week in dc but I would like to find a place I can pull off to work on my computer. \\n\\nI tried Gravelly Point but it’s closed. \\n\\nIm abiding by social distancing/quarantining during the week but getting some fresh air( while being smart  about it) is important to keeping my mental health in tact. Open to any suggestions\",\n    \"subreddit\": \"washingtondc\",\n    \"created\": \"2020-04-05T23:48:07.000Z\"\n}",
  "docLength" : 0,
  "language" : "EN",
  "status" : "IN_PROGRESS",
  "modifiedDate" : 1589429074836,
  "documentSet" : [ ],
  "preannotation" : [ "PRE_LW", "PRE_SIRE" ],
  "sentences" : [ {
    "id" : "s0",
    "begin" : 0,
    "end" : 159,
    "text" : "{\n    \"title\": \"“Scenic” Places to Work from my car during Covid-19\",\n    \"text\": \"Hi everyone, I’m trying to find a good place to work from my car in the dmv.",
    "tokens" : [ {
      "id" : "s0-t0",
      "begin" : 0,
      "end" : 1,
      "text" : "{",
      "whiteSpace" : false
    }, {
      "id" : "s0-t1",
      "begin" : 6,
      "end" : 7,
      "text" : "\"",
      "whiteSpace" : false
    }, {
      "id" : "s0-t2",
      "begin" : 7,
      "end" : 12,
      "text" : "title",
      "whiteSpace" : false
    }, {
      "id" : "s0-t3",
      "begin" : 12,
      "end" : 13,
      "text" : "\"",
      "whiteSpace" : false
    }, {
      "id" : "s0-t4",
      "begin" : 13,
      "end" : 14,
      "text" : ":",
      "whiteSpace" : false
    }, {
      "id" : "s0-t5",
      "begin" : 15,
      "end" : 16,
      "text" : "\"",
      "whiteSpace" : false
    }, {
      "id" : "s0-t6",
      "begin" : 16,
      "end" : 17,
      "text" : "“",
      "whiteSpace" : false
    }, {
      "id" : "s0-t7",
      "begin" : 17,
      "end" : 23,
      "text" : "Scenic",
      "whiteSpace" : false
    }, {
      "id" : "s0-t8",
      "begin" : 23,
      "end" : 24,
      "text" : "”",
      "whiteSpace" : false
    }, {
      "id" : "s0-t9",
      "begin" : 25,
      "end" : 31,
      "text" : "Places",
      "whiteSpace" : false
    }, {
      "id" : "s0-t10",
      "begin" : 32,
      "end" : 34,
      "text" : "to",
      "whiteSpace" : false
    }, {
      "id" : "s0-t11",
      "begin" : 35,
      "end" : 39,
      "text" : "Work",
      "whiteSpace" : false
    }, {
      "id" : "s0-t12",
      "begin" : 40,
      "end" : 44,
      "text" : "from",
      "whiteSpace" : false
    }, {
      "id" : "s0-t13",
      "begin" : 45,
      "end" : 47,
      "text" : "my",
      "whiteSpace" : false
    }, {
      "id" : "s0-t14",
      "begin" : 48,
      "end" : 51,
      "text" : "car",
      "whiteSpace" : false
    }, {
      "id" : "s0-t15",
      "begin" : 52,
      "end" : 58,
      "text" : "during",
      "whiteSpace" : false
    }, {
      "id" : "s0-t16",
      "begin" : 59,
      "end" : 67,
      "text" : "Covid-19",
      "whiteSpace" : false
    }, {
      "id" : "s0-t17",
      "begin" : 67,
      "end" : 68,
      "text" : "\"",
      "whiteSpace" : false
    }, {
      "id" : "s0-t18",
      "begin" : 68,
      "end" : 69,
      "text" : ",",
      "whiteSpace" : false
    }, {
      "id" : "s0-t19",
      "begin" : 74,
      "end" : 75,
      "text" : "\"",
      "whiteSpace" : false
    }, {
      "id" : "s0-t20",
      "begin" : 75,
      "end" : 79,
      "text" : "text",
      "whiteSpace" : false
    }, {
      "id" : "s0-t21",
      "begin" : 79,
      "end" : 80,
      "text" : "\"",
      "whiteSpace" : false
    }, {
      "id" : "s0-t22",
      "begin" : 80,
      "end" : 81,
      "text" : ":",
      "whiteSpace" : false
    }, {
      "id" : "s0-t23",
      "begin" : 82,
      "end" : 83,
      "text" : "\"",
      "whiteSpace" : false
    }, {
      "id" : "s0-t24",
      "begin" : 83,
      "end" : 85,
      "text" : "Hi",
      "whiteSpace" : false
    }, {
      "id" : "s0-t25",
      "begin" : 86,
      "end" : 94,
      "text" : "everyone",
      "whiteSpace" : false
    }, {
      "id" : "s0-t26",
      "begin" : 94,
      "end" : 95,
      "text" : ",",
      "whiteSpace" : false
    }, {
      "id" : "s0-t27",
      "begin" : 96,
      "end" : 97,
      "text" : "I",
      "whiteSpace" : false
    }, {
      "id" : "s0-t28",
      "begin" : 97,
      "end" : 99,
      "text" : "’m",
      "whiteSpace" : false
    }, {
      "id" : "s0-t29",
      "begin" : 100,
      "end" : 106,
      "text" : "trying",
      "whiteSpace" : false
    }, {
      "id" : "s0-t30",
      "begin" : 107,
      "end" : 109,
      "text" : "to",
      "whiteSpace" : false
    }, {
      "id" : "s0-t31",
      "begin" : 110,
      "end" : 114,
      "text" : "find",
      "whiteSpace" : false
    }, {
      "id" : "s0-t32",
      "begin" : 115,
      "end" : 116,
      "text" : "a",
      "whiteSpace" : false
    }, {
      "id" : "s0-t33",
      "begin" : 117,
      "end" : 121,
      "text" : "good",
      "whiteSpace" : false
    }, {
      "id" : "s0-t34",
      "begin" : 122,
      "end" : 127,
      "text" : "place",
      "whiteSpace" : false
    }, {
      "id" : "s0-t35",
      "begin" : 128,
      "end" : 130,
      "text" : "to",
      "whiteSpace" : false
    }, {
      "id" : "s0-t36",
      "begin" : 131,
      "end" : 135,
      "text" : "work",
      "whiteSpace" : false
    }, {
      "id" : "s0-t37",
      "begin" : 136,
      "end" : 140,
      "text" : "from",
      "whiteSpace" : false
    }, {
      "id" : "s0-t38",
      "begin" : 141,
      "end" : 143,
      "text" : "my",
      "whiteSpace" : false
    }, {
      "id" : "s0-t39",
      "begin" : 144,
      "end" : 147,
      "text" : "car",
      "whiteSpace" : false
    }, {
      "id" : "s0-t40",
      "begin" : 148,
      "end" : 150,
      "text" : "in",
      "whiteSpace" : false
    }, {
      "id" : "s0-t41",
      "begin" : 151,
      "end" : 154,
      "text" : "the",
      "whiteSpace" : false
    }, {
      "id" : "s0-t42",
      "begin" : 155,
      "end" : 158,
      "text" : "dmv",
      "whiteSpace" : false
    }, {
      "id" : "s0-t43",
      "begin" : 158,
      "end" : 159,
      "text" : ".",
      "whiteSpace" : false
    } ]
  }, {
    "id" : "s1",
    "begin" : 160,
    "end" : 270,
    "text" : "I’m staying home during the week in dc but I would like to find a place I can pull off to work on my computer.",
    "tokens" : [ {
      "id" : "s1-t0",
      "begin" : 160,
      "end" : 161,
      "text" : "I",
      "whiteSpace" : false
    }, {
      "id" : "s1-t1",
      "begin" : 161,
      "end" : 163,
      "text" : "’m",
      "whiteSpace" : false
    }, {
      "id" : "s1-t2",
      "begin" : 164,
      "end" : 171,
      "text" : "staying",
      "whiteSpace" : false
    }, {
      "id" : "s1-t3",
      "begin" : 172,
      "end" : 176,
      "text" : "home",
      "whiteSpace" : false
    }, {
      "id" : "s1-t4",
      "begin" : 177,
      "end" : 183,
      "text" : "during",
      "whiteSpace" : false
    }, {
      "id" : "s1-t5",
      "begin" : 184,
      "end" : 187,
      "text" : "the",
      "whiteSpace" : false
    }, {
      "id" : "s1-t6",
      "begin" : 188,
      "end" : 192,
      "text" : "week",
      "whiteSpace" : false
    }, {
      "id" : "s1-t7",
      "begin" : 193,
      "end" : 195,
      "text" : "in",
      "whiteSpace" : false
    }, {
      "id" : "s1-t8",
      "begin" : 196,
      "end" : 198,
      "text" : "dc",
      "whiteSpace" : false
    }, {
      "id" : "s1-t9",
      "begin" : 199,
      "end" : 202,
      "text" : "but",
      "whiteSpace" : false
    }, {
      "id" : "s1-t10",
      "begin" : 203,
      "end" : 204,
      "text" : "I",
      "whiteSpace" : false
    }, {
      "id" : "s1-t11",
      "begin" : 205,
      "end" : 210,
      "text" : "would",
      "whiteSpace" : false
    }, {
      "id" : "s1-t12",
      "begin" : 211,
      "end" : 215,
      "text" : "like",
      "whiteSpace" : false
    }, {
      "id" : "s1-t13",
      "begin" : 216,
      "end" : 218,
      "text" : "to",
      "whiteSpace" : false
    }, {
      "id" : "s1-t14",
      "begin" : 219,
      "end" : 223,
      "text" : "find",
      "whiteSpace" : false
    }, {
      "id" : "s1-t15",
      "begin" : 224,
      "end" : 225,
      "text" : "a",
      "whiteSpace" : false
    }, {
      "id" : "s1-t16",
      "begin" : 226,
      "end" : 231,
      "text" : "place",
      "whiteSpace" : false
    }, {
      "id" : "s1-t17",
      "begin" : 232,
      "end" : 233,
      "text" : "I",
      "whiteSpace" : false
    }, {
      "id" : "s1-t18",
      "begin" : 234,
      "end" : 237,
      "text" : "can",
      "whiteSpace" : false
    }, {
      "id" : "s1-t19",
      "begin" : 238,
      "end" : 242,
      "text" : "pull",
      "whiteSpace" : false
    }, {
      "id" : "s1-t20",
      "begin" : 243,
      "end" : 246,
      "text" : "off",
      "whiteSpace" : false
    }, {
      "id" : "s1-t21",
      "begin" : 247,
      "end" : 249,
      "text" : "to",
      "whiteSpace" : false
    }, {
      "id" : "s1-t22",
      "begin" : 250,
      "end" : 254,
      "text" : "work",
      "whiteSpace" : false
    }, {
      "id" : "s1-t23",
      "begin" : 255,
      "end" : 257,
      "text" : "on",
      "whiteSpace" : false
    }, {
      "id" : "s1-t24",
      "begin" : 258,
      "end" : 260,
      "text" : "my",
      "whiteSpace" : false
    }, {
      "id" : "s1-t25",
      "begin" : 261,
      "end" : 269,
      "text" : "computer",
      "whiteSpace" : false
    }, {
      "id" : "s1-t26",
      "begin" : 269,
      "end" : 270,
      "text" : ".",
      "whiteSpace" : false
    } ]
  }, {
    "id" : "s2",
    "begin" : 271,
    "end" : 314,
    "text" : "\\n\\nI tried Gravelly Point but it’s closed.",
    "tokens" : [ {
      "id" : "s2-t0",
      "begin" : 271,
      "end" : 273,
      "text" : "\\n",
      "whiteSpace" : false
    }, {
      "id" : "s2-t1",
      "begin" : 273,
      "end" : 276,
      "text" : "\\nI",
      "whiteSpace" : false
    }, {
      "id" : "s2-t2",
      "begin" : 277,
      "end" : 282,
      "text" : "tried",
      "whiteSpace" : false
    }, {
      "id" : "s2-t3",
      "begin" : 283,
      "end" : 291,
      "text" : "Gravelly",
      "whiteSpace" : false
    }, {
      "id" : "s2-t4",
      "begin" : 292,
      "end" : 297,
      "text" : "Point",
      "whiteSpace" : false
    }, {
      "id" : "s2-t5",
      "begin" : 298,
      "end" : 301,
      "text" : "but",
      "whiteSpace" : false
    }, {
      "id" : "s2-t6",
      "begin" : 302,
      "end" : 304,
      "text" : "it",
      "whiteSpace" : false
    }, {
      "id" : "s2-t7",
      "begin" : 304,
      "end" : 306,
      "text" : "’s",
      "whiteSpace" : false
    }, {
      "id" : "s2-t8",
      "begin" : 307,
      "end" : 313,
      "text" : "closed",
      "whiteSpace" : false
    }, {
      "id" : "s2-t9",
      "begin" : 313,
      "end" : 314,
      "text" : ".",
      "whiteSpace" : false
    } ]
  }, {
    "id" : "s3",
    "begin" : 315,
    "end" : 486,
    "text" : "\\n\\nIm abiding by social distancing/quarantining during the week but getting some fresh air( while being smart  about it) is important to keeping my mental health in tact.",
    "tokens" : [ {
      "id" : "s3-t0",
      "begin" : 315,
      "end" : 317,
      "text" : "\\n",
      "whiteSpace" : false
    }, {
      "id" : "s3-t1",
      "begin" : 317,
      "end" : 321,
      "text" : "\\nIm",
      "whiteSpace" : false
    }, {
      "id" : "s3-t2",
      "begin" : 322,
      "end" : 329,
      "text" : "abiding",
      "whiteSpace" : false
    }, {
      "id" : "s3-t3",
      "begin" : 330,
      "end" : 332,
      "text" : "by",
      "whiteSpace" : false
    }, {
      "id" : "s3-t4",
      "begin" : 333,
      "end" : 339,
      "text" : "social",
      "whiteSpace" : false
    }, {
      "id" : "s3-t5",
      "begin" : 340,
      "end" : 350,
      "text" : "distancing",
      "whiteSpace" : false
    }, {
      "id" : "s3-t6",
      "begin" : 350,
      "end" : 351,
      "text" : "/",
      "whiteSpace" : false
    }, {
      "id" : "s3-t7",
      "begin" : 351,
      "end" : 363,
      "text" : "quarantining",
      "whiteSpace" : false
    }, {
      "id" : "s3-t8",
      "begin" : 364,
      "end" : 370,
      "text" : "during",
      "whiteSpace" : false
    }, {
      "id" : "s3-t9",
      "begin" : 371,
      "end" : 374,
      "text" : "the",
      "whiteSpace" : false
    }, {
      "id" : "s3-t10",
      "begin" : 375,
      "end" : 379,
      "text" : "week",
      "whiteSpace" : false
    }, {
      "id" : "s3-t11",
      "begin" : 380,
      "end" : 383,
      "text" : "but",
      "whiteSpace" : false
    }, {
      "id" : "s3-t12",
      "begin" : 384,
      "end" : 391,
      "text" : "getting",
      "whiteSpace" : false
    }, {
      "id" : "s3-t13",
      "begin" : 392,
      "end" : 396,
      "text" : "some",
      "whiteSpace" : false
    }, {
      "id" : "s3-t14",
      "begin" : 397,
      "end" : 402,
      "text" : "fresh",
      "whiteSpace" : false
    }, {
      "id" : "s3-t15",
      "begin" : 403,
      "end" : 406,
      "text" : "air",
      "whiteSpace" : false
    }, {
      "id" : "s3-t16",
      "begin" : 406,
      "end" : 407,
      "text" : "(",
      "whiteSpace" : false
    }, {
      "id" : "s3-t17",
      "begin" : 408,
      "end" : 413,
      "text" : "while",
      "whiteSpace" : false
    }, {
      "id" : "s3-t18",
      "begin" : 414,
      "end" : 419,
      "text" : "being",
      "whiteSpace" : false
    }, {
      "id" : "s3-t19",
      "begin" : 420,
      "end" : 425,
      "text" : "smart",
      "whiteSpace" : false
    }, {
      "id" : "s3-t20",
      "begin" : 427,
      "end" : 432,
      "text" : "about",
      "whiteSpace" : false
    }, {
      "id" : "s3-t21",
      "begin" : 433,
      "end" : 435,
      "text" : "it",
      "whiteSpace" : false
    }, {
      "id" : "s3-t22",
      "begin" : 435,
      "end" : 436,
      "text" : ")",
      "whiteSpace" : false
    }, {
      "id" : "s3-t23",
      "begin" : 437,
      "end" : 439,
      "text" : "is",
      "whiteSpace" : false
    }, {
      "id" : "s3-t24",
      "begin" : 440,
      "end" : 449,
      "text" : "important",
      "whiteSpace" : false
    }, {
      "id" : "s3-t25",
      "begin" : 450,
      "end" : 452,
      "text" : "to",
      "whiteSpace" : false
    }, {
      "id" : "s3-t26",
      "begin" : 453,
      "end" : 460,
      "text" : "keeping",
      "whiteSpace" : false
    }, {
      "id" : "s3-t27",
      "begin" : 461,
      "end" : 463,
      "text" : "my",
      "whiteSpace" : false
    }, {
      "id" : "s3-t28",
      "begin" : 464,
      "end" : 470,
      "text" : "mental",
      "whiteSpace" : false
    }, {
      "id" : "s3-t29",
      "begin" : 471,
      "end" : 477,
      "text" : "health",
      "whiteSpace" : false
    }, {
      "id" : "s3-t30",
      "begin" : 478,
      "end" : 480,
      "text" : "in",
      "whiteSpace" : false
    }, {
      "id" : "s3-t31",
      "begin" : 481,
      "end" : 485,
      "text" : "tact",
      "whiteSpace" : false
    }, {
      "id" : "s3-t32",
      "begin" : 485,
      "end" : 486,
      "text" : ".",
      "whiteSpace" : false
    } ]
  }, {
    "id" : "s4",
    "begin" : 487,
    "end" : 589,
    "text" : "Open to any suggestions\",\n    \"subreddit\": \"washingtondc\",\n    \"created\": \"2020-04-05T23:48:07.000Z\"\n}",
    "tokens" : [ {
      "id" : "s4-t0",
      "begin" : 487,
      "end" : 491,
      "text" : "Open",
      "whiteSpace" : false
    }, {
      "id" : "s4-t1",
      "begin" : 492,
      "end" : 494,
      "text" : "to",
      "whiteSpace" : false
    }, {
      "id" : "s4-t2",
      "begin" : 495,
      "end" : 498,
      "text" : "any",
      "whiteSpace" : false
    }, {
      "id" : "s4-t3",
      "begin" : 499,
      "end" : 510,
      "text" : "suggestions",
      "whiteSpace" : false
    }, {
      "id" : "s4-t4",
      "begin" : 510,
      "end" : 511,
      "text" : "\"",
      "whiteSpace" : false
    }, {
      "id" : "s4-t5",
      "begin" : 511,
      "end" : 512,
      "text" : ",",
      "whiteSpace" : false
    }, {
      "id" : "s4-t6",
      "begin" : 517,
      "end" : 518,
      "text" : "\"",
      "whiteSpace" : false
    }, {
      "id" : "s4-t7",
      "begin" : 518,
      "end" : 527,
      "text" : "subreddit",
      "whiteSpace" : false
    }, {
      "id" : "s4-t8",
      "begin" : 527,
      "end" : 528,
      "text" : "\"",
      "whiteSpace" : false
    }, {
      "id" : "s4-t9",
      "begin" : 528,
      "end" : 529,
      "text" : ":",
      "whiteSpace" : false
    }, {
      "id" : "s4-t10",
      "begin" : 530,
      "end" : 531,
      "text" : "\"",
      "whiteSpace" : false
    }, {
      "id" : "s4-t11",
      "begin" : 531,
      "end" : 543,
      "text" : "washingtondc",
      "whiteSpace" : false
    }, {
      "id" : "s4-t12",
      "begin" : 543,
      "end" : 544,
      "text" : "\"",
      "whiteSpace" : false
    }, {
      "id" : "s4-t13",
      "begin" : 544,
      "end" : 545,
      "text" : ",",
      "whiteSpace" : false
    }, {
      "id" : "s4-t14",
      "begin" : 550,
      "end" : 551,
      "text" : "\"",
      "whiteSpace" : false
    }, {
      "id" : "s4-t15",
      "begin" : 551,
      "end" : 558,
      "text" : "created",
      "whiteSpace" : false
    }, {
      "id" : "s4-t16",
      "begin" : 558,
      "end" : 559,
      "text" : "\"",
      "whiteSpace" : false
    }, {
      "id" : "s4-t17",
      "begin" : 559,
      "end" : 560,
      "text" : ":",
      "whiteSpace" : false
    }, {
      "id" : "s4-t18",
      "begin" : 561,
      "end" : 562,
      "text" : "\"",
      "whiteSpace" : false
    }, {
      "id" : "s4-t19",
      "begin" : 562,
      "end" : 586,
      "text" : "2020-04-05T23:48:07.000Z",
      "whiteSpace" : false
    }, {
      "id" : "s4-t20",
      "begin" : 586,
      "end" : 587,
      "text" : "\"",
      "whiteSpace" : false
    }, {
      "id" : "s4-t21",
      "begin" : 588,
      "end" : 589,
      "text" : "}",
      "whiteSpace" : false
    } ]
  } ],
  "mentions" : [ {
    "id" : "s0-m1",
    "properties" : {
      "SIRE_MENTION_ROLE" : "Car_Owner",
      "SIRE_ENTITY_SUBTYPE" : "NONE",
      "SIRE_MENTION_TYPE" : "NONE",
      "SIRE_MENTION_CLASS" : "SPC"
    },
    "type" : "Car_Owner",
    "begin" : 45,
    "end" : 51,
    "inCoref" : false
  }, {
    "id" : "s0-m3",
    "properties" : {
      "SIRE_MENTION_ROLE" : "Full_Time_Employment",
      "SIRE_ENTITY_SUBTYPE" : "NONE",
      "SIRE_MENTION_TYPE" : "NONE",
      "SIRE_MENTION_CLASS" : "SPC"
    },
    "type" : "Full_Time_Employment",
    "begin" : 131,
    "end" : 135,
    "inCoref" : false
  }, {
    "id" : "s0-m2",
    "properties" : {
      "SIRE_MENTION_ROLE" : "Car_Owner",
      "SIRE_ENTITY_SUBTYPE" : "NONE",
      "SIRE_MENTION_TYPE" : "NONE",
      "SIRE_MENTION_CLASS" : "SPC"
    },
    "type" : "Car_Owner",
    "begin" : 141,
    "end" : 147,
    "inCoref" : false
  }, {
    "id" : "s1-m1",
    "properties" : {
      "SIRE_MENTION_ROLE" : "Full_Time_Employment",
      "SIRE_ENTITY_SUBTYPE" : "NONE",
      "SIRE_MENTION_TYPE" : "NONE",
      "SIRE_MENTION_CLASS" : "SPC"
    },
    "type" : "Full_Time_Employment",
    "begin" : 250,
    "end" : 269,
    "inCoref" : false
  } ],
  "relations" : [ ],
  "corefs" : [ ],
  "typeResolved" : true,
  "userResolved" : false
}