{
  "id" : "432714e0-9592-11ea-8a2d-81b8af140d06-14",
  "name" : "dc-doc-77.txt",
  "createdDate" : 0,
  "version" : 3,
  "text" : "{\n    \"title\": \"Does anyone have experience with staffing agencies like The Ford Agency for full-time positions?\",\n    \"text\": \"Hi all, \\n\\nSo I’m a recent graduate looking for a job in D.C. I have 4.5 years of combined experience through my full-time job and my internships. I’m\\nprimarily interested in working with policy makers, think tanks, and non-profits. Obviously, now is not the time I am expecting a plethora of interviews or job offers. However, to those actively hiring, I have not been able to get an interview. \\n\\nI applied to a position through a staffing agency called The Ford Agency and I was informed that the position was placed on hold but that they could help me with my job search.\\n\\nThey are a staffing agency so of course they could do temp staffing, etc. However, I’m not a local to D.C. because I’m a recent graduate and the pandemic halted my plan to move there to find a job and be “local”. Therefore, permanent staffing is important. \\n\\nI want to know if any of you had prior experiences with staffing agencies for full-time positions; any experience with the Ford Agency would be tremendous, as well!\\n\\nThanks.\",\n    \"subreddit\": \"washingtondc\",\n    \"created\": \"2020-04-21T21:50:37.000Z\"\n}",
  "docLength" : 0,
  "language" : "EN",
  "status" : "IN_PROGRESS",
  "modifiedDate" : 1589427015038,
  "documentSet" : [ ],
  "preannotation" : [ "PRE_LW", "PRE_SIRE" ],
  "sentences" : [ {
    "id" : "s0",
    "begin" : 0,
    "end" : 112,
    "text" : "{\n    \"title\": \"Does anyone have experience with staffing agencies like The Ford Agency for full-time positions?",
    "tokens" : [ {
      "id" : "s0-t0",
      "begin" : 0,
      "end" : 1,
      "text" : "{",
      "whiteSpace" : false
    }, {
      "id" : "s0-t1",
      "begin" : 6,
      "end" : 7,
      "text" : "\"",
      "whiteSpace" : false
    }, {
      "id" : "s0-t2",
      "begin" : 7,
      "end" : 12,
      "text" : "title",
      "whiteSpace" : false
    }, {
      "id" : "s0-t3",
      "begin" : 12,
      "end" : 13,
      "text" : "\"",
      "whiteSpace" : false
    }, {
      "id" : "s0-t4",
      "begin" : 13,
      "end" : 14,
      "text" : ":",
      "whiteSpace" : false
    }, {
      "id" : "s0-t5",
      "begin" : 15,
      "end" : 16,
      "text" : "\"",
      "whiteSpace" : false
    }, {
      "id" : "s0-t6",
      "begin" : 16,
      "end" : 20,
      "text" : "Does",
      "whiteSpace" : false
    }, {
      "id" : "s0-t7",
      "begin" : 21,
      "end" : 27,
      "text" : "anyone",
      "whiteSpace" : false
    }, {
      "id" : "s0-t8",
      "begin" : 28,
      "end" : 32,
      "text" : "have",
      "whiteSpace" : false
    }, {
      "id" : "s0-t9",
      "begin" : 33,
      "end" : 43,
      "text" : "experience",
      "whiteSpace" : false
    }, {
      "id" : "s0-t10",
      "begin" : 44,
      "end" : 48,
      "text" : "with",
      "whiteSpace" : false
    }, {
      "id" : "s0-t11",
      "begin" : 49,
      "end" : 57,
      "text" : "staffing",
      "whiteSpace" : false
    }, {
      "id" : "s0-t12",
      "begin" : 58,
      "end" : 66,
      "text" : "agencies",
      "whiteSpace" : false
    }, {
      "id" : "s0-t13",
      "begin" : 67,
      "end" : 71,
      "text" : "like",
      "whiteSpace" : false
    }, {
      "id" : "s0-t14",
      "begin" : 72,
      "end" : 75,
      "text" : "The",
      "whiteSpace" : false
    }, {
      "id" : "s0-t15",
      "begin" : 76,
      "end" : 80,
      "text" : "Ford",
      "whiteSpace" : false
    }, {
      "id" : "s0-t16",
      "begin" : 81,
      "end" : 87,
      "text" : "Agency",
      "whiteSpace" : false
    }, {
      "id" : "s0-t17",
      "begin" : 88,
      "end" : 91,
      "text" : "for",
      "whiteSpace" : false
    }, {
      "id" : "s0-t18",
      "begin" : 92,
      "end" : 101,
      "text" : "full-time",
      "whiteSpace" : false
    }, {
      "id" : "s0-t19",
      "begin" : 102,
      "end" : 111,
      "text" : "positions",
      "whiteSpace" : false
    }, {
      "id" : "s0-t20",
      "begin" : 111,
      "end" : 112,
      "text" : "?",
      "whiteSpace" : false
    } ]
  }, {
    "id" : "s1",
    "begin" : 112,
    "end" : 275,
    "text" : "\",\n    \"text\": \"Hi all, \\n\\nSo I’m a recent graduate looking for a job in D.C. I have 4.5 years of combined experience through my full-time job and my internships.",
    "tokens" : [ {
      "id" : "s1-t0",
      "begin" : 112,
      "end" : 113,
      "text" : "\"",
      "whiteSpace" : false
    }, {
      "id" : "s1-t1",
      "begin" : 113,
      "end" : 114,
      "text" : ",",
      "whiteSpace" : false
    }, {
      "id" : "s1-t2",
      "begin" : 119,
      "end" : 120,
      "text" : "\"",
      "whiteSpace" : false
    }, {
      "id" : "s1-t3",
      "begin" : 120,
      "end" : 124,
      "text" : "text",
      "whiteSpace" : false
    }, {
      "id" : "s1-t4",
      "begin" : 124,
      "end" : 125,
      "text" : "\"",
      "whiteSpace" : false
    }, {
      "id" : "s1-t5",
      "begin" : 125,
      "end" : 126,
      "text" : ":",
      "whiteSpace" : false
    }, {
      "id" : "s1-t6",
      "begin" : 127,
      "end" : 128,
      "text" : "\"",
      "whiteSpace" : false
    }, {
      "id" : "s1-t7",
      "begin" : 128,
      "end" : 130,
      "text" : "Hi",
      "whiteSpace" : false
    }, {
      "id" : "s1-t8",
      "begin" : 131,
      "end" : 134,
      "text" : "all",
      "whiteSpace" : false
    }, {
      "id" : "s1-t9",
      "begin" : 134,
      "end" : 135,
      "text" : ",",
      "whiteSpace" : false
    }, {
      "id" : "s1-t10",
      "begin" : 136,
      "end" : 138,
      "text" : "\\n",
      "whiteSpace" : false
    }, {
      "id" : "s1-t11",
      "begin" : 138,
      "end" : 142,
      "text" : "\\nSo",
      "whiteSpace" : false
    }, {
      "id" : "s1-t12",
      "begin" : 143,
      "end" : 144,
      "text" : "I",
      "whiteSpace" : false
    }, {
      "id" : "s1-t13",
      "begin" : 144,
      "end" : 146,
      "text" : "’m",
      "whiteSpace" : false
    }, {
      "id" : "s1-t14",
      "begin" : 147,
      "end" : 148,
      "text" : "a",
      "whiteSpace" : false
    }, {
      "id" : "s1-t15",
      "begin" : 149,
      "end" : 155,
      "text" : "recent",
      "whiteSpace" : false
    }, {
      "id" : "s1-t16",
      "begin" : 156,
      "end" : 164,
      "text" : "graduate",
      "whiteSpace" : false
    }, {
      "id" : "s1-t17",
      "begin" : 165,
      "end" : 172,
      "text" : "looking",
      "whiteSpace" : false
    }, {
      "id" : "s1-t18",
      "begin" : 173,
      "end" : 176,
      "text" : "for",
      "whiteSpace" : false
    }, {
      "id" : "s1-t19",
      "begin" : 177,
      "end" : 178,
      "text" : "a",
      "whiteSpace" : false
    }, {
      "id" : "s1-t20",
      "begin" : 179,
      "end" : 182,
      "text" : "job",
      "whiteSpace" : false
    }, {
      "id" : "s1-t21",
      "begin" : 183,
      "end" : 185,
      "text" : "in",
      "whiteSpace" : false
    }, {
      "id" : "s1-t22",
      "begin" : 186,
      "end" : 190,
      "text" : "D.C.",
      "whiteSpace" : false
    }, {
      "id" : "s1-t23",
      "begin" : 191,
      "end" : 192,
      "text" : "I",
      "whiteSpace" : false
    }, {
      "id" : "s1-t24",
      "begin" : 193,
      "end" : 197,
      "text" : "have",
      "whiteSpace" : false
    }, {
      "id" : "s1-t25",
      "begin" : 198,
      "end" : 201,
      "text" : "4.5",
      "whiteSpace" : false
    }, {
      "id" : "s1-t26",
      "begin" : 202,
      "end" : 207,
      "text" : "years",
      "whiteSpace" : false
    }, {
      "id" : "s1-t27",
      "begin" : 208,
      "end" : 210,
      "text" : "of",
      "whiteSpace" : false
    }, {
      "id" : "s1-t28",
      "begin" : 211,
      "end" : 219,
      "text" : "combined",
      "whiteSpace" : false
    }, {
      "id" : "s1-t29",
      "begin" : 220,
      "end" : 230,
      "text" : "experience",
      "whiteSpace" : false
    }, {
      "id" : "s1-t30",
      "begin" : 231,
      "end" : 238,
      "text" : "through",
      "whiteSpace" : false
    }, {
      "id" : "s1-t31",
      "begin" : 239,
      "end" : 241,
      "text" : "my",
      "whiteSpace" : false
    }, {
      "id" : "s1-t32",
      "begin" : 242,
      "end" : 251,
      "text" : "full-time",
      "whiteSpace" : false
    }, {
      "id" : "s1-t33",
      "begin" : 252,
      "end" : 255,
      "text" : "job",
      "whiteSpace" : false
    }, {
      "id" : "s1-t34",
      "begin" : 256,
      "end" : 259,
      "text" : "and",
      "whiteSpace" : false
    }, {
      "id" : "s1-t35",
      "begin" : 260,
      "end" : 262,
      "text" : "my",
      "whiteSpace" : false
    }, {
      "id" : "s1-t36",
      "begin" : 263,
      "end" : 274,
      "text" : "internships",
      "whiteSpace" : false
    }, {
      "id" : "s1-t37",
      "begin" : 274,
      "end" : 275,
      "text" : ".",
      "whiteSpace" : false
    } ]
  }, {
    "id" : "s2",
    "begin" : 276,
    "end" : 362,
    "text" : "I’m\\nprimarily interested in working with policy makers, think tanks, and non-profits.",
    "tokens" : [ {
      "id" : "s2-t0",
      "begin" : 276,
      "end" : 277,
      "text" : "I",
      "whiteSpace" : false
    }, {
      "id" : "s2-t1",
      "begin" : 277,
      "end" : 279,
      "text" : "’m",
      "whiteSpace" : false
    }, {
      "id" : "s2-t2",
      "begin" : 279,
      "end" : 290,
      "text" : "\\nprimarily",
      "whiteSpace" : false
    }, {
      "id" : "s2-t3",
      "begin" : 291,
      "end" : 301,
      "text" : "interested",
      "whiteSpace" : false
    }, {
      "id" : "s2-t4",
      "begin" : 302,
      "end" : 304,
      "text" : "in",
      "whiteSpace" : false
    }, {
      "id" : "s2-t5",
      "begin" : 305,
      "end" : 312,
      "text" : "working",
      "whiteSpace" : false
    }, {
      "id" : "s2-t6",
      "begin" : 313,
      "end" : 317,
      "text" : "with",
      "whiteSpace" : false
    }, {
      "id" : "s2-t7",
      "begin" : 318,
      "end" : 324,
      "text" : "policy",
      "whiteSpace" : false
    }, {
      "id" : "s2-t8",
      "begin" : 325,
      "end" : 331,
      "text" : "makers",
      "whiteSpace" : false
    }, {
      "id" : "s2-t9",
      "begin" : 331,
      "end" : 332,
      "text" : ",",
      "whiteSpace" : false
    }, {
      "id" : "s2-t10",
      "begin" : 333,
      "end" : 338,
      "text" : "think",
      "whiteSpace" : false
    }, {
      "id" : "s2-t11",
      "begin" : 339,
      "end" : 344,
      "text" : "tanks",
      "whiteSpace" : false
    }, {
      "id" : "s2-t12",
      "begin" : 344,
      "end" : 345,
      "text" : ",",
      "whiteSpace" : false
    }, {
      "id" : "s2-t13",
      "begin" : 346,
      "end" : 349,
      "text" : "and",
      "whiteSpace" : false
    }, {
      "id" : "s2-t14",
      "begin" : 350,
      "end" : 353,
      "text" : "non",
      "whiteSpace" : false
    }, {
      "id" : "s2-t15",
      "begin" : 353,
      "end" : 354,
      "text" : "-",
      "whiteSpace" : false
    }, {
      "id" : "s2-t16",
      "begin" : 354,
      "end" : 361,
      "text" : "profits",
      "whiteSpace" : false
    }, {
      "id" : "s2-t17",
      "begin" : 361,
      "end" : 362,
      "text" : ".",
      "whiteSpace" : false
    } ]
  }, {
    "id" : "s3",
    "begin" : 363,
    "end" : 448,
    "text" : "Obviously, now is not the time I am expecting a plethora of interviews or job offers.",
    "tokens" : [ {
      "id" : "s3-t0",
      "begin" : 363,
      "end" : 372,
      "text" : "Obviously",
      "whiteSpace" : false
    }, {
      "id" : "s3-t1",
      "begin" : 372,
      "end" : 373,
      "text" : ",",
      "whiteSpace" : false
    }, {
      "id" : "s3-t2",
      "begin" : 374,
      "end" : 377,
      "text" : "now",
      "whiteSpace" : false
    }, {
      "id" : "s3-t3",
      "begin" : 378,
      "end" : 380,
      "text" : "is",
      "whiteSpace" : false
    }, {
      "id" : "s3-t4",
      "begin" : 381,
      "end" : 384,
      "text" : "not",
      "whiteSpace" : false
    }, {
      "id" : "s3-t5",
      "begin" : 385,
      "end" : 388,
      "text" : "the",
      "whiteSpace" : false
    }, {
      "id" : "s3-t6",
      "begin" : 389,
      "end" : 393,
      "text" : "time",
      "whiteSpace" : false
    }, {
      "id" : "s3-t7",
      "begin" : 394,
      "end" : 395,
      "text" : "I",
      "whiteSpace" : false
    }, {
      "id" : "s3-t8",
      "begin" : 396,
      "end" : 398,
      "text" : "am",
      "whiteSpace" : false
    }, {
      "id" : "s3-t9",
      "begin" : 399,
      "end" : 408,
      "text" : "expecting",
      "whiteSpace" : false
    }, {
      "id" : "s3-t10",
      "begin" : 409,
      "end" : 410,
      "text" : "a",
      "whiteSpace" : false
    }, {
      "id" : "s3-t11",
      "begin" : 411,
      "end" : 419,
      "text" : "plethora",
      "whiteSpace" : false
    }, {
      "id" : "s3-t12",
      "begin" : 420,
      "end" : 422,
      "text" : "of",
      "whiteSpace" : false
    }, {
      "id" : "s3-t13",
      "begin" : 423,
      "end" : 433,
      "text" : "interviews",
      "whiteSpace" : false
    }, {
      "id" : "s3-t14",
      "begin" : 434,
      "end" : 436,
      "text" : "or",
      "whiteSpace" : false
    }, {
      "id" : "s3-t15",
      "begin" : 437,
      "end" : 440,
      "text" : "job",
      "whiteSpace" : false
    }, {
      "id" : "s3-t16",
      "begin" : 441,
      "end" : 447,
      "text" : "offers",
      "whiteSpace" : false
    }, {
      "id" : "s3-t17",
      "begin" : 447,
      "end" : 448,
      "text" : ".",
      "whiteSpace" : false
    } ]
  }, {
    "id" : "s4",
    "begin" : 449,
    "end" : 525,
    "text" : "However, to those actively hiring, I have not been able to get an interview.",
    "tokens" : [ {
      "id" : "s4-t0",
      "begin" : 449,
      "end" : 456,
      "text" : "However",
      "whiteSpace" : false
    }, {
      "id" : "s4-t1",
      "begin" : 456,
      "end" : 457,
      "text" : ",",
      "whiteSpace" : false
    }, {
      "id" : "s4-t2",
      "begin" : 458,
      "end" : 460,
      "text" : "to",
      "whiteSpace" : false
    }, {
      "id" : "s4-t3",
      "begin" : 461,
      "end" : 466,
      "text" : "those",
      "whiteSpace" : false
    }, {
      "id" : "s4-t4",
      "begin" : 467,
      "end" : 475,
      "text" : "actively",
      "whiteSpace" : false
    }, {
      "id" : "s4-t5",
      "begin" : 476,
      "end" : 482,
      "text" : "hiring",
      "whiteSpace" : false
    }, {
      "id" : "s4-t6",
      "begin" : 482,
      "end" : 483,
      "text" : ",",
      "whiteSpace" : false
    }, {
      "id" : "s4-t7",
      "begin" : 484,
      "end" : 485,
      "text" : "I",
      "whiteSpace" : false
    }, {
      "id" : "s4-t8",
      "begin" : 486,
      "end" : 490,
      "text" : "have",
      "whiteSpace" : false
    }, {
      "id" : "s4-t9",
      "begin" : 491,
      "end" : 494,
      "text" : "not",
      "whiteSpace" : false
    }, {
      "id" : "s4-t10",
      "begin" : 495,
      "end" : 499,
      "text" : "been",
      "whiteSpace" : false
    }, {
      "id" : "s4-t11",
      "begin" : 500,
      "end" : 504,
      "text" : "able",
      "whiteSpace" : false
    }, {
      "id" : "s4-t12",
      "begin" : 505,
      "end" : 507,
      "text" : "to",
      "whiteSpace" : false
    }, {
      "id" : "s4-t13",
      "begin" : 508,
      "end" : 511,
      "text" : "get",
      "whiteSpace" : false
    }, {
      "id" : "s4-t14",
      "begin" : 512,
      "end" : 514,
      "text" : "an",
      "whiteSpace" : false
    }, {
      "id" : "s4-t15",
      "begin" : 515,
      "end" : 524,
      "text" : "interview",
      "whiteSpace" : false
    }, {
      "id" : "s4-t16",
      "begin" : 524,
      "end" : 525,
      "text" : ".",
      "whiteSpace" : false
    } ]
  }, {
    "id" : "s5",
    "begin" : 526,
    "end" : 706,
    "text" : "\\n\\nI applied to a position through a staffing agency called The Ford Agency and I was informed that the position was placed on hold but that they could help me with my job search.",
    "tokens" : [ {
      "id" : "s5-t0",
      "begin" : 526,
      "end" : 528,
      "text" : "\\n",
      "whiteSpace" : false
    }, {
      "id" : "s5-t1",
      "begin" : 528,
      "end" : 531,
      "text" : "\\nI",
      "whiteSpace" : false
    }, {
      "id" : "s5-t2",
      "begin" : 532,
      "end" : 539,
      "text" : "applied",
      "whiteSpace" : false
    }, {
      "id" : "s5-t3",
      "begin" : 540,
      "end" : 542,
      "text" : "to",
      "whiteSpace" : false
    }, {
      "id" : "s5-t4",
      "begin" : 543,
      "end" : 544,
      "text" : "a",
      "whiteSpace" : false
    }, {
      "id" : "s5-t5",
      "begin" : 545,
      "end" : 553,
      "text" : "position",
      "whiteSpace" : false
    }, {
      "id" : "s5-t6",
      "begin" : 554,
      "end" : 561,
      "text" : "through",
      "whiteSpace" : false
    }, {
      "id" : "s5-t7",
      "begin" : 562,
      "end" : 563,
      "text" : "a",
      "whiteSpace" : false
    }, {
      "id" : "s5-t8",
      "begin" : 564,
      "end" : 572,
      "text" : "staffing",
      "whiteSpace" : false
    }, {
      "id" : "s5-t9",
      "begin" : 573,
      "end" : 579,
      "text" : "agency",
      "whiteSpace" : false
    }, {
      "id" : "s5-t10",
      "begin" : 580,
      "end" : 586,
      "text" : "called",
      "whiteSpace" : false
    }, {
      "id" : "s5-t11",
      "begin" : 587,
      "end" : 590,
      "text" : "The",
      "whiteSpace" : false
    }, {
      "id" : "s5-t12",
      "begin" : 591,
      "end" : 595,
      "text" : "Ford",
      "whiteSpace" : false
    }, {
      "id" : "s5-t13",
      "begin" : 596,
      "end" : 602,
      "text" : "Agency",
      "whiteSpace" : false
    }, {
      "id" : "s5-t14",
      "begin" : 603,
      "end" : 606,
      "text" : "and",
      "whiteSpace" : false
    }, {
      "id" : "s5-t15",
      "begin" : 607,
      "end" : 608,
      "text" : "I",
      "whiteSpace" : false
    }, {
      "id" : "s5-t16",
      "begin" : 609,
      "end" : 612,
      "text" : "was",
      "whiteSpace" : false
    }, {
      "id" : "s5-t17",
      "begin" : 613,
      "end" : 621,
      "text" : "informed",
      "whiteSpace" : false
    }, {
      "id" : "s5-t18",
      "begin" : 622,
      "end" : 626,
      "text" : "that",
      "whiteSpace" : false
    }, {
      "id" : "s5-t19",
      "begin" : 627,
      "end" : 630,
      "text" : "the",
      "whiteSpace" : false
    }, {
      "id" : "s5-t20",
      "begin" : 631,
      "end" : 639,
      "text" : "position",
      "whiteSpace" : false
    }, {
      "id" : "s5-t21",
      "begin" : 640,
      "end" : 643,
      "text" : "was",
      "whiteSpace" : false
    }, {
      "id" : "s5-t22",
      "begin" : 644,
      "end" : 650,
      "text" : "placed",
      "whiteSpace" : false
    }, {
      "id" : "s5-t23",
      "begin" : 651,
      "end" : 653,
      "text" : "on",
      "whiteSpace" : false
    }, {
      "id" : "s5-t24",
      "begin" : 654,
      "end" : 658,
      "text" : "hold",
      "whiteSpace" : false
    }, {
      "id" : "s5-t25",
      "begin" : 659,
      "end" : 662,
      "text" : "but",
      "whiteSpace" : false
    }, {
      "id" : "s5-t26",
      "begin" : 663,
      "end" : 667,
      "text" : "that",
      "whiteSpace" : false
    }, {
      "id" : "s5-t27",
      "begin" : 668,
      "end" : 672,
      "text" : "they",
      "whiteSpace" : false
    }, {
      "id" : "s5-t28",
      "begin" : 673,
      "end" : 678,
      "text" : "could",
      "whiteSpace" : false
    }, {
      "id" : "s5-t29",
      "begin" : 679,
      "end" : 683,
      "text" : "help",
      "whiteSpace" : false
    }, {
      "id" : "s5-t30",
      "begin" : 684,
      "end" : 686,
      "text" : "me",
      "whiteSpace" : false
    }, {
      "id" : "s5-t31",
      "begin" : 687,
      "end" : 691,
      "text" : "with",
      "whiteSpace" : false
    }, {
      "id" : "s5-t32",
      "begin" : 692,
      "end" : 694,
      "text" : "my",
      "whiteSpace" : false
    }, {
      "id" : "s5-t33",
      "begin" : 695,
      "end" : 698,
      "text" : "job",
      "whiteSpace" : false
    }, {
      "id" : "s5-t34",
      "begin" : 699,
      "end" : 705,
      "text" : "search",
      "whiteSpace" : false
    }, {
      "id" : "s5-t35",
      "begin" : 705,
      "end" : 706,
      "text" : ".",
      "whiteSpace" : false
    } ]
  }, {
    "id" : "s6",
    "begin" : 706,
    "end" : 922,
    "text" : "\\n\\nThey are a staffing agency so of course they could do temp staffing, etc. However, I’m not a local to D.C. because I’m a recent graduate and the pandemic halted my plan to move there to find a job and be “local”.",
    "tokens" : [ {
      "id" : "s6-t0",
      "begin" : 706,
      "end" : 708,
      "text" : "\\n",
      "whiteSpace" : false
    }, {
      "id" : "s6-t1",
      "begin" : 708,
      "end" : 714,
      "text" : "\\nThey",
      "whiteSpace" : false
    }, {
      "id" : "s6-t2",
      "begin" : 715,
      "end" : 718,
      "text" : "are",
      "whiteSpace" : false
    }, {
      "id" : "s6-t3",
      "begin" : 719,
      "end" : 720,
      "text" : "a",
      "whiteSpace" : false
    }, {
      "id" : "s6-t4",
      "begin" : 721,
      "end" : 729,
      "text" : "staffing",
      "whiteSpace" : false
    }, {
      "id" : "s6-t5",
      "begin" : 730,
      "end" : 736,
      "text" : "agency",
      "whiteSpace" : false
    }, {
      "id" : "s6-t6",
      "begin" : 737,
      "end" : 739,
      "text" : "so",
      "whiteSpace" : false
    }, {
      "id" : "s6-t7",
      "begin" : 740,
      "end" : 742,
      "text" : "of",
      "whiteSpace" : false
    }, {
      "id" : "s6-t8",
      "begin" : 743,
      "end" : 749,
      "text" : "course",
      "whiteSpace" : false
    }, {
      "id" : "s6-t9",
      "begin" : 750,
      "end" : 754,
      "text" : "they",
      "whiteSpace" : false
    }, {
      "id" : "s6-t10",
      "begin" : 755,
      "end" : 760,
      "text" : "could",
      "whiteSpace" : false
    }, {
      "id" : "s6-t11",
      "begin" : 761,
      "end" : 763,
      "text" : "do",
      "whiteSpace" : false
    }, {
      "id" : "s6-t12",
      "begin" : 764,
      "end" : 768,
      "text" : "temp",
      "whiteSpace" : false
    }, {
      "id" : "s6-t13",
      "begin" : 769,
      "end" : 777,
      "text" : "staffing",
      "whiteSpace" : false
    }, {
      "id" : "s6-t14",
      "begin" : 777,
      "end" : 778,
      "text" : ",",
      "whiteSpace" : false
    }, {
      "id" : "s6-t15",
      "begin" : 779,
      "end" : 783,
      "text" : "etc.",
      "whiteSpace" : false
    }, {
      "id" : "s6-t16",
      "begin" : 784,
      "end" : 791,
      "text" : "However",
      "whiteSpace" : false
    }, {
      "id" : "s6-t17",
      "begin" : 791,
      "end" : 792,
      "text" : ",",
      "whiteSpace" : false
    }, {
      "id" : "s6-t18",
      "begin" : 793,
      "end" : 794,
      "text" : "I",
      "whiteSpace" : false
    }, {
      "id" : "s6-t19",
      "begin" : 794,
      "end" : 796,
      "text" : "’m",
      "whiteSpace" : false
    }, {
      "id" : "s6-t20",
      "begin" : 797,
      "end" : 800,
      "text" : "not",
      "whiteSpace" : false
    }, {
      "id" : "s6-t21",
      "begin" : 801,
      "end" : 802,
      "text" : "a",
      "whiteSpace" : false
    }, {
      "id" : "s6-t22",
      "begin" : 803,
      "end" : 808,
      "text" : "local",
      "whiteSpace" : false
    }, {
      "id" : "s6-t23",
      "begin" : 809,
      "end" : 811,
      "text" : "to",
      "whiteSpace" : false
    }, {
      "id" : "s6-t24",
      "begin" : 812,
      "end" : 816,
      "text" : "D.C.",
      "whiteSpace" : false
    }, {
      "id" : "s6-t25",
      "begin" : 817,
      "end" : 824,
      "text" : "because",
      "whiteSpace" : false
    }, {
      "id" : "s6-t26",
      "begin" : 825,
      "end" : 826,
      "text" : "I",
      "whiteSpace" : false
    }, {
      "id" : "s6-t27",
      "begin" : 826,
      "end" : 828,
      "text" : "’m",
      "whiteSpace" : false
    }, {
      "id" : "s6-t28",
      "begin" : 829,
      "end" : 830,
      "text" : "a",
      "whiteSpace" : false
    }, {
      "id" : "s6-t29",
      "begin" : 831,
      "end" : 837,
      "text" : "recent",
      "whiteSpace" : false
    }, {
      "id" : "s6-t30",
      "begin" : 838,
      "end" : 846,
      "text" : "graduate",
      "whiteSpace" : false
    }, {
      "id" : "s6-t31",
      "begin" : 847,
      "end" : 850,
      "text" : "and",
      "whiteSpace" : false
    }, {
      "id" : "s6-t32",
      "begin" : 851,
      "end" : 854,
      "text" : "the",
      "whiteSpace" : false
    }, {
      "id" : "s6-t33",
      "begin" : 855,
      "end" : 863,
      "text" : "pandemic",
      "whiteSpace" : false
    }, {
      "id" : "s6-t34",
      "begin" : 864,
      "end" : 870,
      "text" : "halted",
      "whiteSpace" : false
    }, {
      "id" : "s6-t35",
      "begin" : 871,
      "end" : 873,
      "text" : "my",
      "whiteSpace" : false
    }, {
      "id" : "s6-t36",
      "begin" : 874,
      "end" : 878,
      "text" : "plan",
      "whiteSpace" : false
    }, {
      "id" : "s6-t37",
      "begin" : 879,
      "end" : 881,
      "text" : "to",
      "whiteSpace" : false
    }, {
      "id" : "s6-t38",
      "begin" : 882,
      "end" : 886,
      "text" : "move",
      "whiteSpace" : false
    }, {
      "id" : "s6-t39",
      "begin" : 887,
      "end" : 892,
      "text" : "there",
      "whiteSpace" : false
    }, {
      "id" : "s6-t40",
      "begin" : 893,
      "end" : 895,
      "text" : "to",
      "whiteSpace" : false
    }, {
      "id" : "s6-t41",
      "begin" : 896,
      "end" : 900,
      "text" : "find",
      "whiteSpace" : false
    }, {
      "id" : "s6-t42",
      "begin" : 901,
      "end" : 902,
      "text" : "a",
      "whiteSpace" : false
    }, {
      "id" : "s6-t43",
      "begin" : 903,
      "end" : 906,
      "text" : "job",
      "whiteSpace" : false
    }, {
      "id" : "s6-t44",
      "begin" : 907,
      "end" : 910,
      "text" : "and",
      "whiteSpace" : false
    }, {
      "id" : "s6-t45",
      "begin" : 911,
      "end" : 913,
      "text" : "be",
      "whiteSpace" : false
    }, {
      "id" : "s6-t46",
      "begin" : 914,
      "end" : 915,
      "text" : "“",
      "whiteSpace" : false
    }, {
      "id" : "s6-t47",
      "begin" : 915,
      "end" : 920,
      "text" : "local",
      "whiteSpace" : false
    }, {
      "id" : "s6-t48",
      "begin" : 920,
      "end" : 921,
      "text" : "”",
      "whiteSpace" : false
    }, {
      "id" : "s6-t49",
      "begin" : 921,
      "end" : 922,
      "text" : ".",
      "whiteSpace" : false
    } ]
  }, {
    "id" : "s7",
    "begin" : 923,
    "end" : 966,
    "text" : "Therefore, permanent staffing is important.",
    "tokens" : [ {
      "id" : "s7-t0",
      "begin" : 923,
      "end" : 932,
      "text" : "Therefore",
      "whiteSpace" : false
    }, {
      "id" : "s7-t1",
      "begin" : 932,
      "end" : 933,
      "text" : ",",
      "whiteSpace" : false
    }, {
      "id" : "s7-t2",
      "begin" : 934,
      "end" : 943,
      "text" : "permanent",
      "whiteSpace" : false
    }, {
      "id" : "s7-t3",
      "begin" : 944,
      "end" : 952,
      "text" : "staffing",
      "whiteSpace" : false
    }, {
      "id" : "s7-t4",
      "begin" : 953,
      "end" : 955,
      "text" : "is",
      "whiteSpace" : false
    }, {
      "id" : "s7-t5",
      "begin" : 956,
      "end" : 965,
      "text" : "important",
      "whiteSpace" : false
    }, {
      "id" : "s7-t6",
      "begin" : 965,
      "end" : 966,
      "text" : ".",
      "whiteSpace" : false
    } ]
  }, {
    "id" : "s8",
    "begin" : 967,
    "end" : 1135,
    "text" : "\\n\\nI want to know if any of you had prior experiences with staffing agencies for full-time positions; any experience with the Ford Agency would be tremendous, as well!",
    "tokens" : [ {
      "id" : "s8-t0",
      "begin" : 967,
      "end" : 969,
      "text" : "\\n",
      "whiteSpace" : false
    }, {
      "id" : "s8-t1",
      "begin" : 969,
      "end" : 972,
      "text" : "\\nI",
      "whiteSpace" : false
    }, {
      "id" : "s8-t2",
      "begin" : 973,
      "end" : 977,
      "text" : "want",
      "whiteSpace" : false
    }, {
      "id" : "s8-t3",
      "begin" : 978,
      "end" : 980,
      "text" : "to",
      "whiteSpace" : false
    }, {
      "id" : "s8-t4",
      "begin" : 981,
      "end" : 985,
      "text" : "know",
      "whiteSpace" : false
    }, {
      "id" : "s8-t5",
      "begin" : 986,
      "end" : 988,
      "text" : "if",
      "whiteSpace" : false
    }, {
      "id" : "s8-t6",
      "begin" : 989,
      "end" : 992,
      "text" : "any",
      "whiteSpace" : false
    }, {
      "id" : "s8-t7",
      "begin" : 993,
      "end" : 995,
      "text" : "of",
      "whiteSpace" : false
    }, {
      "id" : "s8-t8",
      "begin" : 996,
      "end" : 999,
      "text" : "you",
      "whiteSpace" : false
    }, {
      "id" : "s8-t9",
      "begin" : 1000,
      "end" : 1003,
      "text" : "had",
      "whiteSpace" : false
    }, {
      "id" : "s8-t10",
      "begin" : 1004,
      "end" : 1009,
      "text" : "prior",
      "whiteSpace" : false
    }, {
      "id" : "s8-t11",
      "begin" : 1010,
      "end" : 1021,
      "text" : "experiences",
      "whiteSpace" : false
    }, {
      "id" : "s8-t12",
      "begin" : 1022,
      "end" : 1026,
      "text" : "with",
      "whiteSpace" : false
    }, {
      "id" : "s8-t13",
      "begin" : 1027,
      "end" : 1035,
      "text" : "staffing",
      "whiteSpace" : false
    }, {
      "id" : "s8-t14",
      "begin" : 1036,
      "end" : 1044,
      "text" : "agencies",
      "whiteSpace" : false
    }, {
      "id" : "s8-t15",
      "begin" : 1045,
      "end" : 1048,
      "text" : "for",
      "whiteSpace" : false
    }, {
      "id" : "s8-t16",
      "begin" : 1049,
      "end" : 1058,
      "text" : "full-time",
      "whiteSpace" : false
    }, {
      "id" : "s8-t17",
      "begin" : 1059,
      "end" : 1068,
      "text" : "positions",
      "whiteSpace" : false
    }, {
      "id" : "s8-t18",
      "begin" : 1068,
      "end" : 1069,
      "text" : ";",
      "whiteSpace" : false
    }, {
      "id" : "s8-t19",
      "begin" : 1070,
      "end" : 1073,
      "text" : "any",
      "whiteSpace" : false
    }, {
      "id" : "s8-t20",
      "begin" : 1074,
      "end" : 1084,
      "text" : "experience",
      "whiteSpace" : false
    }, {
      "id" : "s8-t21",
      "begin" : 1085,
      "end" : 1089,
      "text" : "with",
      "whiteSpace" : false
    }, {
      "id" : "s8-t22",
      "begin" : 1090,
      "end" : 1093,
      "text" : "the",
      "whiteSpace" : false
    }, {
      "id" : "s8-t23",
      "begin" : 1094,
      "end" : 1098,
      "text" : "Ford",
      "whiteSpace" : false
    }, {
      "id" : "s8-t24",
      "begin" : 1099,
      "end" : 1105,
      "text" : "Agency",
      "whiteSpace" : false
    }, {
      "id" : "s8-t25",
      "begin" : 1106,
      "end" : 1111,
      "text" : "would",
      "whiteSpace" : false
    }, {
      "id" : "s8-t26",
      "begin" : 1112,
      "end" : 1114,
      "text" : "be",
      "whiteSpace" : false
    }, {
      "id" : "s8-t27",
      "begin" : 1115,
      "end" : 1125,
      "text" : "tremendous",
      "whiteSpace" : false
    }, {
      "id" : "s8-t28",
      "begin" : 1125,
      "end" : 1126,
      "text" : ",",
      "whiteSpace" : false
    }, {
      "id" : "s8-t29",
      "begin" : 1127,
      "end" : 1129,
      "text" : "as",
      "whiteSpace" : false
    }, {
      "id" : "s8-t30",
      "begin" : 1130,
      "end" : 1134,
      "text" : "well",
      "whiteSpace" : false
    }, {
      "id" : "s8-t31",
      "begin" : 1134,
      "end" : 1135,
      "text" : "!",
      "whiteSpace" : false
    } ]
  }, {
    "id" : "s9",
    "begin" : 1135,
    "end" : 1146,
    "text" : "\\n\\nThanks.",
    "tokens" : [ {
      "id" : "s9-t0",
      "begin" : 1135,
      "end" : 1137,
      "text" : "\\n",
      "whiteSpace" : false
    }, {
      "id" : "s9-t1",
      "begin" : 1137,
      "end" : 1145,
      "text" : "\\nThanks",
      "whiteSpace" : false
    }, {
      "id" : "s9-t2",
      "begin" : 1145,
      "end" : 1146,
      "text" : ".",
      "whiteSpace" : false
    } ]
  }, {
    "id" : "s10",
    "begin" : 1146,
    "end" : 1225,
    "text" : "\",\n    \"subreddit\": \"washingtondc\",\n    \"created\": \"2020-04-21T21:50:37.000Z\"\n}",
    "tokens" : [ {
      "id" : "s10-t0",
      "begin" : 1146,
      "end" : 1147,
      "text" : "\"",
      "whiteSpace" : false
    }, {
      "id" : "s10-t1",
      "begin" : 1147,
      "end" : 1148,
      "text" : ",",
      "whiteSpace" : false
    }, {
      "id" : "s10-t2",
      "begin" : 1153,
      "end" : 1163,
      "text" : "\"subreddit",
      "whiteSpace" : false
    }, {
      "id" : "s10-t3",
      "begin" : 1163,
      "end" : 1164,
      "text" : "\"",
      "whiteSpace" : false
    }, {
      "id" : "s10-t4",
      "begin" : 1164,
      "end" : 1165,
      "text" : ":",
      "whiteSpace" : false
    }, {
      "id" : "s10-t5",
      "begin" : 1166,
      "end" : 1167,
      "text" : "\"",
      "whiteSpace" : false
    }, {
      "id" : "s10-t6",
      "begin" : 1167,
      "end" : 1179,
      "text" : "washingtondc",
      "whiteSpace" : false
    }, {
      "id" : "s10-t7",
      "begin" : 1179,
      "end" : 1180,
      "text" : "\"",
      "whiteSpace" : false
    }, {
      "id" : "s10-t8",
      "begin" : 1180,
      "end" : 1181,
      "text" : ",",
      "whiteSpace" : false
    }, {
      "id" : "s10-t9",
      "begin" : 1186,
      "end" : 1187,
      "text" : "\"",
      "whiteSpace" : false
    }, {
      "id" : "s10-t10",
      "begin" : 1187,
      "end" : 1194,
      "text" : "created",
      "whiteSpace" : false
    }, {
      "id" : "s10-t11",
      "begin" : 1194,
      "end" : 1195,
      "text" : "\"",
      "whiteSpace" : false
    }, {
      "id" : "s10-t12",
      "begin" : 1195,
      "end" : 1196,
      "text" : ":",
      "whiteSpace" : false
    }, {
      "id" : "s10-t13",
      "begin" : 1197,
      "end" : 1198,
      "text" : "\"",
      "whiteSpace" : false
    }, {
      "id" : "s10-t14",
      "begin" : 1198,
      "end" : 1222,
      "text" : "2020-04-21T21:50:37.000Z",
      "whiteSpace" : false
    }, {
      "id" : "s10-t15",
      "begin" : 1222,
      "end" : 1223,
      "text" : "\"",
      "whiteSpace" : false
    }, {
      "id" : "s10-t16",
      "begin" : 1224,
      "end" : 1225,
      "text" : "}",
      "whiteSpace" : false
    } ]
  } ],
  "mentions" : [ {
    "id" : "s1-m3",
    "properties" : {
      "SIRE_MENTION_ROLE" : "Unemployed",
      "SIRE_ENTITY_SUBTYPE" : "NONE",
      "SIRE_MENTION_TYPE" : "NONE",
      "SIRE_MENTION_CLASS" : "SPC"
    },
    "type" : "Unemployed",
    "begin" : 149,
    "end" : 164,
    "inCoref" : false
  }, {
    "id" : "s1-m2",
    "properties" : {
      "SIRE_MENTION_ROLE" : "Unemployed",
      "SIRE_ENTITY_SUBTYPE" : "NONE",
      "SIRE_MENTION_TYPE" : "NONE",
      "SIRE_MENTION_CLASS" : "SPC"
    },
    "type" : "Unemployed",
    "begin" : 165,
    "end" : 182,
    "inCoref" : false
  }, {
    "id" : "s4-m1",
    "properties" : {
      "SIRE_MENTION_ROLE" : "Unemployed",
      "SIRE_ENTITY_SUBTYPE" : "NONE",
      "SIRE_MENTION_TYPE" : "NONE",
      "SIRE_MENTION_CLASS" : "SPC"
    },
    "type" : "Unemployed",
    "begin" : 484,
    "end" : 524,
    "inCoref" : false
  }, {
    "id" : "s5-m1",
    "properties" : {
      "SIRE_MENTION_ROLE" : "Unemployed",
      "SIRE_ENTITY_SUBTYPE" : "NONE",
      "SIRE_MENTION_TYPE" : "NONE",
      "SIRE_MENTION_CLASS" : "SPC"
    },
    "type" : "Unemployed",
    "begin" : 695,
    "end" : 705,
    "inCoref" : false
  }, {
    "id" : "s6-m1",
    "properties" : {
      "SIRE_MENTION_ROLE" : "Unemployed",
      "SIRE_ENTITY_SUBTYPE" : "NONE",
      "SIRE_MENTION_TYPE" : "NONE",
      "SIRE_MENTION_CLASS" : "SPC"
    },
    "type" : "Unemployed",
    "begin" : 831,
    "end" : 846,
    "inCoref" : false
  } ],
  "relations" : [ ],
  "corefs" : [ ],
  "typeResolved" : true,
  "userResolved" : false
}