{
  "id" : "432714e0-9592-11ea-8a2d-81b8af140d06-34",
  "name" : "dc-doc-60.txt",
  "createdDate" : 0,
  "version" : 3,
  "text" : "{\n    \"title\": \"Know a DC medical professional helping with the Covid efforts with a housing issue? (Can’t go home to family for fear of infecting them, for example.)\",\n    \"text\": \"My Airbnb (which is actually a legal 1 bedroom/1 bathroom apartment) is empty until June and I’m happy to host someone from my community who is giving back to my community at no cost.\\n\\nUpdate to add location:  NE DC near Gallaudet/Union Market.\\n\\n2nd update: I’ve found an ER nurse who will be staying through April 25 but I’m committed to offering it through June 1 if anyone else has a need!\",\n    \"subreddit\": \"washingtondc\",\n    \"created\": \"2020-03-29T01:12:55.000Z\"\n}",
  "docLength" : 0,
  "language" : "EN",
  "status" : "READY",
  "modifiedDate" : 1589426660370,
  "documentSet" : [ ],
  "preannotation" : [ "PRE_LW", "PRE_SIRE" ],
  "sentences" : [ {
    "id" : "s0",
    "begin" : 0,
    "end" : 99,
    "text" : "{\n    \"title\": \"Know a DC medical professional helping with the Covid efforts with a housing issue?",
    "tokens" : [ {
      "id" : "s0-t0",
      "begin" : 0,
      "end" : 1,
      "text" : "{",
      "whiteSpace" : false
    }, {
      "id" : "s0-t1",
      "begin" : 6,
      "end" : 7,
      "text" : "\"",
      "whiteSpace" : false
    }, {
      "id" : "s0-t2",
      "begin" : 7,
      "end" : 12,
      "text" : "title",
      "whiteSpace" : false
    }, {
      "id" : "s0-t3",
      "begin" : 12,
      "end" : 13,
      "text" : "\"",
      "whiteSpace" : false
    }, {
      "id" : "s0-t4",
      "begin" : 13,
      "end" : 14,
      "text" : ":",
      "whiteSpace" : false
    }, {
      "id" : "s0-t5",
      "begin" : 15,
      "end" : 16,
      "text" : "\"",
      "whiteSpace" : false
    }, {
      "id" : "s0-t6",
      "begin" : 16,
      "end" : 20,
      "text" : "Know",
      "whiteSpace" : false
    }, {
      "id" : "s0-t7",
      "begin" : 21,
      "end" : 22,
      "text" : "a",
      "whiteSpace" : false
    }, {
      "id" : "s0-t8",
      "begin" : 23,
      "end" : 25,
      "text" : "DC",
      "whiteSpace" : false
    }, {
      "id" : "s0-t9",
      "begin" : 26,
      "end" : 33,
      "text" : "medical",
      "whiteSpace" : false
    }, {
      "id" : "s0-t10",
      "begin" : 34,
      "end" : 46,
      "text" : "professional",
      "whiteSpace" : false
    }, {
      "id" : "s0-t11",
      "begin" : 47,
      "end" : 54,
      "text" : "helping",
      "whiteSpace" : false
    }, {
      "id" : "s0-t12",
      "begin" : 55,
      "end" : 59,
      "text" : "with",
      "whiteSpace" : false
    }, {
      "id" : "s0-t13",
      "begin" : 60,
      "end" : 63,
      "text" : "the",
      "whiteSpace" : false
    }, {
      "id" : "s0-t14",
      "begin" : 64,
      "end" : 69,
      "text" : "Covid",
      "whiteSpace" : false
    }, {
      "id" : "s0-t15",
      "begin" : 70,
      "end" : 77,
      "text" : "efforts",
      "whiteSpace" : false
    }, {
      "id" : "s0-t16",
      "begin" : 78,
      "end" : 82,
      "text" : "with",
      "whiteSpace" : false
    }, {
      "id" : "s0-t17",
      "begin" : 83,
      "end" : 84,
      "text" : "a",
      "whiteSpace" : false
    }, {
      "id" : "s0-t18",
      "begin" : 85,
      "end" : 92,
      "text" : "housing",
      "whiteSpace" : false
    }, {
      "id" : "s0-t19",
      "begin" : 93,
      "end" : 98,
      "text" : "issue",
      "whiteSpace" : false
    }, {
      "id" : "s0-t20",
      "begin" : 98,
      "end" : 99,
      "text" : "?",
      "whiteSpace" : false
    } ]
  }, {
    "id" : "s1",
    "begin" : 100,
    "end" : 165,
    "text" : "(Can’t go home to family for fear of infecting them, for example.",
    "tokens" : [ {
      "id" : "s1-t0",
      "begin" : 100,
      "end" : 101,
      "text" : "(",
      "whiteSpace" : false
    }, {
      "id" : "s1-t1",
      "begin" : 101,
      "end" : 103,
      "text" : "Ca",
      "whiteSpace" : false
    }, {
      "id" : "s1-t2",
      "begin" : 103,
      "end" : 106,
      "text" : "n’t",
      "whiteSpace" : false
    }, {
      "id" : "s1-t3",
      "begin" : 107,
      "end" : 109,
      "text" : "go",
      "whiteSpace" : false
    }, {
      "id" : "s1-t4",
      "begin" : 110,
      "end" : 114,
      "text" : "home",
      "whiteSpace" : false
    }, {
      "id" : "s1-t5",
      "begin" : 115,
      "end" : 117,
      "text" : "to",
      "whiteSpace" : false
    }, {
      "id" : "s1-t6",
      "begin" : 118,
      "end" : 124,
      "text" : "family",
      "whiteSpace" : false
    }, {
      "id" : "s1-t7",
      "begin" : 125,
      "end" : 128,
      "text" : "for",
      "whiteSpace" : false
    }, {
      "id" : "s1-t8",
      "begin" : 129,
      "end" : 133,
      "text" : "fear",
      "whiteSpace" : false
    }, {
      "id" : "s1-t9",
      "begin" : 134,
      "end" : 136,
      "text" : "of",
      "whiteSpace" : false
    }, {
      "id" : "s1-t10",
      "begin" : 137,
      "end" : 146,
      "text" : "infecting",
      "whiteSpace" : false
    }, {
      "id" : "s1-t11",
      "begin" : 147,
      "end" : 151,
      "text" : "them",
      "whiteSpace" : false
    }, {
      "id" : "s1-t12",
      "begin" : 151,
      "end" : 152,
      "text" : ",",
      "whiteSpace" : false
    }, {
      "id" : "s1-t13",
      "begin" : 153,
      "end" : 156,
      "text" : "for",
      "whiteSpace" : false
    }, {
      "id" : "s1-t14",
      "begin" : 157,
      "end" : 164,
      "text" : "example",
      "whiteSpace" : false
    }, {
      "id" : "s1-t15",
      "begin" : 164,
      "end" : 165,
      "text" : ".",
      "whiteSpace" : false
    } ]
  }, {
    "id" : "s2",
    "begin" : 165,
    "end" : 365,
    "text" : ")\",\n    \"text\": \"My Airbnb (which is actually a legal 1 bedroom/1 bathroom apartment) is empty until June and I’m happy to host someone from my community who is giving back to my community at no cost.",
    "tokens" : [ {
      "id" : "s2-t0",
      "begin" : 165,
      "end" : 166,
      "text" : ")",
      "whiteSpace" : false
    }, {
      "id" : "s2-t1",
      "begin" : 166,
      "end" : 167,
      "text" : "\"",
      "whiteSpace" : false
    }, {
      "id" : "s2-t2",
      "begin" : 167,
      "end" : 168,
      "text" : ",",
      "whiteSpace" : false
    }, {
      "id" : "s2-t3",
      "begin" : 173,
      "end" : 174,
      "text" : "\"",
      "whiteSpace" : false
    }, {
      "id" : "s2-t4",
      "begin" : 174,
      "end" : 178,
      "text" : "text",
      "whiteSpace" : false
    }, {
      "id" : "s2-t5",
      "begin" : 178,
      "end" : 179,
      "text" : "\"",
      "whiteSpace" : false
    }, {
      "id" : "s2-t6",
      "begin" : 179,
      "end" : 180,
      "text" : ":",
      "whiteSpace" : false
    }, {
      "id" : "s2-t7",
      "begin" : 181,
      "end" : 182,
      "text" : "\"",
      "whiteSpace" : false
    }, {
      "id" : "s2-t8",
      "begin" : 182,
      "end" : 184,
      "text" : "My",
      "whiteSpace" : false
    }, {
      "id" : "s2-t9",
      "begin" : 185,
      "end" : 191,
      "text" : "Airbnb",
      "whiteSpace" : false
    }, {
      "id" : "s2-t10",
      "begin" : 192,
      "end" : 193,
      "text" : "(",
      "whiteSpace" : false
    }, {
      "id" : "s2-t11",
      "begin" : 193,
      "end" : 198,
      "text" : "which",
      "whiteSpace" : false
    }, {
      "id" : "s2-t12",
      "begin" : 199,
      "end" : 201,
      "text" : "is",
      "whiteSpace" : false
    }, {
      "id" : "s2-t13",
      "begin" : 202,
      "end" : 210,
      "text" : "actually",
      "whiteSpace" : false
    }, {
      "id" : "s2-t14",
      "begin" : 211,
      "end" : 212,
      "text" : "a",
      "whiteSpace" : false
    }, {
      "id" : "s2-t15",
      "begin" : 213,
      "end" : 218,
      "text" : "legal",
      "whiteSpace" : false
    }, {
      "id" : "s2-t16",
      "begin" : 219,
      "end" : 220,
      "text" : "1",
      "whiteSpace" : false
    }, {
      "id" : "s2-t17",
      "begin" : 221,
      "end" : 230,
      "text" : "bedroom/1",
      "whiteSpace" : false
    }, {
      "id" : "s2-t18",
      "begin" : 231,
      "end" : 239,
      "text" : "bathroom",
      "whiteSpace" : false
    }, {
      "id" : "s2-t19",
      "begin" : 240,
      "end" : 249,
      "text" : "apartment",
      "whiteSpace" : false
    }, {
      "id" : "s2-t20",
      "begin" : 249,
      "end" : 250,
      "text" : ")",
      "whiteSpace" : false
    }, {
      "id" : "s2-t21",
      "begin" : 251,
      "end" : 253,
      "text" : "is",
      "whiteSpace" : false
    }, {
      "id" : "s2-t22",
      "begin" : 254,
      "end" : 259,
      "text" : "empty",
      "whiteSpace" : false
    }, {
      "id" : "s2-t23",
      "begin" : 260,
      "end" : 265,
      "text" : "until",
      "whiteSpace" : false
    }, {
      "id" : "s2-t24",
      "begin" : 266,
      "end" : 270,
      "text" : "June",
      "whiteSpace" : false
    }, {
      "id" : "s2-t25",
      "begin" : 271,
      "end" : 274,
      "text" : "and",
      "whiteSpace" : false
    }, {
      "id" : "s2-t26",
      "begin" : 275,
      "end" : 276,
      "text" : "I",
      "whiteSpace" : false
    }, {
      "id" : "s2-t27",
      "begin" : 276,
      "end" : 278,
      "text" : "’m",
      "whiteSpace" : false
    }, {
      "id" : "s2-t28",
      "begin" : 279,
      "end" : 284,
      "text" : "happy",
      "whiteSpace" : false
    }, {
      "id" : "s2-t29",
      "begin" : 285,
      "end" : 287,
      "text" : "to",
      "whiteSpace" : false
    }, {
      "id" : "s2-t30",
      "begin" : 288,
      "end" : 292,
      "text" : "host",
      "whiteSpace" : false
    }, {
      "id" : "s2-t31",
      "begin" : 293,
      "end" : 300,
      "text" : "someone",
      "whiteSpace" : false
    }, {
      "id" : "s2-t32",
      "begin" : 301,
      "end" : 305,
      "text" : "from",
      "whiteSpace" : false
    }, {
      "id" : "s2-t33",
      "begin" : 306,
      "end" : 308,
      "text" : "my",
      "whiteSpace" : false
    }, {
      "id" : "s2-t34",
      "begin" : 309,
      "end" : 318,
      "text" : "community",
      "whiteSpace" : false
    }, {
      "id" : "s2-t35",
      "begin" : 319,
      "end" : 322,
      "text" : "who",
      "whiteSpace" : false
    }, {
      "id" : "s2-t36",
      "begin" : 323,
      "end" : 325,
      "text" : "is",
      "whiteSpace" : false
    }, {
      "id" : "s2-t37",
      "begin" : 326,
      "end" : 332,
      "text" : "giving",
      "whiteSpace" : false
    }, {
      "id" : "s2-t38",
      "begin" : 333,
      "end" : 337,
      "text" : "back",
      "whiteSpace" : false
    }, {
      "id" : "s2-t39",
      "begin" : 338,
      "end" : 340,
      "text" : "to",
      "whiteSpace" : false
    }, {
      "id" : "s2-t40",
      "begin" : 341,
      "end" : 343,
      "text" : "my",
      "whiteSpace" : false
    }, {
      "id" : "s2-t41",
      "begin" : 344,
      "end" : 353,
      "text" : "community",
      "whiteSpace" : false
    }, {
      "id" : "s2-t42",
      "begin" : 354,
      "end" : 356,
      "text" : "at",
      "whiteSpace" : false
    }, {
      "id" : "s2-t43",
      "begin" : 357,
      "end" : 359,
      "text" : "no",
      "whiteSpace" : false
    }, {
      "id" : "s2-t44",
      "begin" : 360,
      "end" : 364,
      "text" : "cost",
      "whiteSpace" : false
    }, {
      "id" : "s2-t45",
      "begin" : 364,
      "end" : 365,
      "text" : ".",
      "whiteSpace" : false
    } ]
  }, {
    "id" : "s3",
    "begin" : 365,
    "end" : 428,
    "text" : "\\n\\nUpdate to add location:  NE DC near Gallaudet/Union Market.",
    "tokens" : [ {
      "id" : "s3-t0",
      "begin" : 365,
      "end" : 367,
      "text" : "\\n",
      "whiteSpace" : false
    }, {
      "id" : "s3-t1",
      "begin" : 367,
      "end" : 375,
      "text" : "\\nUpdate",
      "whiteSpace" : false
    }, {
      "id" : "s3-t2",
      "begin" : 376,
      "end" : 378,
      "text" : "to",
      "whiteSpace" : false
    }, {
      "id" : "s3-t3",
      "begin" : 379,
      "end" : 382,
      "text" : "add",
      "whiteSpace" : false
    }, {
      "id" : "s3-t4",
      "begin" : 383,
      "end" : 391,
      "text" : "location",
      "whiteSpace" : false
    }, {
      "id" : "s3-t5",
      "begin" : 391,
      "end" : 392,
      "text" : ":",
      "whiteSpace" : false
    }, {
      "id" : "s3-t6",
      "begin" : 394,
      "end" : 396,
      "text" : "NE",
      "whiteSpace" : false
    }, {
      "id" : "s3-t7",
      "begin" : 397,
      "end" : 399,
      "text" : "DC",
      "whiteSpace" : false
    }, {
      "id" : "s3-t8",
      "begin" : 400,
      "end" : 404,
      "text" : "near",
      "whiteSpace" : false
    }, {
      "id" : "s3-t9",
      "begin" : 405,
      "end" : 414,
      "text" : "Gallaudet",
      "whiteSpace" : false
    }, {
      "id" : "s3-t10",
      "begin" : 414,
      "end" : 415,
      "text" : "/",
      "whiteSpace" : false
    }, {
      "id" : "s3-t11",
      "begin" : 415,
      "end" : 420,
      "text" : "Union",
      "whiteSpace" : false
    }, {
      "id" : "s3-t12",
      "begin" : 421,
      "end" : 427,
      "text" : "Market",
      "whiteSpace" : false
    }, {
      "id" : "s3-t13",
      "begin" : 427,
      "end" : 428,
      "text" : ".",
      "whiteSpace" : false
    } ]
  }, {
    "id" : "s4",
    "begin" : 428,
    "end" : 578,
    "text" : "\\n\\n2nd update: I’ve found an ER nurse who will be staying through April 25 but I’m committed to offering it through June 1 if anyone else has a need!",
    "tokens" : [ {
      "id" : "s4-t0",
      "begin" : 428,
      "end" : 435,
      "text" : "\\n\\n2nd",
      "whiteSpace" : false
    }, {
      "id" : "s4-t1",
      "begin" : 436,
      "end" : 442,
      "text" : "update",
      "whiteSpace" : false
    }, {
      "id" : "s4-t2",
      "begin" : 442,
      "end" : 443,
      "text" : ":",
      "whiteSpace" : false
    }, {
      "id" : "s4-t3",
      "begin" : 444,
      "end" : 445,
      "text" : "I",
      "whiteSpace" : false
    }, {
      "id" : "s4-t4",
      "begin" : 445,
      "end" : 448,
      "text" : "’ve",
      "whiteSpace" : false
    }, {
      "id" : "s4-t5",
      "begin" : 449,
      "end" : 454,
      "text" : "found",
      "whiteSpace" : false
    }, {
      "id" : "s4-t6",
      "begin" : 455,
      "end" : 457,
      "text" : "an",
      "whiteSpace" : false
    }, {
      "id" : "s4-t7",
      "begin" : 458,
      "end" : 460,
      "text" : "ER",
      "whiteSpace" : false
    }, {
      "id" : "s4-t8",
      "begin" : 461,
      "end" : 466,
      "text" : "nurse",
      "whiteSpace" : false
    }, {
      "id" : "s4-t9",
      "begin" : 467,
      "end" : 470,
      "text" : "who",
      "whiteSpace" : false
    }, {
      "id" : "s4-t10",
      "begin" : 471,
      "end" : 475,
      "text" : "will",
      "whiteSpace" : false
    }, {
      "id" : "s4-t11",
      "begin" : 476,
      "end" : 478,
      "text" : "be",
      "whiteSpace" : false
    }, {
      "id" : "s4-t12",
      "begin" : 479,
      "end" : 486,
      "text" : "staying",
      "whiteSpace" : false
    }, {
      "id" : "s4-t13",
      "begin" : 487,
      "end" : 494,
      "text" : "through",
      "whiteSpace" : false
    }, {
      "id" : "s4-t14",
      "begin" : 495,
      "end" : 500,
      "text" : "April",
      "whiteSpace" : false
    }, {
      "id" : "s4-t15",
      "begin" : 501,
      "end" : 503,
      "text" : "25",
      "whiteSpace" : false
    }, {
      "id" : "s4-t16",
      "begin" : 504,
      "end" : 507,
      "text" : "but",
      "whiteSpace" : false
    }, {
      "id" : "s4-t17",
      "begin" : 508,
      "end" : 509,
      "text" : "I",
      "whiteSpace" : false
    }, {
      "id" : "s4-t18",
      "begin" : 509,
      "end" : 511,
      "text" : "’m",
      "whiteSpace" : false
    }, {
      "id" : "s4-t19",
      "begin" : 512,
      "end" : 521,
      "text" : "committed",
      "whiteSpace" : false
    }, {
      "id" : "s4-t20",
      "begin" : 522,
      "end" : 524,
      "text" : "to",
      "whiteSpace" : false
    }, {
      "id" : "s4-t21",
      "begin" : 525,
      "end" : 533,
      "text" : "offering",
      "whiteSpace" : false
    }, {
      "id" : "s4-t22",
      "begin" : 534,
      "end" : 536,
      "text" : "it",
      "whiteSpace" : false
    }, {
      "id" : "s4-t23",
      "begin" : 537,
      "end" : 544,
      "text" : "through",
      "whiteSpace" : false
    }, {
      "id" : "s4-t24",
      "begin" : 545,
      "end" : 549,
      "text" : "June",
      "whiteSpace" : false
    }, {
      "id" : "s4-t25",
      "begin" : 550,
      "end" : 551,
      "text" : "1",
      "whiteSpace" : false
    }, {
      "id" : "s4-t26",
      "begin" : 552,
      "end" : 554,
      "text" : "if",
      "whiteSpace" : false
    }, {
      "id" : "s4-t27",
      "begin" : 555,
      "end" : 561,
      "text" : "anyone",
      "whiteSpace" : false
    }, {
      "id" : "s4-t28",
      "begin" : 562,
      "end" : 566,
      "text" : "else",
      "whiteSpace" : false
    }, {
      "id" : "s4-t29",
      "begin" : 567,
      "end" : 570,
      "text" : "has",
      "whiteSpace" : false
    }, {
      "id" : "s4-t30",
      "begin" : 571,
      "end" : 572,
      "text" : "a",
      "whiteSpace" : false
    }, {
      "id" : "s4-t31",
      "begin" : 573,
      "end" : 577,
      "text" : "need",
      "whiteSpace" : false
    }, {
      "id" : "s4-t32",
      "begin" : 577,
      "end" : 578,
      "text" : "!",
      "whiteSpace" : false
    } ]
  }, {
    "id" : "s5",
    "begin" : 578,
    "end" : 657,
    "text" : "\",\n    \"subreddit\": \"washingtondc\",\n    \"created\": \"2020-03-29T01:12:55.000Z\"\n}",
    "tokens" : [ {
      "id" : "s5-t0",
      "begin" : 578,
      "end" : 579,
      "text" : "\"",
      "whiteSpace" : false
    }, {
      "id" : "s5-t1",
      "begin" : 579,
      "end" : 580,
      "text" : ",",
      "whiteSpace" : false
    }, {
      "id" : "s5-t2",
      "begin" : 585,
      "end" : 586,
      "text" : "\"",
      "whiteSpace" : false
    }, {
      "id" : "s5-t3",
      "begin" : 586,
      "end" : 595,
      "text" : "subreddit",
      "whiteSpace" : false
    }, {
      "id" : "s5-t4",
      "begin" : 595,
      "end" : 596,
      "text" : "\"",
      "whiteSpace" : false
    }, {
      "id" : "s5-t5",
      "begin" : 596,
      "end" : 597,
      "text" : ":",
      "whiteSpace" : false
    }, {
      "id" : "s5-t6",
      "begin" : 598,
      "end" : 599,
      "text" : "\"",
      "whiteSpace" : false
    }, {
      "id" : "s5-t7",
      "begin" : 599,
      "end" : 611,
      "text" : "washingtondc",
      "whiteSpace" : false
    }, {
      "id" : "s5-t8",
      "begin" : 611,
      "end" : 612,
      "text" : "\"",
      "whiteSpace" : false
    }, {
      "id" : "s5-t9",
      "begin" : 612,
      "end" : 613,
      "text" : ",",
      "whiteSpace" : false
    }, {
      "id" : "s5-t10",
      "begin" : 618,
      "end" : 619,
      "text" : "\"",
      "whiteSpace" : false
    }, {
      "id" : "s5-t11",
      "begin" : 619,
      "end" : 626,
      "text" : "created",
      "whiteSpace" : false
    }, {
      "id" : "s5-t12",
      "begin" : 626,
      "end" : 627,
      "text" : "\"",
      "whiteSpace" : false
    }, {
      "id" : "s5-t13",
      "begin" : 627,
      "end" : 628,
      "text" : ":",
      "whiteSpace" : false
    }, {
      "id" : "s5-t14",
      "begin" : 629,
      "end" : 630,
      "text" : "\"",
      "whiteSpace" : false
    }, {
      "id" : "s5-t15",
      "begin" : 630,
      "end" : 654,
      "text" : "2020-03-29T01:12:55.000Z",
      "whiteSpace" : false
    }, {
      "id" : "s5-t16",
      "begin" : 654,
      "end" : 655,
      "text" : "\"",
      "whiteSpace" : false
    }, {
      "id" : "s5-t17",
      "begin" : 656,
      "end" : 657,
      "text" : "}",
      "whiteSpace" : false
    } ]
  } ],
  "mentions" : [ {
    "id" : "m1",
    "source" : "IMPORT",
    "properties" : {
      "SIRE_ENTITY_SUBTYPE" : "NONE",
      "SIRE_ENTITY_CLASS" : "SPC",
      "SIRE_ENTITY_LEVEL" : "NONE",
      "SIRE_MENTION_ROLE" : "Apartment_Renter",
      "SIRE_MENTION_TYPE" : "NONE",
      "SIRE_MENTION_CLASS" : "SPC"
    },
    "type" : "Apartment_Renter",
    "begin" : 240,
    "end" : 249,
    "inCoref" : false
  } ],
  "relations" : [ ],
  "corefs" : [ ],
  "typeResolved" : true,
  "userResolved" : false
}