{
  "id" : "432714e0-9592-11ea-8a2d-81b8af140d06-9",
  "name" : "dc-doc-84.txt",
  "createdDate" : 0,
  "version" : 3,
  "text" : "{\n    \"title\": \"I’ve been laid off and need advice regarding finding a new job/source of income.\",\n    \"text\": \"My job let me go on Monday and I need to find a new one ASAP or another source of income. I have enough savings for April’s rent and spendings but that’s it.\\n\\n- I will be filing for unemployment. Does anyone know how long the approval process will take? And how much is given?\\n- Do you have any other suggestions as far as applying to jobs? Should I focus on applying for remote jobs only?\\n- My background is restaurant/customer service and independent artist (watercolor/oil)\\n\\nThanks for your time and any insights you can give!\\n\\nEDIT: I really appreciate everyone who reply/dm me about this! Your support and encouragements means a lot to me. You guys are literally the best ❤️\",\n    \"subreddit\": \"washingtondc\",\n    \"created\": \"2020-03-18T03:27:06.000Z\"\n}",
  "docLength" : 0,
  "language" : "EN",
  "status" : "IN_PROGRESS",
  "modifiedDate" : 1589432320255,
  "documentSet" : [ ],
  "preannotation" : [ "PRE_LW", "PRE_SIRE" ],
  "sentences" : [ {
    "id" : "s0",
    "begin" : 0,
    "end" : 96,
    "text" : "{\n    \"title\": \"I’ve been laid off and need advice regarding finding a new job/source of income.",
    "tokens" : [ {
      "id" : "s0-t0",
      "begin" : 0,
      "end" : 1,
      "text" : "{",
      "whiteSpace" : false
    }, {
      "id" : "s0-t1",
      "begin" : 6,
      "end" : 7,
      "text" : "\"",
      "whiteSpace" : false
    }, {
      "id" : "s0-t2",
      "begin" : 7,
      "end" : 12,
      "text" : "title",
      "whiteSpace" : false
    }, {
      "id" : "s0-t3",
      "begin" : 12,
      "end" : 13,
      "text" : "\"",
      "whiteSpace" : false
    }, {
      "id" : "s0-t4",
      "begin" : 13,
      "end" : 14,
      "text" : ":",
      "whiteSpace" : false
    }, {
      "id" : "s0-t5",
      "begin" : 15,
      "end" : 16,
      "text" : "\"",
      "whiteSpace" : false
    }, {
      "id" : "s0-t6",
      "begin" : 16,
      "end" : 17,
      "text" : "I",
      "whiteSpace" : false
    }, {
      "id" : "s0-t7",
      "begin" : 17,
      "end" : 20,
      "text" : "’ve",
      "whiteSpace" : false
    }, {
      "id" : "s0-t8",
      "begin" : 21,
      "end" : 25,
      "text" : "been",
      "whiteSpace" : false
    }, {
      "id" : "s0-t9",
      "begin" : 26,
      "end" : 30,
      "text" : "laid",
      "whiteSpace" : false
    }, {
      "id" : "s0-t10",
      "begin" : 31,
      "end" : 34,
      "text" : "off",
      "whiteSpace" : false
    }, {
      "id" : "s0-t11",
      "begin" : 35,
      "end" : 38,
      "text" : "and",
      "whiteSpace" : false
    }, {
      "id" : "s0-t12",
      "begin" : 39,
      "end" : 43,
      "text" : "need",
      "whiteSpace" : false
    }, {
      "id" : "s0-t13",
      "begin" : 44,
      "end" : 50,
      "text" : "advice",
      "whiteSpace" : false
    }, {
      "id" : "s0-t14",
      "begin" : 51,
      "end" : 60,
      "text" : "regarding",
      "whiteSpace" : false
    }, {
      "id" : "s0-t15",
      "begin" : 61,
      "end" : 68,
      "text" : "finding",
      "whiteSpace" : false
    }, {
      "id" : "s0-t16",
      "begin" : 69,
      "end" : 70,
      "text" : "a",
      "whiteSpace" : false
    }, {
      "id" : "s0-t17",
      "begin" : 71,
      "end" : 74,
      "text" : "new",
      "whiteSpace" : false
    }, {
      "id" : "s0-t18",
      "begin" : 75,
      "end" : 78,
      "text" : "job",
      "whiteSpace" : false
    }, {
      "id" : "s0-t19",
      "begin" : 78,
      "end" : 79,
      "text" : "/",
      "whiteSpace" : false
    }, {
      "id" : "s0-t20",
      "begin" : 79,
      "end" : 85,
      "text" : "source",
      "whiteSpace" : false
    }, {
      "id" : "s0-t21",
      "begin" : 86,
      "end" : 88,
      "text" : "of",
      "whiteSpace" : false
    }, {
      "id" : "s0-t22",
      "begin" : 89,
      "end" : 95,
      "text" : "income",
      "whiteSpace" : false
    }, {
      "id" : "s0-t23",
      "begin" : 95,
      "end" : 96,
      "text" : ".",
      "whiteSpace" : false
    } ]
  }, {
    "id" : "s1",
    "begin" : 96,
    "end" : 201,
    "text" : "\",\n    \"text\": \"My job let me go on Monday and I need to find a new one ASAP or another source of income.",
    "tokens" : [ {
      "id" : "s1-t0",
      "begin" : 96,
      "end" : 97,
      "text" : "\"",
      "whiteSpace" : false
    }, {
      "id" : "s1-t1",
      "begin" : 97,
      "end" : 98,
      "text" : ",",
      "whiteSpace" : false
    }, {
      "id" : "s1-t2",
      "begin" : 103,
      "end" : 104,
      "text" : "\"",
      "whiteSpace" : false
    }, {
      "id" : "s1-t3",
      "begin" : 104,
      "end" : 108,
      "text" : "text",
      "whiteSpace" : false
    }, {
      "id" : "s1-t4",
      "begin" : 108,
      "end" : 109,
      "text" : "\"",
      "whiteSpace" : false
    }, {
      "id" : "s1-t5",
      "begin" : 109,
      "end" : 110,
      "text" : ":",
      "whiteSpace" : false
    }, {
      "id" : "s1-t6",
      "begin" : 111,
      "end" : 112,
      "text" : "\"",
      "whiteSpace" : false
    }, {
      "id" : "s1-t7",
      "begin" : 112,
      "end" : 114,
      "text" : "My",
      "whiteSpace" : false
    }, {
      "id" : "s1-t8",
      "begin" : 115,
      "end" : 118,
      "text" : "job",
      "whiteSpace" : false
    }, {
      "id" : "s1-t9",
      "begin" : 119,
      "end" : 122,
      "text" : "let",
      "whiteSpace" : false
    }, {
      "id" : "s1-t10",
      "begin" : 123,
      "end" : 125,
      "text" : "me",
      "whiteSpace" : false
    }, {
      "id" : "s1-t11",
      "begin" : 126,
      "end" : 128,
      "text" : "go",
      "whiteSpace" : false
    }, {
      "id" : "s1-t12",
      "begin" : 129,
      "end" : 131,
      "text" : "on",
      "whiteSpace" : false
    }, {
      "id" : "s1-t13",
      "begin" : 132,
      "end" : 138,
      "text" : "Monday",
      "whiteSpace" : false
    }, {
      "id" : "s1-t14",
      "begin" : 139,
      "end" : 142,
      "text" : "and",
      "whiteSpace" : false
    }, {
      "id" : "s1-t15",
      "begin" : 143,
      "end" : 144,
      "text" : "I",
      "whiteSpace" : false
    }, {
      "id" : "s1-t16",
      "begin" : 145,
      "end" : 149,
      "text" : "need",
      "whiteSpace" : false
    }, {
      "id" : "s1-t17",
      "begin" : 150,
      "end" : 152,
      "text" : "to",
      "whiteSpace" : false
    }, {
      "id" : "s1-t18",
      "begin" : 153,
      "end" : 157,
      "text" : "find",
      "whiteSpace" : false
    }, {
      "id" : "s1-t19",
      "begin" : 158,
      "end" : 159,
      "text" : "a",
      "whiteSpace" : false
    }, {
      "id" : "s1-t20",
      "begin" : 160,
      "end" : 163,
      "text" : "new",
      "whiteSpace" : false
    }, {
      "id" : "s1-t21",
      "begin" : 164,
      "end" : 167,
      "text" : "one",
      "whiteSpace" : false
    }, {
      "id" : "s1-t22",
      "begin" : 168,
      "end" : 172,
      "text" : "ASAP",
      "whiteSpace" : false
    }, {
      "id" : "s1-t23",
      "begin" : 173,
      "end" : 175,
      "text" : "or",
      "whiteSpace" : false
    }, {
      "id" : "s1-t24",
      "begin" : 176,
      "end" : 183,
      "text" : "another",
      "whiteSpace" : false
    }, {
      "id" : "s1-t25",
      "begin" : 184,
      "end" : 190,
      "text" : "source",
      "whiteSpace" : false
    }, {
      "id" : "s1-t26",
      "begin" : 191,
      "end" : 193,
      "text" : "of",
      "whiteSpace" : false
    }, {
      "id" : "s1-t27",
      "begin" : 194,
      "end" : 200,
      "text" : "income",
      "whiteSpace" : false
    }, {
      "id" : "s1-t28",
      "begin" : 200,
      "end" : 201,
      "text" : ".",
      "whiteSpace" : false
    } ]
  }, {
    "id" : "s2",
    "begin" : 202,
    "end" : 269,
    "text" : "I have enough savings for April’s rent and spendings but that’s it.",
    "tokens" : [ {
      "id" : "s2-t0",
      "begin" : 202,
      "end" : 203,
      "text" : "I",
      "whiteSpace" : false
    }, {
      "id" : "s2-t1",
      "begin" : 204,
      "end" : 208,
      "text" : "have",
      "whiteSpace" : false
    }, {
      "id" : "s2-t2",
      "begin" : 209,
      "end" : 215,
      "text" : "enough",
      "whiteSpace" : false
    }, {
      "id" : "s2-t3",
      "begin" : 216,
      "end" : 223,
      "text" : "savings",
      "whiteSpace" : false
    }, {
      "id" : "s2-t4",
      "begin" : 224,
      "end" : 227,
      "text" : "for",
      "whiteSpace" : false
    }, {
      "id" : "s2-t5",
      "begin" : 228,
      "end" : 233,
      "text" : "April",
      "whiteSpace" : false
    }, {
      "id" : "s2-t6",
      "begin" : 233,
      "end" : 235,
      "text" : "’s",
      "whiteSpace" : false
    }, {
      "id" : "s2-t7",
      "begin" : 236,
      "end" : 240,
      "text" : "rent",
      "whiteSpace" : false
    }, {
      "id" : "s2-t8",
      "begin" : 241,
      "end" : 244,
      "text" : "and",
      "whiteSpace" : false
    }, {
      "id" : "s2-t9",
      "begin" : 245,
      "end" : 254,
      "text" : "spendings",
      "whiteSpace" : false
    }, {
      "id" : "s2-t10",
      "begin" : 255,
      "end" : 258,
      "text" : "but",
      "whiteSpace" : false
    }, {
      "id" : "s2-t11",
      "begin" : 259,
      "end" : 263,
      "text" : "that",
      "whiteSpace" : false
    }, {
      "id" : "s2-t12",
      "begin" : 263,
      "end" : 265,
      "text" : "’s",
      "whiteSpace" : false
    }, {
      "id" : "s2-t13",
      "begin" : 266,
      "end" : 268,
      "text" : "it",
      "whiteSpace" : false
    }, {
      "id" : "s2-t14",
      "begin" : 268,
      "end" : 269,
      "text" : ".",
      "whiteSpace" : false
    } ]
  }, {
    "id" : "s3",
    "begin" : 269,
    "end" : 309,
    "text" : "\\n\\n- I will be filing for unemployment.",
    "tokens" : [ {
      "id" : "s3-t0",
      "begin" : 269,
      "end" : 271,
      "text" : "\\n",
      "whiteSpace" : false
    }, {
      "id" : "s3-t1",
      "begin" : 271,
      "end" : 273,
      "text" : "\\n",
      "whiteSpace" : false
    }, {
      "id" : "s3-t2",
      "begin" : 273,
      "end" : 274,
      "text" : "-",
      "whiteSpace" : false
    }, {
      "id" : "s3-t3",
      "begin" : 275,
      "end" : 276,
      "text" : "I",
      "whiteSpace" : false
    }, {
      "id" : "s3-t4",
      "begin" : 277,
      "end" : 281,
      "text" : "will",
      "whiteSpace" : false
    }, {
      "id" : "s3-t5",
      "begin" : 282,
      "end" : 284,
      "text" : "be",
      "whiteSpace" : false
    }, {
      "id" : "s3-t6",
      "begin" : 285,
      "end" : 291,
      "text" : "filing",
      "whiteSpace" : false
    }, {
      "id" : "s3-t7",
      "begin" : 292,
      "end" : 295,
      "text" : "for",
      "whiteSpace" : false
    }, {
      "id" : "s3-t8",
      "begin" : 296,
      "end" : 308,
      "text" : "unemployment",
      "whiteSpace" : false
    }, {
      "id" : "s3-t9",
      "begin" : 308,
      "end" : 309,
      "text" : ".",
      "whiteSpace" : false
    } ]
  }, {
    "id" : "s4",
    "begin" : 310,
    "end" : 367,
    "text" : "Does anyone know how long the approval process will take?",
    "tokens" : [ {
      "id" : "s4-t0",
      "begin" : 310,
      "end" : 314,
      "text" : "Does",
      "whiteSpace" : false
    }, {
      "id" : "s4-t1",
      "begin" : 315,
      "end" : 321,
      "text" : "anyone",
      "whiteSpace" : false
    }, {
      "id" : "s4-t2",
      "begin" : 322,
      "end" : 326,
      "text" : "know",
      "whiteSpace" : false
    }, {
      "id" : "s4-t3",
      "begin" : 327,
      "end" : 330,
      "text" : "how",
      "whiteSpace" : false
    }, {
      "id" : "s4-t4",
      "begin" : 331,
      "end" : 335,
      "text" : "long",
      "whiteSpace" : false
    }, {
      "id" : "s4-t5",
      "begin" : 336,
      "end" : 339,
      "text" : "the",
      "whiteSpace" : false
    }, {
      "id" : "s4-t6",
      "begin" : 340,
      "end" : 348,
      "text" : "approval",
      "whiteSpace" : false
    }, {
      "id" : "s4-t7",
      "begin" : 349,
      "end" : 356,
      "text" : "process",
      "whiteSpace" : false
    }, {
      "id" : "s4-t8",
      "begin" : 357,
      "end" : 361,
      "text" : "will",
      "whiteSpace" : false
    }, {
      "id" : "s4-t9",
      "begin" : 362,
      "end" : 366,
      "text" : "take",
      "whiteSpace" : false
    }, {
      "id" : "s4-t10",
      "begin" : 366,
      "end" : 367,
      "text" : "?",
      "whiteSpace" : false
    } ]
  }, {
    "id" : "s5",
    "begin" : 368,
    "end" : 390,
    "text" : "And how much is given?",
    "tokens" : [ {
      "id" : "s5-t0",
      "begin" : 368,
      "end" : 371,
      "text" : "And",
      "whiteSpace" : false
    }, {
      "id" : "s5-t1",
      "begin" : 372,
      "end" : 375,
      "text" : "how",
      "whiteSpace" : false
    }, {
      "id" : "s5-t2",
      "begin" : 376,
      "end" : 380,
      "text" : "much",
      "whiteSpace" : false
    }, {
      "id" : "s5-t3",
      "begin" : 381,
      "end" : 383,
      "text" : "is",
      "whiteSpace" : false
    }, {
      "id" : "s5-t4",
      "begin" : 384,
      "end" : 389,
      "text" : "given",
      "whiteSpace" : false
    }, {
      "id" : "s5-t5",
      "begin" : 389,
      "end" : 390,
      "text" : "?",
      "whiteSpace" : false
    } ]
  }, {
    "id" : "s6",
    "begin" : 390,
    "end" : 455,
    "text" : "\\n- Do you have any other suggestions as far as applying to jobs?",
    "tokens" : [ {
      "id" : "s6-t0",
      "begin" : 390,
      "end" : 392,
      "text" : "\\n",
      "whiteSpace" : false
    }, {
      "id" : "s6-t1",
      "begin" : 392,
      "end" : 393,
      "text" : "-",
      "whiteSpace" : false
    }, {
      "id" : "s6-t2",
      "begin" : 394,
      "end" : 396,
      "text" : "Do",
      "whiteSpace" : false
    }, {
      "id" : "s6-t3",
      "begin" : 397,
      "end" : 400,
      "text" : "you",
      "whiteSpace" : false
    }, {
      "id" : "s6-t4",
      "begin" : 401,
      "end" : 405,
      "text" : "have",
      "whiteSpace" : false
    }, {
      "id" : "s6-t5",
      "begin" : 406,
      "end" : 409,
      "text" : "any",
      "whiteSpace" : false
    }, {
      "id" : "s6-t6",
      "begin" : 410,
      "end" : 415,
      "text" : "other",
      "whiteSpace" : false
    }, {
      "id" : "s6-t7",
      "begin" : 416,
      "end" : 427,
      "text" : "suggestions",
      "whiteSpace" : false
    }, {
      "id" : "s6-t8",
      "begin" : 428,
      "end" : 430,
      "text" : "as",
      "whiteSpace" : false
    }, {
      "id" : "s6-t9",
      "begin" : 431,
      "end" : 434,
      "text" : "far",
      "whiteSpace" : false
    }, {
      "id" : "s6-t10",
      "begin" : 435,
      "end" : 437,
      "text" : "as",
      "whiteSpace" : false
    }, {
      "id" : "s6-t11",
      "begin" : 438,
      "end" : 446,
      "text" : "applying",
      "whiteSpace" : false
    }, {
      "id" : "s6-t12",
      "begin" : 447,
      "end" : 449,
      "text" : "to",
      "whiteSpace" : false
    }, {
      "id" : "s6-t13",
      "begin" : 450,
      "end" : 454,
      "text" : "jobs",
      "whiteSpace" : false
    }, {
      "id" : "s6-t14",
      "begin" : 454,
      "end" : 455,
      "text" : "?",
      "whiteSpace" : false
    } ]
  }, {
    "id" : "s7",
    "begin" : 456,
    "end" : 504,
    "text" : "Should I focus on applying for remote jobs only?",
    "tokens" : [ {
      "id" : "s7-t0",
      "begin" : 456,
      "end" : 462,
      "text" : "Should",
      "whiteSpace" : false
    }, {
      "id" : "s7-t1",
      "begin" : 463,
      "end" : 464,
      "text" : "I",
      "whiteSpace" : false
    }, {
      "id" : "s7-t2",
      "begin" : 465,
      "end" : 470,
      "text" : "focus",
      "whiteSpace" : false
    }, {
      "id" : "s7-t3",
      "begin" : 471,
      "end" : 473,
      "text" : "on",
      "whiteSpace" : false
    }, {
      "id" : "s7-t4",
      "begin" : 474,
      "end" : 482,
      "text" : "applying",
      "whiteSpace" : false
    }, {
      "id" : "s7-t5",
      "begin" : 483,
      "end" : 486,
      "text" : "for",
      "whiteSpace" : false
    }, {
      "id" : "s7-t6",
      "begin" : 487,
      "end" : 493,
      "text" : "remote",
      "whiteSpace" : false
    }, {
      "id" : "s7-t7",
      "begin" : 494,
      "end" : 498,
      "text" : "jobs",
      "whiteSpace" : false
    }, {
      "id" : "s7-t8",
      "begin" : 499,
      "end" : 503,
      "text" : "only",
      "whiteSpace" : false
    }, {
      "id" : "s7-t9",
      "begin" : 503,
      "end" : 504,
      "text" : "?",
      "whiteSpace" : false
    } ]
  }, {
    "id" : "s8",
    "begin" : 504,
    "end" : 647,
    "text" : "\\n- My background is restaurant/customer service and independent artist (watercolor/oil)\\n\\nThanks for your time and any insights you can give!",
    "tokens" : [ {
      "id" : "s8-t0",
      "begin" : 504,
      "end" : 506,
      "text" : "\\n",
      "whiteSpace" : false
    }, {
      "id" : "s8-t1",
      "begin" : 506,
      "end" : 507,
      "text" : "-",
      "whiteSpace" : false
    }, {
      "id" : "s8-t2",
      "begin" : 508,
      "end" : 510,
      "text" : "My",
      "whiteSpace" : false
    }, {
      "id" : "s8-t3",
      "begin" : 511,
      "end" : 521,
      "text" : "background",
      "whiteSpace" : false
    }, {
      "id" : "s8-t4",
      "begin" : 522,
      "end" : 524,
      "text" : "is",
      "whiteSpace" : false
    }, {
      "id" : "s8-t5",
      "begin" : 525,
      "end" : 535,
      "text" : "restaurant",
      "whiteSpace" : false
    }, {
      "id" : "s8-t6",
      "begin" : 535,
      "end" : 536,
      "text" : "/",
      "whiteSpace" : false
    }, {
      "id" : "s8-t7",
      "begin" : 536,
      "end" : 544,
      "text" : "customer",
      "whiteSpace" : false
    }, {
      "id" : "s8-t8",
      "begin" : 545,
      "end" : 552,
      "text" : "service",
      "whiteSpace" : false
    }, {
      "id" : "s8-t9",
      "begin" : 553,
      "end" : 556,
      "text" : "and",
      "whiteSpace" : false
    }, {
      "id" : "s8-t10",
      "begin" : 557,
      "end" : 568,
      "text" : "independent",
      "whiteSpace" : false
    }, {
      "id" : "s8-t11",
      "begin" : 569,
      "end" : 575,
      "text" : "artist",
      "whiteSpace" : false
    }, {
      "id" : "s8-t12",
      "begin" : 576,
      "end" : 577,
      "text" : "(",
      "whiteSpace" : false
    }, {
      "id" : "s8-t13",
      "begin" : 577,
      "end" : 591,
      "text" : "watercolor/oil",
      "whiteSpace" : false
    }, {
      "id" : "s8-t14",
      "begin" : 591,
      "end" : 592,
      "text" : ")",
      "whiteSpace" : false
    }, {
      "id" : "s8-t15",
      "begin" : 592,
      "end" : 594,
      "text" : "\\n",
      "whiteSpace" : false
    }, {
      "id" : "s8-t16",
      "begin" : 594,
      "end" : 602,
      "text" : "\\nThanks",
      "whiteSpace" : false
    }, {
      "id" : "s8-t17",
      "begin" : 603,
      "end" : 606,
      "text" : "for",
      "whiteSpace" : false
    }, {
      "id" : "s8-t18",
      "begin" : 607,
      "end" : 611,
      "text" : "your",
      "whiteSpace" : false
    }, {
      "id" : "s8-t19",
      "begin" : 612,
      "end" : 616,
      "text" : "time",
      "whiteSpace" : false
    }, {
      "id" : "s8-t20",
      "begin" : 617,
      "end" : 620,
      "text" : "and",
      "whiteSpace" : false
    }, {
      "id" : "s8-t21",
      "begin" : 621,
      "end" : 624,
      "text" : "any",
      "whiteSpace" : false
    }, {
      "id" : "s8-t22",
      "begin" : 625,
      "end" : 633,
      "text" : "insights",
      "whiteSpace" : false
    }, {
      "id" : "s8-t23",
      "begin" : 634,
      "end" : 637,
      "text" : "you",
      "whiteSpace" : false
    }, {
      "id" : "s8-t24",
      "begin" : 638,
      "end" : 641,
      "text" : "can",
      "whiteSpace" : false
    }, {
      "id" : "s8-t25",
      "begin" : 642,
      "end" : 646,
      "text" : "give",
      "whiteSpace" : false
    }, {
      "id" : "s8-t26",
      "begin" : 646,
      "end" : 647,
      "text" : "!",
      "whiteSpace" : false
    } ]
  }, {
    "id" : "s9",
    "begin" : 647,
    "end" : 713,
    "text" : "\\n\\nEDIT: I really appreciate everyone who reply/dm me about this!",
    "tokens" : [ {
      "id" : "s9-t0",
      "begin" : 647,
      "end" : 649,
      "text" : "\\n",
      "whiteSpace" : false
    }, {
      "id" : "s9-t1",
      "begin" : 649,
      "end" : 655,
      "text" : "\\nEDIT",
      "whiteSpace" : false
    }, {
      "id" : "s9-t2",
      "begin" : 655,
      "end" : 656,
      "text" : ":",
      "whiteSpace" : false
    }, {
      "id" : "s9-t3",
      "begin" : 657,
      "end" : 658,
      "text" : "I",
      "whiteSpace" : false
    }, {
      "id" : "s9-t4",
      "begin" : 659,
      "end" : 665,
      "text" : "really",
      "whiteSpace" : false
    }, {
      "id" : "s9-t5",
      "begin" : 666,
      "end" : 676,
      "text" : "appreciate",
      "whiteSpace" : false
    }, {
      "id" : "s9-t6",
      "begin" : 677,
      "end" : 685,
      "text" : "everyone",
      "whiteSpace" : false
    }, {
      "id" : "s9-t7",
      "begin" : 686,
      "end" : 689,
      "text" : "who",
      "whiteSpace" : false
    }, {
      "id" : "s9-t8",
      "begin" : 690,
      "end" : 695,
      "text" : "reply",
      "whiteSpace" : false
    }, {
      "id" : "s9-t9",
      "begin" : 695,
      "end" : 696,
      "text" : "/",
      "whiteSpace" : false
    }, {
      "id" : "s9-t10",
      "begin" : 696,
      "end" : 698,
      "text" : "dm",
      "whiteSpace" : false
    }, {
      "id" : "s9-t11",
      "begin" : 699,
      "end" : 701,
      "text" : "me",
      "whiteSpace" : false
    }, {
      "id" : "s9-t12",
      "begin" : 702,
      "end" : 707,
      "text" : "about",
      "whiteSpace" : false
    }, {
      "id" : "s9-t13",
      "begin" : 708,
      "end" : 712,
      "text" : "this",
      "whiteSpace" : false
    }, {
      "id" : "s9-t14",
      "begin" : 712,
      "end" : 713,
      "text" : "!",
      "whiteSpace" : false
    } ]
  }, {
    "id" : "s10",
    "begin" : 714,
    "end" : 764,
    "text" : "Your support and encouragements means a lot to me.",
    "tokens" : [ {
      "id" : "s10-t0",
      "begin" : 714,
      "end" : 718,
      "text" : "Your",
      "whiteSpace" : false
    }, {
      "id" : "s10-t1",
      "begin" : 719,
      "end" : 726,
      "text" : "support",
      "whiteSpace" : false
    }, {
      "id" : "s10-t2",
      "begin" : 727,
      "end" : 730,
      "text" : "and",
      "whiteSpace" : false
    }, {
      "id" : "s10-t3",
      "begin" : 731,
      "end" : 745,
      "text" : "encouragements",
      "whiteSpace" : false
    }, {
      "id" : "s10-t4",
      "begin" : 746,
      "end" : 751,
      "text" : "means",
      "whiteSpace" : false
    }, {
      "id" : "s10-t5",
      "begin" : 752,
      "end" : 753,
      "text" : "a",
      "whiteSpace" : false
    }, {
      "id" : "s10-t6",
      "begin" : 754,
      "end" : 757,
      "text" : "lot",
      "whiteSpace" : false
    }, {
      "id" : "s10-t7",
      "begin" : 758,
      "end" : 760,
      "text" : "to",
      "whiteSpace" : false
    }, {
      "id" : "s10-t8",
      "begin" : 761,
      "end" : 763,
      "text" : "me",
      "whiteSpace" : false
    }, {
      "id" : "s10-t9",
      "begin" : 763,
      "end" : 764,
      "text" : ".",
      "whiteSpace" : false
    } ]
  }, {
    "id" : "s11",
    "begin" : 765,
    "end" : 878,
    "text" : "You guys are literally the best ❤️\",\n    \"subreddit\": \"washingtondc\",\n    \"created\": \"2020-03-18T03:27:06.000Z\"\n}",
    "tokens" : [ {
      "id" : "s11-t0",
      "begin" : 765,
      "end" : 768,
      "text" : "You",
      "whiteSpace" : false
    }, {
      "id" : "s11-t1",
      "begin" : 769,
      "end" : 773,
      "text" : "guys",
      "whiteSpace" : false
    }, {
      "id" : "s11-t2",
      "begin" : 774,
      "end" : 777,
      "text" : "are",
      "whiteSpace" : false
    }, {
      "id" : "s11-t3",
      "begin" : 778,
      "end" : 787,
      "text" : "literally",
      "whiteSpace" : false
    }, {
      "id" : "s11-t4",
      "begin" : 788,
      "end" : 791,
      "text" : "the",
      "whiteSpace" : false
    }, {
      "id" : "s11-t5",
      "begin" : 792,
      "end" : 796,
      "text" : "best",
      "whiteSpace" : false
    }, {
      "id" : "s11-t6",
      "begin" : 797,
      "end" : 799,
      "text" : "❤️",
      "whiteSpace" : false
    }, {
      "id" : "s11-t7",
      "begin" : 799,
      "end" : 800,
      "text" : "\"",
      "whiteSpace" : false
    }, {
      "id" : "s11-t8",
      "begin" : 800,
      "end" : 801,
      "text" : ",",
      "whiteSpace" : false
    }, {
      "id" : "s11-t9",
      "begin" : 806,
      "end" : 807,
      "text" : "\"",
      "whiteSpace" : false
    }, {
      "id" : "s11-t10",
      "begin" : 807,
      "end" : 816,
      "text" : "subreddit",
      "whiteSpace" : false
    }, {
      "id" : "s11-t11",
      "begin" : 816,
      "end" : 817,
      "text" : "\"",
      "whiteSpace" : false
    }, {
      "id" : "s11-t12",
      "begin" : 817,
      "end" : 818,
      "text" : ":",
      "whiteSpace" : false
    }, {
      "id" : "s11-t13",
      "begin" : 819,
      "end" : 820,
      "text" : "\"",
      "whiteSpace" : false
    }, {
      "id" : "s11-t14",
      "begin" : 820,
      "end" : 832,
      "text" : "washingtondc",
      "whiteSpace" : false
    }, {
      "id" : "s11-t15",
      "begin" : 832,
      "end" : 833,
      "text" : "\"",
      "whiteSpace" : false
    }, {
      "id" : "s11-t16",
      "begin" : 833,
      "end" : 834,
      "text" : ",",
      "whiteSpace" : false
    }, {
      "id" : "s11-t17",
      "begin" : 839,
      "end" : 840,
      "text" : "\"",
      "whiteSpace" : false
    }, {
      "id" : "s11-t18",
      "begin" : 840,
      "end" : 847,
      "text" : "created",
      "whiteSpace" : false
    }, {
      "id" : "s11-t19",
      "begin" : 847,
      "end" : 848,
      "text" : "\"",
      "whiteSpace" : false
    }, {
      "id" : "s11-t20",
      "begin" : 848,
      "end" : 849,
      "text" : ":",
      "whiteSpace" : false
    }, {
      "id" : "s11-t21",
      "begin" : 850,
      "end" : 851,
      "text" : "\"",
      "whiteSpace" : false
    }, {
      "id" : "s11-t22",
      "begin" : 851,
      "end" : 875,
      "text" : "2020-03-18T03:27:06.000Z",
      "whiteSpace" : false
    }, {
      "id" : "s11-t23",
      "begin" : 875,
      "end" : 876,
      "text" : "\"",
      "whiteSpace" : false
    }, {
      "id" : "s11-t24",
      "begin" : 877,
      "end" : 878,
      "text" : "}",
      "whiteSpace" : false
    } ]
  } ],
  "mentions" : [ {
    "id" : "m2",
    "properties" : {
      "SIRE_ENTITY_SUBTYPE" : "NONE",
      "SIRE_ENTITY_CLASS" : "SPC",
      "SIRE_ENTITY_LEVEL" : "NONE",
      "SIRE_MENTION_ROLE" : "Unemployed",
      "SIRE_MENTION_TYPE" : "NONE",
      "SIRE_MENTION_CLASS" : "SPC"
    },
    "type" : "Unemployed",
    "begin" : 26,
    "end" : 34,
    "inCoref" : false
  }, {
    "id" : "s1-m1",
    "properties" : {
      "SIRE_MENTION_ROLE" : "Unemployed",
      "SIRE_ENTITY_SUBTYPE" : "NONE",
      "SIRE_MENTION_TYPE" : "NONE",
      "SIRE_MENTION_CLASS" : "SPC"
    },
    "type" : "Unemployed",
    "begin" : 112,
    "end" : 128,
    "inCoref" : false
  }, {
    "id" : "s2-m1",
    "properties" : {
      "SIRE_MENTION_ROLE" : "Apartment_Renter",
      "SIRE_ENTITY_SUBTYPE" : "NONE",
      "SIRE_MENTION_TYPE" : "NONE",
      "SIRE_MENTION_CLASS" : "SPC"
    },
    "type" : "Apartment_Renter",
    "begin" : 236,
    "end" : 240,
    "inCoref" : false
  }, {
    "id" : "m1",
    "properties" : {
      "SIRE_ENTITY_SUBTYPE" : "NONE",
      "SIRE_MENTION_ROLE" : "Unemployed",
      "SIRE_MENTION_TYPE" : "NONE",
      "SIRE_MENTION_CLASS" : "SPC"
    },
    "type" : "Unemployed",
    "begin" : 296,
    "end" : 308,
    "inCoref" : false
  } ],
  "relations" : [ ],
  "corefs" : [ ],
  "typeResolved" : true,
  "userResolved" : false
}