{
  "id" : "432714e0-9592-11ea-8a2d-81b8af140d06-25",
  "name" : "dc-doc-66.txt",
  "createdDate" : 0,
  "version" : 3,
  "text" : "{\n    \"title\": \"Inclusionary Zoning (IZ) Program for Newcomes/Renters\",\n    \"text\": \"I'll be moving to DC later this year and I'm interested in rentals listed through the IZ program for reduced rent. Does anyone know if there is a residency requirement where you've had to live in DC for a set amount of time prior to taking the orientation? Or can newcomers with limited incomes take part as well? Thanks in advance.\",\n    \"subreddit\": \"washingtondc\",\n    \"created\": \"2020-03-26T07:40:50.000Z\"\n}",
  "docLength" : 0,
  "language" : "EN",
  "status" : "IN_PROGRESS",
  "modifiedDate" : 1589430174734,
  "documentSet" : [ ],
  "preannotation" : [ "PRE_LW", "PRE_SIRE" ],
  "sentences" : [ {
    "id" : "s0",
    "begin" : 0,
    "end" : 199,
    "text" : "{\n    \"title\": \"Inclusionary Zoning (IZ) Program for Newcomes/Renters\",\n    \"text\": \"I'll be moving to DC later this year and I'm interested in rentals listed through the IZ program for reduced rent.",
    "tokens" : [ {
      "id" : "s0-t0",
      "begin" : 0,
      "end" : 1,
      "text" : "{",
      "whiteSpace" : false
    }, {
      "id" : "s0-t1",
      "begin" : 6,
      "end" : 7,
      "text" : "\"",
      "whiteSpace" : false
    }, {
      "id" : "s0-t2",
      "begin" : 7,
      "end" : 12,
      "text" : "title",
      "whiteSpace" : false
    }, {
      "id" : "s0-t3",
      "begin" : 12,
      "end" : 13,
      "text" : "\"",
      "whiteSpace" : false
    }, {
      "id" : "s0-t4",
      "begin" : 13,
      "end" : 14,
      "text" : ":",
      "whiteSpace" : false
    }, {
      "id" : "s0-t5",
      "begin" : 15,
      "end" : 16,
      "text" : "\"",
      "whiteSpace" : false
    }, {
      "id" : "s0-t6",
      "begin" : 16,
      "end" : 28,
      "text" : "Inclusionary",
      "whiteSpace" : false
    }, {
      "id" : "s0-t7",
      "begin" : 29,
      "end" : 35,
      "text" : "Zoning",
      "whiteSpace" : false
    }, {
      "id" : "s0-t8",
      "begin" : 36,
      "end" : 37,
      "text" : "(",
      "whiteSpace" : false
    }, {
      "id" : "s0-t9",
      "begin" : 37,
      "end" : 39,
      "text" : "IZ",
      "whiteSpace" : false
    }, {
      "id" : "s0-t10",
      "begin" : 39,
      "end" : 40,
      "text" : ")",
      "whiteSpace" : false
    }, {
      "id" : "s0-t11",
      "begin" : 41,
      "end" : 48,
      "text" : "Program",
      "whiteSpace" : false
    }, {
      "id" : "s0-t12",
      "begin" : 49,
      "end" : 52,
      "text" : "for",
      "whiteSpace" : false
    }, {
      "id" : "s0-t13",
      "begin" : 53,
      "end" : 61,
      "text" : "Newcomes",
      "whiteSpace" : false
    }, {
      "id" : "s0-t14",
      "begin" : 61,
      "end" : 62,
      "text" : "/",
      "whiteSpace" : false
    }, {
      "id" : "s0-t15",
      "begin" : 62,
      "end" : 69,
      "text" : "Renters",
      "whiteSpace" : false
    }, {
      "id" : "s0-t16",
      "begin" : 69,
      "end" : 70,
      "text" : "\"",
      "whiteSpace" : false
    }, {
      "id" : "s0-t17",
      "begin" : 70,
      "end" : 71,
      "text" : ",",
      "whiteSpace" : false
    }, {
      "id" : "s0-t18",
      "begin" : 76,
      "end" : 81,
      "text" : "\"text",
      "whiteSpace" : false
    }, {
      "id" : "s0-t19",
      "begin" : 81,
      "end" : 82,
      "text" : "\"",
      "whiteSpace" : false
    }, {
      "id" : "s0-t20",
      "begin" : 82,
      "end" : 83,
      "text" : ":",
      "whiteSpace" : false
    }, {
      "id" : "s0-t21",
      "begin" : 84,
      "end" : 85,
      "text" : "\"",
      "whiteSpace" : false
    }, {
      "id" : "s0-t22",
      "begin" : 85,
      "end" : 86,
      "text" : "I",
      "whiteSpace" : false
    }, {
      "id" : "s0-t23",
      "begin" : 86,
      "end" : 89,
      "text" : "'ll",
      "whiteSpace" : false
    }, {
      "id" : "s0-t24",
      "begin" : 90,
      "end" : 92,
      "text" : "be",
      "whiteSpace" : false
    }, {
      "id" : "s0-t25",
      "begin" : 93,
      "end" : 99,
      "text" : "moving",
      "whiteSpace" : false
    }, {
      "id" : "s0-t26",
      "begin" : 100,
      "end" : 102,
      "text" : "to",
      "whiteSpace" : false
    }, {
      "id" : "s0-t27",
      "begin" : 103,
      "end" : 105,
      "text" : "DC",
      "whiteSpace" : false
    }, {
      "id" : "s0-t28",
      "begin" : 106,
      "end" : 111,
      "text" : "later",
      "whiteSpace" : false
    }, {
      "id" : "s0-t29",
      "begin" : 112,
      "end" : 116,
      "text" : "this",
      "whiteSpace" : false
    }, {
      "id" : "s0-t30",
      "begin" : 117,
      "end" : 121,
      "text" : "year",
      "whiteSpace" : false
    }, {
      "id" : "s0-t31",
      "begin" : 122,
      "end" : 125,
      "text" : "and",
      "whiteSpace" : false
    }, {
      "id" : "s0-t32",
      "begin" : 126,
      "end" : 127,
      "text" : "I",
      "whiteSpace" : false
    }, {
      "id" : "s0-t33",
      "begin" : 127,
      "end" : 129,
      "text" : "'m",
      "whiteSpace" : false
    }, {
      "id" : "s0-t34",
      "begin" : 130,
      "end" : 140,
      "text" : "interested",
      "whiteSpace" : false
    }, {
      "id" : "s0-t35",
      "begin" : 141,
      "end" : 143,
      "text" : "in",
      "whiteSpace" : false
    }, {
      "id" : "s0-t36",
      "begin" : 144,
      "end" : 151,
      "text" : "rentals",
      "whiteSpace" : false
    }, {
      "id" : "s0-t37",
      "begin" : 152,
      "end" : 158,
      "text" : "listed",
      "whiteSpace" : false
    }, {
      "id" : "s0-t38",
      "begin" : 159,
      "end" : 166,
      "text" : "through",
      "whiteSpace" : false
    }, {
      "id" : "s0-t39",
      "begin" : 167,
      "end" : 170,
      "text" : "the",
      "whiteSpace" : false
    }, {
      "id" : "s0-t40",
      "begin" : 171,
      "end" : 173,
      "text" : "IZ",
      "whiteSpace" : false
    }, {
      "id" : "s0-t41",
      "begin" : 174,
      "end" : 181,
      "text" : "program",
      "whiteSpace" : false
    }, {
      "id" : "s0-t42",
      "begin" : 182,
      "end" : 185,
      "text" : "for",
      "whiteSpace" : false
    }, {
      "id" : "s0-t43",
      "begin" : 186,
      "end" : 193,
      "text" : "reduced",
      "whiteSpace" : false
    }, {
      "id" : "s0-t44",
      "begin" : 194,
      "end" : 198,
      "text" : "rent",
      "whiteSpace" : false
    }, {
      "id" : "s0-t45",
      "begin" : 198,
      "end" : 199,
      "text" : ".",
      "whiteSpace" : false
    } ]
  }, {
    "id" : "s1",
    "begin" : 200,
    "end" : 341,
    "text" : "Does anyone know if there is a residency requirement where you've had to live in DC for a set amount of time prior to taking the orientation?",
    "tokens" : [ {
      "id" : "s1-t0",
      "begin" : 200,
      "end" : 204,
      "text" : "Does",
      "whiteSpace" : false
    }, {
      "id" : "s1-t1",
      "begin" : 205,
      "end" : 211,
      "text" : "anyone",
      "whiteSpace" : false
    }, {
      "id" : "s1-t2",
      "begin" : 212,
      "end" : 216,
      "text" : "know",
      "whiteSpace" : false
    }, {
      "id" : "s1-t3",
      "begin" : 217,
      "end" : 219,
      "text" : "if",
      "whiteSpace" : false
    }, {
      "id" : "s1-t4",
      "begin" : 220,
      "end" : 225,
      "text" : "there",
      "whiteSpace" : false
    }, {
      "id" : "s1-t5",
      "begin" : 226,
      "end" : 228,
      "text" : "is",
      "whiteSpace" : false
    }, {
      "id" : "s1-t6",
      "begin" : 229,
      "end" : 230,
      "text" : "a",
      "whiteSpace" : false
    }, {
      "id" : "s1-t7",
      "begin" : 231,
      "end" : 240,
      "text" : "residency",
      "whiteSpace" : false
    }, {
      "id" : "s1-t8",
      "begin" : 241,
      "end" : 252,
      "text" : "requirement",
      "whiteSpace" : false
    }, {
      "id" : "s1-t9",
      "begin" : 253,
      "end" : 258,
      "text" : "where",
      "whiteSpace" : false
    }, {
      "id" : "s1-t10",
      "begin" : 259,
      "end" : 262,
      "text" : "you",
      "whiteSpace" : false
    }, {
      "id" : "s1-t11",
      "begin" : 262,
      "end" : 265,
      "text" : "'ve",
      "whiteSpace" : false
    }, {
      "id" : "s1-t12",
      "begin" : 266,
      "end" : 269,
      "text" : "had",
      "whiteSpace" : false
    }, {
      "id" : "s1-t13",
      "begin" : 270,
      "end" : 272,
      "text" : "to",
      "whiteSpace" : false
    }, {
      "id" : "s1-t14",
      "begin" : 273,
      "end" : 277,
      "text" : "live",
      "whiteSpace" : false
    }, {
      "id" : "s1-t15",
      "begin" : 278,
      "end" : 280,
      "text" : "in",
      "whiteSpace" : false
    }, {
      "id" : "s1-t16",
      "begin" : 281,
      "end" : 283,
      "text" : "DC",
      "whiteSpace" : false
    }, {
      "id" : "s1-t17",
      "begin" : 284,
      "end" : 287,
      "text" : "for",
      "whiteSpace" : false
    }, {
      "id" : "s1-t18",
      "begin" : 288,
      "end" : 289,
      "text" : "a",
      "whiteSpace" : false
    }, {
      "id" : "s1-t19",
      "begin" : 290,
      "end" : 293,
      "text" : "set",
      "whiteSpace" : false
    }, {
      "id" : "s1-t20",
      "begin" : 294,
      "end" : 300,
      "text" : "amount",
      "whiteSpace" : false
    }, {
      "id" : "s1-t21",
      "begin" : 301,
      "end" : 303,
      "text" : "of",
      "whiteSpace" : false
    }, {
      "id" : "s1-t22",
      "begin" : 304,
      "end" : 308,
      "text" : "time",
      "whiteSpace" : false
    }, {
      "id" : "s1-t23",
      "begin" : 309,
      "end" : 314,
      "text" : "prior",
      "whiteSpace" : false
    }, {
      "id" : "s1-t24",
      "begin" : 315,
      "end" : 317,
      "text" : "to",
      "whiteSpace" : false
    }, {
      "id" : "s1-t25",
      "begin" : 318,
      "end" : 324,
      "text" : "taking",
      "whiteSpace" : false
    }, {
      "id" : "s1-t26",
      "begin" : 325,
      "end" : 328,
      "text" : "the",
      "whiteSpace" : false
    }, {
      "id" : "s1-t27",
      "begin" : 329,
      "end" : 340,
      "text" : "orientation",
      "whiteSpace" : false
    }, {
      "id" : "s1-t28",
      "begin" : 340,
      "end" : 341,
      "text" : "?",
      "whiteSpace" : false
    } ]
  }, {
    "id" : "s2",
    "begin" : 342,
    "end" : 398,
    "text" : "Or can newcomers with limited incomes take part as well?",
    "tokens" : [ {
      "id" : "s2-t0",
      "begin" : 342,
      "end" : 344,
      "text" : "Or",
      "whiteSpace" : false
    }, {
      "id" : "s2-t1",
      "begin" : 345,
      "end" : 348,
      "text" : "can",
      "whiteSpace" : false
    }, {
      "id" : "s2-t2",
      "begin" : 349,
      "end" : 358,
      "text" : "newcomers",
      "whiteSpace" : false
    }, {
      "id" : "s2-t3",
      "begin" : 359,
      "end" : 363,
      "text" : "with",
      "whiteSpace" : false
    }, {
      "id" : "s2-t4",
      "begin" : 364,
      "end" : 371,
      "text" : "limited",
      "whiteSpace" : false
    }, {
      "id" : "s2-t5",
      "begin" : 372,
      "end" : 379,
      "text" : "incomes",
      "whiteSpace" : false
    }, {
      "id" : "s2-t6",
      "begin" : 380,
      "end" : 384,
      "text" : "take",
      "whiteSpace" : false
    }, {
      "id" : "s2-t7",
      "begin" : 385,
      "end" : 389,
      "text" : "part",
      "whiteSpace" : false
    }, {
      "id" : "s2-t8",
      "begin" : 390,
      "end" : 392,
      "text" : "as",
      "whiteSpace" : false
    }, {
      "id" : "s2-t9",
      "begin" : 393,
      "end" : 397,
      "text" : "well",
      "whiteSpace" : false
    }, {
      "id" : "s2-t10",
      "begin" : 397,
      "end" : 398,
      "text" : "?",
      "whiteSpace" : false
    } ]
  }, {
    "id" : "s3",
    "begin" : 399,
    "end" : 417,
    "text" : "Thanks in advance.",
    "tokens" : [ {
      "id" : "s3-t0",
      "begin" : 399,
      "end" : 405,
      "text" : "Thanks",
      "whiteSpace" : false
    }, {
      "id" : "s3-t1",
      "begin" : 406,
      "end" : 408,
      "text" : "in",
      "whiteSpace" : false
    }, {
      "id" : "s3-t2",
      "begin" : 409,
      "end" : 416,
      "text" : "advance",
      "whiteSpace" : false
    }, {
      "id" : "s3-t3",
      "begin" : 416,
      "end" : 417,
      "text" : ".",
      "whiteSpace" : false
    } ]
  }, {
    "id" : "s4",
    "begin" : 417,
    "end" : 496,
    "text" : "\",\n    \"subreddit\": \"washingtondc\",\n    \"created\": \"2020-03-26T07:40:50.000Z\"\n}",
    "tokens" : [ {
      "id" : "s4-t0",
      "begin" : 417,
      "end" : 418,
      "text" : "\"",
      "whiteSpace" : false
    }, {
      "id" : "s4-t1",
      "begin" : 418,
      "end" : 419,
      "text" : ",",
      "whiteSpace" : false
    }, {
      "id" : "s4-t2",
      "begin" : 424,
      "end" : 425,
      "text" : "\"",
      "whiteSpace" : false
    }, {
      "id" : "s4-t3",
      "begin" : 425,
      "end" : 434,
      "text" : "subreddit",
      "whiteSpace" : false
    }, {
      "id" : "s4-t4",
      "begin" : 434,
      "end" : 435,
      "text" : "\"",
      "whiteSpace" : false
    }, {
      "id" : "s4-t5",
      "begin" : 435,
      "end" : 436,
      "text" : ":",
      "whiteSpace" : false
    }, {
      "id" : "s4-t6",
      "begin" : 437,
      "end" : 438,
      "text" : "\"",
      "whiteSpace" : false
    }, {
      "id" : "s4-t7",
      "begin" : 438,
      "end" : 450,
      "text" : "washingtondc",
      "whiteSpace" : false
    }, {
      "id" : "s4-t8",
      "begin" : 450,
      "end" : 451,
      "text" : "\"",
      "whiteSpace" : false
    }, {
      "id" : "s4-t9",
      "begin" : 451,
      "end" : 452,
      "text" : ",",
      "whiteSpace" : false
    }, {
      "id" : "s4-t10",
      "begin" : 457,
      "end" : 458,
      "text" : "\"",
      "whiteSpace" : false
    }, {
      "id" : "s4-t11",
      "begin" : 458,
      "end" : 465,
      "text" : "created",
      "whiteSpace" : false
    }, {
      "id" : "s4-t12",
      "begin" : 465,
      "end" : 466,
      "text" : "\"",
      "whiteSpace" : false
    }, {
      "id" : "s4-t13",
      "begin" : 466,
      "end" : 467,
      "text" : ":",
      "whiteSpace" : false
    }, {
      "id" : "s4-t14",
      "begin" : 468,
      "end" : 469,
      "text" : "\"",
      "whiteSpace" : false
    }, {
      "id" : "s4-t15",
      "begin" : 469,
      "end" : 493,
      "text" : "2020-03-26T07:40:50.000Z",
      "whiteSpace" : false
    }, {
      "id" : "s4-t16",
      "begin" : 493,
      "end" : 494,
      "text" : "\"",
      "whiteSpace" : false
    }, {
      "id" : "s4-t17",
      "begin" : 495,
      "end" : 496,
      "text" : "}",
      "whiteSpace" : false
    } ]
  } ],
  "mentions" : [ {
    "id" : "s0-m2",
    "properties" : {
      "SIRE_MENTION_ROLE" : "Apartment_Renter",
      "SIRE_ENTITY_SUBTYPE" : "NONE",
      "SIRE_MENTION_TYPE" : "NONE",
      "SIRE_MENTION_CLASS" : "SPC"
    },
    "type" : "Apartment_Renter",
    "begin" : 144,
    "end" : 151,
    "inCoref" : false
  }, {
    "id" : "m1",
    "properties" : {
      "SIRE_ENTITY_SUBTYPE" : "NONE",
      "SIRE_ENTITY_CLASS" : "SPC",
      "SIRE_ENTITY_LEVEL" : "NONE",
      "SIRE_MENTION_ROLE" : "Apartment_Renter",
      "SIRE_MENTION_TYPE" : "NONE",
      "SIRE_MENTION_CLASS" : "SPC"
    },
    "type" : "Apartment_Renter",
    "begin" : 194,
    "end" : 198,
    "inCoref" : false
  } ],
  "relations" : [ ],
  "corefs" : [ ],
  "typeResolved" : true,
  "userResolved" : false
}