{
  "id" : "70604390-9421-11ea-8323-e3108cdaa699-27",
  "name" : "chicago-doc-14.txt",
  "createdDate" : 0,
  "version" : 3,
  "text" : "{\n    \"title\": \"Chances of being able to move in May?\",\n    \"text\": \"I have a job in Chicago starting in May (it'll be working from home for a while) and secured an apartment and have put down a deposit before the lockdowns began. Would I likely still be able to move in early May under the current measures? I'll be able to move all my own stuff so I won't need a moving company.\",\n    \"subreddit\": \"chicago\",\n    \"created\": \"2020-04-03T06:31:17.000Z\"\n}",
  "docLength" : 0,
  "language" : "EN",
  "status" : "IN_PROGRESS",
  "modifiedDate" : 1589307625765,
  "documentSet" : [ ],
  "preannotation" : [ ],
  "sentences" : [ {
    "id" : "s0",
    "begin" : 0,
    "end" : 53,
    "text" : "{\n    \"title\": \"Chances of being able to move in May?",
    "tokens" : [ {
      "id" : "s0-t0",
      "begin" : 0,
      "end" : 1,
      "text" : "{",
      "whiteSpace" : false
    }, {
      "id" : "s0-t1",
      "begin" : 6,
      "end" : 7,
      "text" : "\"",
      "whiteSpace" : false
    }, {
      "id" : "s0-t2",
      "begin" : 7,
      "end" : 12,
      "text" : "title",
      "whiteSpace" : false
    }, {
      "id" : "s0-t3",
      "begin" : 12,
      "end" : 13,
      "text" : "\"",
      "whiteSpace" : false
    }, {
      "id" : "s0-t4",
      "begin" : 13,
      "end" : 14,
      "text" : ":",
      "whiteSpace" : false
    }, {
      "id" : "s0-t5",
      "begin" : 15,
      "end" : 16,
      "text" : "\"",
      "whiteSpace" : false
    }, {
      "id" : "s0-t6",
      "begin" : 16,
      "end" : 23,
      "text" : "Chances",
      "whiteSpace" : false
    }, {
      "id" : "s0-t7",
      "begin" : 24,
      "end" : 26,
      "text" : "of",
      "whiteSpace" : false
    }, {
      "id" : "s0-t8",
      "begin" : 27,
      "end" : 32,
      "text" : "being",
      "whiteSpace" : false
    }, {
      "id" : "s0-t9",
      "begin" : 33,
      "end" : 37,
      "text" : "able",
      "whiteSpace" : false
    }, {
      "id" : "s0-t10",
      "begin" : 38,
      "end" : 40,
      "text" : "to",
      "whiteSpace" : false
    }, {
      "id" : "s0-t11",
      "begin" : 41,
      "end" : 45,
      "text" : "move",
      "whiteSpace" : false
    }, {
      "id" : "s0-t12",
      "begin" : 46,
      "end" : 48,
      "text" : "in",
      "whiteSpace" : false
    }, {
      "id" : "s0-t13",
      "begin" : 49,
      "end" : 52,
      "text" : "May",
      "whiteSpace" : false
    }, {
      "id" : "s0-t14",
      "begin" : 52,
      "end" : 53,
      "text" : "?",
      "whiteSpace" : false
    } ]
  }, {
    "id" : "s1",
    "begin" : 53,
    "end" : 230,
    "text" : "\",\n    \"text\": \"I have a job in Chicago starting in May (it'll be working from home for a while) and secured an apartment and have put down a deposit before the lockdowns began.",
    "tokens" : [ {
      "id" : "s1-t0",
      "begin" : 53,
      "end" : 54,
      "text" : "\"",
      "whiteSpace" : false
    }, {
      "id" : "s1-t1",
      "begin" : 54,
      "end" : 55,
      "text" : ",",
      "whiteSpace" : false
    }, {
      "id" : "s1-t2",
      "begin" : 60,
      "end" : 61,
      "text" : "\"",
      "whiteSpace" : false
    }, {
      "id" : "s1-t3",
      "begin" : 61,
      "end" : 65,
      "text" : "text",
      "whiteSpace" : false
    }, {
      "id" : "s1-t4",
      "begin" : 65,
      "end" : 66,
      "text" : "\"",
      "whiteSpace" : false
    }, {
      "id" : "s1-t5",
      "begin" : 66,
      "end" : 67,
      "text" : ":",
      "whiteSpace" : false
    }, {
      "id" : "s1-t6",
      "begin" : 68,
      "end" : 69,
      "text" : "\"",
      "whiteSpace" : false
    }, {
      "id" : "s1-t7",
      "begin" : 69,
      "end" : 70,
      "text" : "I",
      "whiteSpace" : false
    }, {
      "id" : "s1-t8",
      "begin" : 71,
      "end" : 75,
      "text" : "have",
      "whiteSpace" : false
    }, {
      "id" : "s1-t9",
      "begin" : 76,
      "end" : 77,
      "text" : "a",
      "whiteSpace" : false
    }, {
      "id" : "s1-t10",
      "begin" : 78,
      "end" : 81,
      "text" : "job",
      "whiteSpace" : false
    }, {
      "id" : "s1-t11",
      "begin" : 82,
      "end" : 84,
      "text" : "in",
      "whiteSpace" : false
    }, {
      "id" : "s1-t12",
      "begin" : 85,
      "end" : 92,
      "text" : "Chicago",
      "whiteSpace" : false
    }, {
      "id" : "s1-t13",
      "begin" : 93,
      "end" : 101,
      "text" : "starting",
      "whiteSpace" : false
    }, {
      "id" : "s1-t14",
      "begin" : 102,
      "end" : 104,
      "text" : "in",
      "whiteSpace" : false
    }, {
      "id" : "s1-t15",
      "begin" : 105,
      "end" : 108,
      "text" : "May",
      "whiteSpace" : false
    }, {
      "id" : "s1-t16",
      "begin" : 109,
      "end" : 110,
      "text" : "(",
      "whiteSpace" : false
    }, {
      "id" : "s1-t17",
      "begin" : 110,
      "end" : 112,
      "text" : "it",
      "whiteSpace" : false
    }, {
      "id" : "s1-t18",
      "begin" : 112,
      "end" : 115,
      "text" : "'ll",
      "whiteSpace" : false
    }, {
      "id" : "s1-t19",
      "begin" : 116,
      "end" : 118,
      "text" : "be",
      "whiteSpace" : false
    }, {
      "id" : "s1-t20",
      "begin" : 119,
      "end" : 126,
      "text" : "working",
      "whiteSpace" : false
    }, {
      "id" : "s1-t21",
      "begin" : 127,
      "end" : 131,
      "text" : "from",
      "whiteSpace" : false
    }, {
      "id" : "s1-t22",
      "begin" : 132,
      "end" : 136,
      "text" : "home",
      "whiteSpace" : false
    }, {
      "id" : "s1-t23",
      "begin" : 137,
      "end" : 140,
      "text" : "for",
      "whiteSpace" : false
    }, {
      "id" : "s1-t24",
      "begin" : 141,
      "end" : 142,
      "text" : "a",
      "whiteSpace" : false
    }, {
      "id" : "s1-t25",
      "begin" : 143,
      "end" : 148,
      "text" : "while",
      "whiteSpace" : false
    }, {
      "id" : "s1-t26",
      "begin" : 148,
      "end" : 149,
      "text" : ")",
      "whiteSpace" : false
    }, {
      "id" : "s1-t27",
      "begin" : 150,
      "end" : 153,
      "text" : "and",
      "whiteSpace" : false
    }, {
      "id" : "s1-t28",
      "begin" : 154,
      "end" : 161,
      "text" : "secured",
      "whiteSpace" : false
    }, {
      "id" : "s1-t29",
      "begin" : 162,
      "end" : 164,
      "text" : "an",
      "whiteSpace" : false
    }, {
      "id" : "s1-t30",
      "begin" : 165,
      "end" : 174,
      "text" : "apartment",
      "whiteSpace" : false
    }, {
      "id" : "s1-t31",
      "begin" : 175,
      "end" : 178,
      "text" : "and",
      "whiteSpace" : false
    }, {
      "id" : "s1-t32",
      "begin" : 179,
      "end" : 183,
      "text" : "have",
      "whiteSpace" : false
    }, {
      "id" : "s1-t33",
      "begin" : 184,
      "end" : 187,
      "text" : "put",
      "whiteSpace" : false
    }, {
      "id" : "s1-t34",
      "begin" : 188,
      "end" : 192,
      "text" : "down",
      "whiteSpace" : false
    }, {
      "id" : "s1-t35",
      "begin" : 193,
      "end" : 194,
      "text" : "a",
      "whiteSpace" : false
    }, {
      "id" : "s1-t36",
      "begin" : 195,
      "end" : 202,
      "text" : "deposit",
      "whiteSpace" : false
    }, {
      "id" : "s1-t37",
      "begin" : 203,
      "end" : 209,
      "text" : "before",
      "whiteSpace" : false
    }, {
      "id" : "s1-t38",
      "begin" : 210,
      "end" : 213,
      "text" : "the",
      "whiteSpace" : false
    }, {
      "id" : "s1-t39",
      "begin" : 214,
      "end" : 223,
      "text" : "lockdowns",
      "whiteSpace" : false
    }, {
      "id" : "s1-t40",
      "begin" : 224,
      "end" : 229,
      "text" : "began",
      "whiteSpace" : false
    }, {
      "id" : "s1-t41",
      "begin" : 229,
      "end" : 230,
      "text" : ".",
      "whiteSpace" : false
    } ]
  }, {
    "id" : "s2",
    "begin" : 231,
    "end" : 308,
    "text" : "Would I likely still be able to move in early May under the current measures?",
    "tokens" : [ {
      "id" : "s2-t0",
      "begin" : 231,
      "end" : 236,
      "text" : "Would",
      "whiteSpace" : false
    }, {
      "id" : "s2-t1",
      "begin" : 237,
      "end" : 238,
      "text" : "I",
      "whiteSpace" : false
    }, {
      "id" : "s2-t2",
      "begin" : 239,
      "end" : 245,
      "text" : "likely",
      "whiteSpace" : false
    }, {
      "id" : "s2-t3",
      "begin" : 246,
      "end" : 251,
      "text" : "still",
      "whiteSpace" : false
    }, {
      "id" : "s2-t4",
      "begin" : 252,
      "end" : 254,
      "text" : "be",
      "whiteSpace" : false
    }, {
      "id" : "s2-t5",
      "begin" : 255,
      "end" : 259,
      "text" : "able",
      "whiteSpace" : false
    }, {
      "id" : "s2-t6",
      "begin" : 260,
      "end" : 262,
      "text" : "to",
      "whiteSpace" : false
    }, {
      "id" : "s2-t7",
      "begin" : 263,
      "end" : 267,
      "text" : "move",
      "whiteSpace" : false
    }, {
      "id" : "s2-t8",
      "begin" : 268,
      "end" : 270,
      "text" : "in",
      "whiteSpace" : false
    }, {
      "id" : "s2-t9",
      "begin" : 271,
      "end" : 276,
      "text" : "early",
      "whiteSpace" : false
    }, {
      "id" : "s2-t10",
      "begin" : 277,
      "end" : 280,
      "text" : "May",
      "whiteSpace" : false
    }, {
      "id" : "s2-t11",
      "begin" : 281,
      "end" : 286,
      "text" : "under",
      "whiteSpace" : false
    }, {
      "id" : "s2-t12",
      "begin" : 287,
      "end" : 290,
      "text" : "the",
      "whiteSpace" : false
    }, {
      "id" : "s2-t13",
      "begin" : 291,
      "end" : 298,
      "text" : "current",
      "whiteSpace" : false
    }, {
      "id" : "s2-t14",
      "begin" : 299,
      "end" : 307,
      "text" : "measures",
      "whiteSpace" : false
    }, {
      "id" : "s2-t15",
      "begin" : 307,
      "end" : 308,
      "text" : "?",
      "whiteSpace" : false
    } ]
  }, {
    "id" : "s3",
    "begin" : 309,
    "end" : 380,
    "text" : "I'll be able to move all my own stuff so I won't need a moving company.",
    "tokens" : [ {
      "id" : "s3-t0",
      "begin" : 309,
      "end" : 310,
      "text" : "I",
      "whiteSpace" : false
    }, {
      "id" : "s3-t1",
      "begin" : 310,
      "end" : 313,
      "text" : "'ll",
      "whiteSpace" : false
    }, {
      "id" : "s3-t2",
      "begin" : 314,
      "end" : 316,
      "text" : "be",
      "whiteSpace" : false
    }, {
      "id" : "s3-t3",
      "begin" : 317,
      "end" : 321,
      "text" : "able",
      "whiteSpace" : false
    }, {
      "id" : "s3-t4",
      "begin" : 322,
      "end" : 324,
      "text" : "to",
      "whiteSpace" : false
    }, {
      "id" : "s3-t5",
      "begin" : 325,
      "end" : 329,
      "text" : "move",
      "whiteSpace" : false
    }, {
      "id" : "s3-t6",
      "begin" : 330,
      "end" : 333,
      "text" : "all",
      "whiteSpace" : false
    }, {
      "id" : "s3-t7",
      "begin" : 334,
      "end" : 336,
      "text" : "my",
      "whiteSpace" : false
    }, {
      "id" : "s3-t8",
      "begin" : 337,
      "end" : 340,
      "text" : "own",
      "whiteSpace" : false
    }, {
      "id" : "s3-t9",
      "begin" : 341,
      "end" : 346,
      "text" : "stuff",
      "whiteSpace" : false
    }, {
      "id" : "s3-t10",
      "begin" : 347,
      "end" : 349,
      "text" : "so",
      "whiteSpace" : false
    }, {
      "id" : "s3-t11",
      "begin" : 350,
      "end" : 351,
      "text" : "I",
      "whiteSpace" : false
    }, {
      "id" : "s3-t12",
      "begin" : 352,
      "end" : 354,
      "text" : "wo",
      "whiteSpace" : false
    }, {
      "id" : "s3-t13",
      "begin" : 354,
      "end" : 357,
      "text" : "n't",
      "whiteSpace" : false
    }, {
      "id" : "s3-t14",
      "begin" : 358,
      "end" : 362,
      "text" : "need",
      "whiteSpace" : false
    }, {
      "id" : "s3-t15",
      "begin" : 363,
      "end" : 364,
      "text" : "a",
      "whiteSpace" : false
    }, {
      "id" : "s3-t16",
      "begin" : 365,
      "end" : 371,
      "text" : "moving",
      "whiteSpace" : false
    }, {
      "id" : "s3-t17",
      "begin" : 372,
      "end" : 379,
      "text" : "company",
      "whiteSpace" : false
    }, {
      "id" : "s3-t18",
      "begin" : 379,
      "end" : 380,
      "text" : ".",
      "whiteSpace" : false
    } ]
  }, {
    "id" : "s4",
    "begin" : 380,
    "end" : 454,
    "text" : "\",\n    \"subreddit\": \"chicago\",\n    \"created\": \"2020-04-03T06:31:17.000Z\"\n}",
    "tokens" : [ {
      "id" : "s4-t0",
      "begin" : 380,
      "end" : 381,
      "text" : "\"",
      "whiteSpace" : false
    }, {
      "id" : "s4-t1",
      "begin" : 381,
      "end" : 382,
      "text" : ",",
      "whiteSpace" : false
    }, {
      "id" : "s4-t2",
      "begin" : 387,
      "end" : 388,
      "text" : "\"",
      "whiteSpace" : false
    }, {
      "id" : "s4-t3",
      "begin" : 388,
      "end" : 397,
      "text" : "subreddit",
      "whiteSpace" : false
    }, {
      "id" : "s4-t4",
      "begin" : 397,
      "end" : 398,
      "text" : "\"",
      "whiteSpace" : false
    }, {
      "id" : "s4-t5",
      "begin" : 398,
      "end" : 399,
      "text" : ":",
      "whiteSpace" : false
    }, {
      "id" : "s4-t6",
      "begin" : 400,
      "end" : 401,
      "text" : "\"",
      "whiteSpace" : false
    }, {
      "id" : "s4-t7",
      "begin" : 401,
      "end" : 408,
      "text" : "chicago",
      "whiteSpace" : false
    }, {
      "id" : "s4-t8",
      "begin" : 408,
      "end" : 409,
      "text" : "\"",
      "whiteSpace" : false
    }, {
      "id" : "s4-t9",
      "begin" : 409,
      "end" : 410,
      "text" : ",",
      "whiteSpace" : false
    }, {
      "id" : "s4-t10",
      "begin" : 415,
      "end" : 416,
      "text" : "\"",
      "whiteSpace" : false
    }, {
      "id" : "s4-t11",
      "begin" : 416,
      "end" : 423,
      "text" : "created",
      "whiteSpace" : false
    }, {
      "id" : "s4-t12",
      "begin" : 423,
      "end" : 424,
      "text" : "\"",
      "whiteSpace" : false
    }, {
      "id" : "s4-t13",
      "begin" : 424,
      "end" : 425,
      "text" : ":",
      "whiteSpace" : false
    }, {
      "id" : "s4-t14",
      "begin" : 426,
      "end" : 427,
      "text" : "\"",
      "whiteSpace" : false
    }, {
      "id" : "s4-t15",
      "begin" : 427,
      "end" : 451,
      "text" : "2020-04-03T06:31:17.000Z",
      "whiteSpace" : false
    }, {
      "id" : "s4-t16",
      "begin" : 451,
      "end" : 452,
      "text" : "\"",
      "whiteSpace" : false
    }, {
      "id" : "s4-t17",
      "begin" : 453,
      "end" : 454,
      "text" : "}",
      "whiteSpace" : false
    } ]
  } ],
  "mentions" : [ {
    "id" : "s1-m1",
    "properties" : {
      "SIRE_MENTION_ROLE" : "Full_Time_Employment",
      "SIRE_ENTITY_SUBTYPE" : "NONE",
      "SIRE_MENTION_TYPE" : "NONE",
      "SIRE_MENTION_CLASS" : "SPC"
    },
    "type" : "Full_Time_Employment",
    "begin" : 119,
    "end" : 136,
    "inCoref" : false
  }, {
    "id" : "s1-m2",
    "properties" : {
      "SIRE_MENTION_ROLE" : "Apartment_Renter",
      "SIRE_ENTITY_SUBTYPE" : "NONE",
      "SIRE_MENTION_TYPE" : "NONE",
      "SIRE_MENTION_CLASS" : "SPC"
    },
    "type" : "Apartment_Renter",
    "begin" : 165,
    "end" : 174,
    "inCoref" : false
  } ],
  "relations" : [ ],
  "corefs" : [ ],
  "typeResolved" : true,
  "userResolved" : false
}