{
  "id" : "70604390-9421-11ea-8323-e3108cdaa699-23",
  "name" : "chicago-doc-19.txt",
  "createdDate" : 0,
  "version" : 3,
  "text" : "{\n    \"title\": \"PSA: If you are self-employed or a gig worker, you need to apply for unemployment yesterday.\",\n    \"text\": \"I got in touch with IDES today to check on the status of my claim, and they let me know that I will get a letter in the mail about when to certify and that it will take them minimum 1 week, more likely 2 weeks, to reprocess all the self-employed claims. You'll need to provide proof of income like taxes or 1099's at some point. Apply now, you'll get a letter telling you when to certify. Make sure to certify and at some point in the next few weeks IDES will have been able to reprocess all the self-employed/gig worker claims.\\n\\n\\nSomeone can correct me if i'm wrong here, but the stimulus bill that was signed today provides $600/week for 4 months to all the unemployed, and it makes it so that all the folks that are self-employed are eligible for the normal unemployment which lasts something like 26 weeks (?) and i think maybe they extended that too an extra 13 weeks but I may be wrong on that front.\",\n    \"subreddit\": \"chicago\",\n    \"created\": \"2020-03-29T08:18:13.000Z\"\n}",
  "docLength" : 0,
  "language" : "EN",
  "status" : "IN_PROGRESS",
  "modifiedDate" : 1589307501581,
  "documentSet" : [ ],
  "preannotation" : [ ],
  "sentences" : [ {
    "id" : "s0",
    "begin" : 0,
    "end" : 108,
    "text" : "{\n    \"title\": \"PSA: If you are self-employed or a gig worker, you need to apply for unemployment yesterday.",
    "tokens" : [ {
      "id" : "s0-t0",
      "begin" : 0,
      "end" : 1,
      "text" : "{",
      "whiteSpace" : false
    }, {
      "id" : "s0-t1",
      "begin" : 6,
      "end" : 7,
      "text" : "\"",
      "whiteSpace" : false
    }, {
      "id" : "s0-t2",
      "begin" : 7,
      "end" : 12,
      "text" : "title",
      "whiteSpace" : false
    }, {
      "id" : "s0-t3",
      "begin" : 12,
      "end" : 13,
      "text" : "\"",
      "whiteSpace" : false
    }, {
      "id" : "s0-t4",
      "begin" : 13,
      "end" : 14,
      "text" : ":",
      "whiteSpace" : false
    }, {
      "id" : "s0-t5",
      "begin" : 15,
      "end" : 16,
      "text" : "\"",
      "whiteSpace" : false
    }, {
      "id" : "s0-t6",
      "begin" : 16,
      "end" : 19,
      "text" : "PSA",
      "whiteSpace" : false
    }, {
      "id" : "s0-t7",
      "begin" : 19,
      "end" : 20,
      "text" : ":",
      "whiteSpace" : false
    }, {
      "id" : "s0-t8",
      "begin" : 21,
      "end" : 23,
      "text" : "If",
      "whiteSpace" : false
    }, {
      "id" : "s0-t9",
      "begin" : 24,
      "end" : 27,
      "text" : "you",
      "whiteSpace" : false
    }, {
      "id" : "s0-t10",
      "begin" : 28,
      "end" : 31,
      "text" : "are",
      "whiteSpace" : false
    }, {
      "id" : "s0-t11",
      "begin" : 32,
      "end" : 45,
      "text" : "self-employed",
      "whiteSpace" : false
    }, {
      "id" : "s0-t12",
      "begin" : 46,
      "end" : 48,
      "text" : "or",
      "whiteSpace" : false
    }, {
      "id" : "s0-t13",
      "begin" : 49,
      "end" : 50,
      "text" : "a",
      "whiteSpace" : false
    }, {
      "id" : "s0-t14",
      "begin" : 51,
      "end" : 54,
      "text" : "gig",
      "whiteSpace" : false
    }, {
      "id" : "s0-t15",
      "begin" : 55,
      "end" : 61,
      "text" : "worker",
      "whiteSpace" : false
    }, {
      "id" : "s0-t16",
      "begin" : 61,
      "end" : 62,
      "text" : ",",
      "whiteSpace" : false
    }, {
      "id" : "s0-t17",
      "begin" : 63,
      "end" : 66,
      "text" : "you",
      "whiteSpace" : false
    }, {
      "id" : "s0-t18",
      "begin" : 67,
      "end" : 71,
      "text" : "need",
      "whiteSpace" : false
    }, {
      "id" : "s0-t19",
      "begin" : 72,
      "end" : 74,
      "text" : "to",
      "whiteSpace" : false
    }, {
      "id" : "s0-t20",
      "begin" : 75,
      "end" : 80,
      "text" : "apply",
      "whiteSpace" : false
    }, {
      "id" : "s0-t21",
      "begin" : 81,
      "end" : 84,
      "text" : "for",
      "whiteSpace" : false
    }, {
      "id" : "s0-t22",
      "begin" : 85,
      "end" : 97,
      "text" : "unemployment",
      "whiteSpace" : false
    }, {
      "id" : "s0-t23",
      "begin" : 98,
      "end" : 107,
      "text" : "yesterday",
      "whiteSpace" : false
    }, {
      "id" : "s0-t24",
      "begin" : 107,
      "end" : 108,
      "text" : ".",
      "whiteSpace" : false
    } ]
  }, {
    "id" : "s1",
    "begin" : 108,
    "end" : 377,
    "text" : "\",\n    \"text\": \"I got in touch with IDES today to check on the status of my claim, and they let me know that I will get a letter in the mail about when to certify and that it will take them minimum 1 week, more likely 2 weeks, to reprocess all the self-employed claims.",
    "tokens" : [ {
      "id" : "s1-t0",
      "begin" : 108,
      "end" : 109,
      "text" : "\"",
      "whiteSpace" : false
    }, {
      "id" : "s1-t1",
      "begin" : 109,
      "end" : 110,
      "text" : ",",
      "whiteSpace" : false
    }, {
      "id" : "s1-t2",
      "begin" : 115,
      "end" : 116,
      "text" : "\"",
      "whiteSpace" : false
    }, {
      "id" : "s1-t3",
      "begin" : 116,
      "end" : 120,
      "text" : "text",
      "whiteSpace" : false
    }, {
      "id" : "s1-t4",
      "begin" : 120,
      "end" : 121,
      "text" : "\"",
      "whiteSpace" : false
    }, {
      "id" : "s1-t5",
      "begin" : 121,
      "end" : 122,
      "text" : ":",
      "whiteSpace" : false
    }, {
      "id" : "s1-t6",
      "begin" : 123,
      "end" : 124,
      "text" : "\"",
      "whiteSpace" : false
    }, {
      "id" : "s1-t7",
      "begin" : 124,
      "end" : 125,
      "text" : "I",
      "whiteSpace" : false
    }, {
      "id" : "s1-t8",
      "begin" : 126,
      "end" : 129,
      "text" : "got",
      "whiteSpace" : false
    }, {
      "id" : "s1-t9",
      "begin" : 130,
      "end" : 132,
      "text" : "in",
      "whiteSpace" : false
    }, {
      "id" : "s1-t10",
      "begin" : 133,
      "end" : 138,
      "text" : "touch",
      "whiteSpace" : false
    }, {
      "id" : "s1-t11",
      "begin" : 139,
      "end" : 143,
      "text" : "with",
      "whiteSpace" : false
    }, {
      "id" : "s1-t12",
      "begin" : 144,
      "end" : 148,
      "text" : "IDES",
      "whiteSpace" : false
    }, {
      "id" : "s1-t13",
      "begin" : 149,
      "end" : 154,
      "text" : "today",
      "whiteSpace" : false
    }, {
      "id" : "s1-t14",
      "begin" : 155,
      "end" : 157,
      "text" : "to",
      "whiteSpace" : false
    }, {
      "id" : "s1-t15",
      "begin" : 158,
      "end" : 163,
      "text" : "check",
      "whiteSpace" : false
    }, {
      "id" : "s1-t16",
      "begin" : 164,
      "end" : 166,
      "text" : "on",
      "whiteSpace" : false
    }, {
      "id" : "s1-t17",
      "begin" : 167,
      "end" : 170,
      "text" : "the",
      "whiteSpace" : false
    }, {
      "id" : "s1-t18",
      "begin" : 171,
      "end" : 177,
      "text" : "status",
      "whiteSpace" : false
    }, {
      "id" : "s1-t19",
      "begin" : 178,
      "end" : 180,
      "text" : "of",
      "whiteSpace" : false
    }, {
      "id" : "s1-t20",
      "begin" : 181,
      "end" : 183,
      "text" : "my",
      "whiteSpace" : false
    }, {
      "id" : "s1-t21",
      "begin" : 184,
      "end" : 189,
      "text" : "claim",
      "whiteSpace" : false
    }, {
      "id" : "s1-t22",
      "begin" : 189,
      "end" : 190,
      "text" : ",",
      "whiteSpace" : false
    }, {
      "id" : "s1-t23",
      "begin" : 191,
      "end" : 194,
      "text" : "and",
      "whiteSpace" : false
    }, {
      "id" : "s1-t24",
      "begin" : 195,
      "end" : 199,
      "text" : "they",
      "whiteSpace" : false
    }, {
      "id" : "s1-t25",
      "begin" : 200,
      "end" : 203,
      "text" : "let",
      "whiteSpace" : false
    }, {
      "id" : "s1-t26",
      "begin" : 204,
      "end" : 206,
      "text" : "me",
      "whiteSpace" : false
    }, {
      "id" : "s1-t27",
      "begin" : 207,
      "end" : 211,
      "text" : "know",
      "whiteSpace" : false
    }, {
      "id" : "s1-t28",
      "begin" : 212,
      "end" : 216,
      "text" : "that",
      "whiteSpace" : false
    }, {
      "id" : "s1-t29",
      "begin" : 217,
      "end" : 218,
      "text" : "I",
      "whiteSpace" : false
    }, {
      "id" : "s1-t30",
      "begin" : 219,
      "end" : 223,
      "text" : "will",
      "whiteSpace" : false
    }, {
      "id" : "s1-t31",
      "begin" : 224,
      "end" : 227,
      "text" : "get",
      "whiteSpace" : false
    }, {
      "id" : "s1-t32",
      "begin" : 228,
      "end" : 229,
      "text" : "a",
      "whiteSpace" : false
    }, {
      "id" : "s1-t33",
      "begin" : 230,
      "end" : 236,
      "text" : "letter",
      "whiteSpace" : false
    }, {
      "id" : "s1-t34",
      "begin" : 237,
      "end" : 239,
      "text" : "in",
      "whiteSpace" : false
    }, {
      "id" : "s1-t35",
      "begin" : 240,
      "end" : 243,
      "text" : "the",
      "whiteSpace" : false
    }, {
      "id" : "s1-t36",
      "begin" : 244,
      "end" : 248,
      "text" : "mail",
      "whiteSpace" : false
    }, {
      "id" : "s1-t37",
      "begin" : 249,
      "end" : 254,
      "text" : "about",
      "whiteSpace" : false
    }, {
      "id" : "s1-t38",
      "begin" : 255,
      "end" : 259,
      "text" : "when",
      "whiteSpace" : false
    }, {
      "id" : "s1-t39",
      "begin" : 260,
      "end" : 262,
      "text" : "to",
      "whiteSpace" : false
    }, {
      "id" : "s1-t40",
      "begin" : 263,
      "end" : 270,
      "text" : "certify",
      "whiteSpace" : false
    }, {
      "id" : "s1-t41",
      "begin" : 271,
      "end" : 274,
      "text" : "and",
      "whiteSpace" : false
    }, {
      "id" : "s1-t42",
      "begin" : 275,
      "end" : 279,
      "text" : "that",
      "whiteSpace" : false
    }, {
      "id" : "s1-t43",
      "begin" : 280,
      "end" : 282,
      "text" : "it",
      "whiteSpace" : false
    }, {
      "id" : "s1-t44",
      "begin" : 283,
      "end" : 287,
      "text" : "will",
      "whiteSpace" : false
    }, {
      "id" : "s1-t45",
      "begin" : 288,
      "end" : 292,
      "text" : "take",
      "whiteSpace" : false
    }, {
      "id" : "s1-t46",
      "begin" : 293,
      "end" : 297,
      "text" : "them",
      "whiteSpace" : false
    }, {
      "id" : "s1-t47",
      "begin" : 298,
      "end" : 305,
      "text" : "minimum",
      "whiteSpace" : false
    }, {
      "id" : "s1-t48",
      "begin" : 306,
      "end" : 307,
      "text" : "1",
      "whiteSpace" : false
    }, {
      "id" : "s1-t49",
      "begin" : 308,
      "end" : 312,
      "text" : "week",
      "whiteSpace" : false
    }, {
      "id" : "s1-t50",
      "begin" : 312,
      "end" : 313,
      "text" : ",",
      "whiteSpace" : false
    }, {
      "id" : "s1-t51",
      "begin" : 314,
      "end" : 318,
      "text" : "more",
      "whiteSpace" : false
    }, {
      "id" : "s1-t52",
      "begin" : 319,
      "end" : 325,
      "text" : "likely",
      "whiteSpace" : false
    }, {
      "id" : "s1-t53",
      "begin" : 326,
      "end" : 327,
      "text" : "2",
      "whiteSpace" : false
    }, {
      "id" : "s1-t54",
      "begin" : 328,
      "end" : 333,
      "text" : "weeks",
      "whiteSpace" : false
    }, {
      "id" : "s1-t55",
      "begin" : 333,
      "end" : 334,
      "text" : ",",
      "whiteSpace" : false
    }, {
      "id" : "s1-t56",
      "begin" : 335,
      "end" : 337,
      "text" : "to",
      "whiteSpace" : false
    }, {
      "id" : "s1-t57",
      "begin" : 338,
      "end" : 347,
      "text" : "reprocess",
      "whiteSpace" : false
    }, {
      "id" : "s1-t58",
      "begin" : 348,
      "end" : 351,
      "text" : "all",
      "whiteSpace" : false
    }, {
      "id" : "s1-t59",
      "begin" : 352,
      "end" : 355,
      "text" : "the",
      "whiteSpace" : false
    }, {
      "id" : "s1-t60",
      "begin" : 356,
      "end" : 369,
      "text" : "self-employed",
      "whiteSpace" : false
    }, {
      "id" : "s1-t61",
      "begin" : 370,
      "end" : 376,
      "text" : "claims",
      "whiteSpace" : false
    }, {
      "id" : "s1-t62",
      "begin" : 376,
      "end" : 377,
      "text" : ".",
      "whiteSpace" : false
    } ]
  }, {
    "id" : "s2",
    "begin" : 378,
    "end" : 452,
    "text" : "You'll need to provide proof of income like taxes or 1099's at some point.",
    "tokens" : [ {
      "id" : "s2-t0",
      "begin" : 378,
      "end" : 381,
      "text" : "You",
      "whiteSpace" : false
    }, {
      "id" : "s2-t1",
      "begin" : 381,
      "end" : 384,
      "text" : "'ll",
      "whiteSpace" : false
    }, {
      "id" : "s2-t2",
      "begin" : 385,
      "end" : 389,
      "text" : "need",
      "whiteSpace" : false
    }, {
      "id" : "s2-t3",
      "begin" : 390,
      "end" : 392,
      "text" : "to",
      "whiteSpace" : false
    }, {
      "id" : "s2-t4",
      "begin" : 393,
      "end" : 400,
      "text" : "provide",
      "whiteSpace" : false
    }, {
      "id" : "s2-t5",
      "begin" : 401,
      "end" : 406,
      "text" : "proof",
      "whiteSpace" : false
    }, {
      "id" : "s2-t6",
      "begin" : 407,
      "end" : 409,
      "text" : "of",
      "whiteSpace" : false
    }, {
      "id" : "s2-t7",
      "begin" : 410,
      "end" : 416,
      "text" : "income",
      "whiteSpace" : false
    }, {
      "id" : "s2-t8",
      "begin" : 417,
      "end" : 421,
      "text" : "like",
      "whiteSpace" : false
    }, {
      "id" : "s2-t9",
      "begin" : 422,
      "end" : 427,
      "text" : "taxes",
      "whiteSpace" : false
    }, {
      "id" : "s2-t10",
      "begin" : 428,
      "end" : 430,
      "text" : "or",
      "whiteSpace" : false
    }, {
      "id" : "s2-t11",
      "begin" : 431,
      "end" : 435,
      "text" : "1099",
      "whiteSpace" : false
    }, {
      "id" : "s2-t12",
      "begin" : 435,
      "end" : 437,
      "text" : "'s",
      "whiteSpace" : false
    }, {
      "id" : "s2-t13",
      "begin" : 438,
      "end" : 440,
      "text" : "at",
      "whiteSpace" : false
    }, {
      "id" : "s2-t14",
      "begin" : 441,
      "end" : 445,
      "text" : "some",
      "whiteSpace" : false
    }, {
      "id" : "s2-t15",
      "begin" : 446,
      "end" : 451,
      "text" : "point",
      "whiteSpace" : false
    }, {
      "id" : "s2-t16",
      "begin" : 451,
      "end" : 452,
      "text" : ".",
      "whiteSpace" : false
    } ]
  }, {
    "id" : "s3",
    "begin" : 453,
    "end" : 512,
    "text" : "Apply now, you'll get a letter telling you when to certify.",
    "tokens" : [ {
      "id" : "s3-t0",
      "begin" : 453,
      "end" : 458,
      "text" : "Apply",
      "whiteSpace" : false
    }, {
      "id" : "s3-t1",
      "begin" : 459,
      "end" : 462,
      "text" : "now",
      "whiteSpace" : false
    }, {
      "id" : "s3-t2",
      "begin" : 462,
      "end" : 463,
      "text" : ",",
      "whiteSpace" : false
    }, {
      "id" : "s3-t3",
      "begin" : 464,
      "end" : 467,
      "text" : "you",
      "whiteSpace" : false
    }, {
      "id" : "s3-t4",
      "begin" : 467,
      "end" : 470,
      "text" : "'ll",
      "whiteSpace" : false
    }, {
      "id" : "s3-t5",
      "begin" : 471,
      "end" : 474,
      "text" : "get",
      "whiteSpace" : false
    }, {
      "id" : "s3-t6",
      "begin" : 475,
      "end" : 476,
      "text" : "a",
      "whiteSpace" : false
    }, {
      "id" : "s3-t7",
      "begin" : 477,
      "end" : 483,
      "text" : "letter",
      "whiteSpace" : false
    }, {
      "id" : "s3-t8",
      "begin" : 484,
      "end" : 491,
      "text" : "telling",
      "whiteSpace" : false
    }, {
      "id" : "s3-t9",
      "begin" : 492,
      "end" : 495,
      "text" : "you",
      "whiteSpace" : false
    }, {
      "id" : "s3-t10",
      "begin" : 496,
      "end" : 500,
      "text" : "when",
      "whiteSpace" : false
    }, {
      "id" : "s3-t11",
      "begin" : 501,
      "end" : 503,
      "text" : "to",
      "whiteSpace" : false
    }, {
      "id" : "s3-t12",
      "begin" : 504,
      "end" : 511,
      "text" : "certify",
      "whiteSpace" : false
    }, {
      "id" : "s3-t13",
      "begin" : 511,
      "end" : 512,
      "text" : ".",
      "whiteSpace" : false
    } ]
  }, {
    "id" : "s4",
    "begin" : 513,
    "end" : 652,
    "text" : "Make sure to certify and at some point in the next few weeks IDES will have been able to reprocess all the self-employed/gig worker claims.",
    "tokens" : [ {
      "id" : "s4-t0",
      "begin" : 513,
      "end" : 517,
      "text" : "Make",
      "whiteSpace" : false
    }, {
      "id" : "s4-t1",
      "begin" : 518,
      "end" : 522,
      "text" : "sure",
      "whiteSpace" : false
    }, {
      "id" : "s4-t2",
      "begin" : 523,
      "end" : 525,
      "text" : "to",
      "whiteSpace" : false
    }, {
      "id" : "s4-t3",
      "begin" : 526,
      "end" : 533,
      "text" : "certify",
      "whiteSpace" : false
    }, {
      "id" : "s4-t4",
      "begin" : 534,
      "end" : 537,
      "text" : "and",
      "whiteSpace" : false
    }, {
      "id" : "s4-t5",
      "begin" : 538,
      "end" : 540,
      "text" : "at",
      "whiteSpace" : false
    }, {
      "id" : "s4-t6",
      "begin" : 541,
      "end" : 545,
      "text" : "some",
      "whiteSpace" : false
    }, {
      "id" : "s4-t7",
      "begin" : 546,
      "end" : 551,
      "text" : "point",
      "whiteSpace" : false
    }, {
      "id" : "s4-t8",
      "begin" : 552,
      "end" : 554,
      "text" : "in",
      "whiteSpace" : false
    }, {
      "id" : "s4-t9",
      "begin" : 555,
      "end" : 558,
      "text" : "the",
      "whiteSpace" : false
    }, {
      "id" : "s4-t10",
      "begin" : 559,
      "end" : 563,
      "text" : "next",
      "whiteSpace" : false
    }, {
      "id" : "s4-t11",
      "begin" : 564,
      "end" : 567,
      "text" : "few",
      "whiteSpace" : false
    }, {
      "id" : "s4-t12",
      "begin" : 568,
      "end" : 573,
      "text" : "weeks",
      "whiteSpace" : false
    }, {
      "id" : "s4-t13",
      "begin" : 574,
      "end" : 578,
      "text" : "IDES",
      "whiteSpace" : false
    }, {
      "id" : "s4-t14",
      "begin" : 579,
      "end" : 583,
      "text" : "will",
      "whiteSpace" : false
    }, {
      "id" : "s4-t15",
      "begin" : 584,
      "end" : 588,
      "text" : "have",
      "whiteSpace" : false
    }, {
      "id" : "s4-t16",
      "begin" : 589,
      "end" : 593,
      "text" : "been",
      "whiteSpace" : false
    }, {
      "id" : "s4-t17",
      "begin" : 594,
      "end" : 598,
      "text" : "able",
      "whiteSpace" : false
    }, {
      "id" : "s4-t18",
      "begin" : 599,
      "end" : 601,
      "text" : "to",
      "whiteSpace" : false
    }, {
      "id" : "s4-t19",
      "begin" : 602,
      "end" : 611,
      "text" : "reprocess",
      "whiteSpace" : false
    }, {
      "id" : "s4-t20",
      "begin" : 612,
      "end" : 615,
      "text" : "all",
      "whiteSpace" : false
    }, {
      "id" : "s4-t21",
      "begin" : 616,
      "end" : 619,
      "text" : "the",
      "whiteSpace" : false
    }, {
      "id" : "s4-t22",
      "begin" : 620,
      "end" : 624,
      "text" : "self",
      "whiteSpace" : false
    }, {
      "id" : "s4-t23",
      "begin" : 624,
      "end" : 625,
      "text" : "-",
      "whiteSpace" : false
    }, {
      "id" : "s4-t24",
      "begin" : 625,
      "end" : 637,
      "text" : "employed/gig",
      "whiteSpace" : false
    }, {
      "id" : "s4-t25",
      "begin" : 638,
      "end" : 644,
      "text" : "worker",
      "whiteSpace" : false
    }, {
      "id" : "s4-t26",
      "begin" : 645,
      "end" : 651,
      "text" : "claims",
      "whiteSpace" : false
    }, {
      "id" : "s4-t27",
      "begin" : 651,
      "end" : 652,
      "text" : ".",
      "whiteSpace" : false
    } ]
  }, {
    "id" : "s5",
    "begin" : 652,
    "end" : 939,
    "text" : "\\n\\n\\nSomeone can correct me if i'm wrong here, but the stimulus bill that was signed today provides $600/week for 4 months to all the unemployed, and it makes it so that all the folks that are self-employed are eligible for the normal unemployment which lasts something like 26 weeks (?",
    "tokens" : [ {
      "id" : "s5-t0",
      "begin" : 652,
      "end" : 654,
      "text" : "\\n",
      "whiteSpace" : false
    }, {
      "id" : "s5-t1",
      "begin" : 654,
      "end" : 656,
      "text" : "\\n",
      "whiteSpace" : false
    }, {
      "id" : "s5-t2",
      "begin" : 656,
      "end" : 665,
      "text" : "\\nSomeone",
      "whiteSpace" : false
    }, {
      "id" : "s5-t3",
      "begin" : 666,
      "end" : 669,
      "text" : "can",
      "whiteSpace" : false
    }, {
      "id" : "s5-t4",
      "begin" : 670,
      "end" : 677,
      "text" : "correct",
      "whiteSpace" : false
    }, {
      "id" : "s5-t5",
      "begin" : 678,
      "end" : 680,
      "text" : "me",
      "whiteSpace" : false
    }, {
      "id" : "s5-t6",
      "begin" : 681,
      "end" : 683,
      "text" : "if",
      "whiteSpace" : false
    }, {
      "id" : "s5-t7",
      "begin" : 684,
      "end" : 685,
      "text" : "i",
      "whiteSpace" : false
    }, {
      "id" : "s5-t8",
      "begin" : 685,
      "end" : 687,
      "text" : "'m",
      "whiteSpace" : false
    }, {
      "id" : "s5-t9",
      "begin" : 688,
      "end" : 693,
      "text" : "wrong",
      "whiteSpace" : false
    }, {
      "id" : "s5-t10",
      "begin" : 694,
      "end" : 698,
      "text" : "here",
      "whiteSpace" : false
    }, {
      "id" : "s5-t11",
      "begin" : 698,
      "end" : 699,
      "text" : ",",
      "whiteSpace" : false
    }, {
      "id" : "s5-t12",
      "begin" : 700,
      "end" : 703,
      "text" : "but",
      "whiteSpace" : false
    }, {
      "id" : "s5-t13",
      "begin" : 704,
      "end" : 707,
      "text" : "the",
      "whiteSpace" : false
    }, {
      "id" : "s5-t14",
      "begin" : 708,
      "end" : 716,
      "text" : "stimulus",
      "whiteSpace" : false
    }, {
      "id" : "s5-t15",
      "begin" : 717,
      "end" : 721,
      "text" : "bill",
      "whiteSpace" : false
    }, {
      "id" : "s5-t16",
      "begin" : 722,
      "end" : 726,
      "text" : "that",
      "whiteSpace" : false
    }, {
      "id" : "s5-t17",
      "begin" : 727,
      "end" : 730,
      "text" : "was",
      "whiteSpace" : false
    }, {
      "id" : "s5-t18",
      "begin" : 731,
      "end" : 737,
      "text" : "signed",
      "whiteSpace" : false
    }, {
      "id" : "s5-t19",
      "begin" : 738,
      "end" : 743,
      "text" : "today",
      "whiteSpace" : false
    }, {
      "id" : "s5-t20",
      "begin" : 744,
      "end" : 752,
      "text" : "provides",
      "whiteSpace" : false
    }, {
      "id" : "s5-t21",
      "begin" : 753,
      "end" : 754,
      "text" : "$",
      "whiteSpace" : false
    }, {
      "id" : "s5-t22",
      "begin" : 754,
      "end" : 762,
      "text" : "600/week",
      "whiteSpace" : false
    }, {
      "id" : "s5-t23",
      "begin" : 763,
      "end" : 766,
      "text" : "for",
      "whiteSpace" : false
    }, {
      "id" : "s5-t24",
      "begin" : 767,
      "end" : 768,
      "text" : "4",
      "whiteSpace" : false
    }, {
      "id" : "s5-t25",
      "begin" : 769,
      "end" : 775,
      "text" : "months",
      "whiteSpace" : false
    }, {
      "id" : "s5-t26",
      "begin" : 776,
      "end" : 778,
      "text" : "to",
      "whiteSpace" : false
    }, {
      "id" : "s5-t27",
      "begin" : 779,
      "end" : 782,
      "text" : "all",
      "whiteSpace" : false
    }, {
      "id" : "s5-t28",
      "begin" : 783,
      "end" : 786,
      "text" : "the",
      "whiteSpace" : false
    }, {
      "id" : "s5-t29",
      "begin" : 787,
      "end" : 797,
      "text" : "unemployed",
      "whiteSpace" : false
    }, {
      "id" : "s5-t30",
      "begin" : 797,
      "end" : 798,
      "text" : ",",
      "whiteSpace" : false
    }, {
      "id" : "s5-t31",
      "begin" : 799,
      "end" : 802,
      "text" : "and",
      "whiteSpace" : false
    }, {
      "id" : "s5-t32",
      "begin" : 803,
      "end" : 805,
      "text" : "it",
      "whiteSpace" : false
    }, {
      "id" : "s5-t33",
      "begin" : 806,
      "end" : 811,
      "text" : "makes",
      "whiteSpace" : false
    }, {
      "id" : "s5-t34",
      "begin" : 812,
      "end" : 814,
      "text" : "it",
      "whiteSpace" : false
    }, {
      "id" : "s5-t35",
      "begin" : 815,
      "end" : 817,
      "text" : "so",
      "whiteSpace" : false
    }, {
      "id" : "s5-t36",
      "begin" : 818,
      "end" : 822,
      "text" : "that",
      "whiteSpace" : false
    }, {
      "id" : "s5-t37",
      "begin" : 823,
      "end" : 826,
      "text" : "all",
      "whiteSpace" : false
    }, {
      "id" : "s5-t38",
      "begin" : 827,
      "end" : 830,
      "text" : "the",
      "whiteSpace" : false
    }, {
      "id" : "s5-t39",
      "begin" : 831,
      "end" : 836,
      "text" : "folks",
      "whiteSpace" : false
    }, {
      "id" : "s5-t40",
      "begin" : 837,
      "end" : 841,
      "text" : "that",
      "whiteSpace" : false
    }, {
      "id" : "s5-t41",
      "begin" : 842,
      "end" : 845,
      "text" : "are",
      "whiteSpace" : false
    }, {
      "id" : "s5-t42",
      "begin" : 846,
      "end" : 859,
      "text" : "self-employed",
      "whiteSpace" : false
    }, {
      "id" : "s5-t43",
      "begin" : 860,
      "end" : 863,
      "text" : "are",
      "whiteSpace" : false
    }, {
      "id" : "s5-t44",
      "begin" : 864,
      "end" : 872,
      "text" : "eligible",
      "whiteSpace" : false
    }, {
      "id" : "s5-t45",
      "begin" : 873,
      "end" : 876,
      "text" : "for",
      "whiteSpace" : false
    }, {
      "id" : "s5-t46",
      "begin" : 877,
      "end" : 880,
      "text" : "the",
      "whiteSpace" : false
    }, {
      "id" : "s5-t47",
      "begin" : 881,
      "end" : 887,
      "text" : "normal",
      "whiteSpace" : false
    }, {
      "id" : "s5-t48",
      "begin" : 888,
      "end" : 900,
      "text" : "unemployment",
      "whiteSpace" : false
    }, {
      "id" : "s5-t49",
      "begin" : 901,
      "end" : 906,
      "text" : "which",
      "whiteSpace" : false
    }, {
      "id" : "s5-t50",
      "begin" : 907,
      "end" : 912,
      "text" : "lasts",
      "whiteSpace" : false
    }, {
      "id" : "s5-t51",
      "begin" : 913,
      "end" : 922,
      "text" : "something",
      "whiteSpace" : false
    }, {
      "id" : "s5-t52",
      "begin" : 923,
      "end" : 927,
      "text" : "like",
      "whiteSpace" : false
    }, {
      "id" : "s5-t53",
      "begin" : 928,
      "end" : 930,
      "text" : "26",
      "whiteSpace" : false
    }, {
      "id" : "s5-t54",
      "begin" : 931,
      "end" : 936,
      "text" : "weeks",
      "whiteSpace" : false
    }, {
      "id" : "s5-t55",
      "begin" : 937,
      "end" : 938,
      "text" : "(",
      "whiteSpace" : false
    }, {
      "id" : "s5-t56",
      "begin" : 938,
      "end" : 939,
      "text" : "?",
      "whiteSpace" : false
    } ]
  }, {
    "id" : "s6",
    "begin" : 939,
    "end" : 1033,
    "text" : ") and i think maybe they extended that too an extra 13 weeks but I may be wrong on that front.",
    "tokens" : [ {
      "id" : "s6-t0",
      "begin" : 939,
      "end" : 940,
      "text" : ")",
      "whiteSpace" : false
    }, {
      "id" : "s6-t1",
      "begin" : 941,
      "end" : 944,
      "text" : "and",
      "whiteSpace" : false
    }, {
      "id" : "s6-t2",
      "begin" : 945,
      "end" : 946,
      "text" : "i",
      "whiteSpace" : false
    }, {
      "id" : "s6-t3",
      "begin" : 947,
      "end" : 952,
      "text" : "think",
      "whiteSpace" : false
    }, {
      "id" : "s6-t4",
      "begin" : 953,
      "end" : 958,
      "text" : "maybe",
      "whiteSpace" : false
    }, {
      "id" : "s6-t5",
      "begin" : 959,
      "end" : 963,
      "text" : "they",
      "whiteSpace" : false
    }, {
      "id" : "s6-t6",
      "begin" : 964,
      "end" : 972,
      "text" : "extended",
      "whiteSpace" : false
    }, {
      "id" : "s6-t7",
      "begin" : 973,
      "end" : 977,
      "text" : "that",
      "whiteSpace" : false
    }, {
      "id" : "s6-t8",
      "begin" : 978,
      "end" : 981,
      "text" : "too",
      "whiteSpace" : false
    }, {
      "id" : "s6-t9",
      "begin" : 982,
      "end" : 984,
      "text" : "an",
      "whiteSpace" : false
    }, {
      "id" : "s6-t10",
      "begin" : 985,
      "end" : 990,
      "text" : "extra",
      "whiteSpace" : false
    }, {
      "id" : "s6-t11",
      "begin" : 991,
      "end" : 993,
      "text" : "13",
      "whiteSpace" : false
    }, {
      "id" : "s6-t12",
      "begin" : 994,
      "end" : 999,
      "text" : "weeks",
      "whiteSpace" : false
    }, {
      "id" : "s6-t13",
      "begin" : 1000,
      "end" : 1003,
      "text" : "but",
      "whiteSpace" : false
    }, {
      "id" : "s6-t14",
      "begin" : 1004,
      "end" : 1005,
      "text" : "I",
      "whiteSpace" : false
    }, {
      "id" : "s6-t15",
      "begin" : 1006,
      "end" : 1009,
      "text" : "may",
      "whiteSpace" : false
    }, {
      "id" : "s6-t16",
      "begin" : 1010,
      "end" : 1012,
      "text" : "be",
      "whiteSpace" : false
    }, {
      "id" : "s6-t17",
      "begin" : 1013,
      "end" : 1018,
      "text" : "wrong",
      "whiteSpace" : false
    }, {
      "id" : "s6-t18",
      "begin" : 1019,
      "end" : 1021,
      "text" : "on",
      "whiteSpace" : false
    }, {
      "id" : "s6-t19",
      "begin" : 1022,
      "end" : 1026,
      "text" : "that",
      "whiteSpace" : false
    }, {
      "id" : "s6-t20",
      "begin" : 1027,
      "end" : 1032,
      "text" : "front",
      "whiteSpace" : false
    }, {
      "id" : "s6-t21",
      "begin" : 1032,
      "end" : 1033,
      "text" : ".",
      "whiteSpace" : false
    } ]
  }, {
    "id" : "s7",
    "begin" : 1033,
    "end" : 1107,
    "text" : "\",\n    \"subreddit\": \"chicago\",\n    \"created\": \"2020-03-29T08:18:13.000Z\"\n}",
    "tokens" : [ {
      "id" : "s7-t0",
      "begin" : 1033,
      "end" : 1034,
      "text" : "\"",
      "whiteSpace" : false
    }, {
      "id" : "s7-t1",
      "begin" : 1034,
      "end" : 1035,
      "text" : ",",
      "whiteSpace" : false
    }, {
      "id" : "s7-t2",
      "begin" : 1040,
      "end" : 1041,
      "text" : "\"",
      "whiteSpace" : false
    }, {
      "id" : "s7-t3",
      "begin" : 1041,
      "end" : 1050,
      "text" : "subreddit",
      "whiteSpace" : false
    }, {
      "id" : "s7-t4",
      "begin" : 1050,
      "end" : 1051,
      "text" : "\"",
      "whiteSpace" : false
    }, {
      "id" : "s7-t5",
      "begin" : 1051,
      "end" : 1052,
      "text" : ":",
      "whiteSpace" : false
    }, {
      "id" : "s7-t6",
      "begin" : 1053,
      "end" : 1054,
      "text" : "\"",
      "whiteSpace" : false
    }, {
      "id" : "s7-t7",
      "begin" : 1054,
      "end" : 1061,
      "text" : "chicago",
      "whiteSpace" : false
    }, {
      "id" : "s7-t8",
      "begin" : 1061,
      "end" : 1062,
      "text" : "\"",
      "whiteSpace" : false
    }, {
      "id" : "s7-t9",
      "begin" : 1062,
      "end" : 1063,
      "text" : ",",
      "whiteSpace" : false
    }, {
      "id" : "s7-t10",
      "begin" : 1068,
      "end" : 1069,
      "text" : "\"",
      "whiteSpace" : false
    }, {
      "id" : "s7-t11",
      "begin" : 1069,
      "end" : 1076,
      "text" : "created",
      "whiteSpace" : false
    }, {
      "id" : "s7-t12",
      "begin" : 1076,
      "end" : 1077,
      "text" : "\"",
      "whiteSpace" : false
    }, {
      "id" : "s7-t13",
      "begin" : 1077,
      "end" : 1078,
      "text" : ":",
      "whiteSpace" : false
    }, {
      "id" : "s7-t14",
      "begin" : 1079,
      "end" : 1080,
      "text" : "\"",
      "whiteSpace" : false
    }, {
      "id" : "s7-t15",
      "begin" : 1080,
      "end" : 1104,
      "text" : "2020-03-29T08:18:13.000Z",
      "whiteSpace" : false
    }, {
      "id" : "s7-t16",
      "begin" : 1104,
      "end" : 1105,
      "text" : "\"",
      "whiteSpace" : false
    }, {
      "id" : "s7-t17",
      "begin" : 1106,
      "end" : 1107,
      "text" : "}",
      "whiteSpace" : false
    } ]
  } ],
  "mentions" : [ {
    "id" : "s0-m1",
    "properties" : {
      "SIRE_MENTION_ROLE" : "Unemployed",
      "SIRE_ENTITY_SUBTYPE" : "NONE",
      "SIRE_MENTION_TYPE" : "NONE",
      "SIRE_MENTION_CLASS" : "SPC"
    },
    "type" : "Unemployed",
    "begin" : 85,
    "end" : 97,
    "inCoref" : false
  }, {
    "id" : "s5-m1",
    "properties" : {
      "SIRE_MENTION_ROLE" : "Unemployed",
      "SIRE_ENTITY_SUBTYPE" : "NONE",
      "SIRE_MENTION_TYPE" : "NONE",
      "SIRE_MENTION_CLASS" : "SPC"
    },
    "type" : "Unemployed",
    "begin" : 787,
    "end" : 797,
    "inCoref" : false
  }, {
    "id" : "s5-m2",
    "properties" : {
      "SIRE_MENTION_ROLE" : "Unemployed",
      "SIRE_ENTITY_SUBTYPE" : "NONE",
      "SIRE_MENTION_TYPE" : "NONE",
      "SIRE_MENTION_CLASS" : "SPC"
    },
    "type" : "Unemployed",
    "begin" : 881,
    "end" : 900,
    "inCoref" : false
  } ],
  "relations" : [ ],
  "corefs" : [ ],
  "typeResolved" : true,
  "userResolved" : false
}