{
  "id" : "70604390-9421-11ea-8323-e3108cdaa699-8",
  "name" : "chicago-doc-20.txt",
  "createdDate" : 0,
  "version" : 3,
  "text" : "{\n    \"title\": \"Do people that are furloughed in Chicago / Illinois qualify for unemployment benefits?\",\n    \"text\": \"It's looking highly likely I will get furloughed in the next few weeks. Can I collect on unemployment?\",\n    \"subreddit\": \"chicago\",\n    \"created\": \"2020-03-28T09:37:11.000Z\"\n}",
  "docLength" : 0,
  "language" : "EN",
  "status" : "IN_PROGRESS",
  "modifiedDate" : 1589308386285,
  "documentSet" : [ ],
  "preannotation" : [ ],
  "sentences" : [ {
    "id" : "s0",
    "begin" : 0,
    "end" : 102,
    "text" : "{\n    \"title\": \"Do people that are furloughed in Chicago / Illinois qualify for unemployment benefits?",
    "tokens" : [ {
      "id" : "s0-t0",
      "begin" : 0,
      "end" : 1,
      "text" : "{",
      "whiteSpace" : false
    }, {
      "id" : "s0-t1",
      "begin" : 6,
      "end" : 7,
      "text" : "\"",
      "whiteSpace" : false
    }, {
      "id" : "s0-t2",
      "begin" : 7,
      "end" : 12,
      "text" : "title",
      "whiteSpace" : false
    }, {
      "id" : "s0-t3",
      "begin" : 12,
      "end" : 13,
      "text" : "\"",
      "whiteSpace" : false
    }, {
      "id" : "s0-t4",
      "begin" : 13,
      "end" : 14,
      "text" : ":",
      "whiteSpace" : false
    }, {
      "id" : "s0-t5",
      "begin" : 15,
      "end" : 16,
      "text" : "\"",
      "whiteSpace" : false
    }, {
      "id" : "s0-t6",
      "begin" : 16,
      "end" : 18,
      "text" : "Do",
      "whiteSpace" : false
    }, {
      "id" : "s0-t7",
      "begin" : 19,
      "end" : 25,
      "text" : "people",
      "whiteSpace" : false
    }, {
      "id" : "s0-t8",
      "begin" : 26,
      "end" : 30,
      "text" : "that",
      "whiteSpace" : false
    }, {
      "id" : "s0-t9",
      "begin" : 31,
      "end" : 34,
      "text" : "are",
      "whiteSpace" : false
    }, {
      "id" : "s0-t10",
      "begin" : 35,
      "end" : 45,
      "text" : "furloughed",
      "whiteSpace" : false
    }, {
      "id" : "s0-t11",
      "begin" : 46,
      "end" : 48,
      "text" : "in",
      "whiteSpace" : false
    }, {
      "id" : "s0-t12",
      "begin" : 49,
      "end" : 56,
      "text" : "Chicago",
      "whiteSpace" : false
    }, {
      "id" : "s0-t13",
      "begin" : 57,
      "end" : 58,
      "text" : "/",
      "whiteSpace" : false
    }, {
      "id" : "s0-t14",
      "begin" : 59,
      "end" : 67,
      "text" : "Illinois",
      "whiteSpace" : false
    }, {
      "id" : "s0-t15",
      "begin" : 68,
      "end" : 75,
      "text" : "qualify",
      "whiteSpace" : false
    }, {
      "id" : "s0-t16",
      "begin" : 76,
      "end" : 79,
      "text" : "for",
      "whiteSpace" : false
    }, {
      "id" : "s0-t17",
      "begin" : 80,
      "end" : 92,
      "text" : "unemployment",
      "whiteSpace" : false
    }, {
      "id" : "s0-t18",
      "begin" : 93,
      "end" : 101,
      "text" : "benefits",
      "whiteSpace" : false
    }, {
      "id" : "s0-t19",
      "begin" : 101,
      "end" : 102,
      "text" : "?",
      "whiteSpace" : false
    } ]
  }, {
    "id" : "s1",
    "begin" : 102,
    "end" : 189,
    "text" : "\",\n    \"text\": \"It's looking highly likely I will get furloughed in the next few weeks.",
    "tokens" : [ {
      "id" : "s1-t0",
      "begin" : 102,
      "end" : 103,
      "text" : "\"",
      "whiteSpace" : false
    }, {
      "id" : "s1-t1",
      "begin" : 103,
      "end" : 104,
      "text" : ",",
      "whiteSpace" : false
    }, {
      "id" : "s1-t2",
      "begin" : 109,
      "end" : 110,
      "text" : "\"",
      "whiteSpace" : false
    }, {
      "id" : "s1-t3",
      "begin" : 110,
      "end" : 114,
      "text" : "text",
      "whiteSpace" : false
    }, {
      "id" : "s1-t4",
      "begin" : 114,
      "end" : 115,
      "text" : "\"",
      "whiteSpace" : false
    }, {
      "id" : "s1-t5",
      "begin" : 115,
      "end" : 116,
      "text" : ":",
      "whiteSpace" : false
    }, {
      "id" : "s1-t6",
      "begin" : 117,
      "end" : 118,
      "text" : "\"",
      "whiteSpace" : false
    }, {
      "id" : "s1-t7",
      "begin" : 118,
      "end" : 120,
      "text" : "It",
      "whiteSpace" : false
    }, {
      "id" : "s1-t8",
      "begin" : 120,
      "end" : 122,
      "text" : "'s",
      "whiteSpace" : false
    }, {
      "id" : "s1-t9",
      "begin" : 123,
      "end" : 130,
      "text" : "looking",
      "whiteSpace" : false
    }, {
      "id" : "s1-t10",
      "begin" : 131,
      "end" : 137,
      "text" : "highly",
      "whiteSpace" : false
    }, {
      "id" : "s1-t11",
      "begin" : 138,
      "end" : 144,
      "text" : "likely",
      "whiteSpace" : false
    }, {
      "id" : "s1-t12",
      "begin" : 145,
      "end" : 146,
      "text" : "I",
      "whiteSpace" : false
    }, {
      "id" : "s1-t13",
      "begin" : 147,
      "end" : 151,
      "text" : "will",
      "whiteSpace" : false
    }, {
      "id" : "s1-t14",
      "begin" : 152,
      "end" : 155,
      "text" : "get",
      "whiteSpace" : false
    }, {
      "id" : "s1-t15",
      "begin" : 156,
      "end" : 166,
      "text" : "furloughed",
      "whiteSpace" : false
    }, {
      "id" : "s1-t16",
      "begin" : 167,
      "end" : 169,
      "text" : "in",
      "whiteSpace" : false
    }, {
      "id" : "s1-t17",
      "begin" : 170,
      "end" : 173,
      "text" : "the",
      "whiteSpace" : false
    }, {
      "id" : "s1-t18",
      "begin" : 174,
      "end" : 178,
      "text" : "next",
      "whiteSpace" : false
    }, {
      "id" : "s1-t19",
      "begin" : 179,
      "end" : 182,
      "text" : "few",
      "whiteSpace" : false
    }, {
      "id" : "s1-t20",
      "begin" : 183,
      "end" : 188,
      "text" : "weeks",
      "whiteSpace" : false
    }, {
      "id" : "s1-t21",
      "begin" : 188,
      "end" : 189,
      "text" : ".",
      "whiteSpace" : false
    } ]
  }, {
    "id" : "s2",
    "begin" : 190,
    "end" : 220,
    "text" : "Can I collect on unemployment?",
    "tokens" : [ {
      "id" : "s2-t0",
      "begin" : 190,
      "end" : 193,
      "text" : "Can",
      "whiteSpace" : false
    }, {
      "id" : "s2-t1",
      "begin" : 194,
      "end" : 195,
      "text" : "I",
      "whiteSpace" : false
    }, {
      "id" : "s2-t2",
      "begin" : 196,
      "end" : 203,
      "text" : "collect",
      "whiteSpace" : false
    }, {
      "id" : "s2-t3",
      "begin" : 204,
      "end" : 206,
      "text" : "on",
      "whiteSpace" : false
    }, {
      "id" : "s2-t4",
      "begin" : 207,
      "end" : 219,
      "text" : "unemployment",
      "whiteSpace" : false
    }, {
      "id" : "s2-t5",
      "begin" : 219,
      "end" : 220,
      "text" : "?",
      "whiteSpace" : false
    } ]
  }, {
    "id" : "s3",
    "begin" : 220,
    "end" : 294,
    "text" : "\",\n    \"subreddit\": \"chicago\",\n    \"created\": \"2020-03-28T09:37:11.000Z\"\n}",
    "tokens" : [ {
      "id" : "s3-t0",
      "begin" : 220,
      "end" : 221,
      "text" : "\"",
      "whiteSpace" : false
    }, {
      "id" : "s3-t1",
      "begin" : 221,
      "end" : 222,
      "text" : ",",
      "whiteSpace" : false
    }, {
      "id" : "s3-t2",
      "begin" : 227,
      "end" : 228,
      "text" : "\"",
      "whiteSpace" : false
    }, {
      "id" : "s3-t3",
      "begin" : 228,
      "end" : 237,
      "text" : "subreddit",
      "whiteSpace" : false
    }, {
      "id" : "s3-t4",
      "begin" : 237,
      "end" : 238,
      "text" : "\"",
      "whiteSpace" : false
    }, {
      "id" : "s3-t5",
      "begin" : 238,
      "end" : 239,
      "text" : ":",
      "whiteSpace" : false
    }, {
      "id" : "s3-t6",
      "begin" : 240,
      "end" : 241,
      "text" : "\"",
      "whiteSpace" : false
    }, {
      "id" : "s3-t7",
      "begin" : 241,
      "end" : 248,
      "text" : "chicago",
      "whiteSpace" : false
    }, {
      "id" : "s3-t8",
      "begin" : 248,
      "end" : 249,
      "text" : "\"",
      "whiteSpace" : false
    }, {
      "id" : "s3-t9",
      "begin" : 249,
      "end" : 250,
      "text" : ",",
      "whiteSpace" : false
    }, {
      "id" : "s3-t10",
      "begin" : 255,
      "end" : 256,
      "text" : "\"",
      "whiteSpace" : false
    }, {
      "id" : "s3-t11",
      "begin" : 256,
      "end" : 263,
      "text" : "created",
      "whiteSpace" : false
    }, {
      "id" : "s3-t12",
      "begin" : 263,
      "end" : 264,
      "text" : "\"",
      "whiteSpace" : false
    }, {
      "id" : "s3-t13",
      "begin" : 264,
      "end" : 265,
      "text" : ":",
      "whiteSpace" : false
    }, {
      "id" : "s3-t14",
      "begin" : 266,
      "end" : 267,
      "text" : "\"",
      "whiteSpace" : false
    }, {
      "id" : "s3-t15",
      "begin" : 267,
      "end" : 291,
      "text" : "2020-03-28T09:37:11.000Z",
      "whiteSpace" : false
    }, {
      "id" : "s3-t16",
      "begin" : 291,
      "end" : 292,
      "text" : "\"",
      "whiteSpace" : false
    }, {
      "id" : "s3-t17",
      "begin" : 293,
      "end" : 294,
      "text" : "}",
      "whiteSpace" : false
    } ]
  } ],
  "mentions" : [ {
    "id" : "s1-m1",
    "properties" : {
      "SIRE_MENTION_ROLE" : "Hourly_Wage_Employment",
      "SIRE_ENTITY_SUBTYPE" : "NONE",
      "SIRE_MENTION_TYPE" : "NONE",
      "SIRE_MENTION_CLASS" : "SPC"
    },
    "type" : "Hourly_Wage_Employment",
    "begin" : 145,
    "end" : 166,
    "inCoref" : false
  } ],
  "relations" : [ ],
  "corefs" : [ ],
  "typeResolved" : true,
  "userResolved" : false
}