{
  "id" : "70604390-9421-11ea-8323-e3108cdaa699-28",
  "name" : "chicago-doc-15.txt",
  "createdDate" : 0,
  "version" : 3,
  "text" : "{\n    \"title\": \"Is my landlord allowed to show my apartment?\",\n    \"text\": \"My landlord is asking to show my apartment this weekend, but with everything going on, I feel pretty uncomfortable about it. Was wondering if there was any regulation or decree as of late that states showing apartments currently is prohibited. \\n\\nI've seen language around not allowing open houses, but was hoping to find something similar for just showing an apartment.\",\n    \"subreddit\": \"chicago\",\n    \"created\": \"2020-04-03T03:13:15.000Z\"\n}",
  "docLength" : 0,
  "language" : "EN",
  "status" : "IN_PROGRESS",
  "modifiedDate" : 1589307656671,
  "documentSet" : [ ],
  "preannotation" : [ ],
  "sentences" : [ {
    "id" : "s0",
    "begin" : 0,
    "end" : 60,
    "text" : "{\n    \"title\": \"Is my landlord allowed to show my apartment?",
    "tokens" : [ {
      "id" : "s0-t0",
      "begin" : 0,
      "end" : 1,
      "text" : "{",
      "whiteSpace" : false
    }, {
      "id" : "s0-t1",
      "begin" : 6,
      "end" : 7,
      "text" : "\"",
      "whiteSpace" : false
    }, {
      "id" : "s0-t2",
      "begin" : 7,
      "end" : 12,
      "text" : "title",
      "whiteSpace" : false
    }, {
      "id" : "s0-t3",
      "begin" : 12,
      "end" : 13,
      "text" : "\"",
      "whiteSpace" : false
    }, {
      "id" : "s0-t4",
      "begin" : 13,
      "end" : 14,
      "text" : ":",
      "whiteSpace" : false
    }, {
      "id" : "s0-t5",
      "begin" : 15,
      "end" : 16,
      "text" : "\"",
      "whiteSpace" : false
    }, {
      "id" : "s0-t6",
      "begin" : 16,
      "end" : 18,
      "text" : "Is",
      "whiteSpace" : false
    }, {
      "id" : "s0-t7",
      "begin" : 19,
      "end" : 21,
      "text" : "my",
      "whiteSpace" : false
    }, {
      "id" : "s0-t8",
      "begin" : 22,
      "end" : 30,
      "text" : "landlord",
      "whiteSpace" : false
    }, {
      "id" : "s0-t9",
      "begin" : 31,
      "end" : 38,
      "text" : "allowed",
      "whiteSpace" : false
    }, {
      "id" : "s0-t10",
      "begin" : 39,
      "end" : 41,
      "text" : "to",
      "whiteSpace" : false
    }, {
      "id" : "s0-t11",
      "begin" : 42,
      "end" : 46,
      "text" : "show",
      "whiteSpace" : false
    }, {
      "id" : "s0-t12",
      "begin" : 47,
      "end" : 49,
      "text" : "my",
      "whiteSpace" : false
    }, {
      "id" : "s0-t13",
      "begin" : 50,
      "end" : 59,
      "text" : "apartment",
      "whiteSpace" : false
    }, {
      "id" : "s0-t14",
      "begin" : 59,
      "end" : 60,
      "text" : "?",
      "whiteSpace" : false
    } ]
  }, {
    "id" : "s1",
    "begin" : 60,
    "end" : 200,
    "text" : "\",\n    \"text\": \"My landlord is asking to show my apartment this weekend, but with everything going on, I feel pretty uncomfortable about it.",
    "tokens" : [ {
      "id" : "s1-t0",
      "begin" : 60,
      "end" : 61,
      "text" : "\"",
      "whiteSpace" : false
    }, {
      "id" : "s1-t1",
      "begin" : 61,
      "end" : 62,
      "text" : ",",
      "whiteSpace" : false
    }, {
      "id" : "s1-t2",
      "begin" : 67,
      "end" : 68,
      "text" : "\"",
      "whiteSpace" : false
    }, {
      "id" : "s1-t3",
      "begin" : 68,
      "end" : 72,
      "text" : "text",
      "whiteSpace" : false
    }, {
      "id" : "s1-t4",
      "begin" : 72,
      "end" : 73,
      "text" : "\"",
      "whiteSpace" : false
    }, {
      "id" : "s1-t5",
      "begin" : 73,
      "end" : 74,
      "text" : ":",
      "whiteSpace" : false
    }, {
      "id" : "s1-t6",
      "begin" : 75,
      "end" : 76,
      "text" : "\"",
      "whiteSpace" : false
    }, {
      "id" : "s1-t7",
      "begin" : 76,
      "end" : 78,
      "text" : "My",
      "whiteSpace" : false
    }, {
      "id" : "s1-t8",
      "begin" : 79,
      "end" : 87,
      "text" : "landlord",
      "whiteSpace" : false
    }, {
      "id" : "s1-t9",
      "begin" : 88,
      "end" : 90,
      "text" : "is",
      "whiteSpace" : false
    }, {
      "id" : "s1-t10",
      "begin" : 91,
      "end" : 97,
      "text" : "asking",
      "whiteSpace" : false
    }, {
      "id" : "s1-t11",
      "begin" : 98,
      "end" : 100,
      "text" : "to",
      "whiteSpace" : false
    }, {
      "id" : "s1-t12",
      "begin" : 101,
      "end" : 105,
      "text" : "show",
      "whiteSpace" : false
    }, {
      "id" : "s1-t13",
      "begin" : 106,
      "end" : 108,
      "text" : "my",
      "whiteSpace" : false
    }, {
      "id" : "s1-t14",
      "begin" : 109,
      "end" : 118,
      "text" : "apartment",
      "whiteSpace" : false
    }, {
      "id" : "s1-t15",
      "begin" : 119,
      "end" : 123,
      "text" : "this",
      "whiteSpace" : false
    }, {
      "id" : "s1-t16",
      "begin" : 124,
      "end" : 131,
      "text" : "weekend",
      "whiteSpace" : false
    }, {
      "id" : "s1-t17",
      "begin" : 131,
      "end" : 132,
      "text" : ",",
      "whiteSpace" : false
    }, {
      "id" : "s1-t18",
      "begin" : 133,
      "end" : 136,
      "text" : "but",
      "whiteSpace" : false
    }, {
      "id" : "s1-t19",
      "begin" : 137,
      "end" : 141,
      "text" : "with",
      "whiteSpace" : false
    }, {
      "id" : "s1-t20",
      "begin" : 142,
      "end" : 152,
      "text" : "everything",
      "whiteSpace" : false
    }, {
      "id" : "s1-t21",
      "begin" : 153,
      "end" : 158,
      "text" : "going",
      "whiteSpace" : false
    }, {
      "id" : "s1-t22",
      "begin" : 159,
      "end" : 161,
      "text" : "on",
      "whiteSpace" : false
    }, {
      "id" : "s1-t23",
      "begin" : 161,
      "end" : 162,
      "text" : ",",
      "whiteSpace" : false
    }, {
      "id" : "s1-t24",
      "begin" : 163,
      "end" : 164,
      "text" : "I",
      "whiteSpace" : false
    }, {
      "id" : "s1-t25",
      "begin" : 165,
      "end" : 169,
      "text" : "feel",
      "whiteSpace" : false
    }, {
      "id" : "s1-t26",
      "begin" : 170,
      "end" : 176,
      "text" : "pretty",
      "whiteSpace" : false
    }, {
      "id" : "s1-t27",
      "begin" : 177,
      "end" : 190,
      "text" : "uncomfortable",
      "whiteSpace" : false
    }, {
      "id" : "s1-t28",
      "begin" : 191,
      "end" : 196,
      "text" : "about",
      "whiteSpace" : false
    }, {
      "id" : "s1-t29",
      "begin" : 197,
      "end" : 199,
      "text" : "it",
      "whiteSpace" : false
    }, {
      "id" : "s1-t30",
      "begin" : 199,
      "end" : 200,
      "text" : ".",
      "whiteSpace" : false
    } ]
  }, {
    "id" : "s2",
    "begin" : 201,
    "end" : 319,
    "text" : "Was wondering if there was any regulation or decree as of late that states showing apartments currently is prohibited.",
    "tokens" : [ {
      "id" : "s2-t0",
      "begin" : 201,
      "end" : 204,
      "text" : "Was",
      "whiteSpace" : false
    }, {
      "id" : "s2-t1",
      "begin" : 205,
      "end" : 214,
      "text" : "wondering",
      "whiteSpace" : false
    }, {
      "id" : "s2-t2",
      "begin" : 215,
      "end" : 217,
      "text" : "if",
      "whiteSpace" : false
    }, {
      "id" : "s2-t3",
      "begin" : 218,
      "end" : 223,
      "text" : "there",
      "whiteSpace" : false
    }, {
      "id" : "s2-t4",
      "begin" : 224,
      "end" : 227,
      "text" : "was",
      "whiteSpace" : false
    }, {
      "id" : "s2-t5",
      "begin" : 228,
      "end" : 231,
      "text" : "any",
      "whiteSpace" : false
    }, {
      "id" : "s2-t6",
      "begin" : 232,
      "end" : 242,
      "text" : "regulation",
      "whiteSpace" : false
    }, {
      "id" : "s2-t7",
      "begin" : 243,
      "end" : 245,
      "text" : "or",
      "whiteSpace" : false
    }, {
      "id" : "s2-t8",
      "begin" : 246,
      "end" : 252,
      "text" : "decree",
      "whiteSpace" : false
    }, {
      "id" : "s2-t9",
      "begin" : 253,
      "end" : 255,
      "text" : "as",
      "whiteSpace" : false
    }, {
      "id" : "s2-t10",
      "begin" : 256,
      "end" : 258,
      "text" : "of",
      "whiteSpace" : false
    }, {
      "id" : "s2-t11",
      "begin" : 259,
      "end" : 263,
      "text" : "late",
      "whiteSpace" : false
    }, {
      "id" : "s2-t12",
      "begin" : 264,
      "end" : 268,
      "text" : "that",
      "whiteSpace" : false
    }, {
      "id" : "s2-t13",
      "begin" : 269,
      "end" : 275,
      "text" : "states",
      "whiteSpace" : false
    }, {
      "id" : "s2-t14",
      "begin" : 276,
      "end" : 283,
      "text" : "showing",
      "whiteSpace" : false
    }, {
      "id" : "s2-t15",
      "begin" : 284,
      "end" : 294,
      "text" : "apartments",
      "whiteSpace" : false
    }, {
      "id" : "s2-t16",
      "begin" : 295,
      "end" : 304,
      "text" : "currently",
      "whiteSpace" : false
    }, {
      "id" : "s2-t17",
      "begin" : 305,
      "end" : 307,
      "text" : "is",
      "whiteSpace" : false
    }, {
      "id" : "s2-t18",
      "begin" : 308,
      "end" : 318,
      "text" : "prohibited",
      "whiteSpace" : false
    }, {
      "id" : "s2-t19",
      "begin" : 318,
      "end" : 319,
      "text" : ".",
      "whiteSpace" : false
    } ]
  }, {
    "id" : "s3",
    "begin" : 320,
    "end" : 447,
    "text" : "\\n\\nI've seen language around not allowing open houses, but was hoping to find something similar for just showing an apartment.",
    "tokens" : [ {
      "id" : "s3-t0",
      "begin" : 320,
      "end" : 322,
      "text" : "\\n",
      "whiteSpace" : false
    }, {
      "id" : "s3-t1",
      "begin" : 322,
      "end" : 325,
      "text" : "\\nI",
      "whiteSpace" : false
    }, {
      "id" : "s3-t2",
      "begin" : 325,
      "end" : 328,
      "text" : "'ve",
      "whiteSpace" : false
    }, {
      "id" : "s3-t3",
      "begin" : 329,
      "end" : 333,
      "text" : "seen",
      "whiteSpace" : false
    }, {
      "id" : "s3-t4",
      "begin" : 334,
      "end" : 342,
      "text" : "language",
      "whiteSpace" : false
    }, {
      "id" : "s3-t5",
      "begin" : 343,
      "end" : 349,
      "text" : "around",
      "whiteSpace" : false
    }, {
      "id" : "s3-t6",
      "begin" : 350,
      "end" : 353,
      "text" : "not",
      "whiteSpace" : false
    }, {
      "id" : "s3-t7",
      "begin" : 354,
      "end" : 362,
      "text" : "allowing",
      "whiteSpace" : false
    }, {
      "id" : "s3-t8",
      "begin" : 363,
      "end" : 367,
      "text" : "open",
      "whiteSpace" : false
    }, {
      "id" : "s3-t9",
      "begin" : 368,
      "end" : 374,
      "text" : "houses",
      "whiteSpace" : false
    }, {
      "id" : "s3-t10",
      "begin" : 374,
      "end" : 375,
      "text" : ",",
      "whiteSpace" : false
    }, {
      "id" : "s3-t11",
      "begin" : 376,
      "end" : 379,
      "text" : "but",
      "whiteSpace" : false
    }, {
      "id" : "s3-t12",
      "begin" : 380,
      "end" : 383,
      "text" : "was",
      "whiteSpace" : false
    }, {
      "id" : "s3-t13",
      "begin" : 384,
      "end" : 390,
      "text" : "hoping",
      "whiteSpace" : false
    }, {
      "id" : "s3-t14",
      "begin" : 391,
      "end" : 393,
      "text" : "to",
      "whiteSpace" : false
    }, {
      "id" : "s3-t15",
      "begin" : 394,
      "end" : 398,
      "text" : "find",
      "whiteSpace" : false
    }, {
      "id" : "s3-t16",
      "begin" : 399,
      "end" : 408,
      "text" : "something",
      "whiteSpace" : false
    }, {
      "id" : "s3-t17",
      "begin" : 409,
      "end" : 416,
      "text" : "similar",
      "whiteSpace" : false
    }, {
      "id" : "s3-t18",
      "begin" : 417,
      "end" : 420,
      "text" : "for",
      "whiteSpace" : false
    }, {
      "id" : "s3-t19",
      "begin" : 421,
      "end" : 425,
      "text" : "just",
      "whiteSpace" : false
    }, {
      "id" : "s3-t20",
      "begin" : 426,
      "end" : 433,
      "text" : "showing",
      "whiteSpace" : false
    }, {
      "id" : "s3-t21",
      "begin" : 434,
      "end" : 436,
      "text" : "an",
      "whiteSpace" : false
    }, {
      "id" : "s3-t22",
      "begin" : 437,
      "end" : 446,
      "text" : "apartment",
      "whiteSpace" : false
    }, {
      "id" : "s3-t23",
      "begin" : 446,
      "end" : 447,
      "text" : ".",
      "whiteSpace" : false
    } ]
  }, {
    "id" : "s4",
    "begin" : 447,
    "end" : 521,
    "text" : "\",\n    \"subreddit\": \"chicago\",\n    \"created\": \"2020-04-03T03:13:15.000Z\"\n}",
    "tokens" : [ {
      "id" : "s4-t0",
      "begin" : 447,
      "end" : 448,
      "text" : "\"",
      "whiteSpace" : false
    }, {
      "id" : "s4-t1",
      "begin" : 448,
      "end" : 449,
      "text" : ",",
      "whiteSpace" : false
    }, {
      "id" : "s4-t2",
      "begin" : 454,
      "end" : 455,
      "text" : "\"",
      "whiteSpace" : false
    }, {
      "id" : "s4-t3",
      "begin" : 455,
      "end" : 464,
      "text" : "subreddit",
      "whiteSpace" : false
    }, {
      "id" : "s4-t4",
      "begin" : 464,
      "end" : 465,
      "text" : "\"",
      "whiteSpace" : false
    }, {
      "id" : "s4-t5",
      "begin" : 465,
      "end" : 466,
      "text" : ":",
      "whiteSpace" : false
    }, {
      "id" : "s4-t6",
      "begin" : 467,
      "end" : 468,
      "text" : "\"",
      "whiteSpace" : false
    }, {
      "id" : "s4-t7",
      "begin" : 468,
      "end" : 475,
      "text" : "chicago",
      "whiteSpace" : false
    }, {
      "id" : "s4-t8",
      "begin" : 475,
      "end" : 476,
      "text" : "\"",
      "whiteSpace" : false
    }, {
      "id" : "s4-t9",
      "begin" : 476,
      "end" : 477,
      "text" : ",",
      "whiteSpace" : false
    }, {
      "id" : "s4-t10",
      "begin" : 482,
      "end" : 483,
      "text" : "\"",
      "whiteSpace" : false
    }, {
      "id" : "s4-t11",
      "begin" : 483,
      "end" : 490,
      "text" : "created",
      "whiteSpace" : false
    }, {
      "id" : "s4-t12",
      "begin" : 490,
      "end" : 491,
      "text" : "\"",
      "whiteSpace" : false
    }, {
      "id" : "s4-t13",
      "begin" : 491,
      "end" : 492,
      "text" : ":",
      "whiteSpace" : false
    }, {
      "id" : "s4-t14",
      "begin" : 493,
      "end" : 494,
      "text" : "\"",
      "whiteSpace" : false
    }, {
      "id" : "s4-t15",
      "begin" : 494,
      "end" : 518,
      "text" : "2020-04-03T03:13:15.000Z",
      "whiteSpace" : false
    }, {
      "id" : "s4-t16",
      "begin" : 518,
      "end" : 519,
      "text" : "\"",
      "whiteSpace" : false
    }, {
      "id" : "s4-t17",
      "begin" : 520,
      "end" : 521,
      "text" : "}",
      "whiteSpace" : false
    } ]
  } ],
  "mentions" : [ {
    "id" : "s0-m1",
    "properties" : {
      "SIRE_MENTION_ROLE" : "Apartment_Renter",
      "SIRE_ENTITY_SUBTYPE" : "NONE",
      "SIRE_MENTION_TYPE" : "NONE",
      "SIRE_MENTION_CLASS" : "SPC"
    },
    "type" : "Apartment_Renter",
    "begin" : 22,
    "end" : 30,
    "inCoref" : false
  }, {
    "id" : "s0-m2",
    "properties" : {
      "SIRE_MENTION_ROLE" : "Apartment_Renter",
      "SIRE_ENTITY_SUBTYPE" : "NONE",
      "SIRE_MENTION_TYPE" : "NONE",
      "SIRE_MENTION_CLASS" : "SPC"
    },
    "type" : "Apartment_Renter",
    "begin" : 47,
    "end" : 59,
    "inCoref" : false
  }, {
    "id" : "s1-m1",
    "properties" : {
      "SIRE_MENTION_ROLE" : "Apartment_Renter",
      "SIRE_ENTITY_SUBTYPE" : "NONE",
      "SIRE_MENTION_TYPE" : "NONE",
      "SIRE_MENTION_CLASS" : "SPC"
    },
    "type" : "Apartment_Renter",
    "begin" : 79,
    "end" : 87,
    "inCoref" : false
  }, {
    "id" : "s1-m2",
    "properties" : {
      "SIRE_MENTION_ROLE" : "Apartment_Renter",
      "SIRE_ENTITY_SUBTYPE" : "NONE",
      "SIRE_MENTION_TYPE" : "NONE",
      "SIRE_MENTION_CLASS" : "SPC"
    },
    "type" : "Apartment_Renter",
    "begin" : 106,
    "end" : 118,
    "inCoref" : false
  }, {
    "id" : "s2-m1",
    "properties" : {
      "SIRE_MENTION_ROLE" : "Apartment_Renter",
      "SIRE_ENTITY_SUBTYPE" : "NONE",
      "SIRE_MENTION_TYPE" : "NONE",
      "SIRE_MENTION_CLASS" : "SPC"
    },
    "type" : "Apartment_Renter",
    "begin" : 284,
    "end" : 294,
    "inCoref" : false
  }, {
    "id" : "s3-m1",
    "properties" : {
      "SIRE_MENTION_ROLE" : "Apartment_Renter",
      "SIRE_ENTITY_SUBTYPE" : "NONE",
      "SIRE_MENTION_TYPE" : "NONE",
      "SIRE_MENTION_CLASS" : "SPC"
    },
    "type" : "Apartment_Renter",
    "begin" : 437,
    "end" : 446,
    "inCoref" : false
  } ],
  "relations" : [ ],
  "corefs" : [ ],
  "typeResolved" : true,
  "userResolved" : false
}