{
  "id" : "70604390-9421-11ea-8323-e3108cdaa699-21",
  "name" : "chicago-doc-21.txt",
  "createdDate" : 0,
  "version" : 3,
  "text" : "{\n    \"title\": \"Trouble with IDES and claiming unemployment\",\n    \"text\": \"Hello, my boyfriend was able to register to claim unemployment insurance after he was laid off. However, the weekly benefit estimate that was calculated was $0. Which I'm guessing that means he will not be getting any help or support. \\n\\nSome more info: He was making above minimum wage and working 36 hours per week. He has been with this job for almost 2 years now but unfortunately, the business had to close due to COVID-19 and will remain closed indefinitely. \\n\\nWe have been trying to call the IDES office without luck so now we're just home during the lockdown, surviving on our savings. Is there anything we can do?\",\n    \"subreddit\": \"chicago\",\n    \"created\": \"2020-03-28T04:35:35.000Z\"\n}",
  "docLength" : 0,
  "language" : "EN",
  "status" : "IN_PROGRESS",
  "modifiedDate" : 1589307427301,
  "documentSet" : [ ],
  "preannotation" : [ ],
  "sentences" : [ {
    "id" : "s0",
    "begin" : 0,
    "end" : 170,
    "text" : "{\n    \"title\": \"Trouble with IDES and claiming unemployment\",\n    \"text\": \"Hello, my boyfriend was able to register to claim unemployment insurance after he was laid off.",
    "tokens" : [ {
      "id" : "s0-t0",
      "begin" : 0,
      "end" : 1,
      "text" : "{",
      "whiteSpace" : false
    }, {
      "id" : "s0-t1",
      "begin" : 6,
      "end" : 7,
      "text" : "\"",
      "whiteSpace" : false
    }, {
      "id" : "s0-t2",
      "begin" : 7,
      "end" : 12,
      "text" : "title",
      "whiteSpace" : false
    }, {
      "id" : "s0-t3",
      "begin" : 12,
      "end" : 13,
      "text" : "\"",
      "whiteSpace" : false
    }, {
      "id" : "s0-t4",
      "begin" : 13,
      "end" : 14,
      "text" : ":",
      "whiteSpace" : false
    }, {
      "id" : "s0-t5",
      "begin" : 15,
      "end" : 16,
      "text" : "\"",
      "whiteSpace" : false
    }, {
      "id" : "s0-t6",
      "begin" : 16,
      "end" : 23,
      "text" : "Trouble",
      "whiteSpace" : false
    }, {
      "id" : "s0-t7",
      "begin" : 24,
      "end" : 28,
      "text" : "with",
      "whiteSpace" : false
    }, {
      "id" : "s0-t8",
      "begin" : 29,
      "end" : 33,
      "text" : "IDES",
      "whiteSpace" : false
    }, {
      "id" : "s0-t9",
      "begin" : 34,
      "end" : 37,
      "text" : "and",
      "whiteSpace" : false
    }, {
      "id" : "s0-t10",
      "begin" : 38,
      "end" : 46,
      "text" : "claiming",
      "whiteSpace" : false
    }, {
      "id" : "s0-t11",
      "begin" : 47,
      "end" : 59,
      "text" : "unemployment",
      "whiteSpace" : false
    }, {
      "id" : "s0-t12",
      "begin" : 59,
      "end" : 60,
      "text" : "\"",
      "whiteSpace" : false
    }, {
      "id" : "s0-t13",
      "begin" : 60,
      "end" : 61,
      "text" : ",",
      "whiteSpace" : false
    }, {
      "id" : "s0-t14",
      "begin" : 66,
      "end" : 67,
      "text" : "\"",
      "whiteSpace" : false
    }, {
      "id" : "s0-t15",
      "begin" : 67,
      "end" : 71,
      "text" : "text",
      "whiteSpace" : false
    }, {
      "id" : "s0-t16",
      "begin" : 71,
      "end" : 72,
      "text" : "\"",
      "whiteSpace" : false
    }, {
      "id" : "s0-t17",
      "begin" : 72,
      "end" : 73,
      "text" : ":",
      "whiteSpace" : false
    }, {
      "id" : "s0-t18",
      "begin" : 74,
      "end" : 75,
      "text" : "\"",
      "whiteSpace" : false
    }, {
      "id" : "s0-t19",
      "begin" : 75,
      "end" : 80,
      "text" : "Hello",
      "whiteSpace" : false
    }, {
      "id" : "s0-t20",
      "begin" : 80,
      "end" : 81,
      "text" : ",",
      "whiteSpace" : false
    }, {
      "id" : "s0-t21",
      "begin" : 82,
      "end" : 84,
      "text" : "my",
      "whiteSpace" : false
    }, {
      "id" : "s0-t22",
      "begin" : 85,
      "end" : 94,
      "text" : "boyfriend",
      "whiteSpace" : false
    }, {
      "id" : "s0-t23",
      "begin" : 95,
      "end" : 98,
      "text" : "was",
      "whiteSpace" : false
    }, {
      "id" : "s0-t24",
      "begin" : 99,
      "end" : 103,
      "text" : "able",
      "whiteSpace" : false
    }, {
      "id" : "s0-t25",
      "begin" : 104,
      "end" : 106,
      "text" : "to",
      "whiteSpace" : false
    }, {
      "id" : "s0-t26",
      "begin" : 107,
      "end" : 115,
      "text" : "register",
      "whiteSpace" : false
    }, {
      "id" : "s0-t27",
      "begin" : 116,
      "end" : 118,
      "text" : "to",
      "whiteSpace" : false
    }, {
      "id" : "s0-t28",
      "begin" : 119,
      "end" : 124,
      "text" : "claim",
      "whiteSpace" : false
    }, {
      "id" : "s0-t29",
      "begin" : 125,
      "end" : 137,
      "text" : "unemployment",
      "whiteSpace" : false
    }, {
      "id" : "s0-t30",
      "begin" : 138,
      "end" : 147,
      "text" : "insurance",
      "whiteSpace" : false
    }, {
      "id" : "s0-t31",
      "begin" : 148,
      "end" : 153,
      "text" : "after",
      "whiteSpace" : false
    }, {
      "id" : "s0-t32",
      "begin" : 154,
      "end" : 156,
      "text" : "he",
      "whiteSpace" : false
    }, {
      "id" : "s0-t33",
      "begin" : 157,
      "end" : 160,
      "text" : "was",
      "whiteSpace" : false
    }, {
      "id" : "s0-t34",
      "begin" : 161,
      "end" : 165,
      "text" : "laid",
      "whiteSpace" : false
    }, {
      "id" : "s0-t35",
      "begin" : 166,
      "end" : 169,
      "text" : "off",
      "whiteSpace" : false
    }, {
      "id" : "s0-t36",
      "begin" : 169,
      "end" : 170,
      "text" : ".",
      "whiteSpace" : false
    } ]
  }, {
    "id" : "s1",
    "begin" : 171,
    "end" : 235,
    "text" : "However, the weekly benefit estimate that was calculated was $0.",
    "tokens" : [ {
      "id" : "s1-t0",
      "begin" : 171,
      "end" : 178,
      "text" : "However",
      "whiteSpace" : false
    }, {
      "id" : "s1-t1",
      "begin" : 178,
      "end" : 179,
      "text" : ",",
      "whiteSpace" : false
    }, {
      "id" : "s1-t2",
      "begin" : 180,
      "end" : 183,
      "text" : "the",
      "whiteSpace" : false
    }, {
      "id" : "s1-t3",
      "begin" : 184,
      "end" : 190,
      "text" : "weekly",
      "whiteSpace" : false
    }, {
      "id" : "s1-t4",
      "begin" : 191,
      "end" : 198,
      "text" : "benefit",
      "whiteSpace" : false
    }, {
      "id" : "s1-t5",
      "begin" : 199,
      "end" : 207,
      "text" : "estimate",
      "whiteSpace" : false
    }, {
      "id" : "s1-t6",
      "begin" : 208,
      "end" : 212,
      "text" : "that",
      "whiteSpace" : false
    }, {
      "id" : "s1-t7",
      "begin" : 213,
      "end" : 216,
      "text" : "was",
      "whiteSpace" : false
    }, {
      "id" : "s1-t8",
      "begin" : 217,
      "end" : 227,
      "text" : "calculated",
      "whiteSpace" : false
    }, {
      "id" : "s1-t9",
      "begin" : 228,
      "end" : 231,
      "text" : "was",
      "whiteSpace" : false
    }, {
      "id" : "s1-t10",
      "begin" : 232,
      "end" : 233,
      "text" : "$",
      "whiteSpace" : false
    }, {
      "id" : "s1-t11",
      "begin" : 233,
      "end" : 234,
      "text" : "0",
      "whiteSpace" : false
    }, {
      "id" : "s1-t12",
      "begin" : 234,
      "end" : 235,
      "text" : ".",
      "whiteSpace" : false
    } ]
  }, {
    "id" : "s2",
    "begin" : 236,
    "end" : 309,
    "text" : "Which I'm guessing that means he will not be getting any help or support.",
    "tokens" : [ {
      "id" : "s2-t0",
      "begin" : 236,
      "end" : 241,
      "text" : "Which",
      "whiteSpace" : false
    }, {
      "id" : "s2-t1",
      "begin" : 242,
      "end" : 243,
      "text" : "I",
      "whiteSpace" : false
    }, {
      "id" : "s2-t2",
      "begin" : 243,
      "end" : 245,
      "text" : "'m",
      "whiteSpace" : false
    }, {
      "id" : "s2-t3",
      "begin" : 246,
      "end" : 254,
      "text" : "guessing",
      "whiteSpace" : false
    }, {
      "id" : "s2-t4",
      "begin" : 255,
      "end" : 259,
      "text" : "that",
      "whiteSpace" : false
    }, {
      "id" : "s2-t5",
      "begin" : 260,
      "end" : 265,
      "text" : "means",
      "whiteSpace" : false
    }, {
      "id" : "s2-t6",
      "begin" : 266,
      "end" : 268,
      "text" : "he",
      "whiteSpace" : false
    }, {
      "id" : "s2-t7",
      "begin" : 269,
      "end" : 273,
      "text" : "will",
      "whiteSpace" : false
    }, {
      "id" : "s2-t8",
      "begin" : 274,
      "end" : 277,
      "text" : "not",
      "whiteSpace" : false
    }, {
      "id" : "s2-t9",
      "begin" : 278,
      "end" : 280,
      "text" : "be",
      "whiteSpace" : false
    }, {
      "id" : "s2-t10",
      "begin" : 281,
      "end" : 288,
      "text" : "getting",
      "whiteSpace" : false
    }, {
      "id" : "s2-t11",
      "begin" : 289,
      "end" : 292,
      "text" : "any",
      "whiteSpace" : false
    }, {
      "id" : "s2-t12",
      "begin" : 293,
      "end" : 297,
      "text" : "help",
      "whiteSpace" : false
    }, {
      "id" : "s2-t13",
      "begin" : 298,
      "end" : 300,
      "text" : "or",
      "whiteSpace" : false
    }, {
      "id" : "s2-t14",
      "begin" : 301,
      "end" : 308,
      "text" : "support",
      "whiteSpace" : false
    }, {
      "id" : "s2-t15",
      "begin" : 308,
      "end" : 309,
      "text" : ".",
      "whiteSpace" : false
    } ]
  }, {
    "id" : "s3",
    "begin" : 310,
    "end" : 393,
    "text" : "\\n\\nSome more info: He was making above minimum wage and working 36 hours per week.",
    "tokens" : [ {
      "id" : "s3-t0",
      "begin" : 310,
      "end" : 312,
      "text" : "\\n",
      "whiteSpace" : false
    }, {
      "id" : "s3-t1",
      "begin" : 312,
      "end" : 318,
      "text" : "\\nSome",
      "whiteSpace" : false
    }, {
      "id" : "s3-t2",
      "begin" : 319,
      "end" : 323,
      "text" : "more",
      "whiteSpace" : false
    }, {
      "id" : "s3-t3",
      "begin" : 324,
      "end" : 328,
      "text" : "info",
      "whiteSpace" : false
    }, {
      "id" : "s3-t4",
      "begin" : 328,
      "end" : 329,
      "text" : ":",
      "whiteSpace" : false
    }, {
      "id" : "s3-t5",
      "begin" : 330,
      "end" : 332,
      "text" : "He",
      "whiteSpace" : false
    }, {
      "id" : "s3-t6",
      "begin" : 333,
      "end" : 336,
      "text" : "was",
      "whiteSpace" : false
    }, {
      "id" : "s3-t7",
      "begin" : 337,
      "end" : 343,
      "text" : "making",
      "whiteSpace" : false
    }, {
      "id" : "s3-t8",
      "begin" : 344,
      "end" : 349,
      "text" : "above",
      "whiteSpace" : false
    }, {
      "id" : "s3-t9",
      "begin" : 350,
      "end" : 357,
      "text" : "minimum",
      "whiteSpace" : false
    }, {
      "id" : "s3-t10",
      "begin" : 358,
      "end" : 362,
      "text" : "wage",
      "whiteSpace" : false
    }, {
      "id" : "s3-t11",
      "begin" : 363,
      "end" : 366,
      "text" : "and",
      "whiteSpace" : false
    }, {
      "id" : "s3-t12",
      "begin" : 367,
      "end" : 374,
      "text" : "working",
      "whiteSpace" : false
    }, {
      "id" : "s3-t13",
      "begin" : 375,
      "end" : 377,
      "text" : "36",
      "whiteSpace" : false
    }, {
      "id" : "s3-t14",
      "begin" : 378,
      "end" : 383,
      "text" : "hours",
      "whiteSpace" : false
    }, {
      "id" : "s3-t15",
      "begin" : 384,
      "end" : 387,
      "text" : "per",
      "whiteSpace" : false
    }, {
      "id" : "s3-t16",
      "begin" : 388,
      "end" : 392,
      "text" : "week",
      "whiteSpace" : false
    }, {
      "id" : "s3-t17",
      "begin" : 392,
      "end" : 393,
      "text" : ".",
      "whiteSpace" : false
    } ]
  }, {
    "id" : "s4",
    "begin" : 394,
    "end" : 540,
    "text" : "He has been with this job for almost 2 years now but unfortunately, the business had to close due to COVID-19 and will remain closed indefinitely.",
    "tokens" : [ {
      "id" : "s4-t0",
      "begin" : 394,
      "end" : 396,
      "text" : "He",
      "whiteSpace" : false
    }, {
      "id" : "s4-t1",
      "begin" : 397,
      "end" : 400,
      "text" : "has",
      "whiteSpace" : false
    }, {
      "id" : "s4-t2",
      "begin" : 401,
      "end" : 405,
      "text" : "been",
      "whiteSpace" : false
    }, {
      "id" : "s4-t3",
      "begin" : 406,
      "end" : 410,
      "text" : "with",
      "whiteSpace" : false
    }, {
      "id" : "s4-t4",
      "begin" : 411,
      "end" : 415,
      "text" : "this",
      "whiteSpace" : false
    }, {
      "id" : "s4-t5",
      "begin" : 416,
      "end" : 419,
      "text" : "job",
      "whiteSpace" : false
    }, {
      "id" : "s4-t6",
      "begin" : 420,
      "end" : 423,
      "text" : "for",
      "whiteSpace" : false
    }, {
      "id" : "s4-t7",
      "begin" : 424,
      "end" : 430,
      "text" : "almost",
      "whiteSpace" : false
    }, {
      "id" : "s4-t8",
      "begin" : 431,
      "end" : 432,
      "text" : "2",
      "whiteSpace" : false
    }, {
      "id" : "s4-t9",
      "begin" : 433,
      "end" : 438,
      "text" : "years",
      "whiteSpace" : false
    }, {
      "id" : "s4-t10",
      "begin" : 439,
      "end" : 442,
      "text" : "now",
      "whiteSpace" : false
    }, {
      "id" : "s4-t11",
      "begin" : 443,
      "end" : 446,
      "text" : "but",
      "whiteSpace" : false
    }, {
      "id" : "s4-t12",
      "begin" : 447,
      "end" : 460,
      "text" : "unfortunately",
      "whiteSpace" : false
    }, {
      "id" : "s4-t13",
      "begin" : 460,
      "end" : 461,
      "text" : ",",
      "whiteSpace" : false
    }, {
      "id" : "s4-t14",
      "begin" : 462,
      "end" : 465,
      "text" : "the",
      "whiteSpace" : false
    }, {
      "id" : "s4-t15",
      "begin" : 466,
      "end" : 474,
      "text" : "business",
      "whiteSpace" : false
    }, {
      "id" : "s4-t16",
      "begin" : 475,
      "end" : 478,
      "text" : "had",
      "whiteSpace" : false
    }, {
      "id" : "s4-t17",
      "begin" : 479,
      "end" : 481,
      "text" : "to",
      "whiteSpace" : false
    }, {
      "id" : "s4-t18",
      "begin" : 482,
      "end" : 487,
      "text" : "close",
      "whiteSpace" : false
    }, {
      "id" : "s4-t19",
      "begin" : 488,
      "end" : 491,
      "text" : "due",
      "whiteSpace" : false
    }, {
      "id" : "s4-t20",
      "begin" : 492,
      "end" : 494,
      "text" : "to",
      "whiteSpace" : false
    }, {
      "id" : "s4-t21",
      "begin" : 495,
      "end" : 503,
      "text" : "COVID-19",
      "whiteSpace" : false
    }, {
      "id" : "s4-t22",
      "begin" : 504,
      "end" : 507,
      "text" : "and",
      "whiteSpace" : false
    }, {
      "id" : "s4-t23",
      "begin" : 508,
      "end" : 512,
      "text" : "will",
      "whiteSpace" : false
    }, {
      "id" : "s4-t24",
      "begin" : 513,
      "end" : 519,
      "text" : "remain",
      "whiteSpace" : false
    }, {
      "id" : "s4-t25",
      "begin" : 520,
      "end" : 526,
      "text" : "closed",
      "whiteSpace" : false
    }, {
      "id" : "s4-t26",
      "begin" : 527,
      "end" : 539,
      "text" : "indefinitely",
      "whiteSpace" : false
    }, {
      "id" : "s4-t27",
      "begin" : 539,
      "end" : 540,
      "text" : ".",
      "whiteSpace" : false
    } ]
  }, {
    "id" : "s5",
    "begin" : 541,
    "end" : 671,
    "text" : "\\n\\nWe have been trying to call the IDES office without luck so now we're just home during the lockdown, surviving on our savings.",
    "tokens" : [ {
      "id" : "s5-t0",
      "begin" : 541,
      "end" : 543,
      "text" : "\\n",
      "whiteSpace" : false
    }, {
      "id" : "s5-t1",
      "begin" : 543,
      "end" : 547,
      "text" : "\\nWe",
      "whiteSpace" : false
    }, {
      "id" : "s5-t2",
      "begin" : 548,
      "end" : 552,
      "text" : "have",
      "whiteSpace" : false
    }, {
      "id" : "s5-t3",
      "begin" : 553,
      "end" : 557,
      "text" : "been",
      "whiteSpace" : false
    }, {
      "id" : "s5-t4",
      "begin" : 558,
      "end" : 564,
      "text" : "trying",
      "whiteSpace" : false
    }, {
      "id" : "s5-t5",
      "begin" : 565,
      "end" : 567,
      "text" : "to",
      "whiteSpace" : false
    }, {
      "id" : "s5-t6",
      "begin" : 568,
      "end" : 572,
      "text" : "call",
      "whiteSpace" : false
    }, {
      "id" : "s5-t7",
      "begin" : 573,
      "end" : 576,
      "text" : "the",
      "whiteSpace" : false
    }, {
      "id" : "s5-t8",
      "begin" : 577,
      "end" : 581,
      "text" : "IDES",
      "whiteSpace" : false
    }, {
      "id" : "s5-t9",
      "begin" : 582,
      "end" : 588,
      "text" : "office",
      "whiteSpace" : false
    }, {
      "id" : "s5-t10",
      "begin" : 589,
      "end" : 596,
      "text" : "without",
      "whiteSpace" : false
    }, {
      "id" : "s5-t11",
      "begin" : 597,
      "end" : 601,
      "text" : "luck",
      "whiteSpace" : false
    }, {
      "id" : "s5-t12",
      "begin" : 602,
      "end" : 604,
      "text" : "so",
      "whiteSpace" : false
    }, {
      "id" : "s5-t13",
      "begin" : 605,
      "end" : 608,
      "text" : "now",
      "whiteSpace" : false
    }, {
      "id" : "s5-t14",
      "begin" : 609,
      "end" : 611,
      "text" : "we",
      "whiteSpace" : false
    }, {
      "id" : "s5-t15",
      "begin" : 611,
      "end" : 614,
      "text" : "'re",
      "whiteSpace" : false
    }, {
      "id" : "s5-t16",
      "begin" : 615,
      "end" : 619,
      "text" : "just",
      "whiteSpace" : false
    }, {
      "id" : "s5-t17",
      "begin" : 620,
      "end" : 624,
      "text" : "home",
      "whiteSpace" : false
    }, {
      "id" : "s5-t18",
      "begin" : 625,
      "end" : 631,
      "text" : "during",
      "whiteSpace" : false
    }, {
      "id" : "s5-t19",
      "begin" : 632,
      "end" : 635,
      "text" : "the",
      "whiteSpace" : false
    }, {
      "id" : "s5-t20",
      "begin" : 636,
      "end" : 644,
      "text" : "lockdown",
      "whiteSpace" : false
    }, {
      "id" : "s5-t21",
      "begin" : 644,
      "end" : 645,
      "text" : ",",
      "whiteSpace" : false
    }, {
      "id" : "s5-t22",
      "begin" : 646,
      "end" : 655,
      "text" : "surviving",
      "whiteSpace" : false
    }, {
      "id" : "s5-t23",
      "begin" : 656,
      "end" : 658,
      "text" : "on",
      "whiteSpace" : false
    }, {
      "id" : "s5-t24",
      "begin" : 659,
      "end" : 662,
      "text" : "our",
      "whiteSpace" : false
    }, {
      "id" : "s5-t25",
      "begin" : 663,
      "end" : 670,
      "text" : "savings",
      "whiteSpace" : false
    }, {
      "id" : "s5-t26",
      "begin" : 670,
      "end" : 671,
      "text" : ".",
      "whiteSpace" : false
    } ]
  }, {
    "id" : "s6",
    "begin" : 672,
    "end" : 700,
    "text" : "Is there anything we can do?",
    "tokens" : [ {
      "id" : "s6-t0",
      "begin" : 672,
      "end" : 674,
      "text" : "Is",
      "whiteSpace" : false
    }, {
      "id" : "s6-t1",
      "begin" : 675,
      "end" : 680,
      "text" : "there",
      "whiteSpace" : false
    }, {
      "id" : "s6-t2",
      "begin" : 681,
      "end" : 689,
      "text" : "anything",
      "whiteSpace" : false
    }, {
      "id" : "s6-t3",
      "begin" : 690,
      "end" : 692,
      "text" : "we",
      "whiteSpace" : false
    }, {
      "id" : "s6-t4",
      "begin" : 693,
      "end" : 696,
      "text" : "can",
      "whiteSpace" : false
    }, {
      "id" : "s6-t5",
      "begin" : 697,
      "end" : 699,
      "text" : "do",
      "whiteSpace" : false
    }, {
      "id" : "s6-t6",
      "begin" : 699,
      "end" : 700,
      "text" : "?",
      "whiteSpace" : false
    } ]
  }, {
    "id" : "s7",
    "begin" : 700,
    "end" : 774,
    "text" : "\",\n    \"subreddit\": \"chicago\",\n    \"created\": \"2020-03-28T04:35:35.000Z\"\n}",
    "tokens" : [ {
      "id" : "s7-t0",
      "begin" : 700,
      "end" : 701,
      "text" : "\"",
      "whiteSpace" : false
    }, {
      "id" : "s7-t1",
      "begin" : 701,
      "end" : 702,
      "text" : ",",
      "whiteSpace" : false
    }, {
      "id" : "s7-t2",
      "begin" : 707,
      "end" : 708,
      "text" : "\"",
      "whiteSpace" : false
    }, {
      "id" : "s7-t3",
      "begin" : 708,
      "end" : 717,
      "text" : "subreddit",
      "whiteSpace" : false
    }, {
      "id" : "s7-t4",
      "begin" : 717,
      "end" : 718,
      "text" : "\"",
      "whiteSpace" : false
    }, {
      "id" : "s7-t5",
      "begin" : 718,
      "end" : 719,
      "text" : ":",
      "whiteSpace" : false
    }, {
      "id" : "s7-t6",
      "begin" : 720,
      "end" : 721,
      "text" : "\"",
      "whiteSpace" : false
    }, {
      "id" : "s7-t7",
      "begin" : 721,
      "end" : 728,
      "text" : "chicago",
      "whiteSpace" : false
    }, {
      "id" : "s7-t8",
      "begin" : 728,
      "end" : 729,
      "text" : "\"",
      "whiteSpace" : false
    }, {
      "id" : "s7-t9",
      "begin" : 729,
      "end" : 730,
      "text" : ",",
      "whiteSpace" : false
    }, {
      "id" : "s7-t10",
      "begin" : 735,
      "end" : 736,
      "text" : "\"",
      "whiteSpace" : false
    }, {
      "id" : "s7-t11",
      "begin" : 736,
      "end" : 743,
      "text" : "created",
      "whiteSpace" : false
    }, {
      "id" : "s7-t12",
      "begin" : 743,
      "end" : 744,
      "text" : "\"",
      "whiteSpace" : false
    }, {
      "id" : "s7-t13",
      "begin" : 744,
      "end" : 745,
      "text" : ":",
      "whiteSpace" : false
    }, {
      "id" : "s7-t14",
      "begin" : 746,
      "end" : 747,
      "text" : "\"",
      "whiteSpace" : false
    }, {
      "id" : "s7-t15",
      "begin" : 747,
      "end" : 771,
      "text" : "2020-03-28T04:35:35.000Z",
      "whiteSpace" : false
    }, {
      "id" : "s7-t16",
      "begin" : 771,
      "end" : 772,
      "text" : "\"",
      "whiteSpace" : false
    }, {
      "id" : "s7-t17",
      "begin" : 773,
      "end" : 774,
      "text" : "}",
      "whiteSpace" : false
    } ]
  } ],
  "mentions" : [ {
    "id" : "s0-m1",
    "properties" : {
      "SIRE_MENTION_ROLE" : "Unemployed",
      "SIRE_ENTITY_SUBTYPE" : "NONE",
      "SIRE_MENTION_TYPE" : "NONE",
      "SIRE_MENTION_CLASS" : "SPC"
    },
    "type" : "Unemployed",
    "begin" : 47,
    "end" : 59,
    "inCoref" : false
  }, {
    "id" : "s0-m2",
    "properties" : {
      "SIRE_MENTION_ROLE" : "Unemployed",
      "SIRE_ENTITY_SUBTYPE" : "NONE",
      "SIRE_MENTION_TYPE" : "NONE",
      "SIRE_MENTION_CLASS" : "SPC"
    },
    "type" : "Unemployed",
    "begin" : 125,
    "end" : 137,
    "inCoref" : false
  }, {
    "id" : "s0-m3",
    "properties" : {
      "SIRE_MENTION_ROLE" : "Unemployed",
      "SIRE_ENTITY_SUBTYPE" : "NONE",
      "SIRE_MENTION_TYPE" : "NONE",
      "SIRE_MENTION_CLASS" : "SPC"
    },
    "type" : "Unemployed",
    "begin" : 148,
    "end" : 169,
    "inCoref" : false
  } ],
  "relations" : [ ],
  "corefs" : [ ],
  "typeResolved" : true,
  "userResolved" : false
}