{
  "id" : "70604390-9421-11ea-8323-e3108cdaa699-26",
  "name" : "chicago-doc-11.txt",
  "createdDate" : 0,
  "version" : 3,
  "text" : "{\n    \"title\": \"Salvage Title to a Rebuilt Title for a Vehicle That Is Older Than 8 Years\",\n    \"text\": \"I can't find a concrete answer but this is what I have found through some research but would love for someone who has experience with this to give me an answer. If a car is older than 8 years old, \\\"Vehicles more than 8 model years old shall not be required to complete a successful inspection required under Section 3-308.\\\" Can I just show up to the DMV with the salvage certificate and get the vehicle registered because the vehicle is older than 8 years? I'm sure someone here has registered a salvage title car that was older than 8 years.\",\n    \"subreddit\": \"chicago\",\n    \"created\": \"2020-04-07T03:21:18.000Z\"\n}",
  "docLength" : 0,
  "language" : "EN",
  "status" : "IN_PROGRESS",
  "modifiedDate" : 1589307600398,
  "documentSet" : [ ],
  "preannotation" : [ ],
  "sentences" : [ {
    "id" : "s0",
    "begin" : 0,
    "end" : 265,
    "text" : "{\n    \"title\": \"Salvage Title to a Rebuilt Title for a Vehicle That Is Older Than 8 Years\",\n    \"text\": \"I can't find a concrete answer but this is what I have found through some research but would love for someone who has experience with this to give me an answer.",
    "tokens" : [ {
      "id" : "s0-t0",
      "begin" : 0,
      "end" : 1,
      "text" : "{",
      "whiteSpace" : false
    }, {
      "id" : "s0-t1",
      "begin" : 6,
      "end" : 7,
      "text" : "\"",
      "whiteSpace" : false
    }, {
      "id" : "s0-t2",
      "begin" : 7,
      "end" : 12,
      "text" : "title",
      "whiteSpace" : false
    }, {
      "id" : "s0-t3",
      "begin" : 12,
      "end" : 13,
      "text" : "\"",
      "whiteSpace" : false
    }, {
      "id" : "s0-t4",
      "begin" : 13,
      "end" : 14,
      "text" : ":",
      "whiteSpace" : false
    }, {
      "id" : "s0-t5",
      "begin" : 15,
      "end" : 16,
      "text" : "\"",
      "whiteSpace" : false
    }, {
      "id" : "s0-t6",
      "begin" : 16,
      "end" : 23,
      "text" : "Salvage",
      "whiteSpace" : false
    }, {
      "id" : "s0-t7",
      "begin" : 24,
      "end" : 29,
      "text" : "Title",
      "whiteSpace" : false
    }, {
      "id" : "s0-t8",
      "begin" : 30,
      "end" : 32,
      "text" : "to",
      "whiteSpace" : false
    }, {
      "id" : "s0-t9",
      "begin" : 33,
      "end" : 34,
      "text" : "a",
      "whiteSpace" : false
    }, {
      "id" : "s0-t10",
      "begin" : 35,
      "end" : 42,
      "text" : "Rebuilt",
      "whiteSpace" : false
    }, {
      "id" : "s0-t11",
      "begin" : 43,
      "end" : 48,
      "text" : "Title",
      "whiteSpace" : false
    }, {
      "id" : "s0-t12",
      "begin" : 49,
      "end" : 52,
      "text" : "for",
      "whiteSpace" : false
    }, {
      "id" : "s0-t13",
      "begin" : 53,
      "end" : 54,
      "text" : "a",
      "whiteSpace" : false
    }, {
      "id" : "s0-t14",
      "begin" : 55,
      "end" : 62,
      "text" : "Vehicle",
      "whiteSpace" : false
    }, {
      "id" : "s0-t15",
      "begin" : 63,
      "end" : 67,
      "text" : "That",
      "whiteSpace" : false
    }, {
      "id" : "s0-t16",
      "begin" : 68,
      "end" : 70,
      "text" : "Is",
      "whiteSpace" : false
    }, {
      "id" : "s0-t17",
      "begin" : 71,
      "end" : 76,
      "text" : "Older",
      "whiteSpace" : false
    }, {
      "id" : "s0-t18",
      "begin" : 77,
      "end" : 81,
      "text" : "Than",
      "whiteSpace" : false
    }, {
      "id" : "s0-t19",
      "begin" : 82,
      "end" : 83,
      "text" : "8",
      "whiteSpace" : false
    }, {
      "id" : "s0-t20",
      "begin" : 84,
      "end" : 89,
      "text" : "Years",
      "whiteSpace" : false
    }, {
      "id" : "s0-t21",
      "begin" : 89,
      "end" : 90,
      "text" : "\"",
      "whiteSpace" : false
    }, {
      "id" : "s0-t22",
      "begin" : 90,
      "end" : 91,
      "text" : ",",
      "whiteSpace" : false
    }, {
      "id" : "s0-t23",
      "begin" : 96,
      "end" : 97,
      "text" : "\"",
      "whiteSpace" : false
    }, {
      "id" : "s0-t24",
      "begin" : 97,
      "end" : 101,
      "text" : "text",
      "whiteSpace" : false
    }, {
      "id" : "s0-t25",
      "begin" : 101,
      "end" : 102,
      "text" : "\"",
      "whiteSpace" : false
    }, {
      "id" : "s0-t26",
      "begin" : 102,
      "end" : 103,
      "text" : ":",
      "whiteSpace" : false
    }, {
      "id" : "s0-t27",
      "begin" : 104,
      "end" : 105,
      "text" : "\"",
      "whiteSpace" : false
    }, {
      "id" : "s0-t28",
      "begin" : 105,
      "end" : 106,
      "text" : "I",
      "whiteSpace" : false
    }, {
      "id" : "s0-t29",
      "begin" : 107,
      "end" : 109,
      "text" : "ca",
      "whiteSpace" : false
    }, {
      "id" : "s0-t30",
      "begin" : 109,
      "end" : 112,
      "text" : "n't",
      "whiteSpace" : false
    }, {
      "id" : "s0-t31",
      "begin" : 113,
      "end" : 117,
      "text" : "find",
      "whiteSpace" : false
    }, {
      "id" : "s0-t32",
      "begin" : 118,
      "end" : 119,
      "text" : "a",
      "whiteSpace" : false
    }, {
      "id" : "s0-t33",
      "begin" : 120,
      "end" : 128,
      "text" : "concrete",
      "whiteSpace" : false
    }, {
      "id" : "s0-t34",
      "begin" : 129,
      "end" : 135,
      "text" : "answer",
      "whiteSpace" : false
    }, {
      "id" : "s0-t35",
      "begin" : 136,
      "end" : 139,
      "text" : "but",
      "whiteSpace" : false
    }, {
      "id" : "s0-t36",
      "begin" : 140,
      "end" : 144,
      "text" : "this",
      "whiteSpace" : false
    }, {
      "id" : "s0-t37",
      "begin" : 145,
      "end" : 147,
      "text" : "is",
      "whiteSpace" : false
    }, {
      "id" : "s0-t38",
      "begin" : 148,
      "end" : 152,
      "text" : "what",
      "whiteSpace" : false
    }, {
      "id" : "s0-t39",
      "begin" : 153,
      "end" : 154,
      "text" : "I",
      "whiteSpace" : false
    }, {
      "id" : "s0-t40",
      "begin" : 155,
      "end" : 159,
      "text" : "have",
      "whiteSpace" : false
    }, {
      "id" : "s0-t41",
      "begin" : 160,
      "end" : 165,
      "text" : "found",
      "whiteSpace" : false
    }, {
      "id" : "s0-t42",
      "begin" : 166,
      "end" : 173,
      "text" : "through",
      "whiteSpace" : false
    }, {
      "id" : "s0-t43",
      "begin" : 174,
      "end" : 178,
      "text" : "some",
      "whiteSpace" : false
    }, {
      "id" : "s0-t44",
      "begin" : 179,
      "end" : 187,
      "text" : "research",
      "whiteSpace" : false
    }, {
      "id" : "s0-t45",
      "begin" : 188,
      "end" : 191,
      "text" : "but",
      "whiteSpace" : false
    }, {
      "id" : "s0-t46",
      "begin" : 192,
      "end" : 197,
      "text" : "would",
      "whiteSpace" : false
    }, {
      "id" : "s0-t47",
      "begin" : 198,
      "end" : 202,
      "text" : "love",
      "whiteSpace" : false
    }, {
      "id" : "s0-t48",
      "begin" : 203,
      "end" : 206,
      "text" : "for",
      "whiteSpace" : false
    }, {
      "id" : "s0-t49",
      "begin" : 207,
      "end" : 214,
      "text" : "someone",
      "whiteSpace" : false
    }, {
      "id" : "s0-t50",
      "begin" : 215,
      "end" : 218,
      "text" : "who",
      "whiteSpace" : false
    }, {
      "id" : "s0-t51",
      "begin" : 219,
      "end" : 222,
      "text" : "has",
      "whiteSpace" : false
    }, {
      "id" : "s0-t52",
      "begin" : 223,
      "end" : 233,
      "text" : "experience",
      "whiteSpace" : false
    }, {
      "id" : "s0-t53",
      "begin" : 234,
      "end" : 238,
      "text" : "with",
      "whiteSpace" : false
    }, {
      "id" : "s0-t54",
      "begin" : 239,
      "end" : 243,
      "text" : "this",
      "whiteSpace" : false
    }, {
      "id" : "s0-t55",
      "begin" : 244,
      "end" : 246,
      "text" : "to",
      "whiteSpace" : false
    }, {
      "id" : "s0-t56",
      "begin" : 247,
      "end" : 251,
      "text" : "give",
      "whiteSpace" : false
    }, {
      "id" : "s0-t57",
      "begin" : 252,
      "end" : 254,
      "text" : "me",
      "whiteSpace" : false
    }, {
      "id" : "s0-t58",
      "begin" : 255,
      "end" : 257,
      "text" : "an",
      "whiteSpace" : false
    }, {
      "id" : "s0-t59",
      "begin" : 258,
      "end" : 264,
      "text" : "answer",
      "whiteSpace" : false
    }, {
      "id" : "s0-t60",
      "begin" : 264,
      "end" : 265,
      "text" : ".",
      "whiteSpace" : false
    } ]
  }, {
    "id" : "s1",
    "begin" : 266,
    "end" : 428,
    "text" : "If a car is older than 8 years old, \\\"Vehicles more than 8 model years old shall not be required to complete a successful inspection required under Section 3-308.",
    "tokens" : [ {
      "id" : "s1-t0",
      "begin" : 266,
      "end" : 268,
      "text" : "If",
      "whiteSpace" : false
    }, {
      "id" : "s1-t1",
      "begin" : 269,
      "end" : 270,
      "text" : "a",
      "whiteSpace" : false
    }, {
      "id" : "s1-t2",
      "begin" : 271,
      "end" : 274,
      "text" : "car",
      "whiteSpace" : false
    }, {
      "id" : "s1-t3",
      "begin" : 275,
      "end" : 277,
      "text" : "is",
      "whiteSpace" : false
    }, {
      "id" : "s1-t4",
      "begin" : 278,
      "end" : 283,
      "text" : "older",
      "whiteSpace" : false
    }, {
      "id" : "s1-t5",
      "begin" : 284,
      "end" : 288,
      "text" : "than",
      "whiteSpace" : false
    }, {
      "id" : "s1-t6",
      "begin" : 289,
      "end" : 290,
      "text" : "8",
      "whiteSpace" : false
    }, {
      "id" : "s1-t7",
      "begin" : 291,
      "end" : 296,
      "text" : "years",
      "whiteSpace" : false
    }, {
      "id" : "s1-t8",
      "begin" : 297,
      "end" : 300,
      "text" : "old",
      "whiteSpace" : false
    }, {
      "id" : "s1-t9",
      "begin" : 300,
      "end" : 301,
      "text" : ",",
      "whiteSpace" : false
    }, {
      "id" : "s1-t10",
      "begin" : 302,
      "end" : 304,
      "text" : "\\\"",
      "whiteSpace" : false
    }, {
      "id" : "s1-t11",
      "begin" : 304,
      "end" : 312,
      "text" : "Vehicles",
      "whiteSpace" : false
    }, {
      "id" : "s1-t12",
      "begin" : 313,
      "end" : 317,
      "text" : "more",
      "whiteSpace" : false
    }, {
      "id" : "s1-t13",
      "begin" : 318,
      "end" : 322,
      "text" : "than",
      "whiteSpace" : false
    }, {
      "id" : "s1-t14",
      "begin" : 323,
      "end" : 324,
      "text" : "8",
      "whiteSpace" : false
    }, {
      "id" : "s1-t15",
      "begin" : 325,
      "end" : 330,
      "text" : "model",
      "whiteSpace" : false
    }, {
      "id" : "s1-t16",
      "begin" : 331,
      "end" : 336,
      "text" : "years",
      "whiteSpace" : false
    }, {
      "id" : "s1-t17",
      "begin" : 337,
      "end" : 340,
      "text" : "old",
      "whiteSpace" : false
    }, {
      "id" : "s1-t18",
      "begin" : 341,
      "end" : 346,
      "text" : "shall",
      "whiteSpace" : false
    }, {
      "id" : "s1-t19",
      "begin" : 347,
      "end" : 350,
      "text" : "not",
      "whiteSpace" : false
    }, {
      "id" : "s1-t20",
      "begin" : 351,
      "end" : 353,
      "text" : "be",
      "whiteSpace" : false
    }, {
      "id" : "s1-t21",
      "begin" : 354,
      "end" : 362,
      "text" : "required",
      "whiteSpace" : false
    }, {
      "id" : "s1-t22",
      "begin" : 363,
      "end" : 365,
      "text" : "to",
      "whiteSpace" : false
    }, {
      "id" : "s1-t23",
      "begin" : 366,
      "end" : 374,
      "text" : "complete",
      "whiteSpace" : false
    }, {
      "id" : "s1-t24",
      "begin" : 375,
      "end" : 376,
      "text" : "a",
      "whiteSpace" : false
    }, {
      "id" : "s1-t25",
      "begin" : 377,
      "end" : 387,
      "text" : "successful",
      "whiteSpace" : false
    }, {
      "id" : "s1-t26",
      "begin" : 388,
      "end" : 398,
      "text" : "inspection",
      "whiteSpace" : false
    }, {
      "id" : "s1-t27",
      "begin" : 399,
      "end" : 407,
      "text" : "required",
      "whiteSpace" : false
    }, {
      "id" : "s1-t28",
      "begin" : 408,
      "end" : 413,
      "text" : "under",
      "whiteSpace" : false
    }, {
      "id" : "s1-t29",
      "begin" : 414,
      "end" : 421,
      "text" : "Section",
      "whiteSpace" : false
    }, {
      "id" : "s1-t30",
      "begin" : 422,
      "end" : 427,
      "text" : "3-308",
      "whiteSpace" : false
    }, {
      "id" : "s1-t31",
      "begin" : 427,
      "end" : 428,
      "text" : ".",
      "whiteSpace" : false
    } ]
  }, {
    "id" : "s2",
    "begin" : 428,
    "end" : 563,
    "text" : "\\\" Can I just show up to the DMV with the salvage certificate and get the vehicle registered because the vehicle is older than 8 years?",
    "tokens" : [ {
      "id" : "s2-t0",
      "begin" : 428,
      "end" : 430,
      "text" : "\\\"",
      "whiteSpace" : false
    }, {
      "id" : "s2-t1",
      "begin" : 431,
      "end" : 434,
      "text" : "Can",
      "whiteSpace" : false
    }, {
      "id" : "s2-t2",
      "begin" : 435,
      "end" : 436,
      "text" : "I",
      "whiteSpace" : false
    }, {
      "id" : "s2-t3",
      "begin" : 437,
      "end" : 441,
      "text" : "just",
      "whiteSpace" : false
    }, {
      "id" : "s2-t4",
      "begin" : 442,
      "end" : 446,
      "text" : "show",
      "whiteSpace" : false
    }, {
      "id" : "s2-t5",
      "begin" : 447,
      "end" : 449,
      "text" : "up",
      "whiteSpace" : false
    }, {
      "id" : "s2-t6",
      "begin" : 450,
      "end" : 452,
      "text" : "to",
      "whiteSpace" : false
    }, {
      "id" : "s2-t7",
      "begin" : 453,
      "end" : 456,
      "text" : "the",
      "whiteSpace" : false
    }, {
      "id" : "s2-t8",
      "begin" : 457,
      "end" : 460,
      "text" : "DMV",
      "whiteSpace" : false
    }, {
      "id" : "s2-t9",
      "begin" : 461,
      "end" : 465,
      "text" : "with",
      "whiteSpace" : false
    }, {
      "id" : "s2-t10",
      "begin" : 466,
      "end" : 469,
      "text" : "the",
      "whiteSpace" : false
    }, {
      "id" : "s2-t11",
      "begin" : 470,
      "end" : 477,
      "text" : "salvage",
      "whiteSpace" : false
    }, {
      "id" : "s2-t12",
      "begin" : 478,
      "end" : 489,
      "text" : "certificate",
      "whiteSpace" : false
    }, {
      "id" : "s2-t13",
      "begin" : 490,
      "end" : 493,
      "text" : "and",
      "whiteSpace" : false
    }, {
      "id" : "s2-t14",
      "begin" : 494,
      "end" : 497,
      "text" : "get",
      "whiteSpace" : false
    }, {
      "id" : "s2-t15",
      "begin" : 498,
      "end" : 501,
      "text" : "the",
      "whiteSpace" : false
    }, {
      "id" : "s2-t16",
      "begin" : 502,
      "end" : 509,
      "text" : "vehicle",
      "whiteSpace" : false
    }, {
      "id" : "s2-t17",
      "begin" : 510,
      "end" : 520,
      "text" : "registered",
      "whiteSpace" : false
    }, {
      "id" : "s2-t18",
      "begin" : 521,
      "end" : 528,
      "text" : "because",
      "whiteSpace" : false
    }, {
      "id" : "s2-t19",
      "begin" : 529,
      "end" : 532,
      "text" : "the",
      "whiteSpace" : false
    }, {
      "id" : "s2-t20",
      "begin" : 533,
      "end" : 540,
      "text" : "vehicle",
      "whiteSpace" : false
    }, {
      "id" : "s2-t21",
      "begin" : 541,
      "end" : 543,
      "text" : "is",
      "whiteSpace" : false
    }, {
      "id" : "s2-t22",
      "begin" : 544,
      "end" : 549,
      "text" : "older",
      "whiteSpace" : false
    }, {
      "id" : "s2-t23",
      "begin" : 550,
      "end" : 554,
      "text" : "than",
      "whiteSpace" : false
    }, {
      "id" : "s2-t24",
      "begin" : 555,
      "end" : 556,
      "text" : "8",
      "whiteSpace" : false
    }, {
      "id" : "s2-t25",
      "begin" : 557,
      "end" : 562,
      "text" : "years",
      "whiteSpace" : false
    }, {
      "id" : "s2-t26",
      "begin" : 562,
      "end" : 563,
      "text" : "?",
      "whiteSpace" : false
    } ]
  }, {
    "id" : "s3",
    "begin" : 564,
    "end" : 649,
    "text" : "I'm sure someone here has registered a salvage title car that was older than 8 years.",
    "tokens" : [ {
      "id" : "s3-t0",
      "begin" : 564,
      "end" : 565,
      "text" : "I",
      "whiteSpace" : false
    }, {
      "id" : "s3-t1",
      "begin" : 565,
      "end" : 567,
      "text" : "'m",
      "whiteSpace" : false
    }, {
      "id" : "s3-t2",
      "begin" : 568,
      "end" : 572,
      "text" : "sure",
      "whiteSpace" : false
    }, {
      "id" : "s3-t3",
      "begin" : 573,
      "end" : 580,
      "text" : "someone",
      "whiteSpace" : false
    }, {
      "id" : "s3-t4",
      "begin" : 581,
      "end" : 585,
      "text" : "here",
      "whiteSpace" : false
    }, {
      "id" : "s3-t5",
      "begin" : 586,
      "end" : 589,
      "text" : "has",
      "whiteSpace" : false
    }, {
      "id" : "s3-t6",
      "begin" : 590,
      "end" : 600,
      "text" : "registered",
      "whiteSpace" : false
    }, {
      "id" : "s3-t7",
      "begin" : 601,
      "end" : 602,
      "text" : "a",
      "whiteSpace" : false
    }, {
      "id" : "s3-t8",
      "begin" : 603,
      "end" : 610,
      "text" : "salvage",
      "whiteSpace" : false
    }, {
      "id" : "s3-t9",
      "begin" : 611,
      "end" : 616,
      "text" : "title",
      "whiteSpace" : false
    }, {
      "id" : "s3-t10",
      "begin" : 617,
      "end" : 620,
      "text" : "car",
      "whiteSpace" : false
    }, {
      "id" : "s3-t11",
      "begin" : 621,
      "end" : 625,
      "text" : "that",
      "whiteSpace" : false
    }, {
      "id" : "s3-t12",
      "begin" : 626,
      "end" : 629,
      "text" : "was",
      "whiteSpace" : false
    }, {
      "id" : "s3-t13",
      "begin" : 630,
      "end" : 635,
      "text" : "older",
      "whiteSpace" : false
    }, {
      "id" : "s3-t14",
      "begin" : 636,
      "end" : 640,
      "text" : "than",
      "whiteSpace" : false
    }, {
      "id" : "s3-t15",
      "begin" : 641,
      "end" : 642,
      "text" : "8",
      "whiteSpace" : false
    }, {
      "id" : "s3-t16",
      "begin" : 643,
      "end" : 648,
      "text" : "years",
      "whiteSpace" : false
    }, {
      "id" : "s3-t17",
      "begin" : 648,
      "end" : 649,
      "text" : ".",
      "whiteSpace" : false
    } ]
  }, {
    "id" : "s4",
    "begin" : 649,
    "end" : 723,
    "text" : "\",\n    \"subreddit\": \"chicago\",\n    \"created\": \"2020-04-07T03:21:18.000Z\"\n}",
    "tokens" : [ {
      "id" : "s4-t0",
      "begin" : 649,
      "end" : 650,
      "text" : "\"",
      "whiteSpace" : false
    }, {
      "id" : "s4-t1",
      "begin" : 650,
      "end" : 651,
      "text" : ",",
      "whiteSpace" : false
    }, {
      "id" : "s4-t2",
      "begin" : 656,
      "end" : 657,
      "text" : "\"",
      "whiteSpace" : false
    }, {
      "id" : "s4-t3",
      "begin" : 657,
      "end" : 666,
      "text" : "subreddit",
      "whiteSpace" : false
    }, {
      "id" : "s4-t4",
      "begin" : 666,
      "end" : 667,
      "text" : "\"",
      "whiteSpace" : false
    }, {
      "id" : "s4-t5",
      "begin" : 667,
      "end" : 668,
      "text" : ":",
      "whiteSpace" : false
    }, {
      "id" : "s4-t6",
      "begin" : 669,
      "end" : 670,
      "text" : "\"",
      "whiteSpace" : false
    }, {
      "id" : "s4-t7",
      "begin" : 670,
      "end" : 677,
      "text" : "chicago",
      "whiteSpace" : false
    }, {
      "id" : "s4-t8",
      "begin" : 677,
      "end" : 678,
      "text" : "\"",
      "whiteSpace" : false
    }, {
      "id" : "s4-t9",
      "begin" : 678,
      "end" : 679,
      "text" : ",",
      "whiteSpace" : false
    }, {
      "id" : "s4-t10",
      "begin" : 684,
      "end" : 685,
      "text" : "\"",
      "whiteSpace" : false
    }, {
      "id" : "s4-t11",
      "begin" : 685,
      "end" : 692,
      "text" : "created",
      "whiteSpace" : false
    }, {
      "id" : "s4-t12",
      "begin" : 692,
      "end" : 693,
      "text" : "\"",
      "whiteSpace" : false
    }, {
      "id" : "s4-t13",
      "begin" : 693,
      "end" : 694,
      "text" : ":",
      "whiteSpace" : false
    }, {
      "id" : "s4-t14",
      "begin" : 695,
      "end" : 696,
      "text" : "\"",
      "whiteSpace" : false
    }, {
      "id" : "s4-t15",
      "begin" : 696,
      "end" : 720,
      "text" : "2020-04-07T03:21:18.000Z",
      "whiteSpace" : false
    }, {
      "id" : "s4-t16",
      "begin" : 720,
      "end" : 721,
      "text" : "\"",
      "whiteSpace" : false
    }, {
      "id" : "s4-t17",
      "begin" : 722,
      "end" : 723,
      "text" : "}",
      "whiteSpace" : false
    } ]
  } ],
  "mentions" : [ {
    "id" : "s0-m1",
    "properties" : {
      "SIRE_MENTION_ROLE" : "Car_Owner",
      "SIRE_ENTITY_SUBTYPE" : "NONE",
      "SIRE_MENTION_TYPE" : "NONE",
      "SIRE_MENTION_CLASS" : "SPC"
    },
    "type" : "Car_Owner",
    "begin" : 55,
    "end" : 62,
    "inCoref" : false
  }, {
    "id" : "s2-m1",
    "properties" : {
      "SIRE_MENTION_ROLE" : "Car_Owner",
      "SIRE_ENTITY_SUBTYPE" : "NONE",
      "SIRE_MENTION_TYPE" : "NONE",
      "SIRE_MENTION_CLASS" : "SPC"
    },
    "type" : "Car_Owner",
    "begin" : 457,
    "end" : 460,
    "inCoref" : false
  }, {
    "id" : "s2-m2",
    "properties" : {
      "SIRE_MENTION_ROLE" : "Car_Owner",
      "SIRE_ENTITY_SUBTYPE" : "NONE",
      "SIRE_MENTION_TYPE" : "NONE",
      "SIRE_MENTION_CLASS" : "SPC"
    },
    "type" : "Car_Owner",
    "begin" : 502,
    "end" : 509,
    "inCoref" : false
  }, {
    "id" : "s3-m1",
    "properties" : {
      "SIRE_MENTION_ROLE" : "Car_Owner",
      "SIRE_ENTITY_SUBTYPE" : "NONE",
      "SIRE_MENTION_TYPE" : "NONE",
      "SIRE_MENTION_CLASS" : "SPC"
    },
    "type" : "Car_Owner",
    "begin" : 617,
    "end" : 620,
    "inCoref" : false
  } ],
  "relations" : [ ],
  "corefs" : [ ],
  "typeResolved" : true,
  "userResolved" : false
}