{
  "id" : "70604390-9421-11ea-8323-e3108cdaa699-15",
  "name" : "chicago-doc-29.txt",
  "createdDate" : 0,
  "version" : 3,
  "text" : "{\n    \"title\": \"Unemployment quandary.\",\n    \"text\": \"I am a sole proprietor. I run a photo retouching “company” out of my home.  My clients see me as a business, and in fact I have an EIN.  But the fact of the matter is I'm just a dude who has a couple of clients at any given time. I’m basically a producer. I don’t do much of the retouching myself. I use freelancers.  \\n\\nLast year I did well, but I mainly worked from May to November. That’s just when the work came in.  It was lucrative but not consistent. \\n\\nThis year so far has been a wash. My main client from last year is a division of a major national retailer. The bulk of their work was photographed in the beginning of the year last year, and given to me starting in May. \\n\\nBut I have no idea if they'll be back with as much volume this year, or any work at all. I did one or two images for them in January.\\n\\nI don’t feel like I can call them in the middle of a pandemic looking for work. I know they’re all working from home.  It’s conceivable that they’re still shooting projects, working with their photographer remotely, but I don’t really know. \\n\\nI reluctantly looked at the Illinois form to apply for unemployment.  The first thing it asks is the name, address, and phone number of your previous employer.  The last thing I want is Illinois contacting my major client from last year and saying “The retouching company you used last year is seeking unemployment.”, especially if they had planned to start giving me work again in May. \\n\\nAnd are they even considered an employer? I know the newly announced relief package has some consideration for freelancers but I have no idea how it will work.\\n\\nI also don't know how it works in Illinois, but I was on unemployment once in NYC and you had to go to all these job sessions and track your attempts to find work and submit proof. How am I supposed to do all that now, on lockdown?  I don’t drive so a delivery gig is out.\\n\\nMy wife works at a children's hospital so it’s not like our household has no income, but the future is uncertain. I have no idea if she will be called to work on the front lines. God forbid something happens to her, or she brings the virus home because I’m over 50, overweight and have elevated blood pressure.\\n\\ntl;dr How does a small business sole proprietor get unemployment?\",\n    \"subreddit\": \"chicago\",\n    \"created\": \"2020-03-26T02:51:54.000Z\"\n}",
  "docLength" : 0,
  "language" : "EN",
  "status" : "IN_PROGRESS",
  "modifiedDate" : 1589306934385,
  "documentSet" : [ ],
  "preannotation" : [ ],
  "sentences" : [ {
    "id" : "s0",
    "begin" : 0,
    "end" : 38,
    "text" : "{\n    \"title\": \"Unemployment quandary.",
    "tokens" : [ {
      "id" : "s0-t0",
      "begin" : 0,
      "end" : 1,
      "text" : "{",
      "whiteSpace" : false
    }, {
      "id" : "s0-t1",
      "begin" : 6,
      "end" : 7,
      "text" : "\"",
      "whiteSpace" : false
    }, {
      "id" : "s0-t2",
      "begin" : 7,
      "end" : 12,
      "text" : "title",
      "whiteSpace" : false
    }, {
      "id" : "s0-t3",
      "begin" : 12,
      "end" : 13,
      "text" : "\"",
      "whiteSpace" : false
    }, {
      "id" : "s0-t4",
      "begin" : 13,
      "end" : 14,
      "text" : ":",
      "whiteSpace" : false
    }, {
      "id" : "s0-t5",
      "begin" : 15,
      "end" : 16,
      "text" : "\"",
      "whiteSpace" : false
    }, {
      "id" : "s0-t6",
      "begin" : 16,
      "end" : 28,
      "text" : "Unemployment",
      "whiteSpace" : false
    }, {
      "id" : "s0-t7",
      "begin" : 29,
      "end" : 37,
      "text" : "quandary",
      "whiteSpace" : false
    }, {
      "id" : "s0-t8",
      "begin" : 37,
      "end" : 38,
      "text" : ".",
      "whiteSpace" : false
    } ]
  }, {
    "id" : "s1",
    "begin" : 38,
    "end" : 77,
    "text" : "\",\n    \"text\": \"I am a sole proprietor.",
    "tokens" : [ {
      "id" : "s1-t0",
      "begin" : 38,
      "end" : 39,
      "text" : "\"",
      "whiteSpace" : false
    }, {
      "id" : "s1-t1",
      "begin" : 39,
      "end" : 40,
      "text" : ",",
      "whiteSpace" : false
    }, {
      "id" : "s1-t2",
      "begin" : 45,
      "end" : 46,
      "text" : "\"",
      "whiteSpace" : false
    }, {
      "id" : "s1-t3",
      "begin" : 46,
      "end" : 50,
      "text" : "text",
      "whiteSpace" : false
    }, {
      "id" : "s1-t4",
      "begin" : 50,
      "end" : 51,
      "text" : "\"",
      "whiteSpace" : false
    }, {
      "id" : "s1-t5",
      "begin" : 51,
      "end" : 52,
      "text" : ":",
      "whiteSpace" : false
    }, {
      "id" : "s1-t6",
      "begin" : 53,
      "end" : 54,
      "text" : "\"",
      "whiteSpace" : false
    }, {
      "id" : "s1-t7",
      "begin" : 54,
      "end" : 55,
      "text" : "I",
      "whiteSpace" : false
    }, {
      "id" : "s1-t8",
      "begin" : 56,
      "end" : 58,
      "text" : "am",
      "whiteSpace" : false
    }, {
      "id" : "s1-t9",
      "begin" : 59,
      "end" : 60,
      "text" : "a",
      "whiteSpace" : false
    }, {
      "id" : "s1-t10",
      "begin" : 61,
      "end" : 65,
      "text" : "sole",
      "whiteSpace" : false
    }, {
      "id" : "s1-t11",
      "begin" : 66,
      "end" : 76,
      "text" : "proprietor",
      "whiteSpace" : false
    }, {
      "id" : "s1-t12",
      "begin" : 76,
      "end" : 77,
      "text" : ".",
      "whiteSpace" : false
    } ]
  }, {
    "id" : "s2",
    "begin" : 78,
    "end" : 128,
    "text" : "I run a photo retouching “company” out of my home.",
    "tokens" : [ {
      "id" : "s2-t0",
      "begin" : 78,
      "end" : 79,
      "text" : "I",
      "whiteSpace" : false
    }, {
      "id" : "s2-t1",
      "begin" : 80,
      "end" : 83,
      "text" : "run",
      "whiteSpace" : false
    }, {
      "id" : "s2-t2",
      "begin" : 84,
      "end" : 85,
      "text" : "a",
      "whiteSpace" : false
    }, {
      "id" : "s2-t3",
      "begin" : 86,
      "end" : 91,
      "text" : "photo",
      "whiteSpace" : false
    }, {
      "id" : "s2-t4",
      "begin" : 92,
      "end" : 102,
      "text" : "retouching",
      "whiteSpace" : false
    }, {
      "id" : "s2-t5",
      "begin" : 103,
      "end" : 104,
      "text" : "“",
      "whiteSpace" : false
    }, {
      "id" : "s2-t6",
      "begin" : 104,
      "end" : 111,
      "text" : "company",
      "whiteSpace" : false
    }, {
      "id" : "s2-t7",
      "begin" : 111,
      "end" : 112,
      "text" : "”",
      "whiteSpace" : false
    }, {
      "id" : "s2-t8",
      "begin" : 113,
      "end" : 116,
      "text" : "out",
      "whiteSpace" : false
    }, {
      "id" : "s2-t9",
      "begin" : 117,
      "end" : 119,
      "text" : "of",
      "whiteSpace" : false
    }, {
      "id" : "s2-t10",
      "begin" : 120,
      "end" : 122,
      "text" : "my",
      "whiteSpace" : false
    }, {
      "id" : "s2-t11",
      "begin" : 123,
      "end" : 127,
      "text" : "home",
      "whiteSpace" : false
    }, {
      "id" : "s2-t12",
      "begin" : 127,
      "end" : 128,
      "text" : ".",
      "whiteSpace" : false
    } ]
  }, {
    "id" : "s3",
    "begin" : 130,
    "end" : 189,
    "text" : "My clients see me as a business, and in fact I have an EIN.",
    "tokens" : [ {
      "id" : "s3-t0",
      "begin" : 130,
      "end" : 132,
      "text" : "My",
      "whiteSpace" : false
    }, {
      "id" : "s3-t1",
      "begin" : 133,
      "end" : 140,
      "text" : "clients",
      "whiteSpace" : false
    }, {
      "id" : "s3-t2",
      "begin" : 141,
      "end" : 144,
      "text" : "see",
      "whiteSpace" : false
    }, {
      "id" : "s3-t3",
      "begin" : 145,
      "end" : 147,
      "text" : "me",
      "whiteSpace" : false
    }, {
      "id" : "s3-t4",
      "begin" : 148,
      "end" : 150,
      "text" : "as",
      "whiteSpace" : false
    }, {
      "id" : "s3-t5",
      "begin" : 151,
      "end" : 152,
      "text" : "a",
      "whiteSpace" : false
    }, {
      "id" : "s3-t6",
      "begin" : 153,
      "end" : 161,
      "text" : "business",
      "whiteSpace" : false
    }, {
      "id" : "s3-t7",
      "begin" : 161,
      "end" : 162,
      "text" : ",",
      "whiteSpace" : false
    }, {
      "id" : "s3-t8",
      "begin" : 163,
      "end" : 166,
      "text" : "and",
      "whiteSpace" : false
    }, {
      "id" : "s3-t9",
      "begin" : 167,
      "end" : 169,
      "text" : "in",
      "whiteSpace" : false
    }, {
      "id" : "s3-t10",
      "begin" : 170,
      "end" : 174,
      "text" : "fact",
      "whiteSpace" : false
    }, {
      "id" : "s3-t11",
      "begin" : 175,
      "end" : 176,
      "text" : "I",
      "whiteSpace" : false
    }, {
      "id" : "s3-t12",
      "begin" : 177,
      "end" : 181,
      "text" : "have",
      "whiteSpace" : false
    }, {
      "id" : "s3-t13",
      "begin" : 182,
      "end" : 184,
      "text" : "an",
      "whiteSpace" : false
    }, {
      "id" : "s3-t14",
      "begin" : 185,
      "end" : 188,
      "text" : "EIN",
      "whiteSpace" : false
    }, {
      "id" : "s3-t15",
      "begin" : 188,
      "end" : 189,
      "text" : ".",
      "whiteSpace" : false
    } ]
  }, {
    "id" : "s4",
    "begin" : 191,
    "end" : 283,
    "text" : "But the fact of the matter is I'm just a dude who has a couple of clients at any given time.",
    "tokens" : [ {
      "id" : "s4-t0",
      "begin" : 191,
      "end" : 194,
      "text" : "But",
      "whiteSpace" : false
    }, {
      "id" : "s4-t1",
      "begin" : 195,
      "end" : 198,
      "text" : "the",
      "whiteSpace" : false
    }, {
      "id" : "s4-t2",
      "begin" : 199,
      "end" : 203,
      "text" : "fact",
      "whiteSpace" : false
    }, {
      "id" : "s4-t3",
      "begin" : 204,
      "end" : 206,
      "text" : "of",
      "whiteSpace" : false
    }, {
      "id" : "s4-t4",
      "begin" : 207,
      "end" : 210,
      "text" : "the",
      "whiteSpace" : false
    }, {
      "id" : "s4-t5",
      "begin" : 211,
      "end" : 217,
      "text" : "matter",
      "whiteSpace" : false
    }, {
      "id" : "s4-t6",
      "begin" : 218,
      "end" : 220,
      "text" : "is",
      "whiteSpace" : false
    }, {
      "id" : "s4-t7",
      "begin" : 221,
      "end" : 222,
      "text" : "I",
      "whiteSpace" : false
    }, {
      "id" : "s4-t8",
      "begin" : 222,
      "end" : 224,
      "text" : "'m",
      "whiteSpace" : false
    }, {
      "id" : "s4-t9",
      "begin" : 225,
      "end" : 229,
      "text" : "just",
      "whiteSpace" : false
    }, {
      "id" : "s4-t10",
      "begin" : 230,
      "end" : 231,
      "text" : "a",
      "whiteSpace" : false
    }, {
      "id" : "s4-t11",
      "begin" : 232,
      "end" : 236,
      "text" : "dude",
      "whiteSpace" : false
    }, {
      "id" : "s4-t12",
      "begin" : 237,
      "end" : 240,
      "text" : "who",
      "whiteSpace" : false
    }, {
      "id" : "s4-t13",
      "begin" : 241,
      "end" : 244,
      "text" : "has",
      "whiteSpace" : false
    }, {
      "id" : "s4-t14",
      "begin" : 245,
      "end" : 246,
      "text" : "a",
      "whiteSpace" : false
    }, {
      "id" : "s4-t15",
      "begin" : 247,
      "end" : 253,
      "text" : "couple",
      "whiteSpace" : false
    }, {
      "id" : "s4-t16",
      "begin" : 254,
      "end" : 256,
      "text" : "of",
      "whiteSpace" : false
    }, {
      "id" : "s4-t17",
      "begin" : 257,
      "end" : 264,
      "text" : "clients",
      "whiteSpace" : false
    }, {
      "id" : "s4-t18",
      "begin" : 265,
      "end" : 267,
      "text" : "at",
      "whiteSpace" : false
    }, {
      "id" : "s4-t19",
      "begin" : 268,
      "end" : 271,
      "text" : "any",
      "whiteSpace" : false
    }, {
      "id" : "s4-t20",
      "begin" : 272,
      "end" : 277,
      "text" : "given",
      "whiteSpace" : false
    }, {
      "id" : "s4-t21",
      "begin" : 278,
      "end" : 282,
      "text" : "time",
      "whiteSpace" : false
    }, {
      "id" : "s4-t22",
      "begin" : 282,
      "end" : 283,
      "text" : ".",
      "whiteSpace" : false
    } ]
  }, {
    "id" : "s5",
    "begin" : 284,
    "end" : 309,
    "text" : "I’m basically a producer.",
    "tokens" : [ {
      "id" : "s5-t0",
      "begin" : 284,
      "end" : 285,
      "text" : "I",
      "whiteSpace" : false
    }, {
      "id" : "s5-t1",
      "begin" : 285,
      "end" : 287,
      "text" : "’m",
      "whiteSpace" : false
    }, {
      "id" : "s5-t2",
      "begin" : 288,
      "end" : 297,
      "text" : "basically",
      "whiteSpace" : false
    }, {
      "id" : "s5-t3",
      "begin" : 298,
      "end" : 299,
      "text" : "a",
      "whiteSpace" : false
    }, {
      "id" : "s5-t4",
      "begin" : 300,
      "end" : 308,
      "text" : "producer",
      "whiteSpace" : false
    }, {
      "id" : "s5-t5",
      "begin" : 308,
      "end" : 309,
      "text" : ".",
      "whiteSpace" : false
    } ]
  }, {
    "id" : "s6",
    "begin" : 310,
    "end" : 351,
    "text" : "I don’t do much of the retouching myself.",
    "tokens" : [ {
      "id" : "s6-t0",
      "begin" : 310,
      "end" : 311,
      "text" : "I",
      "whiteSpace" : false
    }, {
      "id" : "s6-t1",
      "begin" : 312,
      "end" : 314,
      "text" : "do",
      "whiteSpace" : false
    }, {
      "id" : "s6-t2",
      "begin" : 314,
      "end" : 317,
      "text" : "n’t",
      "whiteSpace" : false
    }, {
      "id" : "s6-t3",
      "begin" : 318,
      "end" : 320,
      "text" : "do",
      "whiteSpace" : false
    }, {
      "id" : "s6-t4",
      "begin" : 321,
      "end" : 325,
      "text" : "much",
      "whiteSpace" : false
    }, {
      "id" : "s6-t5",
      "begin" : 326,
      "end" : 328,
      "text" : "of",
      "whiteSpace" : false
    }, {
      "id" : "s6-t6",
      "begin" : 329,
      "end" : 332,
      "text" : "the",
      "whiteSpace" : false
    }, {
      "id" : "s6-t7",
      "begin" : 333,
      "end" : 343,
      "text" : "retouching",
      "whiteSpace" : false
    }, {
      "id" : "s6-t8",
      "begin" : 344,
      "end" : 350,
      "text" : "myself",
      "whiteSpace" : false
    }, {
      "id" : "s6-t9",
      "begin" : 350,
      "end" : 351,
      "text" : ".",
      "whiteSpace" : false
    } ]
  }, {
    "id" : "s7",
    "begin" : 352,
    "end" : 370,
    "text" : "I use freelancers.",
    "tokens" : [ {
      "id" : "s7-t0",
      "begin" : 352,
      "end" : 353,
      "text" : "I",
      "whiteSpace" : false
    }, {
      "id" : "s7-t1",
      "begin" : 354,
      "end" : 357,
      "text" : "use",
      "whiteSpace" : false
    }, {
      "id" : "s7-t2",
      "begin" : 358,
      "end" : 369,
      "text" : "freelancers",
      "whiteSpace" : false
    }, {
      "id" : "s7-t3",
      "begin" : 369,
      "end" : 370,
      "text" : ".",
      "whiteSpace" : false
    } ]
  }, {
    "id" : "s8",
    "begin" : 372,
    "end" : 439,
    "text" : "\\n\\nLast year I did well, but I mainly worked from May to November.",
    "tokens" : [ {
      "id" : "s8-t0",
      "begin" : 372,
      "end" : 374,
      "text" : "\\n",
      "whiteSpace" : false
    }, {
      "id" : "s8-t1",
      "begin" : 374,
      "end" : 380,
      "text" : "\\nLast",
      "whiteSpace" : false
    }, {
      "id" : "s8-t2",
      "begin" : 381,
      "end" : 385,
      "text" : "year",
      "whiteSpace" : false
    }, {
      "id" : "s8-t3",
      "begin" : 386,
      "end" : 387,
      "text" : "I",
      "whiteSpace" : false
    }, {
      "id" : "s8-t4",
      "begin" : 388,
      "end" : 391,
      "text" : "did",
      "whiteSpace" : false
    }, {
      "id" : "s8-t5",
      "begin" : 392,
      "end" : 396,
      "text" : "well",
      "whiteSpace" : false
    }, {
      "id" : "s8-t6",
      "begin" : 396,
      "end" : 397,
      "text" : ",",
      "whiteSpace" : false
    }, {
      "id" : "s8-t7",
      "begin" : 398,
      "end" : 401,
      "text" : "but",
      "whiteSpace" : false
    }, {
      "id" : "s8-t8",
      "begin" : 402,
      "end" : 403,
      "text" : "I",
      "whiteSpace" : false
    }, {
      "id" : "s8-t9",
      "begin" : 404,
      "end" : 410,
      "text" : "mainly",
      "whiteSpace" : false
    }, {
      "id" : "s8-t10",
      "begin" : 411,
      "end" : 417,
      "text" : "worked",
      "whiteSpace" : false
    }, {
      "id" : "s8-t11",
      "begin" : 418,
      "end" : 422,
      "text" : "from",
      "whiteSpace" : false
    }, {
      "id" : "s8-t12",
      "begin" : 423,
      "end" : 426,
      "text" : "May",
      "whiteSpace" : false
    }, {
      "id" : "s8-t13",
      "begin" : 427,
      "end" : 429,
      "text" : "to",
      "whiteSpace" : false
    }, {
      "id" : "s8-t14",
      "begin" : 430,
      "end" : 438,
      "text" : "November",
      "whiteSpace" : false
    }, {
      "id" : "s8-t15",
      "begin" : 438,
      "end" : 439,
      "text" : ".",
      "whiteSpace" : false
    } ]
  }, {
    "id" : "s9",
    "begin" : 440,
    "end" : 474,
    "text" : "That’s just when the work came in.",
    "tokens" : [ {
      "id" : "s9-t0",
      "begin" : 440,
      "end" : 444,
      "text" : "That",
      "whiteSpace" : false
    }, {
      "id" : "s9-t1",
      "begin" : 444,
      "end" : 446,
      "text" : "’s",
      "whiteSpace" : false
    }, {
      "id" : "s9-t2",
      "begin" : 447,
      "end" : 451,
      "text" : "just",
      "whiteSpace" : false
    }, {
      "id" : "s9-t3",
      "begin" : 452,
      "end" : 456,
      "text" : "when",
      "whiteSpace" : false
    }, {
      "id" : "s9-t4",
      "begin" : 457,
      "end" : 460,
      "text" : "the",
      "whiteSpace" : false
    }, {
      "id" : "s9-t5",
      "begin" : 461,
      "end" : 465,
      "text" : "work",
      "whiteSpace" : false
    }, {
      "id" : "s9-t6",
      "begin" : 466,
      "end" : 470,
      "text" : "came",
      "whiteSpace" : false
    }, {
      "id" : "s9-t7",
      "begin" : 471,
      "end" : 473,
      "text" : "in",
      "whiteSpace" : false
    }, {
      "id" : "s9-t8",
      "begin" : 473,
      "end" : 474,
      "text" : ".",
      "whiteSpace" : false
    } ]
  }, {
    "id" : "s10",
    "begin" : 476,
    "end" : 512,
    "text" : "It was lucrative but not consistent.",
    "tokens" : [ {
      "id" : "s10-t0",
      "begin" : 476,
      "end" : 478,
      "text" : "It",
      "whiteSpace" : false
    }, {
      "id" : "s10-t1",
      "begin" : 479,
      "end" : 482,
      "text" : "was",
      "whiteSpace" : false
    }, {
      "id" : "s10-t2",
      "begin" : 483,
      "end" : 492,
      "text" : "lucrative",
      "whiteSpace" : false
    }, {
      "id" : "s10-t3",
      "begin" : 493,
      "end" : 496,
      "text" : "but",
      "whiteSpace" : false
    }, {
      "id" : "s10-t4",
      "begin" : 497,
      "end" : 500,
      "text" : "not",
      "whiteSpace" : false
    }, {
      "id" : "s10-t5",
      "begin" : 501,
      "end" : 511,
      "text" : "consistent",
      "whiteSpace" : false
    }, {
      "id" : "s10-t6",
      "begin" : 511,
      "end" : 512,
      "text" : ".",
      "whiteSpace" : false
    } ]
  }, {
    "id" : "s11",
    "begin" : 513,
    "end" : 550,
    "text" : "\\n\\nThis year so far has been a wash.",
    "tokens" : [ {
      "id" : "s11-t0",
      "begin" : 513,
      "end" : 515,
      "text" : "\\n",
      "whiteSpace" : false
    }, {
      "id" : "s11-t1",
      "begin" : 515,
      "end" : 521,
      "text" : "\\nThis",
      "whiteSpace" : false
    }, {
      "id" : "s11-t2",
      "begin" : 522,
      "end" : 526,
      "text" : "year",
      "whiteSpace" : false
    }, {
      "id" : "s11-t3",
      "begin" : 527,
      "end" : 529,
      "text" : "so",
      "whiteSpace" : false
    }, {
      "id" : "s11-t4",
      "begin" : 530,
      "end" : 533,
      "text" : "far",
      "whiteSpace" : false
    }, {
      "id" : "s11-t5",
      "begin" : 534,
      "end" : 537,
      "text" : "has",
      "whiteSpace" : false
    }, {
      "id" : "s11-t6",
      "begin" : 538,
      "end" : 542,
      "text" : "been",
      "whiteSpace" : false
    }, {
      "id" : "s11-t7",
      "begin" : 543,
      "end" : 544,
      "text" : "a",
      "whiteSpace" : false
    }, {
      "id" : "s11-t8",
      "begin" : 545,
      "end" : 549,
      "text" : "wash",
      "whiteSpace" : false
    }, {
      "id" : "s11-t9",
      "begin" : 549,
      "end" : 550,
      "text" : ".",
      "whiteSpace" : false
    } ]
  }, {
    "id" : "s12",
    "begin" : 551,
    "end" : 624,
    "text" : "My main client from last year is a division of a major national retailer.",
    "tokens" : [ {
      "id" : "s12-t0",
      "begin" : 551,
      "end" : 553,
      "text" : "My",
      "whiteSpace" : false
    }, {
      "id" : "s12-t1",
      "begin" : 554,
      "end" : 558,
      "text" : "main",
      "whiteSpace" : false
    }, {
      "id" : "s12-t2",
      "begin" : 559,
      "end" : 565,
      "text" : "client",
      "whiteSpace" : false
    }, {
      "id" : "s12-t3",
      "begin" : 566,
      "end" : 570,
      "text" : "from",
      "whiteSpace" : false
    }, {
      "id" : "s12-t4",
      "begin" : 571,
      "end" : 575,
      "text" : "last",
      "whiteSpace" : false
    }, {
      "id" : "s12-t5",
      "begin" : 576,
      "end" : 580,
      "text" : "year",
      "whiteSpace" : false
    }, {
      "id" : "s12-t6",
      "begin" : 581,
      "end" : 583,
      "text" : "is",
      "whiteSpace" : false
    }, {
      "id" : "s12-t7",
      "begin" : 584,
      "end" : 585,
      "text" : "a",
      "whiteSpace" : false
    }, {
      "id" : "s12-t8",
      "begin" : 586,
      "end" : 594,
      "text" : "division",
      "whiteSpace" : false
    }, {
      "id" : "s12-t9",
      "begin" : 595,
      "end" : 597,
      "text" : "of",
      "whiteSpace" : false
    }, {
      "id" : "s12-t10",
      "begin" : 598,
      "end" : 599,
      "text" : "a",
      "whiteSpace" : false
    }, {
      "id" : "s12-t11",
      "begin" : 600,
      "end" : 605,
      "text" : "major",
      "whiteSpace" : false
    }, {
      "id" : "s12-t12",
      "begin" : 606,
      "end" : 614,
      "text" : "national",
      "whiteSpace" : false
    }, {
      "id" : "s12-t13",
      "begin" : 615,
      "end" : 623,
      "text" : "retailer",
      "whiteSpace" : false
    }, {
      "id" : "s12-t14",
      "begin" : 623,
      "end" : 624,
      "text" : ".",
      "whiteSpace" : false
    } ]
  }, {
    "id" : "s13",
    "begin" : 625,
    "end" : 737,
    "text" : "The bulk of their work was photographed in the beginning of the year last year, and given to me starting in May.",
    "tokens" : [ {
      "id" : "s13-t0",
      "begin" : 625,
      "end" : 628,
      "text" : "The",
      "whiteSpace" : false
    }, {
      "id" : "s13-t1",
      "begin" : 629,
      "end" : 633,
      "text" : "bulk",
      "whiteSpace" : false
    }, {
      "id" : "s13-t2",
      "begin" : 634,
      "end" : 636,
      "text" : "of",
      "whiteSpace" : false
    }, {
      "id" : "s13-t3",
      "begin" : 637,
      "end" : 642,
      "text" : "their",
      "whiteSpace" : false
    }, {
      "id" : "s13-t4",
      "begin" : 643,
      "end" : 647,
      "text" : "work",
      "whiteSpace" : false
    }, {
      "id" : "s13-t5",
      "begin" : 648,
      "end" : 651,
      "text" : "was",
      "whiteSpace" : false
    }, {
      "id" : "s13-t6",
      "begin" : 652,
      "end" : 664,
      "text" : "photographed",
      "whiteSpace" : false
    }, {
      "id" : "s13-t7",
      "begin" : 665,
      "end" : 667,
      "text" : "in",
      "whiteSpace" : false
    }, {
      "id" : "s13-t8",
      "begin" : 668,
      "end" : 671,
      "text" : "the",
      "whiteSpace" : false
    }, {
      "id" : "s13-t9",
      "begin" : 672,
      "end" : 681,
      "text" : "beginning",
      "whiteSpace" : false
    }, {
      "id" : "s13-t10",
      "begin" : 682,
      "end" : 684,
      "text" : "of",
      "whiteSpace" : false
    }, {
      "id" : "s13-t11",
      "begin" : 685,
      "end" : 688,
      "text" : "the",
      "whiteSpace" : false
    }, {
      "id" : "s13-t12",
      "begin" : 689,
      "end" : 693,
      "text" : "year",
      "whiteSpace" : false
    }, {
      "id" : "s13-t13",
      "begin" : 694,
      "end" : 698,
      "text" : "last",
      "whiteSpace" : false
    }, {
      "id" : "s13-t14",
      "begin" : 699,
      "end" : 703,
      "text" : "year",
      "whiteSpace" : false
    }, {
      "id" : "s13-t15",
      "begin" : 703,
      "end" : 704,
      "text" : ",",
      "whiteSpace" : false
    }, {
      "id" : "s13-t16",
      "begin" : 705,
      "end" : 708,
      "text" : "and",
      "whiteSpace" : false
    }, {
      "id" : "s13-t17",
      "begin" : 709,
      "end" : 714,
      "text" : "given",
      "whiteSpace" : false
    }, {
      "id" : "s13-t18",
      "begin" : 715,
      "end" : 717,
      "text" : "to",
      "whiteSpace" : false
    }, {
      "id" : "s13-t19",
      "begin" : 718,
      "end" : 720,
      "text" : "me",
      "whiteSpace" : false
    }, {
      "id" : "s13-t20",
      "begin" : 721,
      "end" : 729,
      "text" : "starting",
      "whiteSpace" : false
    }, {
      "id" : "s13-t21",
      "begin" : 730,
      "end" : 732,
      "text" : "in",
      "whiteSpace" : false
    }, {
      "id" : "s13-t22",
      "begin" : 733,
      "end" : 736,
      "text" : "May",
      "whiteSpace" : false
    }, {
      "id" : "s13-t23",
      "begin" : 736,
      "end" : 737,
      "text" : ".",
      "whiteSpace" : false
    } ]
  }, {
    "id" : "s14",
    "begin" : 738,
    "end" : 830,
    "text" : "\\n\\nBut I have no idea if they'll be back with as much volume this year, or any work at all.",
    "tokens" : [ {
      "id" : "s14-t0",
      "begin" : 738,
      "end" : 740,
      "text" : "\\n",
      "whiteSpace" : false
    }, {
      "id" : "s14-t1",
      "begin" : 740,
      "end" : 745,
      "text" : "\\nBut",
      "whiteSpace" : false
    }, {
      "id" : "s14-t2",
      "begin" : 746,
      "end" : 747,
      "text" : "I",
      "whiteSpace" : false
    }, {
      "id" : "s14-t3",
      "begin" : 748,
      "end" : 752,
      "text" : "have",
      "whiteSpace" : false
    }, {
      "id" : "s14-t4",
      "begin" : 753,
      "end" : 755,
      "text" : "no",
      "whiteSpace" : false
    }, {
      "id" : "s14-t5",
      "begin" : 756,
      "end" : 760,
      "text" : "idea",
      "whiteSpace" : false
    }, {
      "id" : "s14-t6",
      "begin" : 761,
      "end" : 763,
      "text" : "if",
      "whiteSpace" : false
    }, {
      "id" : "s14-t7",
      "begin" : 764,
      "end" : 768,
      "text" : "they",
      "whiteSpace" : false
    }, {
      "id" : "s14-t8",
      "begin" : 768,
      "end" : 771,
      "text" : "'ll",
      "whiteSpace" : false
    }, {
      "id" : "s14-t9",
      "begin" : 772,
      "end" : 774,
      "text" : "be",
      "whiteSpace" : false
    }, {
      "id" : "s14-t10",
      "begin" : 775,
      "end" : 779,
      "text" : "back",
      "whiteSpace" : false
    }, {
      "id" : "s14-t11",
      "begin" : 780,
      "end" : 784,
      "text" : "with",
      "whiteSpace" : false
    }, {
      "id" : "s14-t12",
      "begin" : 785,
      "end" : 787,
      "text" : "as",
      "whiteSpace" : false
    }, {
      "id" : "s14-t13",
      "begin" : 788,
      "end" : 792,
      "text" : "much",
      "whiteSpace" : false
    }, {
      "id" : "s14-t14",
      "begin" : 793,
      "end" : 799,
      "text" : "volume",
      "whiteSpace" : false
    }, {
      "id" : "s14-t15",
      "begin" : 800,
      "end" : 804,
      "text" : "this",
      "whiteSpace" : false
    }, {
      "id" : "s14-t16",
      "begin" : 805,
      "end" : 809,
      "text" : "year",
      "whiteSpace" : false
    }, {
      "id" : "s14-t17",
      "begin" : 809,
      "end" : 810,
      "text" : ",",
      "whiteSpace" : false
    }, {
      "id" : "s14-t18",
      "begin" : 811,
      "end" : 813,
      "text" : "or",
      "whiteSpace" : false
    }, {
      "id" : "s14-t19",
      "begin" : 814,
      "end" : 817,
      "text" : "any",
      "whiteSpace" : false
    }, {
      "id" : "s14-t20",
      "begin" : 818,
      "end" : 822,
      "text" : "work",
      "whiteSpace" : false
    }, {
      "id" : "s14-t21",
      "begin" : 823,
      "end" : 825,
      "text" : "at",
      "whiteSpace" : false
    }, {
      "id" : "s14-t22",
      "begin" : 826,
      "end" : 829,
      "text" : "all",
      "whiteSpace" : false
    }, {
      "id" : "s14-t23",
      "begin" : 829,
      "end" : 830,
      "text" : ".",
      "whiteSpace" : false
    } ]
  }, {
    "id" : "s15",
    "begin" : 831,
    "end" : 875,
    "text" : "I did one or two images for them in January.",
    "tokens" : [ {
      "id" : "s15-t0",
      "begin" : 831,
      "end" : 832,
      "text" : "I",
      "whiteSpace" : false
    }, {
      "id" : "s15-t1",
      "begin" : 833,
      "end" : 836,
      "text" : "did",
      "whiteSpace" : false
    }, {
      "id" : "s15-t2",
      "begin" : 837,
      "end" : 840,
      "text" : "one",
      "whiteSpace" : false
    }, {
      "id" : "s15-t3",
      "begin" : 841,
      "end" : 843,
      "text" : "or",
      "whiteSpace" : false
    }, {
      "id" : "s15-t4",
      "begin" : 844,
      "end" : 847,
      "text" : "two",
      "whiteSpace" : false
    }, {
      "id" : "s15-t5",
      "begin" : 848,
      "end" : 854,
      "text" : "images",
      "whiteSpace" : false
    }, {
      "id" : "s15-t6",
      "begin" : 855,
      "end" : 858,
      "text" : "for",
      "whiteSpace" : false
    }, {
      "id" : "s15-t7",
      "begin" : 859,
      "end" : 863,
      "text" : "them",
      "whiteSpace" : false
    }, {
      "id" : "s15-t8",
      "begin" : 864,
      "end" : 866,
      "text" : "in",
      "whiteSpace" : false
    }, {
      "id" : "s15-t9",
      "begin" : 867,
      "end" : 874,
      "text" : "January",
      "whiteSpace" : false
    }, {
      "id" : "s15-t10",
      "begin" : 874,
      "end" : 875,
      "text" : ".",
      "whiteSpace" : false
    } ]
  }, {
    "id" : "s16",
    "begin" : 875,
    "end" : 958,
    "text" : "\\n\\nI don’t feel like I can call them in the middle of a pandemic looking for work.",
    "tokens" : [ {
      "id" : "s16-t0",
      "begin" : 875,
      "end" : 877,
      "text" : "\\n",
      "whiteSpace" : false
    }, {
      "id" : "s16-t1",
      "begin" : 877,
      "end" : 880,
      "text" : "\\nI",
      "whiteSpace" : false
    }, {
      "id" : "s16-t2",
      "begin" : 881,
      "end" : 883,
      "text" : "do",
      "whiteSpace" : false
    }, {
      "id" : "s16-t3",
      "begin" : 883,
      "end" : 886,
      "text" : "n’t",
      "whiteSpace" : false
    }, {
      "id" : "s16-t4",
      "begin" : 887,
      "end" : 891,
      "text" : "feel",
      "whiteSpace" : false
    }, {
      "id" : "s16-t5",
      "begin" : 892,
      "end" : 896,
      "text" : "like",
      "whiteSpace" : false
    }, {
      "id" : "s16-t6",
      "begin" : 897,
      "end" : 898,
      "text" : "I",
      "whiteSpace" : false
    }, {
      "id" : "s16-t7",
      "begin" : 899,
      "end" : 902,
      "text" : "can",
      "whiteSpace" : false
    }, {
      "id" : "s16-t8",
      "begin" : 903,
      "end" : 907,
      "text" : "call",
      "whiteSpace" : false
    }, {
      "id" : "s16-t9",
      "begin" : 908,
      "end" : 912,
      "text" : "them",
      "whiteSpace" : false
    }, {
      "id" : "s16-t10",
      "begin" : 913,
      "end" : 915,
      "text" : "in",
      "whiteSpace" : false
    }, {
      "id" : "s16-t11",
      "begin" : 916,
      "end" : 919,
      "text" : "the",
      "whiteSpace" : false
    }, {
      "id" : "s16-t12",
      "begin" : 920,
      "end" : 926,
      "text" : "middle",
      "whiteSpace" : false
    }, {
      "id" : "s16-t13",
      "begin" : 927,
      "end" : 929,
      "text" : "of",
      "whiteSpace" : false
    }, {
      "id" : "s16-t14",
      "begin" : 930,
      "end" : 931,
      "text" : "a",
      "whiteSpace" : false
    }, {
      "id" : "s16-t15",
      "begin" : 932,
      "end" : 940,
      "text" : "pandemic",
      "whiteSpace" : false
    }, {
      "id" : "s16-t16",
      "begin" : 941,
      "end" : 948,
      "text" : "looking",
      "whiteSpace" : false
    }, {
      "id" : "s16-t17",
      "begin" : 949,
      "end" : 952,
      "text" : "for",
      "whiteSpace" : false
    }, {
      "id" : "s16-t18",
      "begin" : 953,
      "end" : 957,
      "text" : "work",
      "whiteSpace" : false
    }, {
      "id" : "s16-t19",
      "begin" : 957,
      "end" : 958,
      "text" : ".",
      "whiteSpace" : false
    } ]
  }, {
    "id" : "s17",
    "begin" : 959,
    "end" : 996,
    "text" : "I know they’re all working from home.",
    "tokens" : [ {
      "id" : "s17-t0",
      "begin" : 959,
      "end" : 960,
      "text" : "I",
      "whiteSpace" : false
    }, {
      "id" : "s17-t1",
      "begin" : 961,
      "end" : 965,
      "text" : "know",
      "whiteSpace" : false
    }, {
      "id" : "s17-t2",
      "begin" : 966,
      "end" : 970,
      "text" : "they",
      "whiteSpace" : false
    }, {
      "id" : "s17-t3",
      "begin" : 970,
      "end" : 973,
      "text" : "’re",
      "whiteSpace" : false
    }, {
      "id" : "s17-t4",
      "begin" : 974,
      "end" : 977,
      "text" : "all",
      "whiteSpace" : false
    }, {
      "id" : "s17-t5",
      "begin" : 978,
      "end" : 985,
      "text" : "working",
      "whiteSpace" : false
    }, {
      "id" : "s17-t6",
      "begin" : 986,
      "end" : 990,
      "text" : "from",
      "whiteSpace" : false
    }, {
      "id" : "s17-t7",
      "begin" : 991,
      "end" : 995,
      "text" : "home",
      "whiteSpace" : false
    }, {
      "id" : "s17-t8",
      "begin" : 995,
      "end" : 996,
      "text" : ".",
      "whiteSpace" : false
    } ]
  }, {
    "id" : "s18",
    "begin" : 998,
    "end" : 1119,
    "text" : "It’s conceivable that they’re still shooting projects, working with their photographer remotely, but I don’t really know.",
    "tokens" : [ {
      "id" : "s18-t0",
      "begin" : 998,
      "end" : 1000,
      "text" : "It",
      "whiteSpace" : false
    }, {
      "id" : "s18-t1",
      "begin" : 1000,
      "end" : 1002,
      "text" : "’s",
      "whiteSpace" : false
    }, {
      "id" : "s18-t2",
      "begin" : 1003,
      "end" : 1014,
      "text" : "conceivable",
      "whiteSpace" : false
    }, {
      "id" : "s18-t3",
      "begin" : 1015,
      "end" : 1019,
      "text" : "that",
      "whiteSpace" : false
    }, {
      "id" : "s18-t4",
      "begin" : 1020,
      "end" : 1024,
      "text" : "they",
      "whiteSpace" : false
    }, {
      "id" : "s18-t5",
      "begin" : 1024,
      "end" : 1027,
      "text" : "’re",
      "whiteSpace" : false
    }, {
      "id" : "s18-t6",
      "begin" : 1028,
      "end" : 1033,
      "text" : "still",
      "whiteSpace" : false
    }, {
      "id" : "s18-t7",
      "begin" : 1034,
      "end" : 1042,
      "text" : "shooting",
      "whiteSpace" : false
    }, {
      "id" : "s18-t8",
      "begin" : 1043,
      "end" : 1051,
      "text" : "projects",
      "whiteSpace" : false
    }, {
      "id" : "s18-t9",
      "begin" : 1051,
      "end" : 1052,
      "text" : ",",
      "whiteSpace" : false
    }, {
      "id" : "s18-t10",
      "begin" : 1053,
      "end" : 1060,
      "text" : "working",
      "whiteSpace" : false
    }, {
      "id" : "s18-t11",
      "begin" : 1061,
      "end" : 1065,
      "text" : "with",
      "whiteSpace" : false
    }, {
      "id" : "s18-t12",
      "begin" : 1066,
      "end" : 1071,
      "text" : "their",
      "whiteSpace" : false
    }, {
      "id" : "s18-t13",
      "begin" : 1072,
      "end" : 1084,
      "text" : "photographer",
      "whiteSpace" : false
    }, {
      "id" : "s18-t14",
      "begin" : 1085,
      "end" : 1093,
      "text" : "remotely",
      "whiteSpace" : false
    }, {
      "id" : "s18-t15",
      "begin" : 1093,
      "end" : 1094,
      "text" : ",",
      "whiteSpace" : false
    }, {
      "id" : "s18-t16",
      "begin" : 1095,
      "end" : 1098,
      "text" : "but",
      "whiteSpace" : false
    }, {
      "id" : "s18-t17",
      "begin" : 1099,
      "end" : 1100,
      "text" : "I",
      "whiteSpace" : false
    }, {
      "id" : "s18-t18",
      "begin" : 1101,
      "end" : 1103,
      "text" : "do",
      "whiteSpace" : false
    }, {
      "id" : "s18-t19",
      "begin" : 1103,
      "end" : 1106,
      "text" : "n’t",
      "whiteSpace" : false
    }, {
      "id" : "s18-t20",
      "begin" : 1107,
      "end" : 1113,
      "text" : "really",
      "whiteSpace" : false
    }, {
      "id" : "s18-t21",
      "begin" : 1114,
      "end" : 1118,
      "text" : "know",
      "whiteSpace" : false
    }, {
      "id" : "s18-t22",
      "begin" : 1118,
      "end" : 1119,
      "text" : ".",
      "whiteSpace" : false
    } ]
  }, {
    "id" : "s19",
    "begin" : 1120,
    "end" : 1192,
    "text" : "\\n\\nI reluctantly looked at the Illinois form to apply for unemployment.",
    "tokens" : [ {
      "id" : "s19-t0",
      "begin" : 1120,
      "end" : 1122,
      "text" : "\\n",
      "whiteSpace" : false
    }, {
      "id" : "s19-t1",
      "begin" : 1122,
      "end" : 1125,
      "text" : "\\nI",
      "whiteSpace" : false
    }, {
      "id" : "s19-t2",
      "begin" : 1126,
      "end" : 1137,
      "text" : "reluctantly",
      "whiteSpace" : false
    }, {
      "id" : "s19-t3",
      "begin" : 1138,
      "end" : 1144,
      "text" : "looked",
      "whiteSpace" : false
    }, {
      "id" : "s19-t4",
      "begin" : 1145,
      "end" : 1147,
      "text" : "at",
      "whiteSpace" : false
    }, {
      "id" : "s19-t5",
      "begin" : 1148,
      "end" : 1151,
      "text" : "the",
      "whiteSpace" : false
    }, {
      "id" : "s19-t6",
      "begin" : 1152,
      "end" : 1160,
      "text" : "Illinois",
      "whiteSpace" : false
    }, {
      "id" : "s19-t7",
      "begin" : 1161,
      "end" : 1165,
      "text" : "form",
      "whiteSpace" : false
    }, {
      "id" : "s19-t8",
      "begin" : 1166,
      "end" : 1168,
      "text" : "to",
      "whiteSpace" : false
    }, {
      "id" : "s19-t9",
      "begin" : 1169,
      "end" : 1174,
      "text" : "apply",
      "whiteSpace" : false
    }, {
      "id" : "s19-t10",
      "begin" : 1175,
      "end" : 1178,
      "text" : "for",
      "whiteSpace" : false
    }, {
      "id" : "s19-t11",
      "begin" : 1179,
      "end" : 1191,
      "text" : "unemployment",
      "whiteSpace" : false
    }, {
      "id" : "s19-t12",
      "begin" : 1191,
      "end" : 1192,
      "text" : ".",
      "whiteSpace" : false
    } ]
  }, {
    "id" : "s20",
    "begin" : 1194,
    "end" : 1283,
    "text" : "The first thing it asks is the name, address, and phone number of your previous employer.",
    "tokens" : [ {
      "id" : "s20-t0",
      "begin" : 1194,
      "end" : 1197,
      "text" : "The",
      "whiteSpace" : false
    }, {
      "id" : "s20-t1",
      "begin" : 1198,
      "end" : 1203,
      "text" : "first",
      "whiteSpace" : false
    }, {
      "id" : "s20-t2",
      "begin" : 1204,
      "end" : 1209,
      "text" : "thing",
      "whiteSpace" : false
    }, {
      "id" : "s20-t3",
      "begin" : 1210,
      "end" : 1212,
      "text" : "it",
      "whiteSpace" : false
    }, {
      "id" : "s20-t4",
      "begin" : 1213,
      "end" : 1217,
      "text" : "asks",
      "whiteSpace" : false
    }, {
      "id" : "s20-t5",
      "begin" : 1218,
      "end" : 1220,
      "text" : "is",
      "whiteSpace" : false
    }, {
      "id" : "s20-t6",
      "begin" : 1221,
      "end" : 1224,
      "text" : "the",
      "whiteSpace" : false
    }, {
      "id" : "s20-t7",
      "begin" : 1225,
      "end" : 1229,
      "text" : "name",
      "whiteSpace" : false
    }, {
      "id" : "s20-t8",
      "begin" : 1229,
      "end" : 1230,
      "text" : ",",
      "whiteSpace" : false
    }, {
      "id" : "s20-t9",
      "begin" : 1231,
      "end" : 1238,
      "text" : "address",
      "whiteSpace" : false
    }, {
      "id" : "s20-t10",
      "begin" : 1238,
      "end" : 1239,
      "text" : ",",
      "whiteSpace" : false
    }, {
      "id" : "s20-t11",
      "begin" : 1240,
      "end" : 1243,
      "text" : "and",
      "whiteSpace" : false
    }, {
      "id" : "s20-t12",
      "begin" : 1244,
      "end" : 1249,
      "text" : "phone",
      "whiteSpace" : false
    }, {
      "id" : "s20-t13",
      "begin" : 1250,
      "end" : 1256,
      "text" : "number",
      "whiteSpace" : false
    }, {
      "id" : "s20-t14",
      "begin" : 1257,
      "end" : 1259,
      "text" : "of",
      "whiteSpace" : false
    }, {
      "id" : "s20-t15",
      "begin" : 1260,
      "end" : 1264,
      "text" : "your",
      "whiteSpace" : false
    }, {
      "id" : "s20-t16",
      "begin" : 1265,
      "end" : 1273,
      "text" : "previous",
      "whiteSpace" : false
    }, {
      "id" : "s20-t17",
      "begin" : 1274,
      "end" : 1282,
      "text" : "employer",
      "whiteSpace" : false
    }, {
      "id" : "s20-t18",
      "begin" : 1282,
      "end" : 1283,
      "text" : ".",
      "whiteSpace" : false
    } ]
  }, {
    "id" : "s21",
    "begin" : 1285,
    "end" : 1439,
    "text" : "The last thing I want is Illinois contacting my major client from last year and saying “The retouching company you used last year is seeking unemployment.",
    "tokens" : [ {
      "id" : "s21-t0",
      "begin" : 1285,
      "end" : 1288,
      "text" : "The",
      "whiteSpace" : false
    }, {
      "id" : "s21-t1",
      "begin" : 1289,
      "end" : 1293,
      "text" : "last",
      "whiteSpace" : false
    }, {
      "id" : "s21-t2",
      "begin" : 1294,
      "end" : 1299,
      "text" : "thing",
      "whiteSpace" : false
    }, {
      "id" : "s21-t3",
      "begin" : 1300,
      "end" : 1301,
      "text" : "I",
      "whiteSpace" : false
    }, {
      "id" : "s21-t4",
      "begin" : 1302,
      "end" : 1306,
      "text" : "want",
      "whiteSpace" : false
    }, {
      "id" : "s21-t5",
      "begin" : 1307,
      "end" : 1309,
      "text" : "is",
      "whiteSpace" : false
    }, {
      "id" : "s21-t6",
      "begin" : 1310,
      "end" : 1318,
      "text" : "Illinois",
      "whiteSpace" : false
    }, {
      "id" : "s21-t7",
      "begin" : 1319,
      "end" : 1329,
      "text" : "contacting",
      "whiteSpace" : false
    }, {
      "id" : "s21-t8",
      "begin" : 1330,
      "end" : 1332,
      "text" : "my",
      "whiteSpace" : false
    }, {
      "id" : "s21-t9",
      "begin" : 1333,
      "end" : 1338,
      "text" : "major",
      "whiteSpace" : false
    }, {
      "id" : "s21-t10",
      "begin" : 1339,
      "end" : 1345,
      "text" : "client",
      "whiteSpace" : false
    }, {
      "id" : "s21-t11",
      "begin" : 1346,
      "end" : 1350,
      "text" : "from",
      "whiteSpace" : false
    }, {
      "id" : "s21-t12",
      "begin" : 1351,
      "end" : 1355,
      "text" : "last",
      "whiteSpace" : false
    }, {
      "id" : "s21-t13",
      "begin" : 1356,
      "end" : 1360,
      "text" : "year",
      "whiteSpace" : false
    }, {
      "id" : "s21-t14",
      "begin" : 1361,
      "end" : 1364,
      "text" : "and",
      "whiteSpace" : false
    }, {
      "id" : "s21-t15",
      "begin" : 1365,
      "end" : 1371,
      "text" : "saying",
      "whiteSpace" : false
    }, {
      "id" : "s21-t16",
      "begin" : 1372,
      "end" : 1373,
      "text" : "“",
      "whiteSpace" : false
    }, {
      "id" : "s21-t17",
      "begin" : 1373,
      "end" : 1376,
      "text" : "The",
      "whiteSpace" : false
    }, {
      "id" : "s21-t18",
      "begin" : 1377,
      "end" : 1387,
      "text" : "retouching",
      "whiteSpace" : false
    }, {
      "id" : "s21-t19",
      "begin" : 1388,
      "end" : 1395,
      "text" : "company",
      "whiteSpace" : false
    }, {
      "id" : "s21-t20",
      "begin" : 1396,
      "end" : 1399,
      "text" : "you",
      "whiteSpace" : false
    }, {
      "id" : "s21-t21",
      "begin" : 1400,
      "end" : 1404,
      "text" : "used",
      "whiteSpace" : false
    }, {
      "id" : "s21-t22",
      "begin" : 1405,
      "end" : 1409,
      "text" : "last",
      "whiteSpace" : false
    }, {
      "id" : "s21-t23",
      "begin" : 1410,
      "end" : 1414,
      "text" : "year",
      "whiteSpace" : false
    }, {
      "id" : "s21-t24",
      "begin" : 1415,
      "end" : 1417,
      "text" : "is",
      "whiteSpace" : false
    }, {
      "id" : "s21-t25",
      "begin" : 1418,
      "end" : 1425,
      "text" : "seeking",
      "whiteSpace" : false
    }, {
      "id" : "s21-t26",
      "begin" : 1426,
      "end" : 1438,
      "text" : "unemployment",
      "whiteSpace" : false
    }, {
      "id" : "s21-t27",
      "begin" : 1438,
      "end" : 1439,
      "text" : ".",
      "whiteSpace" : false
    } ]
  }, {
    "id" : "s22",
    "begin" : 1439,
    "end" : 1510,
    "text" : "”, especially if they had planned to start giving me work again in May.",
    "tokens" : [ {
      "id" : "s22-t0",
      "begin" : 1439,
      "end" : 1440,
      "text" : "”",
      "whiteSpace" : false
    }, {
      "id" : "s22-t1",
      "begin" : 1440,
      "end" : 1441,
      "text" : ",",
      "whiteSpace" : false
    }, {
      "id" : "s22-t2",
      "begin" : 1442,
      "end" : 1452,
      "text" : "especially",
      "whiteSpace" : false
    }, {
      "id" : "s22-t3",
      "begin" : 1453,
      "end" : 1455,
      "text" : "if",
      "whiteSpace" : false
    }, {
      "id" : "s22-t4",
      "begin" : 1456,
      "end" : 1460,
      "text" : "they",
      "whiteSpace" : false
    }, {
      "id" : "s22-t5",
      "begin" : 1461,
      "end" : 1464,
      "text" : "had",
      "whiteSpace" : false
    }, {
      "id" : "s22-t6",
      "begin" : 1465,
      "end" : 1472,
      "text" : "planned",
      "whiteSpace" : false
    }, {
      "id" : "s22-t7",
      "begin" : 1473,
      "end" : 1475,
      "text" : "to",
      "whiteSpace" : false
    }, {
      "id" : "s22-t8",
      "begin" : 1476,
      "end" : 1481,
      "text" : "start",
      "whiteSpace" : false
    }, {
      "id" : "s22-t9",
      "begin" : 1482,
      "end" : 1488,
      "text" : "giving",
      "whiteSpace" : false
    }, {
      "id" : "s22-t10",
      "begin" : 1489,
      "end" : 1491,
      "text" : "me",
      "whiteSpace" : false
    }, {
      "id" : "s22-t11",
      "begin" : 1492,
      "end" : 1496,
      "text" : "work",
      "whiteSpace" : false
    }, {
      "id" : "s22-t12",
      "begin" : 1497,
      "end" : 1502,
      "text" : "again",
      "whiteSpace" : false
    }, {
      "id" : "s22-t13",
      "begin" : 1503,
      "end" : 1505,
      "text" : "in",
      "whiteSpace" : false
    }, {
      "id" : "s22-t14",
      "begin" : 1506,
      "end" : 1509,
      "text" : "May",
      "whiteSpace" : false
    }, {
      "id" : "s22-t15",
      "begin" : 1509,
      "end" : 1510,
      "text" : ".",
      "whiteSpace" : false
    } ]
  }, {
    "id" : "s23",
    "begin" : 1511,
    "end" : 1556,
    "text" : "\\n\\nAnd are they even considered an employer?",
    "tokens" : [ {
      "id" : "s23-t0",
      "begin" : 1511,
      "end" : 1513,
      "text" : "\\n",
      "whiteSpace" : false
    }, {
      "id" : "s23-t1",
      "begin" : 1513,
      "end" : 1518,
      "text" : "\\nAnd",
      "whiteSpace" : false
    }, {
      "id" : "s23-t2",
      "begin" : 1519,
      "end" : 1522,
      "text" : "are",
      "whiteSpace" : false
    }, {
      "id" : "s23-t3",
      "begin" : 1523,
      "end" : 1527,
      "text" : "they",
      "whiteSpace" : false
    }, {
      "id" : "s23-t4",
      "begin" : 1528,
      "end" : 1532,
      "text" : "even",
      "whiteSpace" : false
    }, {
      "id" : "s23-t5",
      "begin" : 1533,
      "end" : 1543,
      "text" : "considered",
      "whiteSpace" : false
    }, {
      "id" : "s23-t6",
      "begin" : 1544,
      "end" : 1546,
      "text" : "an",
      "whiteSpace" : false
    }, {
      "id" : "s23-t7",
      "begin" : 1547,
      "end" : 1555,
      "text" : "employer",
      "whiteSpace" : false
    }, {
      "id" : "s23-t8",
      "begin" : 1555,
      "end" : 1556,
      "text" : "?",
      "whiteSpace" : false
    } ]
  }, {
    "id" : "s24",
    "begin" : 1557,
    "end" : 1674,
    "text" : "I know the newly announced relief package has some consideration for freelancers but I have no idea how it will work.",
    "tokens" : [ {
      "id" : "s24-t0",
      "begin" : 1557,
      "end" : 1558,
      "text" : "I",
      "whiteSpace" : false
    }, {
      "id" : "s24-t1",
      "begin" : 1559,
      "end" : 1563,
      "text" : "know",
      "whiteSpace" : false
    }, {
      "id" : "s24-t2",
      "begin" : 1564,
      "end" : 1567,
      "text" : "the",
      "whiteSpace" : false
    }, {
      "id" : "s24-t3",
      "begin" : 1568,
      "end" : 1573,
      "text" : "newly",
      "whiteSpace" : false
    }, {
      "id" : "s24-t4",
      "begin" : 1574,
      "end" : 1583,
      "text" : "announced",
      "whiteSpace" : false
    }, {
      "id" : "s24-t5",
      "begin" : 1584,
      "end" : 1590,
      "text" : "relief",
      "whiteSpace" : false
    }, {
      "id" : "s24-t6",
      "begin" : 1591,
      "end" : 1598,
      "text" : "package",
      "whiteSpace" : false
    }, {
      "id" : "s24-t7",
      "begin" : 1599,
      "end" : 1602,
      "text" : "has",
      "whiteSpace" : false
    }, {
      "id" : "s24-t8",
      "begin" : 1603,
      "end" : 1607,
      "text" : "some",
      "whiteSpace" : false
    }, {
      "id" : "s24-t9",
      "begin" : 1608,
      "end" : 1621,
      "text" : "consideration",
      "whiteSpace" : false
    }, {
      "id" : "s24-t10",
      "begin" : 1622,
      "end" : 1625,
      "text" : "for",
      "whiteSpace" : false
    }, {
      "id" : "s24-t11",
      "begin" : 1626,
      "end" : 1637,
      "text" : "freelancers",
      "whiteSpace" : false
    }, {
      "id" : "s24-t12",
      "begin" : 1638,
      "end" : 1641,
      "text" : "but",
      "whiteSpace" : false
    }, {
      "id" : "s24-t13",
      "begin" : 1642,
      "end" : 1643,
      "text" : "I",
      "whiteSpace" : false
    }, {
      "id" : "s24-t14",
      "begin" : 1644,
      "end" : 1648,
      "text" : "have",
      "whiteSpace" : false
    }, {
      "id" : "s24-t15",
      "begin" : 1649,
      "end" : 1651,
      "text" : "no",
      "whiteSpace" : false
    }, {
      "id" : "s24-t16",
      "begin" : 1652,
      "end" : 1656,
      "text" : "idea",
      "whiteSpace" : false
    }, {
      "id" : "s24-t17",
      "begin" : 1657,
      "end" : 1660,
      "text" : "how",
      "whiteSpace" : false
    }, {
      "id" : "s24-t18",
      "begin" : 1661,
      "end" : 1663,
      "text" : "it",
      "whiteSpace" : false
    }, {
      "id" : "s24-t19",
      "begin" : 1664,
      "end" : 1668,
      "text" : "will",
      "whiteSpace" : false
    }, {
      "id" : "s24-t20",
      "begin" : 1669,
      "end" : 1673,
      "text" : "work",
      "whiteSpace" : false
    }, {
      "id" : "s24-t21",
      "begin" : 1673,
      "end" : 1674,
      "text" : ".",
      "whiteSpace" : false
    } ]
  }, {
    "id" : "s25",
    "begin" : 1674,
    "end" : 1858,
    "text" : "\\n\\nI also don't know how it works in Illinois, but I was on unemployment once in NYC and you had to go to all these job sessions and track your attempts to find work and submit proof.",
    "tokens" : [ {
      "id" : "s25-t0",
      "begin" : 1674,
      "end" : 1676,
      "text" : "\\n",
      "whiteSpace" : false
    }, {
      "id" : "s25-t1",
      "begin" : 1676,
      "end" : 1679,
      "text" : "\\nI",
      "whiteSpace" : false
    }, {
      "id" : "s25-t2",
      "begin" : 1680,
      "end" : 1684,
      "text" : "also",
      "whiteSpace" : false
    }, {
      "id" : "s25-t3",
      "begin" : 1685,
      "end" : 1687,
      "text" : "do",
      "whiteSpace" : false
    }, {
      "id" : "s25-t4",
      "begin" : 1687,
      "end" : 1690,
      "text" : "n't",
      "whiteSpace" : false
    }, {
      "id" : "s25-t5",
      "begin" : 1691,
      "end" : 1695,
      "text" : "know",
      "whiteSpace" : false
    }, {
      "id" : "s25-t6",
      "begin" : 1696,
      "end" : 1699,
      "text" : "how",
      "whiteSpace" : false
    }, {
      "id" : "s25-t7",
      "begin" : 1700,
      "end" : 1702,
      "text" : "it",
      "whiteSpace" : false
    }, {
      "id" : "s25-t8",
      "begin" : 1703,
      "end" : 1708,
      "text" : "works",
      "whiteSpace" : false
    }, {
      "id" : "s25-t9",
      "begin" : 1709,
      "end" : 1711,
      "text" : "in",
      "whiteSpace" : false
    }, {
      "id" : "s25-t10",
      "begin" : 1712,
      "end" : 1720,
      "text" : "Illinois",
      "whiteSpace" : false
    }, {
      "id" : "s25-t11",
      "begin" : 1720,
      "end" : 1721,
      "text" : ",",
      "whiteSpace" : false
    }, {
      "id" : "s25-t12",
      "begin" : 1722,
      "end" : 1725,
      "text" : "but",
      "whiteSpace" : false
    }, {
      "id" : "s25-t13",
      "begin" : 1726,
      "end" : 1727,
      "text" : "I",
      "whiteSpace" : false
    }, {
      "id" : "s25-t14",
      "begin" : 1728,
      "end" : 1731,
      "text" : "was",
      "whiteSpace" : false
    }, {
      "id" : "s25-t15",
      "begin" : 1732,
      "end" : 1734,
      "text" : "on",
      "whiteSpace" : false
    }, {
      "id" : "s25-t16",
      "begin" : 1735,
      "end" : 1747,
      "text" : "unemployment",
      "whiteSpace" : false
    }, {
      "id" : "s25-t17",
      "begin" : 1748,
      "end" : 1752,
      "text" : "once",
      "whiteSpace" : false
    }, {
      "id" : "s25-t18",
      "begin" : 1753,
      "end" : 1755,
      "text" : "in",
      "whiteSpace" : false
    }, {
      "id" : "s25-t19",
      "begin" : 1756,
      "end" : 1759,
      "text" : "NYC",
      "whiteSpace" : false
    }, {
      "id" : "s25-t20",
      "begin" : 1760,
      "end" : 1763,
      "text" : "and",
      "whiteSpace" : false
    }, {
      "id" : "s25-t21",
      "begin" : 1764,
      "end" : 1767,
      "text" : "you",
      "whiteSpace" : false
    }, {
      "id" : "s25-t22",
      "begin" : 1768,
      "end" : 1771,
      "text" : "had",
      "whiteSpace" : false
    }, {
      "id" : "s25-t23",
      "begin" : 1772,
      "end" : 1774,
      "text" : "to",
      "whiteSpace" : false
    }, {
      "id" : "s25-t24",
      "begin" : 1775,
      "end" : 1777,
      "text" : "go",
      "whiteSpace" : false
    }, {
      "id" : "s25-t25",
      "begin" : 1778,
      "end" : 1780,
      "text" : "to",
      "whiteSpace" : false
    }, {
      "id" : "s25-t26",
      "begin" : 1781,
      "end" : 1784,
      "text" : "all",
      "whiteSpace" : false
    }, {
      "id" : "s25-t27",
      "begin" : 1785,
      "end" : 1790,
      "text" : "these",
      "whiteSpace" : false
    }, {
      "id" : "s25-t28",
      "begin" : 1791,
      "end" : 1794,
      "text" : "job",
      "whiteSpace" : false
    }, {
      "id" : "s25-t29",
      "begin" : 1795,
      "end" : 1803,
      "text" : "sessions",
      "whiteSpace" : false
    }, {
      "id" : "s25-t30",
      "begin" : 1804,
      "end" : 1807,
      "text" : "and",
      "whiteSpace" : false
    }, {
      "id" : "s25-t31",
      "begin" : 1808,
      "end" : 1813,
      "text" : "track",
      "whiteSpace" : false
    }, {
      "id" : "s25-t32",
      "begin" : 1814,
      "end" : 1818,
      "text" : "your",
      "whiteSpace" : false
    }, {
      "id" : "s25-t33",
      "begin" : 1819,
      "end" : 1827,
      "text" : "attempts",
      "whiteSpace" : false
    }, {
      "id" : "s25-t34",
      "begin" : 1828,
      "end" : 1830,
      "text" : "to",
      "whiteSpace" : false
    }, {
      "id" : "s25-t35",
      "begin" : 1831,
      "end" : 1835,
      "text" : "find",
      "whiteSpace" : false
    }, {
      "id" : "s25-t36",
      "begin" : 1836,
      "end" : 1840,
      "text" : "work",
      "whiteSpace" : false
    }, {
      "id" : "s25-t37",
      "begin" : 1841,
      "end" : 1844,
      "text" : "and",
      "whiteSpace" : false
    }, {
      "id" : "s25-t38",
      "begin" : 1845,
      "end" : 1851,
      "text" : "submit",
      "whiteSpace" : false
    }, {
      "id" : "s25-t39",
      "begin" : 1852,
      "end" : 1857,
      "text" : "proof",
      "whiteSpace" : false
    }, {
      "id" : "s25-t40",
      "begin" : 1857,
      "end" : 1858,
      "text" : ".",
      "whiteSpace" : false
    } ]
  }, {
    "id" : "s26",
    "begin" : 1859,
    "end" : 1909,
    "text" : "How am I supposed to do all that now, on lockdown?",
    "tokens" : [ {
      "id" : "s26-t0",
      "begin" : 1859,
      "end" : 1862,
      "text" : "How",
      "whiteSpace" : false
    }, {
      "id" : "s26-t1",
      "begin" : 1863,
      "end" : 1865,
      "text" : "am",
      "whiteSpace" : false
    }, {
      "id" : "s26-t2",
      "begin" : 1866,
      "end" : 1867,
      "text" : "I",
      "whiteSpace" : false
    }, {
      "id" : "s26-t3",
      "begin" : 1868,
      "end" : 1876,
      "text" : "supposed",
      "whiteSpace" : false
    }, {
      "id" : "s26-t4",
      "begin" : 1877,
      "end" : 1879,
      "text" : "to",
      "whiteSpace" : false
    }, {
      "id" : "s26-t5",
      "begin" : 1880,
      "end" : 1882,
      "text" : "do",
      "whiteSpace" : false
    }, {
      "id" : "s26-t6",
      "begin" : 1883,
      "end" : 1886,
      "text" : "all",
      "whiteSpace" : false
    }, {
      "id" : "s26-t7",
      "begin" : 1887,
      "end" : 1891,
      "text" : "that",
      "whiteSpace" : false
    }, {
      "id" : "s26-t8",
      "begin" : 1892,
      "end" : 1895,
      "text" : "now",
      "whiteSpace" : false
    }, {
      "id" : "s26-t9",
      "begin" : 1895,
      "end" : 1896,
      "text" : ",",
      "whiteSpace" : false
    }, {
      "id" : "s26-t10",
      "begin" : 1897,
      "end" : 1899,
      "text" : "on",
      "whiteSpace" : false
    }, {
      "id" : "s26-t11",
      "begin" : 1900,
      "end" : 1908,
      "text" : "lockdown",
      "whiteSpace" : false
    }, {
      "id" : "s26-t12",
      "begin" : 1908,
      "end" : 1909,
      "text" : "?",
      "whiteSpace" : false
    } ]
  }, {
    "id" : "s27",
    "begin" : 1911,
    "end" : 1950,
    "text" : "I don’t drive so a delivery gig is out.",
    "tokens" : [ {
      "id" : "s27-t0",
      "begin" : 1911,
      "end" : 1912,
      "text" : "I",
      "whiteSpace" : false
    }, {
      "id" : "s27-t1",
      "begin" : 1913,
      "end" : 1915,
      "text" : "do",
      "whiteSpace" : false
    }, {
      "id" : "s27-t2",
      "begin" : 1915,
      "end" : 1918,
      "text" : "n’t",
      "whiteSpace" : false
    }, {
      "id" : "s27-t3",
      "begin" : 1919,
      "end" : 1924,
      "text" : "drive",
      "whiteSpace" : false
    }, {
      "id" : "s27-t4",
      "begin" : 1925,
      "end" : 1927,
      "text" : "so",
      "whiteSpace" : false
    }, {
      "id" : "s27-t5",
      "begin" : 1928,
      "end" : 1929,
      "text" : "a",
      "whiteSpace" : false
    }, {
      "id" : "s27-t6",
      "begin" : 1930,
      "end" : 1938,
      "text" : "delivery",
      "whiteSpace" : false
    }, {
      "id" : "s27-t7",
      "begin" : 1939,
      "end" : 1942,
      "text" : "gig",
      "whiteSpace" : false
    }, {
      "id" : "s27-t8",
      "begin" : 1943,
      "end" : 1945,
      "text" : "is",
      "whiteSpace" : false
    }, {
      "id" : "s27-t9",
      "begin" : 1946,
      "end" : 1949,
      "text" : "out",
      "whiteSpace" : false
    }, {
      "id" : "s27-t10",
      "begin" : 1949,
      "end" : 1950,
      "text" : ".",
      "whiteSpace" : false
    } ]
  }, {
    "id" : "s28",
    "begin" : 1950,
    "end" : 2067,
    "text" : "\\n\\nMy wife works at a children's hospital so it’s not like our household has no income, but the future is uncertain.",
    "tokens" : [ {
      "id" : "s28-t0",
      "begin" : 1950,
      "end" : 1952,
      "text" : "\\n",
      "whiteSpace" : false
    }, {
      "id" : "s28-t1",
      "begin" : 1952,
      "end" : 1956,
      "text" : "\\nMy",
      "whiteSpace" : false
    }, {
      "id" : "s28-t2",
      "begin" : 1957,
      "end" : 1961,
      "text" : "wife",
      "whiteSpace" : false
    }, {
      "id" : "s28-t3",
      "begin" : 1962,
      "end" : 1967,
      "text" : "works",
      "whiteSpace" : false
    }, {
      "id" : "s28-t4",
      "begin" : 1968,
      "end" : 1970,
      "text" : "at",
      "whiteSpace" : false
    }, {
      "id" : "s28-t5",
      "begin" : 1971,
      "end" : 1972,
      "text" : "a",
      "whiteSpace" : false
    }, {
      "id" : "s28-t6",
      "begin" : 1973,
      "end" : 1981,
      "text" : "children",
      "whiteSpace" : false
    }, {
      "id" : "s28-t7",
      "begin" : 1981,
      "end" : 1983,
      "text" : "'s",
      "whiteSpace" : false
    }, {
      "id" : "s28-t8",
      "begin" : 1984,
      "end" : 1992,
      "text" : "hospital",
      "whiteSpace" : false
    }, {
      "id" : "s28-t9",
      "begin" : 1993,
      "end" : 1995,
      "text" : "so",
      "whiteSpace" : false
    }, {
      "id" : "s28-t10",
      "begin" : 1996,
      "end" : 1998,
      "text" : "it",
      "whiteSpace" : false
    }, {
      "id" : "s28-t11",
      "begin" : 1998,
      "end" : 2000,
      "text" : "’s",
      "whiteSpace" : false
    }, {
      "id" : "s28-t12",
      "begin" : 2001,
      "end" : 2004,
      "text" : "not",
      "whiteSpace" : false
    }, {
      "id" : "s28-t13",
      "begin" : 2005,
      "end" : 2009,
      "text" : "like",
      "whiteSpace" : false
    }, {
      "id" : "s28-t14",
      "begin" : 2010,
      "end" : 2013,
      "text" : "our",
      "whiteSpace" : false
    }, {
      "id" : "s28-t15",
      "begin" : 2014,
      "end" : 2023,
      "text" : "household",
      "whiteSpace" : false
    }, {
      "id" : "s28-t16",
      "begin" : 2024,
      "end" : 2027,
      "text" : "has",
      "whiteSpace" : false
    }, {
      "id" : "s28-t17",
      "begin" : 2028,
      "end" : 2030,
      "text" : "no",
      "whiteSpace" : false
    }, {
      "id" : "s28-t18",
      "begin" : 2031,
      "end" : 2037,
      "text" : "income",
      "whiteSpace" : false
    }, {
      "id" : "s28-t19",
      "begin" : 2037,
      "end" : 2038,
      "text" : ",",
      "whiteSpace" : false
    }, {
      "id" : "s28-t20",
      "begin" : 2039,
      "end" : 2042,
      "text" : "but",
      "whiteSpace" : false
    }, {
      "id" : "s28-t21",
      "begin" : 2043,
      "end" : 2046,
      "text" : "the",
      "whiteSpace" : false
    }, {
      "id" : "s28-t22",
      "begin" : 2047,
      "end" : 2053,
      "text" : "future",
      "whiteSpace" : false
    }, {
      "id" : "s28-t23",
      "begin" : 2054,
      "end" : 2056,
      "text" : "is",
      "whiteSpace" : false
    }, {
      "id" : "s28-t24",
      "begin" : 2057,
      "end" : 2066,
      "text" : "uncertain",
      "whiteSpace" : false
    }, {
      "id" : "s28-t25",
      "begin" : 2066,
      "end" : 2067,
      "text" : ".",
      "whiteSpace" : false
    } ]
  }, {
    "id" : "s29",
    "begin" : 2068,
    "end" : 2132,
    "text" : "I have no idea if she will be called to work on the front lines.",
    "tokens" : [ {
      "id" : "s29-t0",
      "begin" : 2068,
      "end" : 2069,
      "text" : "I",
      "whiteSpace" : false
    }, {
      "id" : "s29-t1",
      "begin" : 2070,
      "end" : 2074,
      "text" : "have",
      "whiteSpace" : false
    }, {
      "id" : "s29-t2",
      "begin" : 2075,
      "end" : 2077,
      "text" : "no",
      "whiteSpace" : false
    }, {
      "id" : "s29-t3",
      "begin" : 2078,
      "end" : 2082,
      "text" : "idea",
      "whiteSpace" : false
    }, {
      "id" : "s29-t4",
      "begin" : 2083,
      "end" : 2085,
      "text" : "if",
      "whiteSpace" : false
    }, {
      "id" : "s29-t5",
      "begin" : 2086,
      "end" : 2089,
      "text" : "she",
      "whiteSpace" : false
    }, {
      "id" : "s29-t6",
      "begin" : 2090,
      "end" : 2094,
      "text" : "will",
      "whiteSpace" : false
    }, {
      "id" : "s29-t7",
      "begin" : 2095,
      "end" : 2097,
      "text" : "be",
      "whiteSpace" : false
    }, {
      "id" : "s29-t8",
      "begin" : 2098,
      "end" : 2104,
      "text" : "called",
      "whiteSpace" : false
    }, {
      "id" : "s29-t9",
      "begin" : 2105,
      "end" : 2107,
      "text" : "to",
      "whiteSpace" : false
    }, {
      "id" : "s29-t10",
      "begin" : 2108,
      "end" : 2112,
      "text" : "work",
      "whiteSpace" : false
    }, {
      "id" : "s29-t11",
      "begin" : 2113,
      "end" : 2115,
      "text" : "on",
      "whiteSpace" : false
    }, {
      "id" : "s29-t12",
      "begin" : 2116,
      "end" : 2119,
      "text" : "the",
      "whiteSpace" : false
    }, {
      "id" : "s29-t13",
      "begin" : 2120,
      "end" : 2125,
      "text" : "front",
      "whiteSpace" : false
    }, {
      "id" : "s29-t14",
      "begin" : 2126,
      "end" : 2131,
      "text" : "lines",
      "whiteSpace" : false
    }, {
      "id" : "s29-t15",
      "begin" : 2131,
      "end" : 2132,
      "text" : ".",
      "whiteSpace" : false
    } ]
  }, {
    "id" : "s30",
    "begin" : 2133,
    "end" : 2264,
    "text" : "God forbid something happens to her, or she brings the virus home because I’m over 50, overweight and have elevated blood pressure.",
    "tokens" : [ {
      "id" : "s30-t0",
      "begin" : 2133,
      "end" : 2136,
      "text" : "God",
      "whiteSpace" : false
    }, {
      "id" : "s30-t1",
      "begin" : 2137,
      "end" : 2143,
      "text" : "forbid",
      "whiteSpace" : false
    }, {
      "id" : "s30-t2",
      "begin" : 2144,
      "end" : 2153,
      "text" : "something",
      "whiteSpace" : false
    }, {
      "id" : "s30-t3",
      "begin" : 2154,
      "end" : 2161,
      "text" : "happens",
      "whiteSpace" : false
    }, {
      "id" : "s30-t4",
      "begin" : 2162,
      "end" : 2164,
      "text" : "to",
      "whiteSpace" : false
    }, {
      "id" : "s30-t5",
      "begin" : 2165,
      "end" : 2168,
      "text" : "her",
      "whiteSpace" : false
    }, {
      "id" : "s30-t6",
      "begin" : 2168,
      "end" : 2169,
      "text" : ",",
      "whiteSpace" : false
    }, {
      "id" : "s30-t7",
      "begin" : 2170,
      "end" : 2172,
      "text" : "or",
      "whiteSpace" : false
    }, {
      "id" : "s30-t8",
      "begin" : 2173,
      "end" : 2176,
      "text" : "she",
      "whiteSpace" : false
    }, {
      "id" : "s30-t9",
      "begin" : 2177,
      "end" : 2183,
      "text" : "brings",
      "whiteSpace" : false
    }, {
      "id" : "s30-t10",
      "begin" : 2184,
      "end" : 2187,
      "text" : "the",
      "whiteSpace" : false
    }, {
      "id" : "s30-t11",
      "begin" : 2188,
      "end" : 2193,
      "text" : "virus",
      "whiteSpace" : false
    }, {
      "id" : "s30-t12",
      "begin" : 2194,
      "end" : 2198,
      "text" : "home",
      "whiteSpace" : false
    }, {
      "id" : "s30-t13",
      "begin" : 2199,
      "end" : 2206,
      "text" : "because",
      "whiteSpace" : false
    }, {
      "id" : "s30-t14",
      "begin" : 2207,
      "end" : 2208,
      "text" : "I",
      "whiteSpace" : false
    }, {
      "id" : "s30-t15",
      "begin" : 2208,
      "end" : 2210,
      "text" : "’m",
      "whiteSpace" : false
    }, {
      "id" : "s30-t16",
      "begin" : 2211,
      "end" : 2215,
      "text" : "over",
      "whiteSpace" : false
    }, {
      "id" : "s30-t17",
      "begin" : 2216,
      "end" : 2218,
      "text" : "50",
      "whiteSpace" : false
    }, {
      "id" : "s30-t18",
      "begin" : 2218,
      "end" : 2219,
      "text" : ",",
      "whiteSpace" : false
    }, {
      "id" : "s30-t19",
      "begin" : 2220,
      "end" : 2230,
      "text" : "overweight",
      "whiteSpace" : false
    }, {
      "id" : "s30-t20",
      "begin" : 2231,
      "end" : 2234,
      "text" : "and",
      "whiteSpace" : false
    }, {
      "id" : "s30-t21",
      "begin" : 2235,
      "end" : 2239,
      "text" : "have",
      "whiteSpace" : false
    }, {
      "id" : "s30-t22",
      "begin" : 2240,
      "end" : 2248,
      "text" : "elevated",
      "whiteSpace" : false
    }, {
      "id" : "s30-t23",
      "begin" : 2249,
      "end" : 2254,
      "text" : "blood",
      "whiteSpace" : false
    }, {
      "id" : "s30-t24",
      "begin" : 2255,
      "end" : 2263,
      "text" : "pressure",
      "whiteSpace" : false
    }, {
      "id" : "s30-t25",
      "begin" : 2263,
      "end" : 2264,
      "text" : ".",
      "whiteSpace" : false
    } ]
  }, {
    "id" : "s31",
    "begin" : 2264,
    "end" : 2333,
    "text" : "\\n\\ntl;dr How does a small business sole proprietor get unemployment?",
    "tokens" : [ {
      "id" : "s31-t0",
      "begin" : 2264,
      "end" : 2266,
      "text" : "\\n",
      "whiteSpace" : false
    }, {
      "id" : "s31-t1",
      "begin" : 2266,
      "end" : 2271,
      "text" : "\\ntl;",
      "whiteSpace" : false
    }, {
      "id" : "s31-t2",
      "begin" : 2271,
      "end" : 2273,
      "text" : "dr",
      "whiteSpace" : false
    }, {
      "id" : "s31-t3",
      "begin" : 2274,
      "end" : 2277,
      "text" : "How",
      "whiteSpace" : false
    }, {
      "id" : "s31-t4",
      "begin" : 2278,
      "end" : 2282,
      "text" : "does",
      "whiteSpace" : false
    }, {
      "id" : "s31-t5",
      "begin" : 2283,
      "end" : 2284,
      "text" : "a",
      "whiteSpace" : false
    }, {
      "id" : "s31-t6",
      "begin" : 2285,
      "end" : 2290,
      "text" : "small",
      "whiteSpace" : false
    }, {
      "id" : "s31-t7",
      "begin" : 2291,
      "end" : 2299,
      "text" : "business",
      "whiteSpace" : false
    }, {
      "id" : "s31-t8",
      "begin" : 2300,
      "end" : 2304,
      "text" : "sole",
      "whiteSpace" : false
    }, {
      "id" : "s31-t9",
      "begin" : 2305,
      "end" : 2315,
      "text" : "proprietor",
      "whiteSpace" : false
    }, {
      "id" : "s31-t10",
      "begin" : 2316,
      "end" : 2319,
      "text" : "get",
      "whiteSpace" : false
    }, {
      "id" : "s31-t11",
      "begin" : 2320,
      "end" : 2332,
      "text" : "unemployment",
      "whiteSpace" : false
    }, {
      "id" : "s31-t12",
      "begin" : 2332,
      "end" : 2333,
      "text" : "?",
      "whiteSpace" : false
    } ]
  }, {
    "id" : "s32",
    "begin" : 2333,
    "end" : 2407,
    "text" : "\",\n    \"subreddit\": \"chicago\",\n    \"created\": \"2020-03-26T02:51:54.000Z\"\n}",
    "tokens" : [ {
      "id" : "s32-t0",
      "begin" : 2333,
      "end" : 2334,
      "text" : "\"",
      "whiteSpace" : false
    }, {
      "id" : "s32-t1",
      "begin" : 2334,
      "end" : 2335,
      "text" : ",",
      "whiteSpace" : false
    }, {
      "id" : "s32-t2",
      "begin" : 2340,
      "end" : 2341,
      "text" : "\"",
      "whiteSpace" : false
    }, {
      "id" : "s32-t3",
      "begin" : 2341,
      "end" : 2350,
      "text" : "subreddit",
      "whiteSpace" : false
    }, {
      "id" : "s32-t4",
      "begin" : 2350,
      "end" : 2351,
      "text" : "\"",
      "whiteSpace" : false
    }, {
      "id" : "s32-t5",
      "begin" : 2351,
      "end" : 2352,
      "text" : ":",
      "whiteSpace" : false
    }, {
      "id" : "s32-t6",
      "begin" : 2353,
      "end" : 2354,
      "text" : "\"",
      "whiteSpace" : false
    }, {
      "id" : "s32-t7",
      "begin" : 2354,
      "end" : 2361,
      "text" : "chicago",
      "whiteSpace" : false
    }, {
      "id" : "s32-t8",
      "begin" : 2361,
      "end" : 2362,
      "text" : "\"",
      "whiteSpace" : false
    }, {
      "id" : "s32-t9",
      "begin" : 2362,
      "end" : 2363,
      "text" : ",",
      "whiteSpace" : false
    }, {
      "id" : "s32-t10",
      "begin" : 2368,
      "end" : 2369,
      "text" : "\"",
      "whiteSpace" : false
    }, {
      "id" : "s32-t11",
      "begin" : 2369,
      "end" : 2376,
      "text" : "created",
      "whiteSpace" : false
    }, {
      "id" : "s32-t12",
      "begin" : 2376,
      "end" : 2377,
      "text" : "\"",
      "whiteSpace" : false
    }, {
      "id" : "s32-t13",
      "begin" : 2377,
      "end" : 2378,
      "text" : ":",
      "whiteSpace" : false
    }, {
      "id" : "s32-t14",
      "begin" : 2379,
      "end" : 2380,
      "text" : "\"",
      "whiteSpace" : false
    }, {
      "id" : "s32-t15",
      "begin" : 2380,
      "end" : 2404,
      "text" : "2020-03-26T02:51:54.000Z",
      "whiteSpace" : false
    }, {
      "id" : "s32-t16",
      "begin" : 2404,
      "end" : 2405,
      "text" : "\"",
      "whiteSpace" : false
    }, {
      "id" : "s32-t17",
      "begin" : 2406,
      "end" : 2407,
      "text" : "}",
      "whiteSpace" : false
    } ]
  } ],
  "mentions" : [ {
    "id" : "s4-m1",
    "properties" : {
      "SIRE_MENTION_ROLE" : "Hourly_Wage_Employment",
      "SIRE_ENTITY_SUBTYPE" : "NONE",
      "SIRE_MENTION_TYPE" : "NONE",
      "SIRE_MENTION_CLASS" : "SPC"
    },
    "type" : "Hourly_Wage_Employment",
    "begin" : 221,
    "end" : 282,
    "inCoref" : false
  }, {
    "id" : "s7-m1",
    "properties" : {
      "SIRE_MENTION_ROLE" : "Hourly_Wage_Employment",
      "SIRE_ENTITY_SUBTYPE" : "NONE",
      "SIRE_MENTION_TYPE" : "NONE",
      "SIRE_MENTION_CLASS" : "SPC"
    },
    "type" : "Hourly_Wage_Employment",
    "begin" : 352,
    "end" : 369,
    "inCoref" : false
  }, {
    "id" : "s24-m1",
    "properties" : {
      "SIRE_MENTION_ROLE" : "Hourly_Wage_Employment",
      "SIRE_ENTITY_SUBTYPE" : "NONE",
      "SIRE_MENTION_TYPE" : "NONE",
      "SIRE_MENTION_CLASS" : "SPC"
    },
    "type" : "Hourly_Wage_Employment",
    "begin" : 1626,
    "end" : 1637,
    "inCoref" : false
  } ],
  "relations" : [ ],
  "corefs" : [ ],
  "typeResolved" : true,
  "userResolved" : false
}