{
  "id" : "70604390-9421-11ea-8323-e3108cdaa699-6",
  "name" : "chicago-doc-35.txt",
  "createdDate" : 0,
  "version" : 3,
  "text" : "{\n    \"title\": \"Trader Joe's is hiring\",\n    \"text\": \"They just posted on Instagram that they are hiring for temporary positions.\\n\\nEdit: I don't work for Trader Joe's. This is info obtained from their Instagram page.\\n\\nEdit #2: Let's try this again folks.\\n\\nWhile I don't work for TJ's, I was in charge of hiring people at my last job (a publishing company). \\n\\nThe people whose resumes went in the trash were the same ones who emailed me with inane questions. Do not make this same mistake.\\n\\nSHOW UP. Do not email them \\\"are you still hiring\\\". Do not email them \\\"what's the pay\\\". And please, for the love of god, do not comment these questions on their Instagram account.\\n\\nGO THERE IN PERSON. Research the company (it has a very interesting history), know who the founder was (he just passed away), get to know the products, and show some enthusiasm for the position. \\n\\nThey might say they aren't hiring anymore because all the positions are full, since they likely got a huge turnout, but I can tell you right now, not all of those people will last. Lots will quit/get fired. And do you know who they will call first when a position becomes available?\\n\\nThe ones who showed up in person.\",\n    \"subreddit\": \"chicago\",\n    \"created\": \"2020-03-24T05:38:17.000Z\"\n}",
  "docLength" : 0,
  "language" : "EN",
  "status" : "IN_PROGRESS",
  "modifiedDate" : 1589308328719,
  "documentSet" : [ ],
  "preannotation" : [ ],
  "sentences" : [ {
    "id" : "s0",
    "begin" : 0,
    "end" : 129,
    "text" : "{\n    \"title\": \"Trader Joe's is hiring\",\n    \"text\": \"They just posted on Instagram that they are hiring for temporary positions.",
    "tokens" : [ {
      "id" : "s0-t0",
      "begin" : 0,
      "end" : 1,
      "text" : "{",
      "whiteSpace" : false
    }, {
      "id" : "s0-t1",
      "begin" : 6,
      "end" : 7,
      "text" : "\"",
      "whiteSpace" : false
    }, {
      "id" : "s0-t2",
      "begin" : 7,
      "end" : 12,
      "text" : "title",
      "whiteSpace" : false
    }, {
      "id" : "s0-t3",
      "begin" : 12,
      "end" : 13,
      "text" : "\"",
      "whiteSpace" : false
    }, {
      "id" : "s0-t4",
      "begin" : 13,
      "end" : 14,
      "text" : ":",
      "whiteSpace" : false
    }, {
      "id" : "s0-t5",
      "begin" : 15,
      "end" : 16,
      "text" : "\"",
      "whiteSpace" : false
    }, {
      "id" : "s0-t6",
      "begin" : 16,
      "end" : 22,
      "text" : "Trader",
      "whiteSpace" : false
    }, {
      "id" : "s0-t7",
      "begin" : 23,
      "end" : 26,
      "text" : "Joe",
      "whiteSpace" : false
    }, {
      "id" : "s0-t8",
      "begin" : 26,
      "end" : 28,
      "text" : "'s",
      "whiteSpace" : false
    }, {
      "id" : "s0-t9",
      "begin" : 29,
      "end" : 31,
      "text" : "is",
      "whiteSpace" : false
    }, {
      "id" : "s0-t10",
      "begin" : 32,
      "end" : 38,
      "text" : "hiring",
      "whiteSpace" : false
    }, {
      "id" : "s0-t11",
      "begin" : 38,
      "end" : 39,
      "text" : "\"",
      "whiteSpace" : false
    }, {
      "id" : "s0-t12",
      "begin" : 39,
      "end" : 40,
      "text" : ",",
      "whiteSpace" : false
    }, {
      "id" : "s0-t13",
      "begin" : 45,
      "end" : 46,
      "text" : "\"",
      "whiteSpace" : false
    }, {
      "id" : "s0-t14",
      "begin" : 46,
      "end" : 50,
      "text" : "text",
      "whiteSpace" : false
    }, {
      "id" : "s0-t15",
      "begin" : 50,
      "end" : 51,
      "text" : "\"",
      "whiteSpace" : false
    }, {
      "id" : "s0-t16",
      "begin" : 51,
      "end" : 52,
      "text" : ":",
      "whiteSpace" : false
    }, {
      "id" : "s0-t17",
      "begin" : 53,
      "end" : 54,
      "text" : "\"",
      "whiteSpace" : false
    }, {
      "id" : "s0-t18",
      "begin" : 54,
      "end" : 58,
      "text" : "They",
      "whiteSpace" : false
    }, {
      "id" : "s0-t19",
      "begin" : 59,
      "end" : 63,
      "text" : "just",
      "whiteSpace" : false
    }, {
      "id" : "s0-t20",
      "begin" : 64,
      "end" : 70,
      "text" : "posted",
      "whiteSpace" : false
    }, {
      "id" : "s0-t21",
      "begin" : 71,
      "end" : 73,
      "text" : "on",
      "whiteSpace" : false
    }, {
      "id" : "s0-t22",
      "begin" : 74,
      "end" : 83,
      "text" : "Instagram",
      "whiteSpace" : false
    }, {
      "id" : "s0-t23",
      "begin" : 84,
      "end" : 88,
      "text" : "that",
      "whiteSpace" : false
    }, {
      "id" : "s0-t24",
      "begin" : 89,
      "end" : 93,
      "text" : "they",
      "whiteSpace" : false
    }, {
      "id" : "s0-t25",
      "begin" : 94,
      "end" : 97,
      "text" : "are",
      "whiteSpace" : false
    }, {
      "id" : "s0-t26",
      "begin" : 98,
      "end" : 104,
      "text" : "hiring",
      "whiteSpace" : false
    }, {
      "id" : "s0-t27",
      "begin" : 105,
      "end" : 108,
      "text" : "for",
      "whiteSpace" : false
    }, {
      "id" : "s0-t28",
      "begin" : 109,
      "end" : 118,
      "text" : "temporary",
      "whiteSpace" : false
    }, {
      "id" : "s0-t29",
      "begin" : 119,
      "end" : 128,
      "text" : "positions",
      "whiteSpace" : false
    }, {
      "id" : "s0-t30",
      "begin" : 128,
      "end" : 129,
      "text" : ".",
      "whiteSpace" : false
    } ]
  }, {
    "id" : "s1",
    "begin" : 129,
    "end" : 169,
    "text" : "\\n\\nEdit: I don't work for Trader Joe's.",
    "tokens" : [ {
      "id" : "s1-t0",
      "begin" : 129,
      "end" : 131,
      "text" : "\\n",
      "whiteSpace" : false
    }, {
      "id" : "s1-t1",
      "begin" : 131,
      "end" : 137,
      "text" : "\\nEdit",
      "whiteSpace" : false
    }, {
      "id" : "s1-t2",
      "begin" : 137,
      "end" : 138,
      "text" : ":",
      "whiteSpace" : false
    }, {
      "id" : "s1-t3",
      "begin" : 139,
      "end" : 140,
      "text" : "I",
      "whiteSpace" : false
    }, {
      "id" : "s1-t4",
      "begin" : 141,
      "end" : 143,
      "text" : "do",
      "whiteSpace" : false
    }, {
      "id" : "s1-t5",
      "begin" : 143,
      "end" : 146,
      "text" : "n't",
      "whiteSpace" : false
    }, {
      "id" : "s1-t6",
      "begin" : 147,
      "end" : 151,
      "text" : "work",
      "whiteSpace" : false
    }, {
      "id" : "s1-t7",
      "begin" : 152,
      "end" : 155,
      "text" : "for",
      "whiteSpace" : false
    }, {
      "id" : "s1-t8",
      "begin" : 156,
      "end" : 162,
      "text" : "Trader",
      "whiteSpace" : false
    }, {
      "id" : "s1-t9",
      "begin" : 163,
      "end" : 166,
      "text" : "Joe",
      "whiteSpace" : false
    }, {
      "id" : "s1-t10",
      "begin" : 166,
      "end" : 168,
      "text" : "'s",
      "whiteSpace" : false
    }, {
      "id" : "s1-t11",
      "begin" : 168,
      "end" : 169,
      "text" : ".",
      "whiteSpace" : false
    } ]
  }, {
    "id" : "s2",
    "begin" : 170,
    "end" : 218,
    "text" : "This is info obtained from their Instagram page.",
    "tokens" : [ {
      "id" : "s2-t0",
      "begin" : 170,
      "end" : 174,
      "text" : "This",
      "whiteSpace" : false
    }, {
      "id" : "s2-t1",
      "begin" : 175,
      "end" : 177,
      "text" : "is",
      "whiteSpace" : false
    }, {
      "id" : "s2-t2",
      "begin" : 178,
      "end" : 182,
      "text" : "info",
      "whiteSpace" : false
    }, {
      "id" : "s2-t3",
      "begin" : 183,
      "end" : 191,
      "text" : "obtained",
      "whiteSpace" : false
    }, {
      "id" : "s2-t4",
      "begin" : 192,
      "end" : 196,
      "text" : "from",
      "whiteSpace" : false
    }, {
      "id" : "s2-t5",
      "begin" : 197,
      "end" : 202,
      "text" : "their",
      "whiteSpace" : false
    }, {
      "id" : "s2-t6",
      "begin" : 203,
      "end" : 212,
      "text" : "Instagram",
      "whiteSpace" : false
    }, {
      "id" : "s2-t7",
      "begin" : 213,
      "end" : 217,
      "text" : "page",
      "whiteSpace" : false
    }, {
      "id" : "s2-t8",
      "begin" : 217,
      "end" : 218,
      "text" : ".",
      "whiteSpace" : false
    } ]
  }, {
    "id" : "s3",
    "begin" : 218,
    "end" : 258,
    "text" : "\\n\\nEdit #2: Let's try this again folks.",
    "tokens" : [ {
      "id" : "s3-t0",
      "begin" : 218,
      "end" : 220,
      "text" : "\\n",
      "whiteSpace" : false
    }, {
      "id" : "s3-t1",
      "begin" : 220,
      "end" : 226,
      "text" : "\\nEdit",
      "whiteSpace" : false
    }, {
      "id" : "s3-t2",
      "begin" : 227,
      "end" : 229,
      "text" : "#2",
      "whiteSpace" : false
    }, {
      "id" : "s3-t3",
      "begin" : 229,
      "end" : 230,
      "text" : ":",
      "whiteSpace" : false
    }, {
      "id" : "s3-t4",
      "begin" : 231,
      "end" : 234,
      "text" : "Let",
      "whiteSpace" : false
    }, {
      "id" : "s3-t5",
      "begin" : 234,
      "end" : 236,
      "text" : "'s",
      "whiteSpace" : false
    }, {
      "id" : "s3-t6",
      "begin" : 237,
      "end" : 240,
      "text" : "try",
      "whiteSpace" : false
    }, {
      "id" : "s3-t7",
      "begin" : 241,
      "end" : 245,
      "text" : "this",
      "whiteSpace" : false
    }, {
      "id" : "s3-t8",
      "begin" : 246,
      "end" : 251,
      "text" : "again",
      "whiteSpace" : false
    }, {
      "id" : "s3-t9",
      "begin" : 252,
      "end" : 257,
      "text" : "folks",
      "whiteSpace" : false
    }, {
      "id" : "s3-t10",
      "begin" : 257,
      "end" : 258,
      "text" : ".",
      "whiteSpace" : false
    } ]
  }, {
    "id" : "s4",
    "begin" : 258,
    "end" : 362,
    "text" : "\\n\\nWhile I don't work for TJ's, I was in charge of hiring people at my last job (a publishing company).",
    "tokens" : [ {
      "id" : "s4-t0",
      "begin" : 258,
      "end" : 260,
      "text" : "\\n",
      "whiteSpace" : false
    }, {
      "id" : "s4-t1",
      "begin" : 260,
      "end" : 267,
      "text" : "\\nWhile",
      "whiteSpace" : false
    }, {
      "id" : "s4-t2",
      "begin" : 268,
      "end" : 269,
      "text" : "I",
      "whiteSpace" : false
    }, {
      "id" : "s4-t3",
      "begin" : 270,
      "end" : 272,
      "text" : "do",
      "whiteSpace" : false
    }, {
      "id" : "s4-t4",
      "begin" : 272,
      "end" : 275,
      "text" : "n't",
      "whiteSpace" : false
    }, {
      "id" : "s4-t5",
      "begin" : 276,
      "end" : 280,
      "text" : "work",
      "whiteSpace" : false
    }, {
      "id" : "s4-t6",
      "begin" : 281,
      "end" : 284,
      "text" : "for",
      "whiteSpace" : false
    }, {
      "id" : "s4-t7",
      "begin" : 285,
      "end" : 287,
      "text" : "TJ",
      "whiteSpace" : false
    }, {
      "id" : "s4-t8",
      "begin" : 287,
      "end" : 289,
      "text" : "'s",
      "whiteSpace" : false
    }, {
      "id" : "s4-t9",
      "begin" : 289,
      "end" : 290,
      "text" : ",",
      "whiteSpace" : false
    }, {
      "id" : "s4-t10",
      "begin" : 291,
      "end" : 292,
      "text" : "I",
      "whiteSpace" : false
    }, {
      "id" : "s4-t11",
      "begin" : 293,
      "end" : 296,
      "text" : "was",
      "whiteSpace" : false
    }, {
      "id" : "s4-t12",
      "begin" : 297,
      "end" : 299,
      "text" : "in",
      "whiteSpace" : false
    }, {
      "id" : "s4-t13",
      "begin" : 300,
      "end" : 306,
      "text" : "charge",
      "whiteSpace" : false
    }, {
      "id" : "s4-t14",
      "begin" : 307,
      "end" : 309,
      "text" : "of",
      "whiteSpace" : false
    }, {
      "id" : "s4-t15",
      "begin" : 310,
      "end" : 316,
      "text" : "hiring",
      "whiteSpace" : false
    }, {
      "id" : "s4-t16",
      "begin" : 317,
      "end" : 323,
      "text" : "people",
      "whiteSpace" : false
    }, {
      "id" : "s4-t17",
      "begin" : 324,
      "end" : 326,
      "text" : "at",
      "whiteSpace" : false
    }, {
      "id" : "s4-t18",
      "begin" : 327,
      "end" : 329,
      "text" : "my",
      "whiteSpace" : false
    }, {
      "id" : "s4-t19",
      "begin" : 330,
      "end" : 334,
      "text" : "last",
      "whiteSpace" : false
    }, {
      "id" : "s4-t20",
      "begin" : 335,
      "end" : 338,
      "text" : "job",
      "whiteSpace" : false
    }, {
      "id" : "s4-t21",
      "begin" : 339,
      "end" : 340,
      "text" : "(",
      "whiteSpace" : false
    }, {
      "id" : "s4-t22",
      "begin" : 340,
      "end" : 341,
      "text" : "a",
      "whiteSpace" : false
    }, {
      "id" : "s4-t23",
      "begin" : 342,
      "end" : 352,
      "text" : "publishing",
      "whiteSpace" : false
    }, {
      "id" : "s4-t24",
      "begin" : 353,
      "end" : 360,
      "text" : "company",
      "whiteSpace" : false
    }, {
      "id" : "s4-t25",
      "begin" : 360,
      "end" : 361,
      "text" : ")",
      "whiteSpace" : false
    }, {
      "id" : "s4-t26",
      "begin" : 361,
      "end" : 362,
      "text" : ".",
      "whiteSpace" : false
    } ]
  }, {
    "id" : "s5",
    "begin" : 363,
    "end" : 465,
    "text" : "\\n\\nThe people whose resumes went in the trash were the same ones who emailed me with inane questions.",
    "tokens" : [ {
      "id" : "s5-t0",
      "begin" : 363,
      "end" : 365,
      "text" : "\\n",
      "whiteSpace" : false
    }, {
      "id" : "s5-t1",
      "begin" : 365,
      "end" : 370,
      "text" : "\\nThe",
      "whiteSpace" : false
    }, {
      "id" : "s5-t2",
      "begin" : 371,
      "end" : 377,
      "text" : "people",
      "whiteSpace" : false
    }, {
      "id" : "s5-t3",
      "begin" : 378,
      "end" : 383,
      "text" : "whose",
      "whiteSpace" : false
    }, {
      "id" : "s5-t4",
      "begin" : 384,
      "end" : 391,
      "text" : "resumes",
      "whiteSpace" : false
    }, {
      "id" : "s5-t5",
      "begin" : 392,
      "end" : 396,
      "text" : "went",
      "whiteSpace" : false
    }, {
      "id" : "s5-t6",
      "begin" : 397,
      "end" : 399,
      "text" : "in",
      "whiteSpace" : false
    }, {
      "id" : "s5-t7",
      "begin" : 400,
      "end" : 403,
      "text" : "the",
      "whiteSpace" : false
    }, {
      "id" : "s5-t8",
      "begin" : 404,
      "end" : 409,
      "text" : "trash",
      "whiteSpace" : false
    }, {
      "id" : "s5-t9",
      "begin" : 410,
      "end" : 414,
      "text" : "were",
      "whiteSpace" : false
    }, {
      "id" : "s5-t10",
      "begin" : 415,
      "end" : 418,
      "text" : "the",
      "whiteSpace" : false
    }, {
      "id" : "s5-t11",
      "begin" : 419,
      "end" : 423,
      "text" : "same",
      "whiteSpace" : false
    }, {
      "id" : "s5-t12",
      "begin" : 424,
      "end" : 428,
      "text" : "ones",
      "whiteSpace" : false
    }, {
      "id" : "s5-t13",
      "begin" : 429,
      "end" : 432,
      "text" : "who",
      "whiteSpace" : false
    }, {
      "id" : "s5-t14",
      "begin" : 433,
      "end" : 440,
      "text" : "emailed",
      "whiteSpace" : false
    }, {
      "id" : "s5-t15",
      "begin" : 441,
      "end" : 443,
      "text" : "me",
      "whiteSpace" : false
    }, {
      "id" : "s5-t16",
      "begin" : 444,
      "end" : 448,
      "text" : "with",
      "whiteSpace" : false
    }, {
      "id" : "s5-t17",
      "begin" : 449,
      "end" : 454,
      "text" : "inane",
      "whiteSpace" : false
    }, {
      "id" : "s5-t18",
      "begin" : 455,
      "end" : 464,
      "text" : "questions",
      "whiteSpace" : false
    }, {
      "id" : "s5-t19",
      "begin" : 464,
      "end" : 465,
      "text" : ".",
      "whiteSpace" : false
    } ]
  }, {
    "id" : "s6",
    "begin" : 466,
    "end" : 496,
    "text" : "Do not make this same mistake.",
    "tokens" : [ {
      "id" : "s6-t0",
      "begin" : 466,
      "end" : 468,
      "text" : "Do",
      "whiteSpace" : false
    }, {
      "id" : "s6-t1",
      "begin" : 469,
      "end" : 472,
      "text" : "not",
      "whiteSpace" : false
    }, {
      "id" : "s6-t2",
      "begin" : 473,
      "end" : 477,
      "text" : "make",
      "whiteSpace" : false
    }, {
      "id" : "s6-t3",
      "begin" : 478,
      "end" : 482,
      "text" : "this",
      "whiteSpace" : false
    }, {
      "id" : "s6-t4",
      "begin" : 483,
      "end" : 487,
      "text" : "same",
      "whiteSpace" : false
    }, {
      "id" : "s6-t5",
      "begin" : 488,
      "end" : 495,
      "text" : "mistake",
      "whiteSpace" : false
    }, {
      "id" : "s6-t6",
      "begin" : 495,
      "end" : 496,
      "text" : ".",
      "whiteSpace" : false
    } ]
  }, {
    "id" : "s7",
    "begin" : 496,
    "end" : 508,
    "text" : "\\n\\nSHOW UP.",
    "tokens" : [ {
      "id" : "s7-t0",
      "begin" : 496,
      "end" : 498,
      "text" : "\\n",
      "whiteSpace" : false
    }, {
      "id" : "s7-t1",
      "begin" : 498,
      "end" : 504,
      "text" : "\\nSHOW",
      "whiteSpace" : false
    }, {
      "id" : "s7-t2",
      "begin" : 505,
      "end" : 507,
      "text" : "UP",
      "whiteSpace" : false
    }, {
      "id" : "s7-t3",
      "begin" : 507,
      "end" : 508,
      "text" : ".",
      "whiteSpace" : false
    } ]
  }, {
    "id" : "s8",
    "begin" : 509,
    "end" : 552,
    "text" : "Do not email them \\\"are you still hiring\\\".",
    "tokens" : [ {
      "id" : "s8-t0",
      "begin" : 509,
      "end" : 511,
      "text" : "Do",
      "whiteSpace" : false
    }, {
      "id" : "s8-t1",
      "begin" : 512,
      "end" : 515,
      "text" : "not",
      "whiteSpace" : false
    }, {
      "id" : "s8-t2",
      "begin" : 516,
      "end" : 521,
      "text" : "email",
      "whiteSpace" : false
    }, {
      "id" : "s8-t3",
      "begin" : 522,
      "end" : 526,
      "text" : "them",
      "whiteSpace" : false
    }, {
      "id" : "s8-t4",
      "begin" : 527,
      "end" : 529,
      "text" : "\\\"",
      "whiteSpace" : false
    }, {
      "id" : "s8-t5",
      "begin" : 529,
      "end" : 532,
      "text" : "are",
      "whiteSpace" : false
    }, {
      "id" : "s8-t6",
      "begin" : 533,
      "end" : 536,
      "text" : "you",
      "whiteSpace" : false
    }, {
      "id" : "s8-t7",
      "begin" : 537,
      "end" : 542,
      "text" : "still",
      "whiteSpace" : false
    }, {
      "id" : "s8-t8",
      "begin" : 543,
      "end" : 549,
      "text" : "hiring",
      "whiteSpace" : false
    }, {
      "id" : "s8-t9",
      "begin" : 549,
      "end" : 550,
      "text" : "\\",
      "whiteSpace" : false
    }, {
      "id" : "s8-t10",
      "begin" : 550,
      "end" : 551,
      "text" : "\"",
      "whiteSpace" : false
    }, {
      "id" : "s8-t11",
      "begin" : 551,
      "end" : 552,
      "text" : ".",
      "whiteSpace" : false
    } ]
  }, {
    "id" : "s9",
    "begin" : 553,
    "end" : 590,
    "text" : "Do not email them \\\"what's the pay\\\".",
    "tokens" : [ {
      "id" : "s9-t0",
      "begin" : 553,
      "end" : 555,
      "text" : "Do",
      "whiteSpace" : false
    }, {
      "id" : "s9-t1",
      "begin" : 556,
      "end" : 559,
      "text" : "not",
      "whiteSpace" : false
    }, {
      "id" : "s9-t2",
      "begin" : 560,
      "end" : 565,
      "text" : "email",
      "whiteSpace" : false
    }, {
      "id" : "s9-t3",
      "begin" : 566,
      "end" : 570,
      "text" : "them",
      "whiteSpace" : false
    }, {
      "id" : "s9-t4",
      "begin" : 571,
      "end" : 573,
      "text" : "\\\"",
      "whiteSpace" : false
    }, {
      "id" : "s9-t5",
      "begin" : 573,
      "end" : 577,
      "text" : "what",
      "whiteSpace" : false
    }, {
      "id" : "s9-t6",
      "begin" : 577,
      "end" : 579,
      "text" : "'s",
      "whiteSpace" : false
    }, {
      "id" : "s9-t7",
      "begin" : 580,
      "end" : 583,
      "text" : "the",
      "whiteSpace" : false
    }, {
      "id" : "s9-t8",
      "begin" : 584,
      "end" : 587,
      "text" : "pay",
      "whiteSpace" : false
    }, {
      "id" : "s9-t9",
      "begin" : 587,
      "end" : 588,
      "text" : "\\",
      "whiteSpace" : false
    }, {
      "id" : "s9-t10",
      "begin" : 588,
      "end" : 589,
      "text" : "\"",
      "whiteSpace" : false
    }, {
      "id" : "s9-t11",
      "begin" : 589,
      "end" : 590,
      "text" : ".",
      "whiteSpace" : false
    } ]
  }, {
    "id" : "s10",
    "begin" : 591,
    "end" : 682,
    "text" : "And please, for the love of god, do not comment these questions on their Instagram account.",
    "tokens" : [ {
      "id" : "s10-t0",
      "begin" : 591,
      "end" : 594,
      "text" : "And",
      "whiteSpace" : false
    }, {
      "id" : "s10-t1",
      "begin" : 595,
      "end" : 601,
      "text" : "please",
      "whiteSpace" : false
    }, {
      "id" : "s10-t2",
      "begin" : 601,
      "end" : 602,
      "text" : ",",
      "whiteSpace" : false
    }, {
      "id" : "s10-t3",
      "begin" : 603,
      "end" : 606,
      "text" : "for",
      "whiteSpace" : false
    }, {
      "id" : "s10-t4",
      "begin" : 607,
      "end" : 610,
      "text" : "the",
      "whiteSpace" : false
    }, {
      "id" : "s10-t5",
      "begin" : 611,
      "end" : 615,
      "text" : "love",
      "whiteSpace" : false
    }, {
      "id" : "s10-t6",
      "begin" : 616,
      "end" : 618,
      "text" : "of",
      "whiteSpace" : false
    }, {
      "id" : "s10-t7",
      "begin" : 619,
      "end" : 622,
      "text" : "god",
      "whiteSpace" : false
    }, {
      "id" : "s10-t8",
      "begin" : 622,
      "end" : 623,
      "text" : ",",
      "whiteSpace" : false
    }, {
      "id" : "s10-t9",
      "begin" : 624,
      "end" : 626,
      "text" : "do",
      "whiteSpace" : false
    }, {
      "id" : "s10-t10",
      "begin" : 627,
      "end" : 630,
      "text" : "not",
      "whiteSpace" : false
    }, {
      "id" : "s10-t11",
      "begin" : 631,
      "end" : 638,
      "text" : "comment",
      "whiteSpace" : false
    }, {
      "id" : "s10-t12",
      "begin" : 639,
      "end" : 644,
      "text" : "these",
      "whiteSpace" : false
    }, {
      "id" : "s10-t13",
      "begin" : 645,
      "end" : 654,
      "text" : "questions",
      "whiteSpace" : false
    }, {
      "id" : "s10-t14",
      "begin" : 655,
      "end" : 657,
      "text" : "on",
      "whiteSpace" : false
    }, {
      "id" : "s10-t15",
      "begin" : 658,
      "end" : 663,
      "text" : "their",
      "whiteSpace" : false
    }, {
      "id" : "s10-t16",
      "begin" : 664,
      "end" : 673,
      "text" : "Instagram",
      "whiteSpace" : false
    }, {
      "id" : "s10-t17",
      "begin" : 674,
      "end" : 681,
      "text" : "account",
      "whiteSpace" : false
    }, {
      "id" : "s10-t18",
      "begin" : 681,
      "end" : 682,
      "text" : ".",
      "whiteSpace" : false
    } ]
  }, {
    "id" : "s11",
    "begin" : 682,
    "end" : 705,
    "text" : "\\n\\nGO THERE IN PERSON.",
    "tokens" : [ {
      "id" : "s11-t0",
      "begin" : 682,
      "end" : 684,
      "text" : "\\n",
      "whiteSpace" : false
    }, {
      "id" : "s11-t1",
      "begin" : 684,
      "end" : 688,
      "text" : "\\nGO",
      "whiteSpace" : false
    }, {
      "id" : "s11-t2",
      "begin" : 689,
      "end" : 694,
      "text" : "THERE",
      "whiteSpace" : false
    }, {
      "id" : "s11-t3",
      "begin" : 695,
      "end" : 697,
      "text" : "IN",
      "whiteSpace" : false
    }, {
      "id" : "s11-t4",
      "begin" : 698,
      "end" : 704,
      "text" : "PERSON",
      "whiteSpace" : false
    }, {
      "id" : "s11-t5",
      "begin" : 704,
      "end" : 705,
      "text" : ".",
      "whiteSpace" : false
    } ]
  }, {
    "id" : "s12",
    "begin" : 706,
    "end" : 880,
    "text" : "Research the company (it has a very interesting history), know who the founder was (he just passed away), get to know the products, and show some enthusiasm for the position.",
    "tokens" : [ {
      "id" : "s12-t0",
      "begin" : 706,
      "end" : 714,
      "text" : "Research",
      "whiteSpace" : false
    }, {
      "id" : "s12-t1",
      "begin" : 715,
      "end" : 718,
      "text" : "the",
      "whiteSpace" : false
    }, {
      "id" : "s12-t2",
      "begin" : 719,
      "end" : 726,
      "text" : "company",
      "whiteSpace" : false
    }, {
      "id" : "s12-t3",
      "begin" : 727,
      "end" : 728,
      "text" : "(",
      "whiteSpace" : false
    }, {
      "id" : "s12-t4",
      "begin" : 728,
      "end" : 730,
      "text" : "it",
      "whiteSpace" : false
    }, {
      "id" : "s12-t5",
      "begin" : 731,
      "end" : 734,
      "text" : "has",
      "whiteSpace" : false
    }, {
      "id" : "s12-t6",
      "begin" : 735,
      "end" : 736,
      "text" : "a",
      "whiteSpace" : false
    }, {
      "id" : "s12-t7",
      "begin" : 737,
      "end" : 741,
      "text" : "very",
      "whiteSpace" : false
    }, {
      "id" : "s12-t8",
      "begin" : 742,
      "end" : 753,
      "text" : "interesting",
      "whiteSpace" : false
    }, {
      "id" : "s12-t9",
      "begin" : 754,
      "end" : 761,
      "text" : "history",
      "whiteSpace" : false
    }, {
      "id" : "s12-t10",
      "begin" : 761,
      "end" : 762,
      "text" : ")",
      "whiteSpace" : false
    }, {
      "id" : "s12-t11",
      "begin" : 762,
      "end" : 763,
      "text" : ",",
      "whiteSpace" : false
    }, {
      "id" : "s12-t12",
      "begin" : 764,
      "end" : 768,
      "text" : "know",
      "whiteSpace" : false
    }, {
      "id" : "s12-t13",
      "begin" : 769,
      "end" : 772,
      "text" : "who",
      "whiteSpace" : false
    }, {
      "id" : "s12-t14",
      "begin" : 773,
      "end" : 776,
      "text" : "the",
      "whiteSpace" : false
    }, {
      "id" : "s12-t15",
      "begin" : 777,
      "end" : 784,
      "text" : "founder",
      "whiteSpace" : false
    }, {
      "id" : "s12-t16",
      "begin" : 785,
      "end" : 788,
      "text" : "was",
      "whiteSpace" : false
    }, {
      "id" : "s12-t17",
      "begin" : 789,
      "end" : 790,
      "text" : "(",
      "whiteSpace" : false
    }, {
      "id" : "s12-t18",
      "begin" : 790,
      "end" : 792,
      "text" : "he",
      "whiteSpace" : false
    }, {
      "id" : "s12-t19",
      "begin" : 793,
      "end" : 797,
      "text" : "just",
      "whiteSpace" : false
    }, {
      "id" : "s12-t20",
      "begin" : 798,
      "end" : 804,
      "text" : "passed",
      "whiteSpace" : false
    }, {
      "id" : "s12-t21",
      "begin" : 805,
      "end" : 809,
      "text" : "away",
      "whiteSpace" : false
    }, {
      "id" : "s12-t22",
      "begin" : 809,
      "end" : 810,
      "text" : ")",
      "whiteSpace" : false
    }, {
      "id" : "s12-t23",
      "begin" : 810,
      "end" : 811,
      "text" : ",",
      "whiteSpace" : false
    }, {
      "id" : "s12-t24",
      "begin" : 812,
      "end" : 815,
      "text" : "get",
      "whiteSpace" : false
    }, {
      "id" : "s12-t25",
      "begin" : 816,
      "end" : 818,
      "text" : "to",
      "whiteSpace" : false
    }, {
      "id" : "s12-t26",
      "begin" : 819,
      "end" : 823,
      "text" : "know",
      "whiteSpace" : false
    }, {
      "id" : "s12-t27",
      "begin" : 824,
      "end" : 827,
      "text" : "the",
      "whiteSpace" : false
    }, {
      "id" : "s12-t28",
      "begin" : 828,
      "end" : 836,
      "text" : "products",
      "whiteSpace" : false
    }, {
      "id" : "s12-t29",
      "begin" : 836,
      "end" : 837,
      "text" : ",",
      "whiteSpace" : false
    }, {
      "id" : "s12-t30",
      "begin" : 838,
      "end" : 841,
      "text" : "and",
      "whiteSpace" : false
    }, {
      "id" : "s12-t31",
      "begin" : 842,
      "end" : 846,
      "text" : "show",
      "whiteSpace" : false
    }, {
      "id" : "s12-t32",
      "begin" : 847,
      "end" : 851,
      "text" : "some",
      "whiteSpace" : false
    }, {
      "id" : "s12-t33",
      "begin" : 852,
      "end" : 862,
      "text" : "enthusiasm",
      "whiteSpace" : false
    }, {
      "id" : "s12-t34",
      "begin" : 863,
      "end" : 866,
      "text" : "for",
      "whiteSpace" : false
    }, {
      "id" : "s12-t35",
      "begin" : 867,
      "end" : 870,
      "text" : "the",
      "whiteSpace" : false
    }, {
      "id" : "s12-t36",
      "begin" : 871,
      "end" : 879,
      "text" : "position",
      "whiteSpace" : false
    }, {
      "id" : "s12-t37",
      "begin" : 879,
      "end" : 880,
      "text" : ".",
      "whiteSpace" : false
    } ]
  }, {
    "id" : "s13",
    "begin" : 881,
    "end" : 1065,
    "text" : "\\n\\nThey might say they aren't hiring anymore because all the positions are full, since they likely got a huge turnout, but I can tell you right now, not all of those people will last.",
    "tokens" : [ {
      "id" : "s13-t0",
      "begin" : 881,
      "end" : 883,
      "text" : "\\n",
      "whiteSpace" : false
    }, {
      "id" : "s13-t1",
      "begin" : 883,
      "end" : 889,
      "text" : "\\nThey",
      "whiteSpace" : false
    }, {
      "id" : "s13-t2",
      "begin" : 890,
      "end" : 895,
      "text" : "might",
      "whiteSpace" : false
    }, {
      "id" : "s13-t3",
      "begin" : 896,
      "end" : 899,
      "text" : "say",
      "whiteSpace" : false
    }, {
      "id" : "s13-t4",
      "begin" : 900,
      "end" : 904,
      "text" : "they",
      "whiteSpace" : false
    }, {
      "id" : "s13-t5",
      "begin" : 905,
      "end" : 908,
      "text" : "are",
      "whiteSpace" : false
    }, {
      "id" : "s13-t6",
      "begin" : 908,
      "end" : 911,
      "text" : "n't",
      "whiteSpace" : false
    }, {
      "id" : "s13-t7",
      "begin" : 912,
      "end" : 918,
      "text" : "hiring",
      "whiteSpace" : false
    }, {
      "id" : "s13-t8",
      "begin" : 919,
      "end" : 926,
      "text" : "anymore",
      "whiteSpace" : false
    }, {
      "id" : "s13-t9",
      "begin" : 927,
      "end" : 934,
      "text" : "because",
      "whiteSpace" : false
    }, {
      "id" : "s13-t10",
      "begin" : 935,
      "end" : 938,
      "text" : "all",
      "whiteSpace" : false
    }, {
      "id" : "s13-t11",
      "begin" : 939,
      "end" : 942,
      "text" : "the",
      "whiteSpace" : false
    }, {
      "id" : "s13-t12",
      "begin" : 943,
      "end" : 952,
      "text" : "positions",
      "whiteSpace" : false
    }, {
      "id" : "s13-t13",
      "begin" : 953,
      "end" : 956,
      "text" : "are",
      "whiteSpace" : false
    }, {
      "id" : "s13-t14",
      "begin" : 957,
      "end" : 961,
      "text" : "full",
      "whiteSpace" : false
    }, {
      "id" : "s13-t15",
      "begin" : 961,
      "end" : 962,
      "text" : ",",
      "whiteSpace" : false
    }, {
      "id" : "s13-t16",
      "begin" : 963,
      "end" : 968,
      "text" : "since",
      "whiteSpace" : false
    }, {
      "id" : "s13-t17",
      "begin" : 969,
      "end" : 973,
      "text" : "they",
      "whiteSpace" : false
    }, {
      "id" : "s13-t18",
      "begin" : 974,
      "end" : 980,
      "text" : "likely",
      "whiteSpace" : false
    }, {
      "id" : "s13-t19",
      "begin" : 981,
      "end" : 984,
      "text" : "got",
      "whiteSpace" : false
    }, {
      "id" : "s13-t20",
      "begin" : 985,
      "end" : 986,
      "text" : "a",
      "whiteSpace" : false
    }, {
      "id" : "s13-t21",
      "begin" : 987,
      "end" : 991,
      "text" : "huge",
      "whiteSpace" : false
    }, {
      "id" : "s13-t22",
      "begin" : 992,
      "end" : 999,
      "text" : "turnout",
      "whiteSpace" : false
    }, {
      "id" : "s13-t23",
      "begin" : 999,
      "end" : 1000,
      "text" : ",",
      "whiteSpace" : false
    }, {
      "id" : "s13-t24",
      "begin" : 1001,
      "end" : 1004,
      "text" : "but",
      "whiteSpace" : false
    }, {
      "id" : "s13-t25",
      "begin" : 1005,
      "end" : 1006,
      "text" : "I",
      "whiteSpace" : false
    }, {
      "id" : "s13-t26",
      "begin" : 1007,
      "end" : 1010,
      "text" : "can",
      "whiteSpace" : false
    }, {
      "id" : "s13-t27",
      "begin" : 1011,
      "end" : 1015,
      "text" : "tell",
      "whiteSpace" : false
    }, {
      "id" : "s13-t28",
      "begin" : 1016,
      "end" : 1019,
      "text" : "you",
      "whiteSpace" : false
    }, {
      "id" : "s13-t29",
      "begin" : 1020,
      "end" : 1025,
      "text" : "right",
      "whiteSpace" : false
    }, {
      "id" : "s13-t30",
      "begin" : 1026,
      "end" : 1029,
      "text" : "now",
      "whiteSpace" : false
    }, {
      "id" : "s13-t31",
      "begin" : 1029,
      "end" : 1030,
      "text" : ",",
      "whiteSpace" : false
    }, {
      "id" : "s13-t32",
      "begin" : 1031,
      "end" : 1034,
      "text" : "not",
      "whiteSpace" : false
    }, {
      "id" : "s13-t33",
      "begin" : 1035,
      "end" : 1038,
      "text" : "all",
      "whiteSpace" : false
    }, {
      "id" : "s13-t34",
      "begin" : 1039,
      "end" : 1041,
      "text" : "of",
      "whiteSpace" : false
    }, {
      "id" : "s13-t35",
      "begin" : 1042,
      "end" : 1047,
      "text" : "those",
      "whiteSpace" : false
    }, {
      "id" : "s13-t36",
      "begin" : 1048,
      "end" : 1054,
      "text" : "people",
      "whiteSpace" : false
    }, {
      "id" : "s13-t37",
      "begin" : 1055,
      "end" : 1059,
      "text" : "will",
      "whiteSpace" : false
    }, {
      "id" : "s13-t38",
      "begin" : 1060,
      "end" : 1064,
      "text" : "last",
      "whiteSpace" : false
    }, {
      "id" : "s13-t39",
      "begin" : 1064,
      "end" : 1065,
      "text" : ".",
      "whiteSpace" : false
    } ]
  }, {
    "id" : "s14",
    "begin" : 1066,
    "end" : 1091,
    "text" : "Lots will quit/get fired.",
    "tokens" : [ {
      "id" : "s14-t0",
      "begin" : 1066,
      "end" : 1070,
      "text" : "Lots",
      "whiteSpace" : false
    }, {
      "id" : "s14-t1",
      "begin" : 1071,
      "end" : 1075,
      "text" : "will",
      "whiteSpace" : false
    }, {
      "id" : "s14-t2",
      "begin" : 1076,
      "end" : 1080,
      "text" : "quit",
      "whiteSpace" : false
    }, {
      "id" : "s14-t3",
      "begin" : 1080,
      "end" : 1081,
      "text" : "/",
      "whiteSpace" : false
    }, {
      "id" : "s14-t4",
      "begin" : 1081,
      "end" : 1084,
      "text" : "get",
      "whiteSpace" : false
    }, {
      "id" : "s14-t5",
      "begin" : 1085,
      "end" : 1090,
      "text" : "fired",
      "whiteSpace" : false
    }, {
      "id" : "s14-t6",
      "begin" : 1090,
      "end" : 1091,
      "text" : ".",
      "whiteSpace" : false
    } ]
  }, {
    "id" : "s15",
    "begin" : 1092,
    "end" : 1167,
    "text" : "And do you know who they will call first when a position becomes available?",
    "tokens" : [ {
      "id" : "s15-t0",
      "begin" : 1092,
      "end" : 1095,
      "text" : "And",
      "whiteSpace" : false
    }, {
      "id" : "s15-t1",
      "begin" : 1096,
      "end" : 1098,
      "text" : "do",
      "whiteSpace" : false
    }, {
      "id" : "s15-t2",
      "begin" : 1099,
      "end" : 1102,
      "text" : "you",
      "whiteSpace" : false
    }, {
      "id" : "s15-t3",
      "begin" : 1103,
      "end" : 1107,
      "text" : "know",
      "whiteSpace" : false
    }, {
      "id" : "s15-t4",
      "begin" : 1108,
      "end" : 1111,
      "text" : "who",
      "whiteSpace" : false
    }, {
      "id" : "s15-t5",
      "begin" : 1112,
      "end" : 1116,
      "text" : "they",
      "whiteSpace" : false
    }, {
      "id" : "s15-t6",
      "begin" : 1117,
      "end" : 1121,
      "text" : "will",
      "whiteSpace" : false
    }, {
      "id" : "s15-t7",
      "begin" : 1122,
      "end" : 1126,
      "text" : "call",
      "whiteSpace" : false
    }, {
      "id" : "s15-t8",
      "begin" : 1127,
      "end" : 1132,
      "text" : "first",
      "whiteSpace" : false
    }, {
      "id" : "s15-t9",
      "begin" : 1133,
      "end" : 1137,
      "text" : "when",
      "whiteSpace" : false
    }, {
      "id" : "s15-t10",
      "begin" : 1138,
      "end" : 1139,
      "text" : "a",
      "whiteSpace" : false
    }, {
      "id" : "s15-t11",
      "begin" : 1140,
      "end" : 1148,
      "text" : "position",
      "whiteSpace" : false
    }, {
      "id" : "s15-t12",
      "begin" : 1149,
      "end" : 1156,
      "text" : "becomes",
      "whiteSpace" : false
    }, {
      "id" : "s15-t13",
      "begin" : 1157,
      "end" : 1166,
      "text" : "available",
      "whiteSpace" : false
    }, {
      "id" : "s15-t14",
      "begin" : 1166,
      "end" : 1167,
      "text" : "?",
      "whiteSpace" : false
    } ]
  }, {
    "id" : "s16",
    "begin" : 1167,
    "end" : 1204,
    "text" : "\\n\\nThe ones who showed up in person.",
    "tokens" : [ {
      "id" : "s16-t0",
      "begin" : 1167,
      "end" : 1169,
      "text" : "\\n",
      "whiteSpace" : false
    }, {
      "id" : "s16-t1",
      "begin" : 1169,
      "end" : 1174,
      "text" : "\\nThe",
      "whiteSpace" : false
    }, {
      "id" : "s16-t2",
      "begin" : 1175,
      "end" : 1179,
      "text" : "ones",
      "whiteSpace" : false
    }, {
      "id" : "s16-t3",
      "begin" : 1180,
      "end" : 1183,
      "text" : "who",
      "whiteSpace" : false
    }, {
      "id" : "s16-t4",
      "begin" : 1184,
      "end" : 1190,
      "text" : "showed",
      "whiteSpace" : false
    }, {
      "id" : "s16-t5",
      "begin" : 1191,
      "end" : 1193,
      "text" : "up",
      "whiteSpace" : false
    }, {
      "id" : "s16-t6",
      "begin" : 1194,
      "end" : 1196,
      "text" : "in",
      "whiteSpace" : false
    }, {
      "id" : "s16-t7",
      "begin" : 1197,
      "end" : 1203,
      "text" : "person",
      "whiteSpace" : false
    }, {
      "id" : "s16-t8",
      "begin" : 1203,
      "end" : 1204,
      "text" : ".",
      "whiteSpace" : false
    } ]
  }, {
    "id" : "s17",
    "begin" : 1204,
    "end" : 1278,
    "text" : "\",\n    \"subreddit\": \"chicago\",\n    \"created\": \"2020-03-24T05:38:17.000Z\"\n}",
    "tokens" : [ {
      "id" : "s17-t0",
      "begin" : 1204,
      "end" : 1205,
      "text" : "\"",
      "whiteSpace" : false
    }, {
      "id" : "s17-t1",
      "begin" : 1205,
      "end" : 1206,
      "text" : ",",
      "whiteSpace" : false
    }, {
      "id" : "s17-t2",
      "begin" : 1211,
      "end" : 1212,
      "text" : "\"",
      "whiteSpace" : false
    }, {
      "id" : "s17-t3",
      "begin" : 1212,
      "end" : 1221,
      "text" : "subreddit",
      "whiteSpace" : false
    }, {
      "id" : "s17-t4",
      "begin" : 1221,
      "end" : 1222,
      "text" : "\"",
      "whiteSpace" : false
    }, {
      "id" : "s17-t5",
      "begin" : 1222,
      "end" : 1223,
      "text" : ":",
      "whiteSpace" : false
    }, {
      "id" : "s17-t6",
      "begin" : 1224,
      "end" : 1225,
      "text" : "\"",
      "whiteSpace" : false
    }, {
      "id" : "s17-t7",
      "begin" : 1225,
      "end" : 1232,
      "text" : "chicago",
      "whiteSpace" : false
    }, {
      "id" : "s17-t8",
      "begin" : 1232,
      "end" : 1233,
      "text" : "\"",
      "whiteSpace" : false
    }, {
      "id" : "s17-t9",
      "begin" : 1233,
      "end" : 1234,
      "text" : ",",
      "whiteSpace" : false
    }, {
      "id" : "s17-t10",
      "begin" : 1239,
      "end" : 1240,
      "text" : "\"",
      "whiteSpace" : false
    }, {
      "id" : "s17-t11",
      "begin" : 1240,
      "end" : 1247,
      "text" : "created",
      "whiteSpace" : false
    }, {
      "id" : "s17-t12",
      "begin" : 1247,
      "end" : 1248,
      "text" : "\"",
      "whiteSpace" : false
    }, {
      "id" : "s17-t13",
      "begin" : 1248,
      "end" : 1249,
      "text" : ":",
      "whiteSpace" : false
    }, {
      "id" : "s17-t14",
      "begin" : 1250,
      "end" : 1251,
      "text" : "\"",
      "whiteSpace" : false
    }, {
      "id" : "s17-t15",
      "begin" : 1251,
      "end" : 1275,
      "text" : "2020-03-24T05:38:17.000Z",
      "whiteSpace" : false
    }, {
      "id" : "s17-t16",
      "begin" : 1275,
      "end" : 1276,
      "text" : "\"",
      "whiteSpace" : false
    }, {
      "id" : "s17-t17",
      "begin" : 1277,
      "end" : 1278,
      "text" : "}",
      "whiteSpace" : false
    } ]
  } ],
  "mentions" : [ {
    "id" : "s4-m1",
    "properties" : {
      "SIRE_MENTION_ROLE" : "Hourly_Wage_Employment",
      "SIRE_ENTITY_SUBTYPE" : "NONE",
      "SIRE_MENTION_TYPE" : "NONE",
      "SIRE_MENTION_CLASS" : "SPC"
    },
    "type" : "Hourly_Wage_Employment",
    "begin" : 291,
    "end" : 361,
    "inCoref" : false
  } ],
  "relations" : [ ],
  "corefs" : [ ],
  "typeResolved" : true,
  "userResolved" : false
}