{
  "id" : "70604390-9421-11ea-8323-e3108cdaa699-5",
  "name" : "chicago-doc-36.txt",
  "createdDate" : 0,
  "version" : 3,
  "text" : "{\n    \"title\": \"Looking at the cheaper real estate vs. NYC/SF and Chicago looks like a catch. What am I missing with the taxes (or otherwise) though?\",\n    \"text\": \"Hello!\\n\\nChicago has (to me) very surprisingly cheap real estate in the Wicker Park, Logan, even downtown etc. areas compared to NYC/SF, etc., such that owning a 2-3 bedroom and be downtown or in a Brooklyn-equivalent area in Chicago suddenly seems within reach given my current career (tech). 2-3 bedrooms for 4-700k just... don't exist in other cities with the cultural, architectural, public transit, and tech/finance vibrance that Chicago seems to share.\\n\\nWhat I missing? The taxes, specifically property, or any other gotchas to moving/living in CHI? Specifically given I'm from a coastal expensive city already, so I'm aware of the general COLA increases. I'd love an explanation in layman's terms. I'm aware the IL Pension is dramatically underfunded, and from various comments I've pieced together in here, home owning appears to be a downside in that environment? Just how bad is it?\\n\\nAlso, I work in tech - tech industry and general companies that support those jobs in Chicago, growing or not?\\n\\nThanks!\\n\\n&#x200B;\\n\\nEdit: I lived in upstate NY on the lake side for years, and was born in Minnesota, that style weather doesn't bother me much or at least I know what to expect.  \\n\\n\\nEdit2 - super helpful, thanks!\",\n    \"subreddit\": \"chicago\",\n    \"created\": \"2020-03-23T03:56:18.000Z\"\n}",
  "docLength" : 0,
  "language" : "EN",
  "status" : "IN_PROGRESS",
  "modifiedDate" : 1589308243195,
  "documentSet" : [ ],
  "preannotation" : [ ],
  "sentences" : [ {
    "id" : "s0",
    "begin" : 0,
    "end" : 93,
    "text" : "{\n    \"title\": \"Looking at the cheaper real estate vs. NYC/SF and Chicago looks like a catch.",
    "tokens" : [ {
      "id" : "s0-t0",
      "begin" : 0,
      "end" : 1,
      "text" : "{",
      "whiteSpace" : false
    }, {
      "id" : "s0-t1",
      "begin" : 6,
      "end" : 7,
      "text" : "\"",
      "whiteSpace" : false
    }, {
      "id" : "s0-t2",
      "begin" : 7,
      "end" : 12,
      "text" : "title",
      "whiteSpace" : false
    }, {
      "id" : "s0-t3",
      "begin" : 12,
      "end" : 13,
      "text" : "\"",
      "whiteSpace" : false
    }, {
      "id" : "s0-t4",
      "begin" : 13,
      "end" : 14,
      "text" : ":",
      "whiteSpace" : false
    }, {
      "id" : "s0-t5",
      "begin" : 15,
      "end" : 16,
      "text" : "\"",
      "whiteSpace" : false
    }, {
      "id" : "s0-t6",
      "begin" : 16,
      "end" : 23,
      "text" : "Looking",
      "whiteSpace" : false
    }, {
      "id" : "s0-t7",
      "begin" : 24,
      "end" : 26,
      "text" : "at",
      "whiteSpace" : false
    }, {
      "id" : "s0-t8",
      "begin" : 27,
      "end" : 30,
      "text" : "the",
      "whiteSpace" : false
    }, {
      "id" : "s0-t9",
      "begin" : 31,
      "end" : 38,
      "text" : "cheaper",
      "whiteSpace" : false
    }, {
      "id" : "s0-t10",
      "begin" : 39,
      "end" : 43,
      "text" : "real",
      "whiteSpace" : false
    }, {
      "id" : "s0-t11",
      "begin" : 44,
      "end" : 50,
      "text" : "estate",
      "whiteSpace" : false
    }, {
      "id" : "s0-t12",
      "begin" : 51,
      "end" : 54,
      "text" : "vs.",
      "whiteSpace" : false
    }, {
      "id" : "s0-t13",
      "begin" : 55,
      "end" : 61,
      "text" : "NYC/SF",
      "whiteSpace" : false
    }, {
      "id" : "s0-t14",
      "begin" : 62,
      "end" : 65,
      "text" : "and",
      "whiteSpace" : false
    }, {
      "id" : "s0-t15",
      "begin" : 66,
      "end" : 73,
      "text" : "Chicago",
      "whiteSpace" : false
    }, {
      "id" : "s0-t16",
      "begin" : 74,
      "end" : 79,
      "text" : "looks",
      "whiteSpace" : false
    }, {
      "id" : "s0-t17",
      "begin" : 80,
      "end" : 84,
      "text" : "like",
      "whiteSpace" : false
    }, {
      "id" : "s0-t18",
      "begin" : 85,
      "end" : 86,
      "text" : "a",
      "whiteSpace" : false
    }, {
      "id" : "s0-t19",
      "begin" : 87,
      "end" : 92,
      "text" : "catch",
      "whiteSpace" : false
    }, {
      "id" : "s0-t20",
      "begin" : 92,
      "end" : 93,
      "text" : ".",
      "whiteSpace" : false
    } ]
  }, {
    "id" : "s1",
    "begin" : 94,
    "end" : 149,
    "text" : "What am I missing with the taxes (or otherwise) though?",
    "tokens" : [ {
      "id" : "s1-t0",
      "begin" : 94,
      "end" : 98,
      "text" : "What",
      "whiteSpace" : false
    }, {
      "id" : "s1-t1",
      "begin" : 99,
      "end" : 101,
      "text" : "am",
      "whiteSpace" : false
    }, {
      "id" : "s1-t2",
      "begin" : 102,
      "end" : 103,
      "text" : "I",
      "whiteSpace" : false
    }, {
      "id" : "s1-t3",
      "begin" : 104,
      "end" : 111,
      "text" : "missing",
      "whiteSpace" : false
    }, {
      "id" : "s1-t4",
      "begin" : 112,
      "end" : 116,
      "text" : "with",
      "whiteSpace" : false
    }, {
      "id" : "s1-t5",
      "begin" : 117,
      "end" : 120,
      "text" : "the",
      "whiteSpace" : false
    }, {
      "id" : "s1-t6",
      "begin" : 121,
      "end" : 126,
      "text" : "taxes",
      "whiteSpace" : false
    }, {
      "id" : "s1-t7",
      "begin" : 127,
      "end" : 128,
      "text" : "(",
      "whiteSpace" : false
    }, {
      "id" : "s1-t8",
      "begin" : 128,
      "end" : 130,
      "text" : "or",
      "whiteSpace" : false
    }, {
      "id" : "s1-t9",
      "begin" : 131,
      "end" : 140,
      "text" : "otherwise",
      "whiteSpace" : false
    }, {
      "id" : "s1-t10",
      "begin" : 140,
      "end" : 141,
      "text" : ")",
      "whiteSpace" : false
    }, {
      "id" : "s1-t11",
      "begin" : 142,
      "end" : 148,
      "text" : "though",
      "whiteSpace" : false
    }, {
      "id" : "s1-t12",
      "begin" : 148,
      "end" : 149,
      "text" : "?",
      "whiteSpace" : false
    } ]
  }, {
    "id" : "s2",
    "begin" : 149,
    "end" : 171,
    "text" : "\",\n    \"text\": \"Hello!",
    "tokens" : [ {
      "id" : "s2-t0",
      "begin" : 149,
      "end" : 150,
      "text" : "\"",
      "whiteSpace" : false
    }, {
      "id" : "s2-t1",
      "begin" : 150,
      "end" : 151,
      "text" : ",",
      "whiteSpace" : false
    }, {
      "id" : "s2-t2",
      "begin" : 156,
      "end" : 157,
      "text" : "\"",
      "whiteSpace" : false
    }, {
      "id" : "s2-t3",
      "begin" : 157,
      "end" : 161,
      "text" : "text",
      "whiteSpace" : false
    }, {
      "id" : "s2-t4",
      "begin" : 161,
      "end" : 162,
      "text" : "\"",
      "whiteSpace" : false
    }, {
      "id" : "s2-t5",
      "begin" : 162,
      "end" : 163,
      "text" : ":",
      "whiteSpace" : false
    }, {
      "id" : "s2-t6",
      "begin" : 164,
      "end" : 165,
      "text" : "\"",
      "whiteSpace" : false
    }, {
      "id" : "s2-t7",
      "begin" : 165,
      "end" : 170,
      "text" : "Hello",
      "whiteSpace" : false
    }, {
      "id" : "s2-t8",
      "begin" : 170,
      "end" : 171,
      "text" : "!",
      "whiteSpace" : false
    } ]
  }, {
    "id" : "s3",
    "begin" : 171,
    "end" : 459,
    "text" : "\\n\\nChicago has (to me) very surprisingly cheap real estate in the Wicker Park, Logan, even downtown etc. areas compared to NYC/SF, etc., such that owning a 2-3 bedroom and be downtown or in a Brooklyn-equivalent area in Chicago suddenly seems within reach given my current career (tech).",
    "tokens" : [ {
      "id" : "s3-t0",
      "begin" : 171,
      "end" : 173,
      "text" : "\\n",
      "whiteSpace" : false
    }, {
      "id" : "s3-t1",
      "begin" : 173,
      "end" : 182,
      "text" : "\\nChicago",
      "whiteSpace" : false
    }, {
      "id" : "s3-t2",
      "begin" : 183,
      "end" : 186,
      "text" : "has",
      "whiteSpace" : false
    }, {
      "id" : "s3-t3",
      "begin" : 187,
      "end" : 188,
      "text" : "(",
      "whiteSpace" : false
    }, {
      "id" : "s3-t4",
      "begin" : 188,
      "end" : 190,
      "text" : "to",
      "whiteSpace" : false
    }, {
      "id" : "s3-t5",
      "begin" : 191,
      "end" : 193,
      "text" : "me",
      "whiteSpace" : false
    }, {
      "id" : "s3-t6",
      "begin" : 193,
      "end" : 194,
      "text" : ")",
      "whiteSpace" : false
    }, {
      "id" : "s3-t7",
      "begin" : 195,
      "end" : 199,
      "text" : "very",
      "whiteSpace" : false
    }, {
      "id" : "s3-t8",
      "begin" : 200,
      "end" : 212,
      "text" : "surprisingly",
      "whiteSpace" : false
    }, {
      "id" : "s3-t9",
      "begin" : 213,
      "end" : 218,
      "text" : "cheap",
      "whiteSpace" : false
    }, {
      "id" : "s3-t10",
      "begin" : 219,
      "end" : 223,
      "text" : "real",
      "whiteSpace" : false
    }, {
      "id" : "s3-t11",
      "begin" : 224,
      "end" : 230,
      "text" : "estate",
      "whiteSpace" : false
    }, {
      "id" : "s3-t12",
      "begin" : 231,
      "end" : 233,
      "text" : "in",
      "whiteSpace" : false
    }, {
      "id" : "s3-t13",
      "begin" : 234,
      "end" : 237,
      "text" : "the",
      "whiteSpace" : false
    }, {
      "id" : "s3-t14",
      "begin" : 238,
      "end" : 244,
      "text" : "Wicker",
      "whiteSpace" : false
    }, {
      "id" : "s3-t15",
      "begin" : 245,
      "end" : 249,
      "text" : "Park",
      "whiteSpace" : false
    }, {
      "id" : "s3-t16",
      "begin" : 249,
      "end" : 250,
      "text" : ",",
      "whiteSpace" : false
    }, {
      "id" : "s3-t17",
      "begin" : 251,
      "end" : 256,
      "text" : "Logan",
      "whiteSpace" : false
    }, {
      "id" : "s3-t18",
      "begin" : 256,
      "end" : 257,
      "text" : ",",
      "whiteSpace" : false
    }, {
      "id" : "s3-t19",
      "begin" : 258,
      "end" : 262,
      "text" : "even",
      "whiteSpace" : false
    }, {
      "id" : "s3-t20",
      "begin" : 263,
      "end" : 271,
      "text" : "downtown",
      "whiteSpace" : false
    }, {
      "id" : "s3-t21",
      "begin" : 272,
      "end" : 276,
      "text" : "etc.",
      "whiteSpace" : false
    }, {
      "id" : "s3-t22",
      "begin" : 277,
      "end" : 282,
      "text" : "areas",
      "whiteSpace" : false
    }, {
      "id" : "s3-t23",
      "begin" : 283,
      "end" : 291,
      "text" : "compared",
      "whiteSpace" : false
    }, {
      "id" : "s3-t24",
      "begin" : 292,
      "end" : 294,
      "text" : "to",
      "whiteSpace" : false
    }, {
      "id" : "s3-t25",
      "begin" : 295,
      "end" : 301,
      "text" : "NYC/SF",
      "whiteSpace" : false
    }, {
      "id" : "s3-t26",
      "begin" : 301,
      "end" : 302,
      "text" : ",",
      "whiteSpace" : false
    }, {
      "id" : "s3-t27",
      "begin" : 303,
      "end" : 307,
      "text" : "etc.",
      "whiteSpace" : false
    }, {
      "id" : "s3-t28",
      "begin" : 307,
      "end" : 308,
      "text" : ",",
      "whiteSpace" : false
    }, {
      "id" : "s3-t29",
      "begin" : 309,
      "end" : 313,
      "text" : "such",
      "whiteSpace" : false
    }, {
      "id" : "s3-t30",
      "begin" : 314,
      "end" : 318,
      "text" : "that",
      "whiteSpace" : false
    }, {
      "id" : "s3-t31",
      "begin" : 319,
      "end" : 325,
      "text" : "owning",
      "whiteSpace" : false
    }, {
      "id" : "s3-t32",
      "begin" : 326,
      "end" : 327,
      "text" : "a",
      "whiteSpace" : false
    }, {
      "id" : "s3-t33",
      "begin" : 328,
      "end" : 331,
      "text" : "2-3",
      "whiteSpace" : false
    }, {
      "id" : "s3-t34",
      "begin" : 332,
      "end" : 339,
      "text" : "bedroom",
      "whiteSpace" : false
    }, {
      "id" : "s3-t35",
      "begin" : 340,
      "end" : 343,
      "text" : "and",
      "whiteSpace" : false
    }, {
      "id" : "s3-t36",
      "begin" : 344,
      "end" : 346,
      "text" : "be",
      "whiteSpace" : false
    }, {
      "id" : "s3-t37",
      "begin" : 347,
      "end" : 355,
      "text" : "downtown",
      "whiteSpace" : false
    }, {
      "id" : "s3-t38",
      "begin" : 356,
      "end" : 358,
      "text" : "or",
      "whiteSpace" : false
    }, {
      "id" : "s3-t39",
      "begin" : 359,
      "end" : 361,
      "text" : "in",
      "whiteSpace" : false
    }, {
      "id" : "s3-t40",
      "begin" : 362,
      "end" : 363,
      "text" : "a",
      "whiteSpace" : false
    }, {
      "id" : "s3-t41",
      "begin" : 364,
      "end" : 372,
      "text" : "Brooklyn",
      "whiteSpace" : false
    }, {
      "id" : "s3-t42",
      "begin" : 372,
      "end" : 373,
      "text" : "-",
      "whiteSpace" : false
    }, {
      "id" : "s3-t43",
      "begin" : 373,
      "end" : 383,
      "text" : "equivalent",
      "whiteSpace" : false
    }, {
      "id" : "s3-t44",
      "begin" : 384,
      "end" : 388,
      "text" : "area",
      "whiteSpace" : false
    }, {
      "id" : "s3-t45",
      "begin" : 389,
      "end" : 391,
      "text" : "in",
      "whiteSpace" : false
    }, {
      "id" : "s3-t46",
      "begin" : 392,
      "end" : 399,
      "text" : "Chicago",
      "whiteSpace" : false
    }, {
      "id" : "s3-t47",
      "begin" : 400,
      "end" : 408,
      "text" : "suddenly",
      "whiteSpace" : false
    }, {
      "id" : "s3-t48",
      "begin" : 409,
      "end" : 414,
      "text" : "seems",
      "whiteSpace" : false
    }, {
      "id" : "s3-t49",
      "begin" : 415,
      "end" : 421,
      "text" : "within",
      "whiteSpace" : false
    }, {
      "id" : "s3-t50",
      "begin" : 422,
      "end" : 427,
      "text" : "reach",
      "whiteSpace" : false
    }, {
      "id" : "s3-t51",
      "begin" : 428,
      "end" : 433,
      "text" : "given",
      "whiteSpace" : false
    }, {
      "id" : "s3-t52",
      "begin" : 434,
      "end" : 436,
      "text" : "my",
      "whiteSpace" : false
    }, {
      "id" : "s3-t53",
      "begin" : 437,
      "end" : 444,
      "text" : "current",
      "whiteSpace" : false
    }, {
      "id" : "s3-t54",
      "begin" : 445,
      "end" : 451,
      "text" : "career",
      "whiteSpace" : false
    }, {
      "id" : "s3-t55",
      "begin" : 452,
      "end" : 453,
      "text" : "(",
      "whiteSpace" : false
    }, {
      "id" : "s3-t56",
      "begin" : 453,
      "end" : 457,
      "text" : "tech",
      "whiteSpace" : false
    }, {
      "id" : "s3-t57",
      "begin" : 457,
      "end" : 458,
      "text" : ")",
      "whiteSpace" : false
    }, {
      "id" : "s3-t58",
      "begin" : 458,
      "end" : 459,
      "text" : ".",
      "whiteSpace" : false
    } ]
  }, {
    "id" : "s4",
    "begin" : 460,
    "end" : 624,
    "text" : "2-3 bedrooms for 4-700k just... don't exist in other cities with the cultural, architectural, public transit, and tech/finance vibrance that Chicago seems to share.",
    "tokens" : [ {
      "id" : "s4-t0",
      "begin" : 460,
      "end" : 463,
      "text" : "2-3",
      "whiteSpace" : false
    }, {
      "id" : "s4-t1",
      "begin" : 464,
      "end" : 472,
      "text" : "bedrooms",
      "whiteSpace" : false
    }, {
      "id" : "s4-t2",
      "begin" : 473,
      "end" : 476,
      "text" : "for",
      "whiteSpace" : false
    }, {
      "id" : "s4-t3",
      "begin" : 477,
      "end" : 483,
      "text" : "4-700k",
      "whiteSpace" : false
    }, {
      "id" : "s4-t4",
      "begin" : 484,
      "end" : 488,
      "text" : "just",
      "whiteSpace" : false
    }, {
      "id" : "s4-t5",
      "begin" : 488,
      "end" : 491,
      "text" : "...",
      "whiteSpace" : false
    }, {
      "id" : "s4-t6",
      "begin" : 492,
      "end" : 494,
      "text" : "do",
      "whiteSpace" : false
    }, {
      "id" : "s4-t7",
      "begin" : 494,
      "end" : 497,
      "text" : "n't",
      "whiteSpace" : false
    }, {
      "id" : "s4-t8",
      "begin" : 498,
      "end" : 503,
      "text" : "exist",
      "whiteSpace" : false
    }, {
      "id" : "s4-t9",
      "begin" : 504,
      "end" : 506,
      "text" : "in",
      "whiteSpace" : false
    }, {
      "id" : "s4-t10",
      "begin" : 507,
      "end" : 512,
      "text" : "other",
      "whiteSpace" : false
    }, {
      "id" : "s4-t11",
      "begin" : 513,
      "end" : 519,
      "text" : "cities",
      "whiteSpace" : false
    }, {
      "id" : "s4-t12",
      "begin" : 520,
      "end" : 524,
      "text" : "with",
      "whiteSpace" : false
    }, {
      "id" : "s4-t13",
      "begin" : 525,
      "end" : 528,
      "text" : "the",
      "whiteSpace" : false
    }, {
      "id" : "s4-t14",
      "begin" : 529,
      "end" : 537,
      "text" : "cultural",
      "whiteSpace" : false
    }, {
      "id" : "s4-t15",
      "begin" : 537,
      "end" : 538,
      "text" : ",",
      "whiteSpace" : false
    }, {
      "id" : "s4-t16",
      "begin" : 539,
      "end" : 552,
      "text" : "architectural",
      "whiteSpace" : false
    }, {
      "id" : "s4-t17",
      "begin" : 552,
      "end" : 553,
      "text" : ",",
      "whiteSpace" : false
    }, {
      "id" : "s4-t18",
      "begin" : 554,
      "end" : 560,
      "text" : "public",
      "whiteSpace" : false
    }, {
      "id" : "s4-t19",
      "begin" : 561,
      "end" : 568,
      "text" : "transit",
      "whiteSpace" : false
    }, {
      "id" : "s4-t20",
      "begin" : 568,
      "end" : 569,
      "text" : ",",
      "whiteSpace" : false
    }, {
      "id" : "s4-t21",
      "begin" : 570,
      "end" : 573,
      "text" : "and",
      "whiteSpace" : false
    }, {
      "id" : "s4-t22",
      "begin" : 574,
      "end" : 578,
      "text" : "tech",
      "whiteSpace" : false
    }, {
      "id" : "s4-t23",
      "begin" : 578,
      "end" : 579,
      "text" : "/",
      "whiteSpace" : false
    }, {
      "id" : "s4-t24",
      "begin" : 579,
      "end" : 586,
      "text" : "finance",
      "whiteSpace" : false
    }, {
      "id" : "s4-t25",
      "begin" : 587,
      "end" : 595,
      "text" : "vibrance",
      "whiteSpace" : false
    }, {
      "id" : "s4-t26",
      "begin" : 596,
      "end" : 600,
      "text" : "that",
      "whiteSpace" : false
    }, {
      "id" : "s4-t27",
      "begin" : 601,
      "end" : 608,
      "text" : "Chicago",
      "whiteSpace" : false
    }, {
      "id" : "s4-t28",
      "begin" : 609,
      "end" : 614,
      "text" : "seems",
      "whiteSpace" : false
    }, {
      "id" : "s4-t29",
      "begin" : 615,
      "end" : 617,
      "text" : "to",
      "whiteSpace" : false
    }, {
      "id" : "s4-t30",
      "begin" : 618,
      "end" : 623,
      "text" : "share",
      "whiteSpace" : false
    }, {
      "id" : "s4-t31",
      "begin" : 623,
      "end" : 624,
      "text" : ".",
      "whiteSpace" : false
    } ]
  }, {
    "id" : "s5",
    "begin" : 624,
    "end" : 643,
    "text" : "\\n\\nWhat I missing?",
    "tokens" : [ {
      "id" : "s5-t0",
      "begin" : 624,
      "end" : 626,
      "text" : "\\n",
      "whiteSpace" : false
    }, {
      "id" : "s5-t1",
      "begin" : 626,
      "end" : 632,
      "text" : "\\nWhat",
      "whiteSpace" : false
    }, {
      "id" : "s5-t2",
      "begin" : 633,
      "end" : 634,
      "text" : "I",
      "whiteSpace" : false
    }, {
      "id" : "s5-t3",
      "begin" : 635,
      "end" : 642,
      "text" : "missing",
      "whiteSpace" : false
    }, {
      "id" : "s5-t4",
      "begin" : 642,
      "end" : 643,
      "text" : "?",
      "whiteSpace" : false
    } ]
  }, {
    "id" : "s6",
    "begin" : 644,
    "end" : 723,
    "text" : "The taxes, specifically property, or any other gotchas to moving/living in CHI?",
    "tokens" : [ {
      "id" : "s6-t0",
      "begin" : 644,
      "end" : 647,
      "text" : "The",
      "whiteSpace" : false
    }, {
      "id" : "s6-t1",
      "begin" : 648,
      "end" : 653,
      "text" : "taxes",
      "whiteSpace" : false
    }, {
      "id" : "s6-t2",
      "begin" : 653,
      "end" : 654,
      "text" : ",",
      "whiteSpace" : false
    }, {
      "id" : "s6-t3",
      "begin" : 655,
      "end" : 667,
      "text" : "specifically",
      "whiteSpace" : false
    }, {
      "id" : "s6-t4",
      "begin" : 668,
      "end" : 676,
      "text" : "property",
      "whiteSpace" : false
    }, {
      "id" : "s6-t5",
      "begin" : 676,
      "end" : 677,
      "text" : ",",
      "whiteSpace" : false
    }, {
      "id" : "s6-t6",
      "begin" : 678,
      "end" : 680,
      "text" : "or",
      "whiteSpace" : false
    }, {
      "id" : "s6-t7",
      "begin" : 681,
      "end" : 684,
      "text" : "any",
      "whiteSpace" : false
    }, {
      "id" : "s6-t8",
      "begin" : 685,
      "end" : 690,
      "text" : "other",
      "whiteSpace" : false
    }, {
      "id" : "s6-t9",
      "begin" : 691,
      "end" : 698,
      "text" : "gotchas",
      "whiteSpace" : false
    }, {
      "id" : "s6-t10",
      "begin" : 699,
      "end" : 701,
      "text" : "to",
      "whiteSpace" : false
    }, {
      "id" : "s6-t11",
      "begin" : 702,
      "end" : 708,
      "text" : "moving",
      "whiteSpace" : false
    }, {
      "id" : "s6-t12",
      "begin" : 708,
      "end" : 709,
      "text" : "/",
      "whiteSpace" : false
    }, {
      "id" : "s6-t13",
      "begin" : 709,
      "end" : 715,
      "text" : "living",
      "whiteSpace" : false
    }, {
      "id" : "s6-t14",
      "begin" : 716,
      "end" : 718,
      "text" : "in",
      "whiteSpace" : false
    }, {
      "id" : "s6-t15",
      "begin" : 719,
      "end" : 722,
      "text" : "CHI",
      "whiteSpace" : false
    }, {
      "id" : "s6-t16",
      "begin" : 722,
      "end" : 723,
      "text" : "?",
      "whiteSpace" : false
    } ]
  }, {
    "id" : "s7",
    "begin" : 724,
    "end" : 829,
    "text" : "Specifically given I'm from a coastal expensive city already, so I'm aware of the general COLA increases.",
    "tokens" : [ {
      "id" : "s7-t0",
      "begin" : 724,
      "end" : 736,
      "text" : "Specifically",
      "whiteSpace" : false
    }, {
      "id" : "s7-t1",
      "begin" : 737,
      "end" : 742,
      "text" : "given",
      "whiteSpace" : false
    }, {
      "id" : "s7-t2",
      "begin" : 743,
      "end" : 744,
      "text" : "I",
      "whiteSpace" : false
    }, {
      "id" : "s7-t3",
      "begin" : 744,
      "end" : 746,
      "text" : "'m",
      "whiteSpace" : false
    }, {
      "id" : "s7-t4",
      "begin" : 747,
      "end" : 751,
      "text" : "from",
      "whiteSpace" : false
    }, {
      "id" : "s7-t5",
      "begin" : 752,
      "end" : 753,
      "text" : "a",
      "whiteSpace" : false
    }, {
      "id" : "s7-t6",
      "begin" : 754,
      "end" : 761,
      "text" : "coastal",
      "whiteSpace" : false
    }, {
      "id" : "s7-t7",
      "begin" : 762,
      "end" : 771,
      "text" : "expensive",
      "whiteSpace" : false
    }, {
      "id" : "s7-t8",
      "begin" : 772,
      "end" : 776,
      "text" : "city",
      "whiteSpace" : false
    }, {
      "id" : "s7-t9",
      "begin" : 777,
      "end" : 784,
      "text" : "already",
      "whiteSpace" : false
    }, {
      "id" : "s7-t10",
      "begin" : 784,
      "end" : 785,
      "text" : ",",
      "whiteSpace" : false
    }, {
      "id" : "s7-t11",
      "begin" : 786,
      "end" : 788,
      "text" : "so",
      "whiteSpace" : false
    }, {
      "id" : "s7-t12",
      "begin" : 789,
      "end" : 790,
      "text" : "I",
      "whiteSpace" : false
    }, {
      "id" : "s7-t13",
      "begin" : 790,
      "end" : 792,
      "text" : "'m",
      "whiteSpace" : false
    }, {
      "id" : "s7-t14",
      "begin" : 793,
      "end" : 798,
      "text" : "aware",
      "whiteSpace" : false
    }, {
      "id" : "s7-t15",
      "begin" : 799,
      "end" : 801,
      "text" : "of",
      "whiteSpace" : false
    }, {
      "id" : "s7-t16",
      "begin" : 802,
      "end" : 805,
      "text" : "the",
      "whiteSpace" : false
    }, {
      "id" : "s7-t17",
      "begin" : 806,
      "end" : 813,
      "text" : "general",
      "whiteSpace" : false
    }, {
      "id" : "s7-t18",
      "begin" : 814,
      "end" : 818,
      "text" : "COLA",
      "whiteSpace" : false
    }, {
      "id" : "s7-t19",
      "begin" : 819,
      "end" : 828,
      "text" : "increases",
      "whiteSpace" : false
    }, {
      "id" : "s7-t20",
      "begin" : 828,
      "end" : 829,
      "text" : ".",
      "whiteSpace" : false
    } ]
  }, {
    "id" : "s8",
    "begin" : 830,
    "end" : 872,
    "text" : "I'd love an explanation in layman's terms.",
    "tokens" : [ {
      "id" : "s8-t0",
      "begin" : 830,
      "end" : 831,
      "text" : "I",
      "whiteSpace" : false
    }, {
      "id" : "s8-t1",
      "begin" : 831,
      "end" : 833,
      "text" : "'d",
      "whiteSpace" : false
    }, {
      "id" : "s8-t2",
      "begin" : 834,
      "end" : 838,
      "text" : "love",
      "whiteSpace" : false
    }, {
      "id" : "s8-t3",
      "begin" : 839,
      "end" : 841,
      "text" : "an",
      "whiteSpace" : false
    }, {
      "id" : "s8-t4",
      "begin" : 842,
      "end" : 853,
      "text" : "explanation",
      "whiteSpace" : false
    }, {
      "id" : "s8-t5",
      "begin" : 854,
      "end" : 856,
      "text" : "in",
      "whiteSpace" : false
    }, {
      "id" : "s8-t6",
      "begin" : 857,
      "end" : 863,
      "text" : "layman",
      "whiteSpace" : false
    }, {
      "id" : "s8-t7",
      "begin" : 863,
      "end" : 865,
      "text" : "'s",
      "whiteSpace" : false
    }, {
      "id" : "s8-t8",
      "begin" : 866,
      "end" : 871,
      "text" : "terms",
      "whiteSpace" : false
    }, {
      "id" : "s8-t9",
      "begin" : 871,
      "end" : 872,
      "text" : ".",
      "whiteSpace" : false
    } ]
  }, {
    "id" : "s9",
    "begin" : 873,
    "end" : 1040,
    "text" : "I'm aware the IL Pension is dramatically underfunded, and from various comments I've pieced together in here, home owning appears to be a downside in that environment?",
    "tokens" : [ {
      "id" : "s9-t0",
      "begin" : 873,
      "end" : 874,
      "text" : "I",
      "whiteSpace" : false
    }, {
      "id" : "s9-t1",
      "begin" : 874,
      "end" : 876,
      "text" : "'m",
      "whiteSpace" : false
    }, {
      "id" : "s9-t2",
      "begin" : 877,
      "end" : 882,
      "text" : "aware",
      "whiteSpace" : false
    }, {
      "id" : "s9-t3",
      "begin" : 883,
      "end" : 886,
      "text" : "the",
      "whiteSpace" : false
    }, {
      "id" : "s9-t4",
      "begin" : 887,
      "end" : 889,
      "text" : "IL",
      "whiteSpace" : false
    }, {
      "id" : "s9-t5",
      "begin" : 890,
      "end" : 897,
      "text" : "Pension",
      "whiteSpace" : false
    }, {
      "id" : "s9-t6",
      "begin" : 898,
      "end" : 900,
      "text" : "is",
      "whiteSpace" : false
    }, {
      "id" : "s9-t7",
      "begin" : 901,
      "end" : 913,
      "text" : "dramatically",
      "whiteSpace" : false
    }, {
      "id" : "s9-t8",
      "begin" : 914,
      "end" : 925,
      "text" : "underfunded",
      "whiteSpace" : false
    }, {
      "id" : "s9-t9",
      "begin" : 925,
      "end" : 926,
      "text" : ",",
      "whiteSpace" : false
    }, {
      "id" : "s9-t10",
      "begin" : 927,
      "end" : 930,
      "text" : "and",
      "whiteSpace" : false
    }, {
      "id" : "s9-t11",
      "begin" : 931,
      "end" : 935,
      "text" : "from",
      "whiteSpace" : false
    }, {
      "id" : "s9-t12",
      "begin" : 936,
      "end" : 943,
      "text" : "various",
      "whiteSpace" : false
    }, {
      "id" : "s9-t13",
      "begin" : 944,
      "end" : 952,
      "text" : "comments",
      "whiteSpace" : false
    }, {
      "id" : "s9-t14",
      "begin" : 953,
      "end" : 954,
      "text" : "I",
      "whiteSpace" : false
    }, {
      "id" : "s9-t15",
      "begin" : 954,
      "end" : 957,
      "text" : "'ve",
      "whiteSpace" : false
    }, {
      "id" : "s9-t16",
      "begin" : 958,
      "end" : 964,
      "text" : "pieced",
      "whiteSpace" : false
    }, {
      "id" : "s9-t17",
      "begin" : 965,
      "end" : 973,
      "text" : "together",
      "whiteSpace" : false
    }, {
      "id" : "s9-t18",
      "begin" : 974,
      "end" : 976,
      "text" : "in",
      "whiteSpace" : false
    }, {
      "id" : "s9-t19",
      "begin" : 977,
      "end" : 981,
      "text" : "here",
      "whiteSpace" : false
    }, {
      "id" : "s9-t20",
      "begin" : 981,
      "end" : 982,
      "text" : ",",
      "whiteSpace" : false
    }, {
      "id" : "s9-t21",
      "begin" : 983,
      "end" : 987,
      "text" : "home",
      "whiteSpace" : false
    }, {
      "id" : "s9-t22",
      "begin" : 988,
      "end" : 994,
      "text" : "owning",
      "whiteSpace" : false
    }, {
      "id" : "s9-t23",
      "begin" : 995,
      "end" : 1002,
      "text" : "appears",
      "whiteSpace" : false
    }, {
      "id" : "s9-t24",
      "begin" : 1003,
      "end" : 1005,
      "text" : "to",
      "whiteSpace" : false
    }, {
      "id" : "s9-t25",
      "begin" : 1006,
      "end" : 1008,
      "text" : "be",
      "whiteSpace" : false
    }, {
      "id" : "s9-t26",
      "begin" : 1009,
      "end" : 1010,
      "text" : "a",
      "whiteSpace" : false
    }, {
      "id" : "s9-t27",
      "begin" : 1011,
      "end" : 1019,
      "text" : "downside",
      "whiteSpace" : false
    }, {
      "id" : "s9-t28",
      "begin" : 1020,
      "end" : 1022,
      "text" : "in",
      "whiteSpace" : false
    }, {
      "id" : "s9-t29",
      "begin" : 1023,
      "end" : 1027,
      "text" : "that",
      "whiteSpace" : false
    }, {
      "id" : "s9-t30",
      "begin" : 1028,
      "end" : 1039,
      "text" : "environment",
      "whiteSpace" : false
    }, {
      "id" : "s9-t31",
      "begin" : 1039,
      "end" : 1040,
      "text" : "?",
      "whiteSpace" : false
    } ]
  }, {
    "id" : "s10",
    "begin" : 1041,
    "end" : 1060,
    "text" : "Just how bad is it?",
    "tokens" : [ {
      "id" : "s10-t0",
      "begin" : 1041,
      "end" : 1045,
      "text" : "Just",
      "whiteSpace" : false
    }, {
      "id" : "s10-t1",
      "begin" : 1046,
      "end" : 1049,
      "text" : "how",
      "whiteSpace" : false
    }, {
      "id" : "s10-t2",
      "begin" : 1050,
      "end" : 1053,
      "text" : "bad",
      "whiteSpace" : false
    }, {
      "id" : "s10-t3",
      "begin" : 1054,
      "end" : 1056,
      "text" : "is",
      "whiteSpace" : false
    }, {
      "id" : "s10-t4",
      "begin" : 1057,
      "end" : 1059,
      "text" : "it",
      "whiteSpace" : false
    }, {
      "id" : "s10-t5",
      "begin" : 1059,
      "end" : 1060,
      "text" : "?",
      "whiteSpace" : false
    } ]
  }, {
    "id" : "s11",
    "begin" : 1060,
    "end" : 1174,
    "text" : "\\n\\nAlso, I work in tech - tech industry and general companies that support those jobs in Chicago, growing or not?",
    "tokens" : [ {
      "id" : "s11-t0",
      "begin" : 1060,
      "end" : 1062,
      "text" : "\\n",
      "whiteSpace" : false
    }, {
      "id" : "s11-t1",
      "begin" : 1062,
      "end" : 1068,
      "text" : "\\nAlso",
      "whiteSpace" : false
    }, {
      "id" : "s11-t2",
      "begin" : 1068,
      "end" : 1069,
      "text" : ",",
      "whiteSpace" : false
    }, {
      "id" : "s11-t3",
      "begin" : 1070,
      "end" : 1071,
      "text" : "I",
      "whiteSpace" : false
    }, {
      "id" : "s11-t4",
      "begin" : 1072,
      "end" : 1076,
      "text" : "work",
      "whiteSpace" : false
    }, {
      "id" : "s11-t5",
      "begin" : 1077,
      "end" : 1079,
      "text" : "in",
      "whiteSpace" : false
    }, {
      "id" : "s11-t6",
      "begin" : 1080,
      "end" : 1084,
      "text" : "tech",
      "whiteSpace" : false
    }, {
      "id" : "s11-t7",
      "begin" : 1085,
      "end" : 1086,
      "text" : "-",
      "whiteSpace" : false
    }, {
      "id" : "s11-t8",
      "begin" : 1087,
      "end" : 1091,
      "text" : "tech",
      "whiteSpace" : false
    }, {
      "id" : "s11-t9",
      "begin" : 1092,
      "end" : 1100,
      "text" : "industry",
      "whiteSpace" : false
    }, {
      "id" : "s11-t10",
      "begin" : 1101,
      "end" : 1104,
      "text" : "and",
      "whiteSpace" : false
    }, {
      "id" : "s11-t11",
      "begin" : 1105,
      "end" : 1112,
      "text" : "general",
      "whiteSpace" : false
    }, {
      "id" : "s11-t12",
      "begin" : 1113,
      "end" : 1122,
      "text" : "companies",
      "whiteSpace" : false
    }, {
      "id" : "s11-t13",
      "begin" : 1123,
      "end" : 1127,
      "text" : "that",
      "whiteSpace" : false
    }, {
      "id" : "s11-t14",
      "begin" : 1128,
      "end" : 1135,
      "text" : "support",
      "whiteSpace" : false
    }, {
      "id" : "s11-t15",
      "begin" : 1136,
      "end" : 1141,
      "text" : "those",
      "whiteSpace" : false
    }, {
      "id" : "s11-t16",
      "begin" : 1142,
      "end" : 1146,
      "text" : "jobs",
      "whiteSpace" : false
    }, {
      "id" : "s11-t17",
      "begin" : 1147,
      "end" : 1149,
      "text" : "in",
      "whiteSpace" : false
    }, {
      "id" : "s11-t18",
      "begin" : 1150,
      "end" : 1157,
      "text" : "Chicago",
      "whiteSpace" : false
    }, {
      "id" : "s11-t19",
      "begin" : 1157,
      "end" : 1158,
      "text" : ",",
      "whiteSpace" : false
    }, {
      "id" : "s11-t20",
      "begin" : 1159,
      "end" : 1166,
      "text" : "growing",
      "whiteSpace" : false
    }, {
      "id" : "s11-t21",
      "begin" : 1167,
      "end" : 1169,
      "text" : "or",
      "whiteSpace" : false
    }, {
      "id" : "s11-t22",
      "begin" : 1170,
      "end" : 1173,
      "text" : "not",
      "whiteSpace" : false
    }, {
      "id" : "s11-t23",
      "begin" : 1173,
      "end" : 1174,
      "text" : "?",
      "whiteSpace" : false
    } ]
  }, {
    "id" : "s12",
    "begin" : 1174,
    "end" : 1360,
    "text" : "\\n\\nThanks!\\n\\n&#x200B;\\n\\nEdit: I lived in upstate NY on the lake side for years, and was born in Minnesota, that style weather doesn't bother me much or at least I know what to expect.",
    "tokens" : [ {
      "id" : "s12-t0",
      "begin" : 1174,
      "end" : 1176,
      "text" : "\\n",
      "whiteSpace" : false
    }, {
      "id" : "s12-t1",
      "begin" : 1176,
      "end" : 1185,
      "text" : "\\nThanks!",
      "whiteSpace" : false
    }, {
      "id" : "s12-t2",
      "begin" : 1185,
      "end" : 1187,
      "text" : "\\n",
      "whiteSpace" : false
    }, {
      "id" : "s12-t3",
      "begin" : 1187,
      "end" : 1199,
      "text" : "\\n&#x200B;\\n",
      "whiteSpace" : false
    }, {
      "id" : "s12-t4",
      "begin" : 1199,
      "end" : 1205,
      "text" : "\\nEdit",
      "whiteSpace" : false
    }, {
      "id" : "s12-t5",
      "begin" : 1205,
      "end" : 1206,
      "text" : ":",
      "whiteSpace" : false
    }, {
      "id" : "s12-t6",
      "begin" : 1207,
      "end" : 1208,
      "text" : "I",
      "whiteSpace" : false
    }, {
      "id" : "s12-t7",
      "begin" : 1209,
      "end" : 1214,
      "text" : "lived",
      "whiteSpace" : false
    }, {
      "id" : "s12-t8",
      "begin" : 1215,
      "end" : 1217,
      "text" : "in",
      "whiteSpace" : false
    }, {
      "id" : "s12-t9",
      "begin" : 1218,
      "end" : 1225,
      "text" : "upstate",
      "whiteSpace" : false
    }, {
      "id" : "s12-t10",
      "begin" : 1226,
      "end" : 1228,
      "text" : "NY",
      "whiteSpace" : false
    }, {
      "id" : "s12-t11",
      "begin" : 1229,
      "end" : 1231,
      "text" : "on",
      "whiteSpace" : false
    }, {
      "id" : "s12-t12",
      "begin" : 1232,
      "end" : 1235,
      "text" : "the",
      "whiteSpace" : false
    }, {
      "id" : "s12-t13",
      "begin" : 1236,
      "end" : 1240,
      "text" : "lake",
      "whiteSpace" : false
    }, {
      "id" : "s12-t14",
      "begin" : 1241,
      "end" : 1245,
      "text" : "side",
      "whiteSpace" : false
    }, {
      "id" : "s12-t15",
      "begin" : 1246,
      "end" : 1249,
      "text" : "for",
      "whiteSpace" : false
    }, {
      "id" : "s12-t16",
      "begin" : 1250,
      "end" : 1255,
      "text" : "years",
      "whiteSpace" : false
    }, {
      "id" : "s12-t17",
      "begin" : 1255,
      "end" : 1256,
      "text" : ",",
      "whiteSpace" : false
    }, {
      "id" : "s12-t18",
      "begin" : 1257,
      "end" : 1260,
      "text" : "and",
      "whiteSpace" : false
    }, {
      "id" : "s12-t19",
      "begin" : 1261,
      "end" : 1264,
      "text" : "was",
      "whiteSpace" : false
    }, {
      "id" : "s12-t20",
      "begin" : 1265,
      "end" : 1269,
      "text" : "born",
      "whiteSpace" : false
    }, {
      "id" : "s12-t21",
      "begin" : 1270,
      "end" : 1272,
      "text" : "in",
      "whiteSpace" : false
    }, {
      "id" : "s12-t22",
      "begin" : 1273,
      "end" : 1282,
      "text" : "Minnesota",
      "whiteSpace" : false
    }, {
      "id" : "s12-t23",
      "begin" : 1282,
      "end" : 1283,
      "text" : ",",
      "whiteSpace" : false
    }, {
      "id" : "s12-t24",
      "begin" : 1284,
      "end" : 1288,
      "text" : "that",
      "whiteSpace" : false
    }, {
      "id" : "s12-t25",
      "begin" : 1289,
      "end" : 1294,
      "text" : "style",
      "whiteSpace" : false
    }, {
      "id" : "s12-t26",
      "begin" : 1295,
      "end" : 1302,
      "text" : "weather",
      "whiteSpace" : false
    }, {
      "id" : "s12-t27",
      "begin" : 1303,
      "end" : 1307,
      "text" : "does",
      "whiteSpace" : false
    }, {
      "id" : "s12-t28",
      "begin" : 1307,
      "end" : 1310,
      "text" : "n't",
      "whiteSpace" : false
    }, {
      "id" : "s12-t29",
      "begin" : 1311,
      "end" : 1317,
      "text" : "bother",
      "whiteSpace" : false
    }, {
      "id" : "s12-t30",
      "begin" : 1318,
      "end" : 1320,
      "text" : "me",
      "whiteSpace" : false
    }, {
      "id" : "s12-t31",
      "begin" : 1321,
      "end" : 1325,
      "text" : "much",
      "whiteSpace" : false
    }, {
      "id" : "s12-t32",
      "begin" : 1326,
      "end" : 1328,
      "text" : "or",
      "whiteSpace" : false
    }, {
      "id" : "s12-t33",
      "begin" : 1329,
      "end" : 1331,
      "text" : "at",
      "whiteSpace" : false
    }, {
      "id" : "s12-t34",
      "begin" : 1332,
      "end" : 1337,
      "text" : "least",
      "whiteSpace" : false
    }, {
      "id" : "s12-t35",
      "begin" : 1338,
      "end" : 1339,
      "text" : "I",
      "whiteSpace" : false
    }, {
      "id" : "s12-t36",
      "begin" : 1340,
      "end" : 1344,
      "text" : "know",
      "whiteSpace" : false
    }, {
      "id" : "s12-t37",
      "begin" : 1345,
      "end" : 1349,
      "text" : "what",
      "whiteSpace" : false
    }, {
      "id" : "s12-t38",
      "begin" : 1350,
      "end" : 1352,
      "text" : "to",
      "whiteSpace" : false
    }, {
      "id" : "s12-t39",
      "begin" : 1353,
      "end" : 1359,
      "text" : "expect",
      "whiteSpace" : false
    }, {
      "id" : "s12-t40",
      "begin" : 1359,
      "end" : 1360,
      "text" : ".",
      "whiteSpace" : false
    } ]
  }, {
    "id" : "s13",
    "begin" : 1362,
    "end" : 1398,
    "text" : "\\n\\n\\nEdit2 - super helpful, thanks!",
    "tokens" : [ {
      "id" : "s13-t0",
      "begin" : 1362,
      "end" : 1373,
      "text" : "\\n\\n\\nEdit2",
      "whiteSpace" : false
    }, {
      "id" : "s13-t1",
      "begin" : 1374,
      "end" : 1375,
      "text" : "-",
      "whiteSpace" : false
    }, {
      "id" : "s13-t2",
      "begin" : 1376,
      "end" : 1381,
      "text" : "super",
      "whiteSpace" : false
    }, {
      "id" : "s13-t3",
      "begin" : 1382,
      "end" : 1389,
      "text" : "helpful",
      "whiteSpace" : false
    }, {
      "id" : "s13-t4",
      "begin" : 1389,
      "end" : 1390,
      "text" : ",",
      "whiteSpace" : false
    }, {
      "id" : "s13-t5",
      "begin" : 1391,
      "end" : 1397,
      "text" : "thanks",
      "whiteSpace" : false
    }, {
      "id" : "s13-t6",
      "begin" : 1397,
      "end" : 1398,
      "text" : "!",
      "whiteSpace" : false
    } ]
  }, {
    "id" : "s14",
    "begin" : 1398,
    "end" : 1472,
    "text" : "\",\n    \"subreddit\": \"chicago\",\n    \"created\": \"2020-03-23T03:56:18.000Z\"\n}",
    "tokens" : [ {
      "id" : "s14-t0",
      "begin" : 1398,
      "end" : 1399,
      "text" : "\"",
      "whiteSpace" : false
    }, {
      "id" : "s14-t1",
      "begin" : 1399,
      "end" : 1400,
      "text" : ",",
      "whiteSpace" : false
    }, {
      "id" : "s14-t2",
      "begin" : 1405,
      "end" : 1406,
      "text" : "\"",
      "whiteSpace" : false
    }, {
      "id" : "s14-t3",
      "begin" : 1406,
      "end" : 1415,
      "text" : "subreddit",
      "whiteSpace" : false
    }, {
      "id" : "s14-t4",
      "begin" : 1415,
      "end" : 1416,
      "text" : "\"",
      "whiteSpace" : false
    }, {
      "id" : "s14-t5",
      "begin" : 1416,
      "end" : 1417,
      "text" : ":",
      "whiteSpace" : false
    }, {
      "id" : "s14-t6",
      "begin" : 1418,
      "end" : 1419,
      "text" : "\"",
      "whiteSpace" : false
    }, {
      "id" : "s14-t7",
      "begin" : 1419,
      "end" : 1426,
      "text" : "chicago",
      "whiteSpace" : false
    }, {
      "id" : "s14-t8",
      "begin" : 1426,
      "end" : 1427,
      "text" : "\"",
      "whiteSpace" : false
    }, {
      "id" : "s14-t9",
      "begin" : 1427,
      "end" : 1428,
      "text" : ",",
      "whiteSpace" : false
    }, {
      "id" : "s14-t10",
      "begin" : 1433,
      "end" : 1434,
      "text" : "\"",
      "whiteSpace" : false
    }, {
      "id" : "s14-t11",
      "begin" : 1434,
      "end" : 1441,
      "text" : "created",
      "whiteSpace" : false
    }, {
      "id" : "s14-t12",
      "begin" : 1441,
      "end" : 1442,
      "text" : "\"",
      "whiteSpace" : false
    }, {
      "id" : "s14-t13",
      "begin" : 1442,
      "end" : 1443,
      "text" : ":",
      "whiteSpace" : false
    }, {
      "id" : "s14-t14",
      "begin" : 1444,
      "end" : 1445,
      "text" : "\"",
      "whiteSpace" : false
    }, {
      "id" : "s14-t15",
      "begin" : 1445,
      "end" : 1469,
      "text" : "2020-03-23T03:56:18.000Z",
      "whiteSpace" : false
    }, {
      "id" : "s14-t16",
      "begin" : 1469,
      "end" : 1470,
      "text" : "\"",
      "whiteSpace" : false
    }, {
      "id" : "s14-t17",
      "begin" : 1471,
      "end" : 1472,
      "text" : "}",
      "whiteSpace" : false
    } ]
  } ],
  "mentions" : [ {
    "id" : "s3-m1",
    "properties" : {
      "SIRE_MENTION_ROLE" : "Full_Time_Employment",
      "SIRE_ENTITY_SUBTYPE" : "NONE",
      "SIRE_MENTION_TYPE" : "NONE",
      "SIRE_MENTION_CLASS" : "SPC"
    },
    "type" : "Full_Time_Employment",
    "begin" : 434,
    "end" : 458,
    "inCoref" : false
  }, {
    "id" : "s11-m1",
    "properties" : {
      "SIRE_MENTION_ROLE" : "Full_Time_Employment",
      "SIRE_ENTITY_SUBTYPE" : "NONE",
      "SIRE_MENTION_TYPE" : "NONE",
      "SIRE_MENTION_CLASS" : "SPC"
    },
    "type" : "Full_Time_Employment",
    "begin" : 1070,
    "end" : 1084,
    "inCoref" : false
  } ],
  "relations" : [ ],
  "corefs" : [ ],
  "typeResolved" : true,
  "userResolved" : false
}