{
  "id" : "70604390-9421-11ea-8323-e3108cdaa699-4",
  "name" : "chicago-doc-37.txt",
  "createdDate" : 0,
  "version" : 3,
  "text" : "{\n    \"title\": \"Am I able to drive through Illinois?\",\n    \"text\": \"I have an immunocompromised parent and rather than flying to Northwest Indiana, I was planning on driving from Washington to limit exposures where I’d be more susceptible to contracting the virus (no airports, no planes, no public transit, no interactions period).\\n\\nI’ve been self-isolating for the past 16 days, and on this “road trip” I’d sleep in the car to once again avoid other humans. I’d likely do it within two days, beginning EOW.\\n\\nThat said, I’m trying to understand if I’d even be able to drive through Illinois given the current “Stay At Home” mandate. Does anyone have any insight into whether I would be able to or not? Have they eliminated incoming and outgoing traffic across state lines?\\n\\nThanks so much.\",\n    \"subreddit\": \"chicago\",\n    \"created\": \"2020-03-23T01:15:45.000Z\"\n}",
  "docLength" : 0,
  "language" : "EN",
  "status" : "IN_PROGRESS",
  "modifiedDate" : 1589308177544,
  "documentSet" : [ ],
  "preannotation" : [ ],
  "sentences" : [ {
    "id" : "s0",
    "begin" : 0,
    "end" : 52,
    "text" : "{\n    \"title\": \"Am I able to drive through Illinois?",
    "tokens" : [ {
      "id" : "s0-t0",
      "begin" : 0,
      "end" : 1,
      "text" : "{",
      "whiteSpace" : false
    }, {
      "id" : "s0-t1",
      "begin" : 6,
      "end" : 7,
      "text" : "\"",
      "whiteSpace" : false
    }, {
      "id" : "s0-t2",
      "begin" : 7,
      "end" : 12,
      "text" : "title",
      "whiteSpace" : false
    }, {
      "id" : "s0-t3",
      "begin" : 12,
      "end" : 13,
      "text" : "\"",
      "whiteSpace" : false
    }, {
      "id" : "s0-t4",
      "begin" : 13,
      "end" : 14,
      "text" : ":",
      "whiteSpace" : false
    }, {
      "id" : "s0-t5",
      "begin" : 15,
      "end" : 16,
      "text" : "\"",
      "whiteSpace" : false
    }, {
      "id" : "s0-t6",
      "begin" : 16,
      "end" : 18,
      "text" : "Am",
      "whiteSpace" : false
    }, {
      "id" : "s0-t7",
      "begin" : 19,
      "end" : 20,
      "text" : "I",
      "whiteSpace" : false
    }, {
      "id" : "s0-t8",
      "begin" : 21,
      "end" : 25,
      "text" : "able",
      "whiteSpace" : false
    }, {
      "id" : "s0-t9",
      "begin" : 26,
      "end" : 28,
      "text" : "to",
      "whiteSpace" : false
    }, {
      "id" : "s0-t10",
      "begin" : 29,
      "end" : 34,
      "text" : "drive",
      "whiteSpace" : false
    }, {
      "id" : "s0-t11",
      "begin" : 35,
      "end" : 42,
      "text" : "through",
      "whiteSpace" : false
    }, {
      "id" : "s0-t12",
      "begin" : 43,
      "end" : 51,
      "text" : "Illinois",
      "whiteSpace" : false
    }, {
      "id" : "s0-t13",
      "begin" : 51,
      "end" : 52,
      "text" : "?",
      "whiteSpace" : false
    } ]
  }, {
    "id" : "s1",
    "begin" : 52,
    "end" : 332,
    "text" : "\",\n    \"text\": \"I have an immunocompromised parent and rather than flying to Northwest Indiana, I was planning on driving from Washington to limit exposures where I’d be more susceptible to contracting the virus (no airports, no planes, no public transit, no interactions period).",
    "tokens" : [ {
      "id" : "s1-t0",
      "begin" : 52,
      "end" : 53,
      "text" : "\"",
      "whiteSpace" : false
    }, {
      "id" : "s1-t1",
      "begin" : 53,
      "end" : 54,
      "text" : ",",
      "whiteSpace" : false
    }, {
      "id" : "s1-t2",
      "begin" : 59,
      "end" : 60,
      "text" : "\"",
      "whiteSpace" : false
    }, {
      "id" : "s1-t3",
      "begin" : 60,
      "end" : 64,
      "text" : "text",
      "whiteSpace" : false
    }, {
      "id" : "s1-t4",
      "begin" : 64,
      "end" : 65,
      "text" : "\"",
      "whiteSpace" : false
    }, {
      "id" : "s1-t5",
      "begin" : 65,
      "end" : 66,
      "text" : ":",
      "whiteSpace" : false
    }, {
      "id" : "s1-t6",
      "begin" : 67,
      "end" : 68,
      "text" : "\"",
      "whiteSpace" : false
    }, {
      "id" : "s1-t7",
      "begin" : 68,
      "end" : 69,
      "text" : "I",
      "whiteSpace" : false
    }, {
      "id" : "s1-t8",
      "begin" : 70,
      "end" : 74,
      "text" : "have",
      "whiteSpace" : false
    }, {
      "id" : "s1-t9",
      "begin" : 75,
      "end" : 77,
      "text" : "an",
      "whiteSpace" : false
    }, {
      "id" : "s1-t10",
      "begin" : 78,
      "end" : 95,
      "text" : "immunocompromised",
      "whiteSpace" : false
    }, {
      "id" : "s1-t11",
      "begin" : 96,
      "end" : 102,
      "text" : "parent",
      "whiteSpace" : false
    }, {
      "id" : "s1-t12",
      "begin" : 103,
      "end" : 106,
      "text" : "and",
      "whiteSpace" : false
    }, {
      "id" : "s1-t13",
      "begin" : 107,
      "end" : 113,
      "text" : "rather",
      "whiteSpace" : false
    }, {
      "id" : "s1-t14",
      "begin" : 114,
      "end" : 118,
      "text" : "than",
      "whiteSpace" : false
    }, {
      "id" : "s1-t15",
      "begin" : 119,
      "end" : 125,
      "text" : "flying",
      "whiteSpace" : false
    }, {
      "id" : "s1-t16",
      "begin" : 126,
      "end" : 128,
      "text" : "to",
      "whiteSpace" : false
    }, {
      "id" : "s1-t17",
      "begin" : 129,
      "end" : 138,
      "text" : "Northwest",
      "whiteSpace" : false
    }, {
      "id" : "s1-t18",
      "begin" : 139,
      "end" : 146,
      "text" : "Indiana",
      "whiteSpace" : false
    }, {
      "id" : "s1-t19",
      "begin" : 146,
      "end" : 147,
      "text" : ",",
      "whiteSpace" : false
    }, {
      "id" : "s1-t20",
      "begin" : 148,
      "end" : 149,
      "text" : "I",
      "whiteSpace" : false
    }, {
      "id" : "s1-t21",
      "begin" : 150,
      "end" : 153,
      "text" : "was",
      "whiteSpace" : false
    }, {
      "id" : "s1-t22",
      "begin" : 154,
      "end" : 162,
      "text" : "planning",
      "whiteSpace" : false
    }, {
      "id" : "s1-t23",
      "begin" : 163,
      "end" : 165,
      "text" : "on",
      "whiteSpace" : false
    }, {
      "id" : "s1-t24",
      "begin" : 166,
      "end" : 173,
      "text" : "driving",
      "whiteSpace" : false
    }, {
      "id" : "s1-t25",
      "begin" : 174,
      "end" : 178,
      "text" : "from",
      "whiteSpace" : false
    }, {
      "id" : "s1-t26",
      "begin" : 179,
      "end" : 189,
      "text" : "Washington",
      "whiteSpace" : false
    }, {
      "id" : "s1-t27",
      "begin" : 190,
      "end" : 192,
      "text" : "to",
      "whiteSpace" : false
    }, {
      "id" : "s1-t28",
      "begin" : 193,
      "end" : 198,
      "text" : "limit",
      "whiteSpace" : false
    }, {
      "id" : "s1-t29",
      "begin" : 199,
      "end" : 208,
      "text" : "exposures",
      "whiteSpace" : false
    }, {
      "id" : "s1-t30",
      "begin" : 209,
      "end" : 214,
      "text" : "where",
      "whiteSpace" : false
    }, {
      "id" : "s1-t31",
      "begin" : 215,
      "end" : 216,
      "text" : "I",
      "whiteSpace" : false
    }, {
      "id" : "s1-t32",
      "begin" : 216,
      "end" : 218,
      "text" : "’d",
      "whiteSpace" : false
    }, {
      "id" : "s1-t33",
      "begin" : 219,
      "end" : 221,
      "text" : "be",
      "whiteSpace" : false
    }, {
      "id" : "s1-t34",
      "begin" : 222,
      "end" : 226,
      "text" : "more",
      "whiteSpace" : false
    }, {
      "id" : "s1-t35",
      "begin" : 227,
      "end" : 238,
      "text" : "susceptible",
      "whiteSpace" : false
    }, {
      "id" : "s1-t36",
      "begin" : 239,
      "end" : 241,
      "text" : "to",
      "whiteSpace" : false
    }, {
      "id" : "s1-t37",
      "begin" : 242,
      "end" : 253,
      "text" : "contracting",
      "whiteSpace" : false
    }, {
      "id" : "s1-t38",
      "begin" : 254,
      "end" : 257,
      "text" : "the",
      "whiteSpace" : false
    }, {
      "id" : "s1-t39",
      "begin" : 258,
      "end" : 263,
      "text" : "virus",
      "whiteSpace" : false
    }, {
      "id" : "s1-t40",
      "begin" : 264,
      "end" : 265,
      "text" : "(",
      "whiteSpace" : false
    }, {
      "id" : "s1-t41",
      "begin" : 265,
      "end" : 267,
      "text" : "no",
      "whiteSpace" : false
    }, {
      "id" : "s1-t42",
      "begin" : 268,
      "end" : 276,
      "text" : "airports",
      "whiteSpace" : false
    }, {
      "id" : "s1-t43",
      "begin" : 276,
      "end" : 277,
      "text" : ",",
      "whiteSpace" : false
    }, {
      "id" : "s1-t44",
      "begin" : 278,
      "end" : 280,
      "text" : "no",
      "whiteSpace" : false
    }, {
      "id" : "s1-t45",
      "begin" : 281,
      "end" : 287,
      "text" : "planes",
      "whiteSpace" : false
    }, {
      "id" : "s1-t46",
      "begin" : 287,
      "end" : 288,
      "text" : ",",
      "whiteSpace" : false
    }, {
      "id" : "s1-t47",
      "begin" : 289,
      "end" : 291,
      "text" : "no",
      "whiteSpace" : false
    }, {
      "id" : "s1-t48",
      "begin" : 292,
      "end" : 298,
      "text" : "public",
      "whiteSpace" : false
    }, {
      "id" : "s1-t49",
      "begin" : 299,
      "end" : 306,
      "text" : "transit",
      "whiteSpace" : false
    }, {
      "id" : "s1-t50",
      "begin" : 306,
      "end" : 307,
      "text" : ",",
      "whiteSpace" : false
    }, {
      "id" : "s1-t51",
      "begin" : 308,
      "end" : 310,
      "text" : "no",
      "whiteSpace" : false
    }, {
      "id" : "s1-t52",
      "begin" : 311,
      "end" : 323,
      "text" : "interactions",
      "whiteSpace" : false
    }, {
      "id" : "s1-t53",
      "begin" : 324,
      "end" : 330,
      "text" : "period",
      "whiteSpace" : false
    }, {
      "id" : "s1-t54",
      "begin" : 330,
      "end" : 331,
      "text" : ")",
      "whiteSpace" : false
    }, {
      "id" : "s1-t55",
      "begin" : 331,
      "end" : 332,
      "text" : ".",
      "whiteSpace" : false
    } ]
  }, {
    "id" : "s2",
    "begin" : 332,
    "end" : 461,
    "text" : "\\n\\nI’ve been self-isolating for the past 16 days, and on this “road trip” I’d sleep in the car to once again avoid other humans.",
    "tokens" : [ {
      "id" : "s2-t0",
      "begin" : 332,
      "end" : 334,
      "text" : "\\n",
      "whiteSpace" : false
    }, {
      "id" : "s2-t1",
      "begin" : 334,
      "end" : 337,
      "text" : "\\nI",
      "whiteSpace" : false
    }, {
      "id" : "s2-t2",
      "begin" : 337,
      "end" : 340,
      "text" : "’ve",
      "whiteSpace" : false
    }, {
      "id" : "s2-t3",
      "begin" : 341,
      "end" : 345,
      "text" : "been",
      "whiteSpace" : false
    }, {
      "id" : "s2-t4",
      "begin" : 346,
      "end" : 350,
      "text" : "self",
      "whiteSpace" : false
    }, {
      "id" : "s2-t5",
      "begin" : 350,
      "end" : 351,
      "text" : "-",
      "whiteSpace" : false
    }, {
      "id" : "s2-t6",
      "begin" : 351,
      "end" : 360,
      "text" : "isolating",
      "whiteSpace" : false
    }, {
      "id" : "s2-t7",
      "begin" : 361,
      "end" : 364,
      "text" : "for",
      "whiteSpace" : false
    }, {
      "id" : "s2-t8",
      "begin" : 365,
      "end" : 368,
      "text" : "the",
      "whiteSpace" : false
    }, {
      "id" : "s2-t9",
      "begin" : 369,
      "end" : 373,
      "text" : "past",
      "whiteSpace" : false
    }, {
      "id" : "s2-t10",
      "begin" : 374,
      "end" : 376,
      "text" : "16",
      "whiteSpace" : false
    }, {
      "id" : "s2-t11",
      "begin" : 377,
      "end" : 381,
      "text" : "days",
      "whiteSpace" : false
    }, {
      "id" : "s2-t12",
      "begin" : 381,
      "end" : 382,
      "text" : ",",
      "whiteSpace" : false
    }, {
      "id" : "s2-t13",
      "begin" : 383,
      "end" : 386,
      "text" : "and",
      "whiteSpace" : false
    }, {
      "id" : "s2-t14",
      "begin" : 387,
      "end" : 389,
      "text" : "on",
      "whiteSpace" : false
    }, {
      "id" : "s2-t15",
      "begin" : 390,
      "end" : 394,
      "text" : "this",
      "whiteSpace" : false
    }, {
      "id" : "s2-t16",
      "begin" : 395,
      "end" : 396,
      "text" : "“",
      "whiteSpace" : false
    }, {
      "id" : "s2-t17",
      "begin" : 396,
      "end" : 400,
      "text" : "road",
      "whiteSpace" : false
    }, {
      "id" : "s2-t18",
      "begin" : 401,
      "end" : 405,
      "text" : "trip",
      "whiteSpace" : false
    }, {
      "id" : "s2-t19",
      "begin" : 405,
      "end" : 406,
      "text" : "”",
      "whiteSpace" : false
    }, {
      "id" : "s2-t20",
      "begin" : 407,
      "end" : 408,
      "text" : "I",
      "whiteSpace" : false
    }, {
      "id" : "s2-t21",
      "begin" : 408,
      "end" : 410,
      "text" : "’d",
      "whiteSpace" : false
    }, {
      "id" : "s2-t22",
      "begin" : 411,
      "end" : 416,
      "text" : "sleep",
      "whiteSpace" : false
    }, {
      "id" : "s2-t23",
      "begin" : 417,
      "end" : 419,
      "text" : "in",
      "whiteSpace" : false
    }, {
      "id" : "s2-t24",
      "begin" : 420,
      "end" : 423,
      "text" : "the",
      "whiteSpace" : false
    }, {
      "id" : "s2-t25",
      "begin" : 424,
      "end" : 427,
      "text" : "car",
      "whiteSpace" : false
    }, {
      "id" : "s2-t26",
      "begin" : 428,
      "end" : 430,
      "text" : "to",
      "whiteSpace" : false
    }, {
      "id" : "s2-t27",
      "begin" : 431,
      "end" : 435,
      "text" : "once",
      "whiteSpace" : false
    }, {
      "id" : "s2-t28",
      "begin" : 436,
      "end" : 441,
      "text" : "again",
      "whiteSpace" : false
    }, {
      "id" : "s2-t29",
      "begin" : 442,
      "end" : 447,
      "text" : "avoid",
      "whiteSpace" : false
    }, {
      "id" : "s2-t30",
      "begin" : 448,
      "end" : 453,
      "text" : "other",
      "whiteSpace" : false
    }, {
      "id" : "s2-t31",
      "begin" : 454,
      "end" : 460,
      "text" : "humans",
      "whiteSpace" : false
    }, {
      "id" : "s2-t32",
      "begin" : 460,
      "end" : 461,
      "text" : ".",
      "whiteSpace" : false
    } ]
  }, {
    "id" : "s3",
    "begin" : 462,
    "end" : 510,
    "text" : "I’d likely do it within two days, beginning EOW.",
    "tokens" : [ {
      "id" : "s3-t0",
      "begin" : 462,
      "end" : 463,
      "text" : "I",
      "whiteSpace" : false
    }, {
      "id" : "s3-t1",
      "begin" : 463,
      "end" : 465,
      "text" : "’d",
      "whiteSpace" : false
    }, {
      "id" : "s3-t2",
      "begin" : 466,
      "end" : 472,
      "text" : "likely",
      "whiteSpace" : false
    }, {
      "id" : "s3-t3",
      "begin" : 473,
      "end" : 475,
      "text" : "do",
      "whiteSpace" : false
    }, {
      "id" : "s3-t4",
      "begin" : 476,
      "end" : 478,
      "text" : "it",
      "whiteSpace" : false
    }, {
      "id" : "s3-t5",
      "begin" : 479,
      "end" : 485,
      "text" : "within",
      "whiteSpace" : false
    }, {
      "id" : "s3-t6",
      "begin" : 486,
      "end" : 489,
      "text" : "two",
      "whiteSpace" : false
    }, {
      "id" : "s3-t7",
      "begin" : 490,
      "end" : 494,
      "text" : "days",
      "whiteSpace" : false
    }, {
      "id" : "s3-t8",
      "begin" : 494,
      "end" : 495,
      "text" : ",",
      "whiteSpace" : false
    }, {
      "id" : "s3-t9",
      "begin" : 496,
      "end" : 505,
      "text" : "beginning",
      "whiteSpace" : false
    }, {
      "id" : "s3-t10",
      "begin" : 506,
      "end" : 509,
      "text" : "EOW",
      "whiteSpace" : false
    }, {
      "id" : "s3-t11",
      "begin" : 509,
      "end" : 510,
      "text" : ".",
      "whiteSpace" : false
    } ]
  }, {
    "id" : "s4",
    "begin" : 510,
    "end" : 637,
    "text" : "\\n\\nThat said, I’m trying to understand if I’d even be able to drive through Illinois given the current “Stay At Home” mandate.",
    "tokens" : [ {
      "id" : "s4-t0",
      "begin" : 510,
      "end" : 512,
      "text" : "\\n",
      "whiteSpace" : false
    }, {
      "id" : "s4-t1",
      "begin" : 512,
      "end" : 518,
      "text" : "\\nThat",
      "whiteSpace" : false
    }, {
      "id" : "s4-t2",
      "begin" : 519,
      "end" : 523,
      "text" : "said",
      "whiteSpace" : false
    }, {
      "id" : "s4-t3",
      "begin" : 523,
      "end" : 524,
      "text" : ",",
      "whiteSpace" : false
    }, {
      "id" : "s4-t4",
      "begin" : 525,
      "end" : 526,
      "text" : "I",
      "whiteSpace" : false
    }, {
      "id" : "s4-t5",
      "begin" : 526,
      "end" : 528,
      "text" : "’m",
      "whiteSpace" : false
    }, {
      "id" : "s4-t6",
      "begin" : 529,
      "end" : 535,
      "text" : "trying",
      "whiteSpace" : false
    }, {
      "id" : "s4-t7",
      "begin" : 536,
      "end" : 538,
      "text" : "to",
      "whiteSpace" : false
    }, {
      "id" : "s4-t8",
      "begin" : 539,
      "end" : 549,
      "text" : "understand",
      "whiteSpace" : false
    }, {
      "id" : "s4-t9",
      "begin" : 550,
      "end" : 552,
      "text" : "if",
      "whiteSpace" : false
    }, {
      "id" : "s4-t10",
      "begin" : 553,
      "end" : 554,
      "text" : "I",
      "whiteSpace" : false
    }, {
      "id" : "s4-t11",
      "begin" : 554,
      "end" : 556,
      "text" : "’d",
      "whiteSpace" : false
    }, {
      "id" : "s4-t12",
      "begin" : 557,
      "end" : 561,
      "text" : "even",
      "whiteSpace" : false
    }, {
      "id" : "s4-t13",
      "begin" : 562,
      "end" : 564,
      "text" : "be",
      "whiteSpace" : false
    }, {
      "id" : "s4-t14",
      "begin" : 565,
      "end" : 569,
      "text" : "able",
      "whiteSpace" : false
    }, {
      "id" : "s4-t15",
      "begin" : 570,
      "end" : 572,
      "text" : "to",
      "whiteSpace" : false
    }, {
      "id" : "s4-t16",
      "begin" : 573,
      "end" : 578,
      "text" : "drive",
      "whiteSpace" : false
    }, {
      "id" : "s4-t17",
      "begin" : 579,
      "end" : 586,
      "text" : "through",
      "whiteSpace" : false
    }, {
      "id" : "s4-t18",
      "begin" : 587,
      "end" : 595,
      "text" : "Illinois",
      "whiteSpace" : false
    }, {
      "id" : "s4-t19",
      "begin" : 596,
      "end" : 601,
      "text" : "given",
      "whiteSpace" : false
    }, {
      "id" : "s4-t20",
      "begin" : 602,
      "end" : 605,
      "text" : "the",
      "whiteSpace" : false
    }, {
      "id" : "s4-t21",
      "begin" : 606,
      "end" : 613,
      "text" : "current",
      "whiteSpace" : false
    }, {
      "id" : "s4-t22",
      "begin" : 614,
      "end" : 615,
      "text" : "“",
      "whiteSpace" : false
    }, {
      "id" : "s4-t23",
      "begin" : 615,
      "end" : 619,
      "text" : "Stay",
      "whiteSpace" : false
    }, {
      "id" : "s4-t24",
      "begin" : 620,
      "end" : 622,
      "text" : "At",
      "whiteSpace" : false
    }, {
      "id" : "s4-t25",
      "begin" : 623,
      "end" : 627,
      "text" : "Home",
      "whiteSpace" : false
    }, {
      "id" : "s4-t26",
      "begin" : 627,
      "end" : 628,
      "text" : "”",
      "whiteSpace" : false
    }, {
      "id" : "s4-t27",
      "begin" : 629,
      "end" : 636,
      "text" : "mandate",
      "whiteSpace" : false
    }, {
      "id" : "s4-t28",
      "begin" : 636,
      "end" : 637,
      "text" : ".",
      "whiteSpace" : false
    } ]
  }, {
    "id" : "s5",
    "begin" : 638,
    "end" : 706,
    "text" : "Does anyone have any insight into whether I would be able to or not?",
    "tokens" : [ {
      "id" : "s5-t0",
      "begin" : 638,
      "end" : 642,
      "text" : "Does",
      "whiteSpace" : false
    }, {
      "id" : "s5-t1",
      "begin" : 643,
      "end" : 649,
      "text" : "anyone",
      "whiteSpace" : false
    }, {
      "id" : "s5-t2",
      "begin" : 650,
      "end" : 654,
      "text" : "have",
      "whiteSpace" : false
    }, {
      "id" : "s5-t3",
      "begin" : 655,
      "end" : 658,
      "text" : "any",
      "whiteSpace" : false
    }, {
      "id" : "s5-t4",
      "begin" : 659,
      "end" : 666,
      "text" : "insight",
      "whiteSpace" : false
    }, {
      "id" : "s5-t5",
      "begin" : 667,
      "end" : 671,
      "text" : "into",
      "whiteSpace" : false
    }, {
      "id" : "s5-t6",
      "begin" : 672,
      "end" : 679,
      "text" : "whether",
      "whiteSpace" : false
    }, {
      "id" : "s5-t7",
      "begin" : 680,
      "end" : 681,
      "text" : "I",
      "whiteSpace" : false
    }, {
      "id" : "s5-t8",
      "begin" : 682,
      "end" : 687,
      "text" : "would",
      "whiteSpace" : false
    }, {
      "id" : "s5-t9",
      "begin" : 688,
      "end" : 690,
      "text" : "be",
      "whiteSpace" : false
    }, {
      "id" : "s5-t10",
      "begin" : 691,
      "end" : 695,
      "text" : "able",
      "whiteSpace" : false
    }, {
      "id" : "s5-t11",
      "begin" : 696,
      "end" : 698,
      "text" : "to",
      "whiteSpace" : false
    }, {
      "id" : "s5-t12",
      "begin" : 699,
      "end" : 701,
      "text" : "or",
      "whiteSpace" : false
    }, {
      "id" : "s5-t13",
      "begin" : 702,
      "end" : 705,
      "text" : "not",
      "whiteSpace" : false
    }, {
      "id" : "s5-t14",
      "begin" : 705,
      "end" : 706,
      "text" : "?",
      "whiteSpace" : false
    } ]
  }, {
    "id" : "s6",
    "begin" : 707,
    "end" : 777,
    "text" : "Have they eliminated incoming and outgoing traffic across state lines?",
    "tokens" : [ {
      "id" : "s6-t0",
      "begin" : 707,
      "end" : 711,
      "text" : "Have",
      "whiteSpace" : false
    }, {
      "id" : "s6-t1",
      "begin" : 712,
      "end" : 716,
      "text" : "they",
      "whiteSpace" : false
    }, {
      "id" : "s6-t2",
      "begin" : 717,
      "end" : 727,
      "text" : "eliminated",
      "whiteSpace" : false
    }, {
      "id" : "s6-t3",
      "begin" : 728,
      "end" : 736,
      "text" : "incoming",
      "whiteSpace" : false
    }, {
      "id" : "s6-t4",
      "begin" : 737,
      "end" : 740,
      "text" : "and",
      "whiteSpace" : false
    }, {
      "id" : "s6-t5",
      "begin" : 741,
      "end" : 749,
      "text" : "outgoing",
      "whiteSpace" : false
    }, {
      "id" : "s6-t6",
      "begin" : 750,
      "end" : 757,
      "text" : "traffic",
      "whiteSpace" : false
    }, {
      "id" : "s6-t7",
      "begin" : 758,
      "end" : 764,
      "text" : "across",
      "whiteSpace" : false
    }, {
      "id" : "s6-t8",
      "begin" : 765,
      "end" : 770,
      "text" : "state",
      "whiteSpace" : false
    }, {
      "id" : "s6-t9",
      "begin" : 771,
      "end" : 776,
      "text" : "lines",
      "whiteSpace" : false
    }, {
      "id" : "s6-t10",
      "begin" : 776,
      "end" : 777,
      "text" : "?",
      "whiteSpace" : false
    } ]
  }, {
    "id" : "s7",
    "begin" : 777,
    "end" : 796,
    "text" : "\\n\\nThanks so much.",
    "tokens" : [ {
      "id" : "s7-t0",
      "begin" : 777,
      "end" : 779,
      "text" : "\\n",
      "whiteSpace" : false
    }, {
      "id" : "s7-t1",
      "begin" : 779,
      "end" : 787,
      "text" : "\\nThanks",
      "whiteSpace" : false
    }, {
      "id" : "s7-t2",
      "begin" : 788,
      "end" : 790,
      "text" : "so",
      "whiteSpace" : false
    }, {
      "id" : "s7-t3",
      "begin" : 791,
      "end" : 795,
      "text" : "much",
      "whiteSpace" : false
    }, {
      "id" : "s7-t4",
      "begin" : 795,
      "end" : 796,
      "text" : ".",
      "whiteSpace" : false
    } ]
  }, {
    "id" : "s8",
    "begin" : 796,
    "end" : 870,
    "text" : "\",\n    \"subreddit\": \"chicago\",\n    \"created\": \"2020-03-23T01:15:45.000Z\"\n}",
    "tokens" : [ {
      "id" : "s8-t0",
      "begin" : 796,
      "end" : 797,
      "text" : "\"",
      "whiteSpace" : false
    }, {
      "id" : "s8-t1",
      "begin" : 797,
      "end" : 798,
      "text" : ",",
      "whiteSpace" : false
    }, {
      "id" : "s8-t2",
      "begin" : 803,
      "end" : 804,
      "text" : "\"",
      "whiteSpace" : false
    }, {
      "id" : "s8-t3",
      "begin" : 804,
      "end" : 813,
      "text" : "subreddit",
      "whiteSpace" : false
    }, {
      "id" : "s8-t4",
      "begin" : 813,
      "end" : 814,
      "text" : "\"",
      "whiteSpace" : false
    }, {
      "id" : "s8-t5",
      "begin" : 814,
      "end" : 815,
      "text" : ":",
      "whiteSpace" : false
    }, {
      "id" : "s8-t6",
      "begin" : 816,
      "end" : 817,
      "text" : "\"",
      "whiteSpace" : false
    }, {
      "id" : "s8-t7",
      "begin" : 817,
      "end" : 824,
      "text" : "chicago",
      "whiteSpace" : false
    }, {
      "id" : "s8-t8",
      "begin" : 824,
      "end" : 825,
      "text" : "\"",
      "whiteSpace" : false
    }, {
      "id" : "s8-t9",
      "begin" : 825,
      "end" : 826,
      "text" : ",",
      "whiteSpace" : false
    }, {
      "id" : "s8-t10",
      "begin" : 831,
      "end" : 832,
      "text" : "\"",
      "whiteSpace" : false
    }, {
      "id" : "s8-t11",
      "begin" : 832,
      "end" : 839,
      "text" : "created",
      "whiteSpace" : false
    }, {
      "id" : "s8-t12",
      "begin" : 839,
      "end" : 840,
      "text" : "\"",
      "whiteSpace" : false
    }, {
      "id" : "s8-t13",
      "begin" : 840,
      "end" : 841,
      "text" : ":",
      "whiteSpace" : false
    }, {
      "id" : "s8-t14",
      "begin" : 842,
      "end" : 843,
      "text" : "\"",
      "whiteSpace" : false
    }, {
      "id" : "s8-t15",
      "begin" : 843,
      "end" : 867,
      "text" : "2020-03-23T01:15:45.000Z",
      "whiteSpace" : false
    }, {
      "id" : "s8-t16",
      "begin" : 867,
      "end" : 868,
      "text" : "\"",
      "whiteSpace" : false
    }, {
      "id" : "s8-t17",
      "begin" : 869,
      "end" : 870,
      "text" : "}",
      "whiteSpace" : false
    } ]
  } ],
  "mentions" : [ {
    "id" : "s0-m1",
    "properties" : {
      "SIRE_MENTION_ROLE" : "Car_Owner",
      "SIRE_ENTITY_SUBTYPE" : "NONE",
      "SIRE_MENTION_TYPE" : "NONE",
      "SIRE_MENTION_CLASS" : "SPC"
    },
    "type" : "Car_Owner",
    "begin" : 29,
    "end" : 34,
    "inCoref" : false
  }, {
    "id" : "s1-m1",
    "properties" : {
      "SIRE_MENTION_ROLE" : "Car_Owner",
      "SIRE_ENTITY_SUBTYPE" : "NONE",
      "SIRE_MENTION_TYPE" : "NONE",
      "SIRE_MENTION_CLASS" : "SPC"
    },
    "type" : "Car_Owner",
    "begin" : 166,
    "end" : 173,
    "inCoref" : false
  }, {
    "id" : "s2-m1",
    "properties" : {
      "SIRE_MENTION_ROLE" : "Car_Owner",
      "SIRE_ENTITY_SUBTYPE" : "NONE",
      "SIRE_MENTION_TYPE" : "NONE",
      "SIRE_MENTION_CLASS" : "SPC"
    },
    "type" : "Car_Owner",
    "begin" : 396,
    "end" : 405,
    "inCoref" : false
  }, {
    "id" : "s2-m2",
    "properties" : {
      "SIRE_MENTION_ROLE" : "Car_Owner",
      "SIRE_ENTITY_SUBTYPE" : "NONE",
      "SIRE_MENTION_TYPE" : "NONE",
      "SIRE_MENTION_CLASS" : "SPC"
    },
    "type" : "Car_Owner",
    "begin" : 424,
    "end" : 427,
    "inCoref" : false
  }, {
    "id" : "s4-m1",
    "properties" : {
      "SIRE_MENTION_ROLE" : "Car_Owner",
      "SIRE_ENTITY_SUBTYPE" : "NONE",
      "SIRE_MENTION_TYPE" : "NONE",
      "SIRE_MENTION_CLASS" : "SPC"
    },
    "type" : "Car_Owner",
    "begin" : 573,
    "end" : 578,
    "inCoref" : false
  } ],
  "relations" : [ ],
  "corefs" : [ ],
  "typeResolved" : true,
  "userResolved" : false
}