{
  "id" : "c318d3f0-9420-11ea-8a2d-81b8af140d06-37",
  "name" : "nyc-doc-54.txt",
  "createdDate" : 0,
  "version" : 3,
  "text" : "{\"text\":\"Just wondering if anyone in NYC (Brooklyn) knows how I can make $1,100 by Feb 1. I’ve been unemployed and depleted my savings. I have a job trail on Friday but won’t have rent until after it’s due. Any ideas how to make cash quick before I miss my rent??\",\"author_fullname\":\"t2_5i8yu3qx\",\"title\":\"I’m desperate to make rent\"}\n",
  "docLength" : 0,
  "language" : "EN",
  "status" : "IN_PROGRESS",
  "modifiedDate" : 1589342144539,
  "documentSet" : [ ],
  "preannotation" : [ "PRE_LW" ],
  "sentences" : [ {
    "id" : "s0",
    "begin" : 0,
    "end" : 89,
    "text" : "{\"text\":\"Just wondering if anyone in NYC (Brooklyn) knows how I can make $1,100 by Feb 1.",
    "tokens" : [ {
      "id" : "s0-t0",
      "begin" : 0,
      "end" : 1,
      "text" : "{",
      "whiteSpace" : false
    }, {
      "id" : "s0-t1",
      "begin" : 1,
      "end" : 2,
      "text" : "\"",
      "whiteSpace" : false
    }, {
      "id" : "s0-t2",
      "begin" : 2,
      "end" : 6,
      "text" : "text",
      "whiteSpace" : false
    }, {
      "id" : "s0-t3",
      "begin" : 6,
      "end" : 7,
      "text" : "\"",
      "whiteSpace" : false
    }, {
      "id" : "s0-t4",
      "begin" : 7,
      "end" : 8,
      "text" : ":",
      "whiteSpace" : false
    }, {
      "id" : "s0-t5",
      "begin" : 8,
      "end" : 9,
      "text" : "\"",
      "whiteSpace" : false
    }, {
      "id" : "s0-t6",
      "begin" : 9,
      "end" : 13,
      "text" : "Just",
      "whiteSpace" : false
    }, {
      "id" : "s0-t7",
      "begin" : 14,
      "end" : 23,
      "text" : "wondering",
      "whiteSpace" : false
    }, {
      "id" : "s0-t8",
      "begin" : 24,
      "end" : 26,
      "text" : "if",
      "whiteSpace" : false
    }, {
      "id" : "s0-t9",
      "begin" : 27,
      "end" : 33,
      "text" : "anyone",
      "whiteSpace" : false
    }, {
      "id" : "s0-t10",
      "begin" : 34,
      "end" : 36,
      "text" : "in",
      "whiteSpace" : false
    }, {
      "id" : "s0-t11",
      "begin" : 37,
      "end" : 40,
      "text" : "NYC",
      "whiteSpace" : false
    }, {
      "id" : "s0-t12",
      "begin" : 41,
      "end" : 42,
      "text" : "(",
      "whiteSpace" : false
    }, {
      "id" : "s0-t13",
      "begin" : 42,
      "end" : 50,
      "text" : "Brooklyn",
      "whiteSpace" : false
    }, {
      "id" : "s0-t14",
      "begin" : 50,
      "end" : 51,
      "text" : ")",
      "whiteSpace" : false
    }, {
      "id" : "s0-t15",
      "begin" : 52,
      "end" : 57,
      "text" : "knows",
      "whiteSpace" : false
    }, {
      "id" : "s0-t16",
      "begin" : 58,
      "end" : 61,
      "text" : "how",
      "whiteSpace" : false
    }, {
      "id" : "s0-t17",
      "begin" : 62,
      "end" : 63,
      "text" : "I",
      "whiteSpace" : false
    }, {
      "id" : "s0-t18",
      "begin" : 64,
      "end" : 67,
      "text" : "can",
      "whiteSpace" : false
    }, {
      "id" : "s0-t19",
      "begin" : 68,
      "end" : 72,
      "text" : "make",
      "whiteSpace" : false
    }, {
      "id" : "s0-t20",
      "begin" : 73,
      "end" : 74,
      "text" : "$",
      "whiteSpace" : false
    }, {
      "id" : "s0-t21",
      "begin" : 74,
      "end" : 79,
      "text" : "1,100",
      "whiteSpace" : false
    }, {
      "id" : "s0-t22",
      "begin" : 80,
      "end" : 82,
      "text" : "by",
      "whiteSpace" : false
    }, {
      "id" : "s0-t23",
      "begin" : 83,
      "end" : 86,
      "text" : "Feb",
      "whiteSpace" : false
    }, {
      "id" : "s0-t24",
      "begin" : 87,
      "end" : 88,
      "text" : "1",
      "whiteSpace" : false
    }, {
      "id" : "s0-t25",
      "begin" : 88,
      "end" : 89,
      "text" : ".",
      "whiteSpace" : false
    } ]
  }, {
    "id" : "s1",
    "begin" : 90,
    "end" : 135,
    "text" : "I’ve been unemployed and depleted my savings.",
    "tokens" : [ {
      "id" : "s1-t0",
      "begin" : 90,
      "end" : 91,
      "text" : "I",
      "whiteSpace" : false
    }, {
      "id" : "s1-t1",
      "begin" : 91,
      "end" : 94,
      "text" : "’ve",
      "whiteSpace" : false
    }, {
      "id" : "s1-t2",
      "begin" : 95,
      "end" : 99,
      "text" : "been",
      "whiteSpace" : false
    }, {
      "id" : "s1-t3",
      "begin" : 100,
      "end" : 110,
      "text" : "unemployed",
      "whiteSpace" : false
    }, {
      "id" : "s1-t4",
      "begin" : 111,
      "end" : 114,
      "text" : "and",
      "whiteSpace" : false
    }, {
      "id" : "s1-t5",
      "begin" : 115,
      "end" : 123,
      "text" : "depleted",
      "whiteSpace" : false
    }, {
      "id" : "s1-t6",
      "begin" : 124,
      "end" : 126,
      "text" : "my",
      "whiteSpace" : false
    }, {
      "id" : "s1-t7",
      "begin" : 127,
      "end" : 134,
      "text" : "savings",
      "whiteSpace" : false
    }, {
      "id" : "s1-t8",
      "begin" : 134,
      "end" : 135,
      "text" : ".",
      "whiteSpace" : false
    } ]
  }, {
    "id" : "s2",
    "begin" : 136,
    "end" : 206,
    "text" : "I have a job trail on Friday but won’t have rent until after it’s due.",
    "tokens" : [ {
      "id" : "s2-t0",
      "begin" : 136,
      "end" : 137,
      "text" : "I",
      "whiteSpace" : false
    }, {
      "id" : "s2-t1",
      "begin" : 138,
      "end" : 142,
      "text" : "have",
      "whiteSpace" : false
    }, {
      "id" : "s2-t2",
      "begin" : 143,
      "end" : 144,
      "text" : "a",
      "whiteSpace" : false
    }, {
      "id" : "s2-t3",
      "begin" : 145,
      "end" : 148,
      "text" : "job",
      "whiteSpace" : false
    }, {
      "id" : "s2-t4",
      "begin" : 149,
      "end" : 154,
      "text" : "trail",
      "whiteSpace" : false
    }, {
      "id" : "s2-t5",
      "begin" : 155,
      "end" : 157,
      "text" : "on",
      "whiteSpace" : false
    }, {
      "id" : "s2-t6",
      "begin" : 158,
      "end" : 164,
      "text" : "Friday",
      "whiteSpace" : false
    }, {
      "id" : "s2-t7",
      "begin" : 165,
      "end" : 168,
      "text" : "but",
      "whiteSpace" : false
    }, {
      "id" : "s2-t8",
      "begin" : 169,
      "end" : 171,
      "text" : "wo",
      "whiteSpace" : false
    }, {
      "id" : "s2-t9",
      "begin" : 171,
      "end" : 174,
      "text" : "n’t",
      "whiteSpace" : false
    }, {
      "id" : "s2-t10",
      "begin" : 175,
      "end" : 179,
      "text" : "have",
      "whiteSpace" : false
    }, {
      "id" : "s2-t11",
      "begin" : 180,
      "end" : 184,
      "text" : "rent",
      "whiteSpace" : false
    }, {
      "id" : "s2-t12",
      "begin" : 185,
      "end" : 190,
      "text" : "until",
      "whiteSpace" : false
    }, {
      "id" : "s2-t13",
      "begin" : 191,
      "end" : 196,
      "text" : "after",
      "whiteSpace" : false
    }, {
      "id" : "s2-t14",
      "begin" : 197,
      "end" : 199,
      "text" : "it",
      "whiteSpace" : false
    }, {
      "id" : "s2-t15",
      "begin" : 199,
      "end" : 201,
      "text" : "’s",
      "whiteSpace" : false
    }, {
      "id" : "s2-t16",
      "begin" : 202,
      "end" : 205,
      "text" : "due",
      "whiteSpace" : false
    }, {
      "id" : "s2-t17",
      "begin" : 205,
      "end" : 206,
      "text" : ".",
      "whiteSpace" : false
    } ]
  }, {
    "id" : "s3",
    "begin" : 207,
    "end" : 262,
    "text" : "Any ideas how to make cash quick before I miss my rent?",
    "tokens" : [ {
      "id" : "s3-t0",
      "begin" : 207,
      "end" : 210,
      "text" : "Any",
      "whiteSpace" : false
    }, {
      "id" : "s3-t1",
      "begin" : 211,
      "end" : 216,
      "text" : "ideas",
      "whiteSpace" : false
    }, {
      "id" : "s3-t2",
      "begin" : 217,
      "end" : 220,
      "text" : "how",
      "whiteSpace" : false
    }, {
      "id" : "s3-t3",
      "begin" : 221,
      "end" : 223,
      "text" : "to",
      "whiteSpace" : false
    }, {
      "id" : "s3-t4",
      "begin" : 224,
      "end" : 228,
      "text" : "make",
      "whiteSpace" : false
    }, {
      "id" : "s3-t5",
      "begin" : 229,
      "end" : 233,
      "text" : "cash",
      "whiteSpace" : false
    }, {
      "id" : "s3-t6",
      "begin" : 234,
      "end" : 239,
      "text" : "quick",
      "whiteSpace" : false
    }, {
      "id" : "s3-t7",
      "begin" : 240,
      "end" : 246,
      "text" : "before",
      "whiteSpace" : false
    }, {
      "id" : "s3-t8",
      "begin" : 247,
      "end" : 248,
      "text" : "I",
      "whiteSpace" : false
    }, {
      "id" : "s3-t9",
      "begin" : 249,
      "end" : 253,
      "text" : "miss",
      "whiteSpace" : false
    }, {
      "id" : "s3-t10",
      "begin" : 254,
      "end" : 256,
      "text" : "my",
      "whiteSpace" : false
    }, {
      "id" : "s3-t11",
      "begin" : 257,
      "end" : 261,
      "text" : "rent",
      "whiteSpace" : false
    }, {
      "id" : "s3-t12",
      "begin" : 261,
      "end" : 262,
      "text" : "?",
      "whiteSpace" : false
    } ]
  }, {
    "id" : "s4",
    "begin" : 262,
    "end" : 334,
    "text" : "?\",\"author_fullname\":\"t2_5i8yu3qx\",\"title\":\"I’m desperate to make rent\"}",
    "tokens" : [ {
      "id" : "s4-t0",
      "begin" : 262,
      "end" : 263,
      "text" : "?",
      "whiteSpace" : false
    }, {
      "id" : "s4-t1",
      "begin" : 263,
      "end" : 264,
      "text" : "\"",
      "whiteSpace" : false
    }, {
      "id" : "s4-t2",
      "begin" : 264,
      "end" : 265,
      "text" : ",",
      "whiteSpace" : false
    }, {
      "id" : "s4-t3",
      "begin" : 265,
      "end" : 266,
      "text" : "\"",
      "whiteSpace" : false
    }, {
      "id" : "s4-t4",
      "begin" : 266,
      "end" : 281,
      "text" : "author_fullname",
      "whiteSpace" : false
    }, {
      "id" : "s4-t5",
      "begin" : 281,
      "end" : 282,
      "text" : "\"",
      "whiteSpace" : false
    }, {
      "id" : "s4-t6",
      "begin" : 282,
      "end" : 283,
      "text" : ":",
      "whiteSpace" : false
    }, {
      "id" : "s4-t7",
      "begin" : 283,
      "end" : 284,
      "text" : "\"",
      "whiteSpace" : false
    }, {
      "id" : "s4-t8",
      "begin" : 284,
      "end" : 296,
      "text" : "t2_5i8yu3qx\"",
      "whiteSpace" : false
    }, {
      "id" : "s4-t9",
      "begin" : 296,
      "end" : 297,
      "text" : ",",
      "whiteSpace" : false
    }, {
      "id" : "s4-t10",
      "begin" : 297,
      "end" : 298,
      "text" : "\"",
      "whiteSpace" : false
    }, {
      "id" : "s4-t11",
      "begin" : 298,
      "end" : 303,
      "text" : "title",
      "whiteSpace" : false
    }, {
      "id" : "s4-t12",
      "begin" : 303,
      "end" : 304,
      "text" : "\"",
      "whiteSpace" : false
    }, {
      "id" : "s4-t13",
      "begin" : 304,
      "end" : 305,
      "text" : ":",
      "whiteSpace" : false
    }, {
      "id" : "s4-t14",
      "begin" : 305,
      "end" : 306,
      "text" : "\"",
      "whiteSpace" : false
    }, {
      "id" : "s4-t15",
      "begin" : 306,
      "end" : 307,
      "text" : "I",
      "whiteSpace" : false
    }, {
      "id" : "s4-t16",
      "begin" : 307,
      "end" : 309,
      "text" : "’m",
      "whiteSpace" : false
    }, {
      "id" : "s4-t17",
      "begin" : 310,
      "end" : 319,
      "text" : "desperate",
      "whiteSpace" : false
    }, {
      "id" : "s4-t18",
      "begin" : 320,
      "end" : 322,
      "text" : "to",
      "whiteSpace" : false
    }, {
      "id" : "s4-t19",
      "begin" : 323,
      "end" : 327,
      "text" : "make",
      "whiteSpace" : false
    }, {
      "id" : "s4-t20",
      "begin" : 328,
      "end" : 332,
      "text" : "rent",
      "whiteSpace" : false
    }, {
      "id" : "s4-t21",
      "begin" : 332,
      "end" : 333,
      "text" : "\"",
      "whiteSpace" : false
    }, {
      "id" : "s4-t22",
      "begin" : 333,
      "end" : 334,
      "text" : "}",
      "whiteSpace" : false
    } ]
  } ],
  "mentions" : [ {
    "id" : "s1-m1",
    "properties" : {
      "SIRE_MENTION_ROLE" : "Unemployed",
      "SIRE_ENTITY_SUBTYPE" : "NONE",
      "SIRE_MENTION_TYPE" : "NONE",
      "SIRE_MENTION_CLASS" : "SPC"
    },
    "type" : "Unemployed",
    "begin" : 100,
    "end" : 110,
    "inCoref" : false
  }, {
    "id" : "s2-m1",
    "properties" : {
      "SIRE_MENTION_ROLE" : "Apartment_Renter",
      "SIRE_ENTITY_SUBTYPE" : "NONE",
      "SIRE_MENTION_TYPE" : "NONE",
      "SIRE_MENTION_CLASS" : "SPC"
    },
    "type" : "Apartment_Renter",
    "begin" : 180,
    "end" : 184,
    "inCoref" : false
  }, {
    "id" : "s3-m1",
    "properties" : {
      "SIRE_MENTION_ROLE" : "Apartment_Renter",
      "SIRE_ENTITY_SUBTYPE" : "NONE",
      "SIRE_MENTION_TYPE" : "NONE",
      "SIRE_MENTION_CLASS" : "SPC"
    },
    "type" : "Apartment_Renter",
    "begin" : 257,
    "end" : 261,
    "inCoref" : false
  }, {
    "id" : "s4-m1",
    "properties" : {
      "SIRE_MENTION_ROLE" : "Apartment_Renter",
      "SIRE_ENTITY_SUBTYPE" : "NONE",
      "SIRE_MENTION_TYPE" : "NONE",
      "SIRE_MENTION_CLASS" : "SPC"
    },
    "type" : "Apartment_Renter",
    "begin" : 328,
    "end" : 332,
    "inCoref" : false
  } ],
  "relations" : [ ],
  "corefs" : [ ],
  "typeResolved" : true,
  "userResolved" : false
}