{
  "id" : "c318d3f0-9420-11ea-8a2d-81b8af140d06-28",
  "name" : "nyc-doc-71.txt",
  "createdDate" : 0,
  "version" : 3,
  "text" : "{\"text\":\"Work as a bartender and was laid off. I'll be handing my very generous stimulus right to my landlord. Feels like a bailout but not for working people...\",\"author_fullname\":\"t2_91m0t\",\"title\":\"Is anyone else paying April with their stimulus check with nothing left over?\"}\n",
  "docLength" : 0,
  "language" : "EN",
  "status" : "IN_PROGRESS",
  "modifiedDate" : 1589308903328,
  "documentSet" : [ ],
  "preannotation" : [ "PRE_LW" ],
  "sentences" : [ {
    "id" : "s0",
    "begin" : 0,
    "end" : 46,
    "text" : "{\"text\":\"Work as a bartender and was laid off.",
    "tokens" : [ {
      "id" : "s0-t0",
      "begin" : 0,
      "end" : 1,
      "text" : "{",
      "whiteSpace" : false
    }, {
      "id" : "s0-t1",
      "begin" : 1,
      "end" : 2,
      "text" : "\"",
      "whiteSpace" : false
    }, {
      "id" : "s0-t2",
      "begin" : 2,
      "end" : 6,
      "text" : "text",
      "whiteSpace" : false
    }, {
      "id" : "s0-t3",
      "begin" : 6,
      "end" : 7,
      "text" : "\"",
      "whiteSpace" : false
    }, {
      "id" : "s0-t4",
      "begin" : 7,
      "end" : 8,
      "text" : ":",
      "whiteSpace" : false
    }, {
      "id" : "s0-t5",
      "begin" : 8,
      "end" : 9,
      "text" : "\"",
      "whiteSpace" : false
    }, {
      "id" : "s0-t6",
      "begin" : 9,
      "end" : 13,
      "text" : "Work",
      "whiteSpace" : false
    }, {
      "id" : "s0-t7",
      "begin" : 14,
      "end" : 16,
      "text" : "as",
      "whiteSpace" : false
    }, {
      "id" : "s0-t8",
      "begin" : 17,
      "end" : 18,
      "text" : "a",
      "whiteSpace" : false
    }, {
      "id" : "s0-t9",
      "begin" : 19,
      "end" : 28,
      "text" : "bartender",
      "whiteSpace" : false
    }, {
      "id" : "s0-t10",
      "begin" : 29,
      "end" : 32,
      "text" : "and",
      "whiteSpace" : false
    }, {
      "id" : "s0-t11",
      "begin" : 33,
      "end" : 36,
      "text" : "was",
      "whiteSpace" : false
    }, {
      "id" : "s0-t12",
      "begin" : 37,
      "end" : 41,
      "text" : "laid",
      "whiteSpace" : false
    }, {
      "id" : "s0-t13",
      "begin" : 42,
      "end" : 45,
      "text" : "off",
      "whiteSpace" : false
    }, {
      "id" : "s0-t14",
      "begin" : 45,
      "end" : 46,
      "text" : ".",
      "whiteSpace" : false
    } ]
  }, {
    "id" : "s1",
    "begin" : 47,
    "end" : 110,
    "text" : "I'll be handing my very generous stimulus right to my landlord.",
    "tokens" : [ {
      "id" : "s1-t0",
      "begin" : 47,
      "end" : 48,
      "text" : "I",
      "whiteSpace" : false
    }, {
      "id" : "s1-t1",
      "begin" : 48,
      "end" : 51,
      "text" : "'ll",
      "whiteSpace" : false
    }, {
      "id" : "s1-t2",
      "begin" : 52,
      "end" : 54,
      "text" : "be",
      "whiteSpace" : false
    }, {
      "id" : "s1-t3",
      "begin" : 55,
      "end" : 62,
      "text" : "handing",
      "whiteSpace" : false
    }, {
      "id" : "s1-t4",
      "begin" : 63,
      "end" : 65,
      "text" : "my",
      "whiteSpace" : false
    }, {
      "id" : "s1-t5",
      "begin" : 66,
      "end" : 70,
      "text" : "very",
      "whiteSpace" : false
    }, {
      "id" : "s1-t6",
      "begin" : 71,
      "end" : 79,
      "text" : "generous",
      "whiteSpace" : false
    }, {
      "id" : "s1-t7",
      "begin" : 80,
      "end" : 88,
      "text" : "stimulus",
      "whiteSpace" : false
    }, {
      "id" : "s1-t8",
      "begin" : 89,
      "end" : 94,
      "text" : "right",
      "whiteSpace" : false
    }, {
      "id" : "s1-t9",
      "begin" : 95,
      "end" : 97,
      "text" : "to",
      "whiteSpace" : false
    }, {
      "id" : "s1-t10",
      "begin" : 98,
      "end" : 100,
      "text" : "my",
      "whiteSpace" : false
    }, {
      "id" : "s1-t11",
      "begin" : 101,
      "end" : 109,
      "text" : "landlord",
      "whiteSpace" : false
    }, {
      "id" : "s1-t12",
      "begin" : 109,
      "end" : 110,
      "text" : ".",
      "whiteSpace" : false
    } ]
  }, {
    "id" : "s2",
    "begin" : 111,
    "end" : 278,
    "text" : "Feels like a bailout but not for working people...\",\"author_fullname\":\"t2_91m0t\",\"title\":\"Is anyone else paying April with their stimulus check with nothing left over?",
    "tokens" : [ {
      "id" : "s2-t0",
      "begin" : 111,
      "end" : 116,
      "text" : "Feels",
      "whiteSpace" : false
    }, {
      "id" : "s2-t1",
      "begin" : 117,
      "end" : 121,
      "text" : "like",
      "whiteSpace" : false
    }, {
      "id" : "s2-t2",
      "begin" : 122,
      "end" : 123,
      "text" : "a",
      "whiteSpace" : false
    }, {
      "id" : "s2-t3",
      "begin" : 124,
      "end" : 131,
      "text" : "bailout",
      "whiteSpace" : false
    }, {
      "id" : "s2-t4",
      "begin" : 132,
      "end" : 135,
      "text" : "but",
      "whiteSpace" : false
    }, {
      "id" : "s2-t5",
      "begin" : 136,
      "end" : 139,
      "text" : "not",
      "whiteSpace" : false
    }, {
      "id" : "s2-t6",
      "begin" : 140,
      "end" : 143,
      "text" : "for",
      "whiteSpace" : false
    }, {
      "id" : "s2-t7",
      "begin" : 144,
      "end" : 151,
      "text" : "working",
      "whiteSpace" : false
    }, {
      "id" : "s2-t8",
      "begin" : 152,
      "end" : 161,
      "text" : "people...",
      "whiteSpace" : false
    }, {
      "id" : "s2-t9",
      "begin" : 161,
      "end" : 162,
      "text" : "\"",
      "whiteSpace" : false
    }, {
      "id" : "s2-t10",
      "begin" : 162,
      "end" : 163,
      "text" : ",",
      "whiteSpace" : false
    }, {
      "id" : "s2-t11",
      "begin" : 163,
      "end" : 164,
      "text" : "\"",
      "whiteSpace" : false
    }, {
      "id" : "s2-t12",
      "begin" : 164,
      "end" : 179,
      "text" : "author_fullname",
      "whiteSpace" : false
    }, {
      "id" : "s2-t13",
      "begin" : 179,
      "end" : 180,
      "text" : "\"",
      "whiteSpace" : false
    }, {
      "id" : "s2-t14",
      "begin" : 180,
      "end" : 181,
      "text" : ":",
      "whiteSpace" : false
    }, {
      "id" : "s2-t15",
      "begin" : 181,
      "end" : 182,
      "text" : "\"",
      "whiteSpace" : false
    }, {
      "id" : "s2-t16",
      "begin" : 182,
      "end" : 190,
      "text" : "t2_91m0t",
      "whiteSpace" : false
    }, {
      "id" : "s2-t17",
      "begin" : 190,
      "end" : 191,
      "text" : "\"",
      "whiteSpace" : false
    }, {
      "id" : "s2-t18",
      "begin" : 191,
      "end" : 192,
      "text" : ",",
      "whiteSpace" : false
    }, {
      "id" : "s2-t19",
      "begin" : 192,
      "end" : 193,
      "text" : "\"",
      "whiteSpace" : false
    }, {
      "id" : "s2-t20",
      "begin" : 193,
      "end" : 198,
      "text" : "title",
      "whiteSpace" : false
    }, {
      "id" : "s2-t21",
      "begin" : 198,
      "end" : 199,
      "text" : "\"",
      "whiteSpace" : false
    }, {
      "id" : "s2-t22",
      "begin" : 199,
      "end" : 200,
      "text" : ":",
      "whiteSpace" : false
    }, {
      "id" : "s2-t23",
      "begin" : 200,
      "end" : 201,
      "text" : "\"",
      "whiteSpace" : false
    }, {
      "id" : "s2-t24",
      "begin" : 201,
      "end" : 203,
      "text" : "Is",
      "whiteSpace" : false
    }, {
      "id" : "s2-t25",
      "begin" : 204,
      "end" : 210,
      "text" : "anyone",
      "whiteSpace" : false
    }, {
      "id" : "s2-t26",
      "begin" : 211,
      "end" : 215,
      "text" : "else",
      "whiteSpace" : false
    }, {
      "id" : "s2-t27",
      "begin" : 216,
      "end" : 222,
      "text" : "paying",
      "whiteSpace" : false
    }, {
      "id" : "s2-t28",
      "begin" : 223,
      "end" : 228,
      "text" : "April",
      "whiteSpace" : false
    }, {
      "id" : "s2-t29",
      "begin" : 229,
      "end" : 233,
      "text" : "with",
      "whiteSpace" : false
    }, {
      "id" : "s2-t30",
      "begin" : 234,
      "end" : 239,
      "text" : "their",
      "whiteSpace" : false
    }, {
      "id" : "s2-t31",
      "begin" : 240,
      "end" : 248,
      "text" : "stimulus",
      "whiteSpace" : false
    }, {
      "id" : "s2-t32",
      "begin" : 249,
      "end" : 254,
      "text" : "check",
      "whiteSpace" : false
    }, {
      "id" : "s2-t33",
      "begin" : 255,
      "end" : 259,
      "text" : "with",
      "whiteSpace" : false
    }, {
      "id" : "s2-t34",
      "begin" : 260,
      "end" : 267,
      "text" : "nothing",
      "whiteSpace" : false
    }, {
      "id" : "s2-t35",
      "begin" : 268,
      "end" : 272,
      "text" : "left",
      "whiteSpace" : false
    }, {
      "id" : "s2-t36",
      "begin" : 273,
      "end" : 277,
      "text" : "over",
      "whiteSpace" : false
    }, {
      "id" : "s2-t37",
      "begin" : 277,
      "end" : 278,
      "text" : "?",
      "whiteSpace" : false
    } ]
  }, {
    "id" : "s3",
    "begin" : 278,
    "end" : 280,
    "text" : "\"}",
    "tokens" : [ {
      "id" : "s3-t0",
      "begin" : 278,
      "end" : 279,
      "text" : "\"",
      "whiteSpace" : false
    }, {
      "id" : "s3-t1",
      "begin" : 279,
      "end" : 280,
      "text" : "}",
      "whiteSpace" : false
    } ]
  } ],
  "mentions" : [ {
    "id" : "s0-m1",
    "properties" : {
      "SIRE_MENTION_ROLE" : "Unemployed",
      "SIRE_ENTITY_SUBTYPE" : "NONE",
      "SIRE_MENTION_TYPE" : "NONE",
      "SIRE_MENTION_CLASS" : "SPC"
    },
    "type" : "Unemployed",
    "begin" : 33,
    "end" : 45,
    "inCoref" : false
  }, {
    "id" : "s1-m1",
    "properties" : {
      "SIRE_MENTION_ROLE" : "Apartment_Renter",
      "SIRE_ENTITY_SUBTYPE" : "NONE",
      "SIRE_MENTION_TYPE" : "NONE",
      "SIRE_MENTION_CLASS" : "SPC"
    },
    "type" : "Apartment_Renter",
    "begin" : 101,
    "end" : 109,
    "inCoref" : false
  } ],
  "relations" : [ ],
  "corefs" : [ ],
  "typeResolved" : true,
  "userResolved" : false
}