{
  "id" : "c318d3f0-9420-11ea-8a2d-81b8af140d06-7",
  "name" : "nyc-doc-94.txt",
  "createdDate" : 0,
  "version" : 3,
  "text" : "{\"text\":\"So here's the deal. I'm a college student. I'm working for a transportation company as dispatch/office manager. My boss is an exploitative shitstain and classifies me as an \\\"independent contractor\\\" (which I'm technically not) ie i file a 1099. Given the concerns lately around travel being that tourists made up 90% of our business, it's slowed down dramatically. I'm sure a full nyc lockdown is coming sooner or later which would mean i'd be let go. Being that I'm classified under 1099, I would not be eligible for unemployment. If lockdown does indeed happen, wouldn't be able to find a job either. Meanwhile I have to pay my own tuition--with no avenue of income for the near future. What in the world am I supposed to do?\",\"author_fullname\":\"t2_xg5n7\",\"title\":\"Going to probably lose my job. Pretty terrified, have no idea what to do\"}\n",
  "docLength" : 0,
  "language" : "EN",
  "status" : "IN_PROGRESS",
  "modifiedDate" : 1589337849346,
  "documentSet" : [ ],
  "preannotation" : [ "PRE_LW" ],
  "sentences" : [ {
    "id" : "s0",
    "begin" : 0,
    "end" : 28,
    "text" : "{\"text\":\"So here's the deal.",
    "tokens" : [ {
      "id" : "s0-t0",
      "begin" : 0,
      "end" : 1,
      "text" : "{",
      "whiteSpace" : false
    }, {
      "id" : "s0-t1",
      "begin" : 1,
      "end" : 2,
      "text" : "\"",
      "whiteSpace" : false
    }, {
      "id" : "s0-t2",
      "begin" : 2,
      "end" : 6,
      "text" : "text",
      "whiteSpace" : false
    }, {
      "id" : "s0-t3",
      "begin" : 6,
      "end" : 7,
      "text" : "\"",
      "whiteSpace" : false
    }, {
      "id" : "s0-t4",
      "begin" : 7,
      "end" : 8,
      "text" : ":",
      "whiteSpace" : false
    }, {
      "id" : "s0-t5",
      "begin" : 8,
      "end" : 9,
      "text" : "\"",
      "whiteSpace" : false
    }, {
      "id" : "s0-t6",
      "begin" : 9,
      "end" : 11,
      "text" : "So",
      "whiteSpace" : false
    }, {
      "id" : "s0-t7",
      "begin" : 12,
      "end" : 16,
      "text" : "here",
      "whiteSpace" : false
    }, {
      "id" : "s0-t8",
      "begin" : 16,
      "end" : 18,
      "text" : "'s",
      "whiteSpace" : false
    }, {
      "id" : "s0-t9",
      "begin" : 19,
      "end" : 22,
      "text" : "the",
      "whiteSpace" : false
    }, {
      "id" : "s0-t10",
      "begin" : 23,
      "end" : 27,
      "text" : "deal",
      "whiteSpace" : false
    }, {
      "id" : "s0-t11",
      "begin" : 27,
      "end" : 28,
      "text" : ".",
      "whiteSpace" : false
    } ]
  }, {
    "id" : "s1",
    "begin" : 29,
    "end" : 51,
    "text" : "I'm a college student.",
    "tokens" : [ {
      "id" : "s1-t0",
      "begin" : 29,
      "end" : 30,
      "text" : "I",
      "whiteSpace" : false
    }, {
      "id" : "s1-t1",
      "begin" : 30,
      "end" : 32,
      "text" : "'m",
      "whiteSpace" : false
    }, {
      "id" : "s1-t2",
      "begin" : 33,
      "end" : 34,
      "text" : "a",
      "whiteSpace" : false
    }, {
      "id" : "s1-t3",
      "begin" : 35,
      "end" : 42,
      "text" : "college",
      "whiteSpace" : false
    }, {
      "id" : "s1-t4",
      "begin" : 43,
      "end" : 50,
      "text" : "student",
      "whiteSpace" : false
    }, {
      "id" : "s1-t5",
      "begin" : 50,
      "end" : 51,
      "text" : ".",
      "whiteSpace" : false
    } ]
  }, {
    "id" : "s2",
    "begin" : 52,
    "end" : 120,
    "text" : "I'm working for a transportation company as dispatch/office manager.",
    "tokens" : [ {
      "id" : "s2-t0",
      "begin" : 52,
      "end" : 53,
      "text" : "I",
      "whiteSpace" : false
    }, {
      "id" : "s2-t1",
      "begin" : 53,
      "end" : 55,
      "text" : "'m",
      "whiteSpace" : false
    }, {
      "id" : "s2-t2",
      "begin" : 56,
      "end" : 63,
      "text" : "working",
      "whiteSpace" : false
    }, {
      "id" : "s2-t3",
      "begin" : 64,
      "end" : 67,
      "text" : "for",
      "whiteSpace" : false
    }, {
      "id" : "s2-t4",
      "begin" : 68,
      "end" : 69,
      "text" : "a",
      "whiteSpace" : false
    }, {
      "id" : "s2-t5",
      "begin" : 70,
      "end" : 84,
      "text" : "transportation",
      "whiteSpace" : false
    }, {
      "id" : "s2-t6",
      "begin" : 85,
      "end" : 92,
      "text" : "company",
      "whiteSpace" : false
    }, {
      "id" : "s2-t7",
      "begin" : 93,
      "end" : 95,
      "text" : "as",
      "whiteSpace" : false
    }, {
      "id" : "s2-t8",
      "begin" : 96,
      "end" : 104,
      "text" : "dispatch",
      "whiteSpace" : false
    }, {
      "id" : "s2-t9",
      "begin" : 104,
      "end" : 105,
      "text" : "/",
      "whiteSpace" : false
    }, {
      "id" : "s2-t10",
      "begin" : 105,
      "end" : 111,
      "text" : "office",
      "whiteSpace" : false
    }, {
      "id" : "s2-t11",
      "begin" : 112,
      "end" : 119,
      "text" : "manager",
      "whiteSpace" : false
    }, {
      "id" : "s2-t12",
      "begin" : 119,
      "end" : 120,
      "text" : ".",
      "whiteSpace" : false
    } ]
  }, {
    "id" : "s3",
    "begin" : 121,
    "end" : 254,
    "text" : "My boss is an exploitative shitstain and classifies me as an \\\"independent contractor\\\" (which I'm technically not) ie i file a 1099.",
    "tokens" : [ {
      "id" : "s3-t0",
      "begin" : 121,
      "end" : 123,
      "text" : "My",
      "whiteSpace" : false
    }, {
      "id" : "s3-t1",
      "begin" : 124,
      "end" : 128,
      "text" : "boss",
      "whiteSpace" : false
    }, {
      "id" : "s3-t2",
      "begin" : 129,
      "end" : 131,
      "text" : "is",
      "whiteSpace" : false
    }, {
      "id" : "s3-t3",
      "begin" : 132,
      "end" : 134,
      "text" : "an",
      "whiteSpace" : false
    }, {
      "id" : "s3-t4",
      "begin" : 135,
      "end" : 147,
      "text" : "exploitative",
      "whiteSpace" : false
    }, {
      "id" : "s3-t5",
      "begin" : 148,
      "end" : 157,
      "text" : "shitstain",
      "whiteSpace" : false
    }, {
      "id" : "s3-t6",
      "begin" : 158,
      "end" : 161,
      "text" : "and",
      "whiteSpace" : false
    }, {
      "id" : "s3-t7",
      "begin" : 162,
      "end" : 172,
      "text" : "classifies",
      "whiteSpace" : false
    }, {
      "id" : "s3-t8",
      "begin" : 173,
      "end" : 175,
      "text" : "me",
      "whiteSpace" : false
    }, {
      "id" : "s3-t9",
      "begin" : 176,
      "end" : 178,
      "text" : "as",
      "whiteSpace" : false
    }, {
      "id" : "s3-t10",
      "begin" : 179,
      "end" : 181,
      "text" : "an",
      "whiteSpace" : false
    }, {
      "id" : "s3-t11",
      "begin" : 182,
      "end" : 184,
      "text" : "\\\"",
      "whiteSpace" : false
    }, {
      "id" : "s3-t12",
      "begin" : 184,
      "end" : 195,
      "text" : "independent",
      "whiteSpace" : false
    }, {
      "id" : "s3-t13",
      "begin" : 196,
      "end" : 206,
      "text" : "contractor",
      "whiteSpace" : false
    }, {
      "id" : "s3-t14",
      "begin" : 206,
      "end" : 207,
      "text" : "\\",
      "whiteSpace" : false
    }, {
      "id" : "s3-t15",
      "begin" : 207,
      "end" : 208,
      "text" : "\"",
      "whiteSpace" : false
    }, {
      "id" : "s3-t16",
      "begin" : 209,
      "end" : 210,
      "text" : "(",
      "whiteSpace" : false
    }, {
      "id" : "s3-t17",
      "begin" : 210,
      "end" : 215,
      "text" : "which",
      "whiteSpace" : false
    }, {
      "id" : "s3-t18",
      "begin" : 216,
      "end" : 217,
      "text" : "I",
      "whiteSpace" : false
    }, {
      "id" : "s3-t19",
      "begin" : 217,
      "end" : 219,
      "text" : "'m",
      "whiteSpace" : false
    }, {
      "id" : "s3-t20",
      "begin" : 220,
      "end" : 231,
      "text" : "technically",
      "whiteSpace" : false
    }, {
      "id" : "s3-t21",
      "begin" : 232,
      "end" : 235,
      "text" : "not",
      "whiteSpace" : false
    }, {
      "id" : "s3-t22",
      "begin" : 235,
      "end" : 236,
      "text" : ")",
      "whiteSpace" : false
    }, {
      "id" : "s3-t23",
      "begin" : 237,
      "end" : 239,
      "text" : "ie",
      "whiteSpace" : false
    }, {
      "id" : "s3-t24",
      "begin" : 240,
      "end" : 241,
      "text" : "i",
      "whiteSpace" : false
    }, {
      "id" : "s3-t25",
      "begin" : 242,
      "end" : 246,
      "text" : "file",
      "whiteSpace" : false
    }, {
      "id" : "s3-t26",
      "begin" : 247,
      "end" : 248,
      "text" : "a",
      "whiteSpace" : false
    }, {
      "id" : "s3-t27",
      "begin" : 249,
      "end" : 253,
      "text" : "1099",
      "whiteSpace" : false
    }, {
      "id" : "s3-t28",
      "begin" : 253,
      "end" : 254,
      "text" : ".",
      "whiteSpace" : false
    } ]
  }, {
    "id" : "s4",
    "begin" : 255,
    "end" : 374,
    "text" : "Given the concerns lately around travel being that tourists made up 90% of our business, it's slowed down dramatically.",
    "tokens" : [ {
      "id" : "s4-t0",
      "begin" : 255,
      "end" : 260,
      "text" : "Given",
      "whiteSpace" : false
    }, {
      "id" : "s4-t1",
      "begin" : 261,
      "end" : 264,
      "text" : "the",
      "whiteSpace" : false
    }, {
      "id" : "s4-t2",
      "begin" : 265,
      "end" : 273,
      "text" : "concerns",
      "whiteSpace" : false
    }, {
      "id" : "s4-t3",
      "begin" : 274,
      "end" : 280,
      "text" : "lately",
      "whiteSpace" : false
    }, {
      "id" : "s4-t4",
      "begin" : 281,
      "end" : 287,
      "text" : "around",
      "whiteSpace" : false
    }, {
      "id" : "s4-t5",
      "begin" : 288,
      "end" : 294,
      "text" : "travel",
      "whiteSpace" : false
    }, {
      "id" : "s4-t6",
      "begin" : 295,
      "end" : 300,
      "text" : "being",
      "whiteSpace" : false
    }, {
      "id" : "s4-t7",
      "begin" : 301,
      "end" : 305,
      "text" : "that",
      "whiteSpace" : false
    }, {
      "id" : "s4-t8",
      "begin" : 306,
      "end" : 314,
      "text" : "tourists",
      "whiteSpace" : false
    }, {
      "id" : "s4-t9",
      "begin" : 315,
      "end" : 319,
      "text" : "made",
      "whiteSpace" : false
    }, {
      "id" : "s4-t10",
      "begin" : 320,
      "end" : 322,
      "text" : "up",
      "whiteSpace" : false
    }, {
      "id" : "s4-t11",
      "begin" : 323,
      "end" : 325,
      "text" : "90",
      "whiteSpace" : false
    }, {
      "id" : "s4-t12",
      "begin" : 325,
      "end" : 326,
      "text" : "%",
      "whiteSpace" : false
    }, {
      "id" : "s4-t13",
      "begin" : 327,
      "end" : 329,
      "text" : "of",
      "whiteSpace" : false
    }, {
      "id" : "s4-t14",
      "begin" : 330,
      "end" : 333,
      "text" : "our",
      "whiteSpace" : false
    }, {
      "id" : "s4-t15",
      "begin" : 334,
      "end" : 342,
      "text" : "business",
      "whiteSpace" : false
    }, {
      "id" : "s4-t16",
      "begin" : 342,
      "end" : 343,
      "text" : ",",
      "whiteSpace" : false
    }, {
      "id" : "s4-t17",
      "begin" : 344,
      "end" : 346,
      "text" : "it",
      "whiteSpace" : false
    }, {
      "id" : "s4-t18",
      "begin" : 346,
      "end" : 348,
      "text" : "'s",
      "whiteSpace" : false
    }, {
      "id" : "s4-t19",
      "begin" : 349,
      "end" : 355,
      "text" : "slowed",
      "whiteSpace" : false
    }, {
      "id" : "s4-t20",
      "begin" : 356,
      "end" : 360,
      "text" : "down",
      "whiteSpace" : false
    }, {
      "id" : "s4-t21",
      "begin" : 361,
      "end" : 373,
      "text" : "dramatically",
      "whiteSpace" : false
    }, {
      "id" : "s4-t22",
      "begin" : 373,
      "end" : 374,
      "text" : ".",
      "whiteSpace" : false
    } ]
  }, {
    "id" : "s5",
    "begin" : 375,
    "end" : 461,
    "text" : "I'm sure a full nyc lockdown is coming sooner or later which would mean i'd be let go.",
    "tokens" : [ {
      "id" : "s5-t0",
      "begin" : 375,
      "end" : 376,
      "text" : "I",
      "whiteSpace" : false
    }, {
      "id" : "s5-t1",
      "begin" : 376,
      "end" : 378,
      "text" : "'m",
      "whiteSpace" : false
    }, {
      "id" : "s5-t2",
      "begin" : 379,
      "end" : 383,
      "text" : "sure",
      "whiteSpace" : false
    }, {
      "id" : "s5-t3",
      "begin" : 384,
      "end" : 385,
      "text" : "a",
      "whiteSpace" : false
    }, {
      "id" : "s5-t4",
      "begin" : 386,
      "end" : 390,
      "text" : "full",
      "whiteSpace" : false
    }, {
      "id" : "s5-t5",
      "begin" : 391,
      "end" : 394,
      "text" : "nyc",
      "whiteSpace" : false
    }, {
      "id" : "s5-t6",
      "begin" : 395,
      "end" : 403,
      "text" : "lockdown",
      "whiteSpace" : false
    }, {
      "id" : "s5-t7",
      "begin" : 404,
      "end" : 406,
      "text" : "is",
      "whiteSpace" : false
    }, {
      "id" : "s5-t8",
      "begin" : 407,
      "end" : 413,
      "text" : "coming",
      "whiteSpace" : false
    }, {
      "id" : "s5-t9",
      "begin" : 414,
      "end" : 420,
      "text" : "sooner",
      "whiteSpace" : false
    }, {
      "id" : "s5-t10",
      "begin" : 421,
      "end" : 423,
      "text" : "or",
      "whiteSpace" : false
    }, {
      "id" : "s5-t11",
      "begin" : 424,
      "end" : 429,
      "text" : "later",
      "whiteSpace" : false
    }, {
      "id" : "s5-t12",
      "begin" : 430,
      "end" : 435,
      "text" : "which",
      "whiteSpace" : false
    }, {
      "id" : "s5-t13",
      "begin" : 436,
      "end" : 441,
      "text" : "would",
      "whiteSpace" : false
    }, {
      "id" : "s5-t14",
      "begin" : 442,
      "end" : 446,
      "text" : "mean",
      "whiteSpace" : false
    }, {
      "id" : "s5-t15",
      "begin" : 447,
      "end" : 448,
      "text" : "i",
      "whiteSpace" : false
    }, {
      "id" : "s5-t16",
      "begin" : 448,
      "end" : 450,
      "text" : "'d",
      "whiteSpace" : false
    }, {
      "id" : "s5-t17",
      "begin" : 451,
      "end" : 453,
      "text" : "be",
      "whiteSpace" : false
    }, {
      "id" : "s5-t18",
      "begin" : 454,
      "end" : 457,
      "text" : "let",
      "whiteSpace" : false
    }, {
      "id" : "s5-t19",
      "begin" : 458,
      "end" : 460,
      "text" : "go",
      "whiteSpace" : false
    }, {
      "id" : "s5-t20",
      "begin" : 460,
      "end" : 461,
      "text" : ".",
      "whiteSpace" : false
    } ]
  }, {
    "id" : "s6",
    "begin" : 462,
    "end" : 541,
    "text" : "Being that I'm classified under 1099, I would not be eligible for unemployment.",
    "tokens" : [ {
      "id" : "s6-t0",
      "begin" : 462,
      "end" : 467,
      "text" : "Being",
      "whiteSpace" : false
    }, {
      "id" : "s6-t1",
      "begin" : 468,
      "end" : 472,
      "text" : "that",
      "whiteSpace" : false
    }, {
      "id" : "s6-t2",
      "begin" : 473,
      "end" : 474,
      "text" : "I",
      "whiteSpace" : false
    }, {
      "id" : "s6-t3",
      "begin" : 474,
      "end" : 476,
      "text" : "'m",
      "whiteSpace" : false
    }, {
      "id" : "s6-t4",
      "begin" : 477,
      "end" : 487,
      "text" : "classified",
      "whiteSpace" : false
    }, {
      "id" : "s6-t5",
      "begin" : 488,
      "end" : 493,
      "text" : "under",
      "whiteSpace" : false
    }, {
      "id" : "s6-t6",
      "begin" : 494,
      "end" : 498,
      "text" : "1099",
      "whiteSpace" : false
    }, {
      "id" : "s6-t7",
      "begin" : 498,
      "end" : 499,
      "text" : ",",
      "whiteSpace" : false
    }, {
      "id" : "s6-t8",
      "begin" : 500,
      "end" : 501,
      "text" : "I",
      "whiteSpace" : false
    }, {
      "id" : "s6-t9",
      "begin" : 502,
      "end" : 507,
      "text" : "would",
      "whiteSpace" : false
    }, {
      "id" : "s6-t10",
      "begin" : 508,
      "end" : 511,
      "text" : "not",
      "whiteSpace" : false
    }, {
      "id" : "s6-t11",
      "begin" : 512,
      "end" : 514,
      "text" : "be",
      "whiteSpace" : false
    }, {
      "id" : "s6-t12",
      "begin" : 515,
      "end" : 523,
      "text" : "eligible",
      "whiteSpace" : false
    }, {
      "id" : "s6-t13",
      "begin" : 524,
      "end" : 527,
      "text" : "for",
      "whiteSpace" : false
    }, {
      "id" : "s6-t14",
      "begin" : 528,
      "end" : 540,
      "text" : "unemployment",
      "whiteSpace" : false
    }, {
      "id" : "s6-t15",
      "begin" : 540,
      "end" : 541,
      "text" : ".",
      "whiteSpace" : false
    } ]
  }, {
    "id" : "s7",
    "begin" : 542,
    "end" : 612,
    "text" : "If lockdown does indeed happen, wouldn't be able to find a job either.",
    "tokens" : [ {
      "id" : "s7-t0",
      "begin" : 542,
      "end" : 544,
      "text" : "If",
      "whiteSpace" : false
    }, {
      "id" : "s7-t1",
      "begin" : 545,
      "end" : 553,
      "text" : "lockdown",
      "whiteSpace" : false
    }, {
      "id" : "s7-t2",
      "begin" : 554,
      "end" : 558,
      "text" : "does",
      "whiteSpace" : false
    }, {
      "id" : "s7-t3",
      "begin" : 559,
      "end" : 565,
      "text" : "indeed",
      "whiteSpace" : false
    }, {
      "id" : "s7-t4",
      "begin" : 566,
      "end" : 572,
      "text" : "happen",
      "whiteSpace" : false
    }, {
      "id" : "s7-t5",
      "begin" : 572,
      "end" : 573,
      "text" : ",",
      "whiteSpace" : false
    }, {
      "id" : "s7-t6",
      "begin" : 574,
      "end" : 579,
      "text" : "would",
      "whiteSpace" : false
    }, {
      "id" : "s7-t7",
      "begin" : 579,
      "end" : 582,
      "text" : "n't",
      "whiteSpace" : false
    }, {
      "id" : "s7-t8",
      "begin" : 583,
      "end" : 585,
      "text" : "be",
      "whiteSpace" : false
    }, {
      "id" : "s7-t9",
      "begin" : 586,
      "end" : 590,
      "text" : "able",
      "whiteSpace" : false
    }, {
      "id" : "s7-t10",
      "begin" : 591,
      "end" : 593,
      "text" : "to",
      "whiteSpace" : false
    }, {
      "id" : "s7-t11",
      "begin" : 594,
      "end" : 598,
      "text" : "find",
      "whiteSpace" : false
    }, {
      "id" : "s7-t12",
      "begin" : 599,
      "end" : 600,
      "text" : "a",
      "whiteSpace" : false
    }, {
      "id" : "s7-t13",
      "begin" : 601,
      "end" : 604,
      "text" : "job",
      "whiteSpace" : false
    }, {
      "id" : "s7-t14",
      "begin" : 605,
      "end" : 611,
      "text" : "either",
      "whiteSpace" : false
    }, {
      "id" : "s7-t15",
      "begin" : 611,
      "end" : 612,
      "text" : ".",
      "whiteSpace" : false
    } ]
  }, {
    "id" : "s8",
    "begin" : 613,
    "end" : 698,
    "text" : "Meanwhile I have to pay my own tuition--with no avenue of income for the near future.",
    "tokens" : [ {
      "id" : "s8-t0",
      "begin" : 613,
      "end" : 622,
      "text" : "Meanwhile",
      "whiteSpace" : false
    }, {
      "id" : "s8-t1",
      "begin" : 623,
      "end" : 624,
      "text" : "I",
      "whiteSpace" : false
    }, {
      "id" : "s8-t2",
      "begin" : 625,
      "end" : 629,
      "text" : "have",
      "whiteSpace" : false
    }, {
      "id" : "s8-t3",
      "begin" : 630,
      "end" : 632,
      "text" : "to",
      "whiteSpace" : false
    }, {
      "id" : "s8-t4",
      "begin" : 633,
      "end" : 636,
      "text" : "pay",
      "whiteSpace" : false
    }, {
      "id" : "s8-t5",
      "begin" : 637,
      "end" : 639,
      "text" : "my",
      "whiteSpace" : false
    }, {
      "id" : "s8-t6",
      "begin" : 640,
      "end" : 643,
      "text" : "own",
      "whiteSpace" : false
    }, {
      "id" : "s8-t7",
      "begin" : 644,
      "end" : 651,
      "text" : "tuition",
      "whiteSpace" : false
    }, {
      "id" : "s8-t8",
      "begin" : 651,
      "end" : 653,
      "text" : "--",
      "whiteSpace" : false
    }, {
      "id" : "s8-t9",
      "begin" : 653,
      "end" : 657,
      "text" : "with",
      "whiteSpace" : false
    }, {
      "id" : "s8-t10",
      "begin" : 658,
      "end" : 660,
      "text" : "no",
      "whiteSpace" : false
    }, {
      "id" : "s8-t11",
      "begin" : 661,
      "end" : 667,
      "text" : "avenue",
      "whiteSpace" : false
    }, {
      "id" : "s8-t12",
      "begin" : 668,
      "end" : 670,
      "text" : "of",
      "whiteSpace" : false
    }, {
      "id" : "s8-t13",
      "begin" : 671,
      "end" : 677,
      "text" : "income",
      "whiteSpace" : false
    }, {
      "id" : "s8-t14",
      "begin" : 678,
      "end" : 681,
      "text" : "for",
      "whiteSpace" : false
    }, {
      "id" : "s8-t15",
      "begin" : 682,
      "end" : 685,
      "text" : "the",
      "whiteSpace" : false
    }, {
      "id" : "s8-t16",
      "begin" : 686,
      "end" : 690,
      "text" : "near",
      "whiteSpace" : false
    }, {
      "id" : "s8-t17",
      "begin" : 691,
      "end" : 697,
      "text" : "future",
      "whiteSpace" : false
    }, {
      "id" : "s8-t18",
      "begin" : 697,
      "end" : 698,
      "text" : ".",
      "whiteSpace" : false
    } ]
  }, {
    "id" : "s9",
    "begin" : 699,
    "end" : 737,
    "text" : "What in the world am I supposed to do?",
    "tokens" : [ {
      "id" : "s9-t0",
      "begin" : 699,
      "end" : 703,
      "text" : "What",
      "whiteSpace" : false
    }, {
      "id" : "s9-t1",
      "begin" : 704,
      "end" : 706,
      "text" : "in",
      "whiteSpace" : false
    }, {
      "id" : "s9-t2",
      "begin" : 707,
      "end" : 710,
      "text" : "the",
      "whiteSpace" : false
    }, {
      "id" : "s9-t3",
      "begin" : 711,
      "end" : 716,
      "text" : "world",
      "whiteSpace" : false
    }, {
      "id" : "s9-t4",
      "begin" : 717,
      "end" : 719,
      "text" : "am",
      "whiteSpace" : false
    }, {
      "id" : "s9-t5",
      "begin" : 720,
      "end" : 721,
      "text" : "I",
      "whiteSpace" : false
    }, {
      "id" : "s9-t6",
      "begin" : 722,
      "end" : 730,
      "text" : "supposed",
      "whiteSpace" : false
    }, {
      "id" : "s9-t7",
      "begin" : 731,
      "end" : 733,
      "text" : "to",
      "whiteSpace" : false
    }, {
      "id" : "s9-t8",
      "begin" : 734,
      "end" : 736,
      "text" : "do",
      "whiteSpace" : false
    }, {
      "id" : "s9-t9",
      "begin" : 736,
      "end" : 737,
      "text" : "?",
      "whiteSpace" : false
    } ]
  }, {
    "id" : "s10",
    "begin" : 737,
    "end" : 807,
    "text" : "\",\"author_fullname\":\"t2_xg5n7\",\"title\":\"Going to probably lose my job.",
    "tokens" : [ {
      "id" : "s10-t0",
      "begin" : 737,
      "end" : 738,
      "text" : "\"",
      "whiteSpace" : false
    }, {
      "id" : "s10-t1",
      "begin" : 738,
      "end" : 739,
      "text" : ",",
      "whiteSpace" : false
    }, {
      "id" : "s10-t2",
      "begin" : 739,
      "end" : 740,
      "text" : "\"",
      "whiteSpace" : false
    }, {
      "id" : "s10-t3",
      "begin" : 740,
      "end" : 755,
      "text" : "author_fullname",
      "whiteSpace" : false
    }, {
      "id" : "s10-t4",
      "begin" : 755,
      "end" : 756,
      "text" : "\"",
      "whiteSpace" : false
    }, {
      "id" : "s10-t5",
      "begin" : 756,
      "end" : 757,
      "text" : ":",
      "whiteSpace" : false
    }, {
      "id" : "s10-t6",
      "begin" : 757,
      "end" : 758,
      "text" : "\"",
      "whiteSpace" : false
    }, {
      "id" : "s10-t7",
      "begin" : 758,
      "end" : 766,
      "text" : "t2_xg5n7",
      "whiteSpace" : false
    }, {
      "id" : "s10-t8",
      "begin" : 766,
      "end" : 767,
      "text" : "\"",
      "whiteSpace" : false
    }, {
      "id" : "s10-t9",
      "begin" : 767,
      "end" : 768,
      "text" : ",",
      "whiteSpace" : false
    }, {
      "id" : "s10-t10",
      "begin" : 768,
      "end" : 769,
      "text" : "\"",
      "whiteSpace" : false
    }, {
      "id" : "s10-t11",
      "begin" : 769,
      "end" : 774,
      "text" : "title",
      "whiteSpace" : false
    }, {
      "id" : "s10-t12",
      "begin" : 774,
      "end" : 775,
      "text" : "\"",
      "whiteSpace" : false
    }, {
      "id" : "s10-t13",
      "begin" : 775,
      "end" : 776,
      "text" : ":",
      "whiteSpace" : false
    }, {
      "id" : "s10-t14",
      "begin" : 776,
      "end" : 777,
      "text" : "\"",
      "whiteSpace" : false
    }, {
      "id" : "s10-t15",
      "begin" : 777,
      "end" : 782,
      "text" : "Going",
      "whiteSpace" : false
    }, {
      "id" : "s10-t16",
      "begin" : 783,
      "end" : 785,
      "text" : "to",
      "whiteSpace" : false
    }, {
      "id" : "s10-t17",
      "begin" : 786,
      "end" : 794,
      "text" : "probably",
      "whiteSpace" : false
    }, {
      "id" : "s10-t18",
      "begin" : 795,
      "end" : 799,
      "text" : "lose",
      "whiteSpace" : false
    }, {
      "id" : "s10-t19",
      "begin" : 800,
      "end" : 802,
      "text" : "my",
      "whiteSpace" : false
    }, {
      "id" : "s10-t20",
      "begin" : 803,
      "end" : 806,
      "text" : "job",
      "whiteSpace" : false
    }, {
      "id" : "s10-t21",
      "begin" : 806,
      "end" : 807,
      "text" : ".",
      "whiteSpace" : false
    } ]
  }, {
    "id" : "s11",
    "begin" : 808,
    "end" : 851,
    "text" : "Pretty terrified, have no idea what to do\"}",
    "tokens" : [ {
      "id" : "s11-t0",
      "begin" : 808,
      "end" : 814,
      "text" : "Pretty",
      "whiteSpace" : false
    }, {
      "id" : "s11-t1",
      "begin" : 815,
      "end" : 824,
      "text" : "terrified",
      "whiteSpace" : false
    }, {
      "id" : "s11-t2",
      "begin" : 824,
      "end" : 825,
      "text" : ",",
      "whiteSpace" : false
    }, {
      "id" : "s11-t3",
      "begin" : 826,
      "end" : 830,
      "text" : "have",
      "whiteSpace" : false
    }, {
      "id" : "s11-t4",
      "begin" : 831,
      "end" : 833,
      "text" : "no",
      "whiteSpace" : false
    }, {
      "id" : "s11-t5",
      "begin" : 834,
      "end" : 838,
      "text" : "idea",
      "whiteSpace" : false
    }, {
      "id" : "s11-t6",
      "begin" : 839,
      "end" : 843,
      "text" : "what",
      "whiteSpace" : false
    }, {
      "id" : "s11-t7",
      "begin" : 844,
      "end" : 846,
      "text" : "to",
      "whiteSpace" : false
    }, {
      "id" : "s11-t8",
      "begin" : 847,
      "end" : 849,
      "text" : "do",
      "whiteSpace" : false
    }, {
      "id" : "s11-t9",
      "begin" : 849,
      "end" : 850,
      "text" : "\"",
      "whiteSpace" : false
    }, {
      "id" : "s11-t10",
      "begin" : 850,
      "end" : 851,
      "text" : "}",
      "whiteSpace" : false
    } ]
  } ],
  "mentions" : [ {
    "id" : "m1",
    "properties" : {
      "SIRE_MENTION_TYPE" : "NONE",
      "SIRE_MENTION_ROLE" : "University_Student",
      "SIRE_MENTION_CLASS" : "SPC",
      "SIRE_ENTITY_SUBTYPE" : "NONE"
    },
    "type" : "University_Student",
    "begin" : 35,
    "end" : 50,
    "inCoref" : false
  }, {
    "id" : "s2-m2",
    "properties" : {
      "SIRE_MENTION_ROLE" : "Hourly_Wage_Employment",
      "SIRE_ENTITY_SUBTYPE" : "NONE",
      "SIRE_MENTION_TYPE" : "NONE",
      "SIRE_MENTION_CLASS" : "SPC"
    },
    "type" : "Hourly_Wage_Employment",
    "begin" : 52,
    "end" : 92,
    "inCoref" : false
  }, {
    "id" : "s8-m1",
    "properties" : {
      "SIRE_MENTION_ROLE" : "University_Student",
      "SIRE_ENTITY_SUBTYPE" : "NONE",
      "SIRE_MENTION_TYPE" : "NONE",
      "SIRE_MENTION_CLASS" : "SPC"
    },
    "type" : "University_Student",
    "begin" : 637,
    "end" : 651,
    "inCoref" : false
  } ],
  "relations" : [ ],
  "corefs" : [ ],
  "typeResolved" : true,
  "userResolved" : false
}