{
  "id" : "c318d3f0-9420-11ea-8a2d-81b8af140d06-61",
  "name" : "nyc-doc-39.txt",
  "createdDate" : 0,
  "version" : 3,
  "text" : "{\"text\":\"I filed for unemployment online, filled out the Direct Deposit info, and then claimed benefits the next week on the phone which is now pending.  I claimed them again last week on Wednesday.  I still haven't received anything, and when I call is says pending.  How long is this supposed to take?  Am I maybe missing something I was supposed to do to make this go through?  its been over 2 weeks, and it's impossible to get a human being on the phone for help.\",\"author_fullname\":\"t2_4ndsv\",\"title\":\"How long does it take for a pending claim for unemployment benefits to go through?\"}\n",
  "docLength" : 0,
  "language" : "EN",
  "status" : "IN_PROGRESS",
  "modifiedDate" : 1589337512041,
  "documentSet" : [ ],
  "preannotation" : [ "PRE_LW" ],
  "sentences" : [ {
    "id" : "s0",
    "begin" : 0,
    "end" : 152,
    "text" : "{\"text\":\"I filed for unemployment online, filled out the Direct Deposit info, and then claimed benefits the next week on the phone which is now pending.",
    "tokens" : [ {
      "id" : "s0-t0",
      "begin" : 0,
      "end" : 1,
      "text" : "{",
      "whiteSpace" : false
    }, {
      "id" : "s0-t1",
      "begin" : 1,
      "end" : 2,
      "text" : "\"",
      "whiteSpace" : false
    }, {
      "id" : "s0-t2",
      "begin" : 2,
      "end" : 6,
      "text" : "text",
      "whiteSpace" : false
    }, {
      "id" : "s0-t3",
      "begin" : 6,
      "end" : 7,
      "text" : "\"",
      "whiteSpace" : false
    }, {
      "id" : "s0-t4",
      "begin" : 7,
      "end" : 8,
      "text" : ":",
      "whiteSpace" : false
    }, {
      "id" : "s0-t5",
      "begin" : 8,
      "end" : 9,
      "text" : "\"",
      "whiteSpace" : false
    }, {
      "id" : "s0-t6",
      "begin" : 9,
      "end" : 10,
      "text" : "I",
      "whiteSpace" : false
    }, {
      "id" : "s0-t7",
      "begin" : 11,
      "end" : 16,
      "text" : "filed",
      "whiteSpace" : false
    }, {
      "id" : "s0-t8",
      "begin" : 17,
      "end" : 20,
      "text" : "for",
      "whiteSpace" : false
    }, {
      "id" : "s0-t9",
      "begin" : 21,
      "end" : 33,
      "text" : "unemployment",
      "whiteSpace" : false
    }, {
      "id" : "s0-t10",
      "begin" : 34,
      "end" : 40,
      "text" : "online",
      "whiteSpace" : false
    }, {
      "id" : "s0-t11",
      "begin" : 40,
      "end" : 41,
      "text" : ",",
      "whiteSpace" : false
    }, {
      "id" : "s0-t12",
      "begin" : 42,
      "end" : 48,
      "text" : "filled",
      "whiteSpace" : false
    }, {
      "id" : "s0-t13",
      "begin" : 49,
      "end" : 52,
      "text" : "out",
      "whiteSpace" : false
    }, {
      "id" : "s0-t14",
      "begin" : 53,
      "end" : 56,
      "text" : "the",
      "whiteSpace" : false
    }, {
      "id" : "s0-t15",
      "begin" : 57,
      "end" : 63,
      "text" : "Direct",
      "whiteSpace" : false
    }, {
      "id" : "s0-t16",
      "begin" : 64,
      "end" : 71,
      "text" : "Deposit",
      "whiteSpace" : false
    }, {
      "id" : "s0-t17",
      "begin" : 72,
      "end" : 76,
      "text" : "info",
      "whiteSpace" : false
    }, {
      "id" : "s0-t18",
      "begin" : 76,
      "end" : 77,
      "text" : ",",
      "whiteSpace" : false
    }, {
      "id" : "s0-t19",
      "begin" : 78,
      "end" : 81,
      "text" : "and",
      "whiteSpace" : false
    }, {
      "id" : "s0-t20",
      "begin" : 82,
      "end" : 86,
      "text" : "then",
      "whiteSpace" : false
    }, {
      "id" : "s0-t21",
      "begin" : 87,
      "end" : 94,
      "text" : "claimed",
      "whiteSpace" : false
    }, {
      "id" : "s0-t22",
      "begin" : 95,
      "end" : 103,
      "text" : "benefits",
      "whiteSpace" : false
    }, {
      "id" : "s0-t23",
      "begin" : 104,
      "end" : 107,
      "text" : "the",
      "whiteSpace" : false
    }, {
      "id" : "s0-t24",
      "begin" : 108,
      "end" : 112,
      "text" : "next",
      "whiteSpace" : false
    }, {
      "id" : "s0-t25",
      "begin" : 113,
      "end" : 117,
      "text" : "week",
      "whiteSpace" : false
    }, {
      "id" : "s0-t26",
      "begin" : 118,
      "end" : 120,
      "text" : "on",
      "whiteSpace" : false
    }, {
      "id" : "s0-t27",
      "begin" : 121,
      "end" : 124,
      "text" : "the",
      "whiteSpace" : false
    }, {
      "id" : "s0-t28",
      "begin" : 125,
      "end" : 130,
      "text" : "phone",
      "whiteSpace" : false
    }, {
      "id" : "s0-t29",
      "begin" : 131,
      "end" : 136,
      "text" : "which",
      "whiteSpace" : false
    }, {
      "id" : "s0-t30",
      "begin" : 137,
      "end" : 139,
      "text" : "is",
      "whiteSpace" : false
    }, {
      "id" : "s0-t31",
      "begin" : 140,
      "end" : 143,
      "text" : "now",
      "whiteSpace" : false
    }, {
      "id" : "s0-t32",
      "begin" : 144,
      "end" : 151,
      "text" : "pending",
      "whiteSpace" : false
    }, {
      "id" : "s0-t33",
      "begin" : 151,
      "end" : 152,
      "text" : ".",
      "whiteSpace" : false
    } ]
  }, {
    "id" : "s1",
    "begin" : 154,
    "end" : 198,
    "text" : "I claimed them again last week on Wednesday.",
    "tokens" : [ {
      "id" : "s1-t0",
      "begin" : 154,
      "end" : 155,
      "text" : "I",
      "whiteSpace" : false
    }, {
      "id" : "s1-t1",
      "begin" : 156,
      "end" : 163,
      "text" : "claimed",
      "whiteSpace" : false
    }, {
      "id" : "s1-t2",
      "begin" : 164,
      "end" : 168,
      "text" : "them",
      "whiteSpace" : false
    }, {
      "id" : "s1-t3",
      "begin" : 169,
      "end" : 174,
      "text" : "again",
      "whiteSpace" : false
    }, {
      "id" : "s1-t4",
      "begin" : 175,
      "end" : 179,
      "text" : "last",
      "whiteSpace" : false
    }, {
      "id" : "s1-t5",
      "begin" : 180,
      "end" : 184,
      "text" : "week",
      "whiteSpace" : false
    }, {
      "id" : "s1-t6",
      "begin" : 185,
      "end" : 187,
      "text" : "on",
      "whiteSpace" : false
    }, {
      "id" : "s1-t7",
      "begin" : 188,
      "end" : 197,
      "text" : "Wednesday",
      "whiteSpace" : false
    }, {
      "id" : "s1-t8",
      "begin" : 197,
      "end" : 198,
      "text" : ".",
      "whiteSpace" : false
    } ]
  }, {
    "id" : "s2",
    "begin" : 200,
    "end" : 267,
    "text" : "I still haven't received anything, and when I call is says pending.",
    "tokens" : [ {
      "id" : "s2-t0",
      "begin" : 200,
      "end" : 201,
      "text" : "I",
      "whiteSpace" : false
    }, {
      "id" : "s2-t1",
      "begin" : 202,
      "end" : 207,
      "text" : "still",
      "whiteSpace" : false
    }, {
      "id" : "s2-t2",
      "begin" : 208,
      "end" : 212,
      "text" : "have",
      "whiteSpace" : false
    }, {
      "id" : "s2-t3",
      "begin" : 212,
      "end" : 215,
      "text" : "n't",
      "whiteSpace" : false
    }, {
      "id" : "s2-t4",
      "begin" : 216,
      "end" : 224,
      "text" : "received",
      "whiteSpace" : false
    }, {
      "id" : "s2-t5",
      "begin" : 225,
      "end" : 233,
      "text" : "anything",
      "whiteSpace" : false
    }, {
      "id" : "s2-t6",
      "begin" : 233,
      "end" : 234,
      "text" : ",",
      "whiteSpace" : false
    }, {
      "id" : "s2-t7",
      "begin" : 235,
      "end" : 238,
      "text" : "and",
      "whiteSpace" : false
    }, {
      "id" : "s2-t8",
      "begin" : 239,
      "end" : 243,
      "text" : "when",
      "whiteSpace" : false
    }, {
      "id" : "s2-t9",
      "begin" : 244,
      "end" : 245,
      "text" : "I",
      "whiteSpace" : false
    }, {
      "id" : "s2-t10",
      "begin" : 246,
      "end" : 250,
      "text" : "call",
      "whiteSpace" : false
    }, {
      "id" : "s2-t11",
      "begin" : 251,
      "end" : 253,
      "text" : "is",
      "whiteSpace" : false
    }, {
      "id" : "s2-t12",
      "begin" : 254,
      "end" : 258,
      "text" : "says",
      "whiteSpace" : false
    }, {
      "id" : "s2-t13",
      "begin" : 259,
      "end" : 266,
      "text" : "pending",
      "whiteSpace" : false
    }, {
      "id" : "s2-t14",
      "begin" : 266,
      "end" : 267,
      "text" : ".",
      "whiteSpace" : false
    } ]
  }, {
    "id" : "s3",
    "begin" : 269,
    "end" : 303,
    "text" : "How long is this supposed to take?",
    "tokens" : [ {
      "id" : "s3-t0",
      "begin" : 269,
      "end" : 272,
      "text" : "How",
      "whiteSpace" : false
    }, {
      "id" : "s3-t1",
      "begin" : 273,
      "end" : 277,
      "text" : "long",
      "whiteSpace" : false
    }, {
      "id" : "s3-t2",
      "begin" : 278,
      "end" : 280,
      "text" : "is",
      "whiteSpace" : false
    }, {
      "id" : "s3-t3",
      "begin" : 281,
      "end" : 285,
      "text" : "this",
      "whiteSpace" : false
    }, {
      "id" : "s3-t4",
      "begin" : 286,
      "end" : 294,
      "text" : "supposed",
      "whiteSpace" : false
    }, {
      "id" : "s3-t5",
      "begin" : 295,
      "end" : 297,
      "text" : "to",
      "whiteSpace" : false
    }, {
      "id" : "s3-t6",
      "begin" : 298,
      "end" : 302,
      "text" : "take",
      "whiteSpace" : false
    }, {
      "id" : "s3-t7",
      "begin" : 302,
      "end" : 303,
      "text" : "?",
      "whiteSpace" : false
    } ]
  }, {
    "id" : "s4",
    "begin" : 305,
    "end" : 379,
    "text" : "Am I maybe missing something I was supposed to do to make this go through?",
    "tokens" : [ {
      "id" : "s4-t0",
      "begin" : 305,
      "end" : 307,
      "text" : "Am",
      "whiteSpace" : false
    }, {
      "id" : "s4-t1",
      "begin" : 308,
      "end" : 309,
      "text" : "I",
      "whiteSpace" : false
    }, {
      "id" : "s4-t2",
      "begin" : 310,
      "end" : 315,
      "text" : "maybe",
      "whiteSpace" : false
    }, {
      "id" : "s4-t3",
      "begin" : 316,
      "end" : 323,
      "text" : "missing",
      "whiteSpace" : false
    }, {
      "id" : "s4-t4",
      "begin" : 324,
      "end" : 333,
      "text" : "something",
      "whiteSpace" : false
    }, {
      "id" : "s4-t5",
      "begin" : 334,
      "end" : 335,
      "text" : "I",
      "whiteSpace" : false
    }, {
      "id" : "s4-t6",
      "begin" : 336,
      "end" : 339,
      "text" : "was",
      "whiteSpace" : false
    }, {
      "id" : "s4-t7",
      "begin" : 340,
      "end" : 348,
      "text" : "supposed",
      "whiteSpace" : false
    }, {
      "id" : "s4-t8",
      "begin" : 349,
      "end" : 351,
      "text" : "to",
      "whiteSpace" : false
    }, {
      "id" : "s4-t9",
      "begin" : 352,
      "end" : 354,
      "text" : "do",
      "whiteSpace" : false
    }, {
      "id" : "s4-t10",
      "begin" : 355,
      "end" : 357,
      "text" : "to",
      "whiteSpace" : false
    }, {
      "id" : "s4-t11",
      "begin" : 358,
      "end" : 362,
      "text" : "make",
      "whiteSpace" : false
    }, {
      "id" : "s4-t12",
      "begin" : 363,
      "end" : 367,
      "text" : "this",
      "whiteSpace" : false
    }, {
      "id" : "s4-t13",
      "begin" : 368,
      "end" : 370,
      "text" : "go",
      "whiteSpace" : false
    }, {
      "id" : "s4-t14",
      "begin" : 371,
      "end" : 378,
      "text" : "through",
      "whiteSpace" : false
    }, {
      "id" : "s4-t15",
      "begin" : 378,
      "end" : 379,
      "text" : "?",
      "whiteSpace" : false
    } ]
  }, {
    "id" : "s5",
    "begin" : 381,
    "end" : 467,
    "text" : "its been over 2 weeks, and it's impossible to get a human being on the phone for help.",
    "tokens" : [ {
      "id" : "s5-t0",
      "begin" : 381,
      "end" : 384,
      "text" : "its",
      "whiteSpace" : false
    }, {
      "id" : "s5-t1",
      "begin" : 385,
      "end" : 389,
      "text" : "been",
      "whiteSpace" : false
    }, {
      "id" : "s5-t2",
      "begin" : 390,
      "end" : 394,
      "text" : "over",
      "whiteSpace" : false
    }, {
      "id" : "s5-t3",
      "begin" : 395,
      "end" : 396,
      "text" : "2",
      "whiteSpace" : false
    }, {
      "id" : "s5-t4",
      "begin" : 397,
      "end" : 402,
      "text" : "weeks",
      "whiteSpace" : false
    }, {
      "id" : "s5-t5",
      "begin" : 402,
      "end" : 403,
      "text" : ",",
      "whiteSpace" : false
    }, {
      "id" : "s5-t6",
      "begin" : 404,
      "end" : 407,
      "text" : "and",
      "whiteSpace" : false
    }, {
      "id" : "s5-t7",
      "begin" : 408,
      "end" : 410,
      "text" : "it",
      "whiteSpace" : false
    }, {
      "id" : "s5-t8",
      "begin" : 410,
      "end" : 412,
      "text" : "'s",
      "whiteSpace" : false
    }, {
      "id" : "s5-t9",
      "begin" : 413,
      "end" : 423,
      "text" : "impossible",
      "whiteSpace" : false
    }, {
      "id" : "s5-t10",
      "begin" : 424,
      "end" : 426,
      "text" : "to",
      "whiteSpace" : false
    }, {
      "id" : "s5-t11",
      "begin" : 427,
      "end" : 430,
      "text" : "get",
      "whiteSpace" : false
    }, {
      "id" : "s5-t12",
      "begin" : 431,
      "end" : 432,
      "text" : "a",
      "whiteSpace" : false
    }, {
      "id" : "s5-t13",
      "begin" : 433,
      "end" : 438,
      "text" : "human",
      "whiteSpace" : false
    }, {
      "id" : "s5-t14",
      "begin" : 439,
      "end" : 444,
      "text" : "being",
      "whiteSpace" : false
    }, {
      "id" : "s5-t15",
      "begin" : 445,
      "end" : 447,
      "text" : "on",
      "whiteSpace" : false
    }, {
      "id" : "s5-t16",
      "begin" : 448,
      "end" : 451,
      "text" : "the",
      "whiteSpace" : false
    }, {
      "id" : "s5-t17",
      "begin" : 452,
      "end" : 457,
      "text" : "phone",
      "whiteSpace" : false
    }, {
      "id" : "s5-t18",
      "begin" : 458,
      "end" : 461,
      "text" : "for",
      "whiteSpace" : false
    }, {
      "id" : "s5-t19",
      "begin" : 462,
      "end" : 466,
      "text" : "help",
      "whiteSpace" : false
    }, {
      "id" : "s5-t20",
      "begin" : 466,
      "end" : 467,
      "text" : ".",
      "whiteSpace" : false
    } ]
  }, {
    "id" : "s6",
    "begin" : 467,
    "end" : 589,
    "text" : "\",\"author_fullname\":\"t2_4ndsv\",\"title\":\"How long does it take for a pending claim for unemployment benefits to go through?",
    "tokens" : [ {
      "id" : "s6-t0",
      "begin" : 467,
      "end" : 468,
      "text" : "\"",
      "whiteSpace" : false
    }, {
      "id" : "s6-t1",
      "begin" : 468,
      "end" : 469,
      "text" : ",",
      "whiteSpace" : false
    }, {
      "id" : "s6-t2",
      "begin" : 469,
      "end" : 470,
      "text" : "\"",
      "whiteSpace" : false
    }, {
      "id" : "s6-t3",
      "begin" : 470,
      "end" : 485,
      "text" : "author_fullname",
      "whiteSpace" : false
    }, {
      "id" : "s6-t4",
      "begin" : 485,
      "end" : 486,
      "text" : "\"",
      "whiteSpace" : false
    }, {
      "id" : "s6-t5",
      "begin" : 486,
      "end" : 487,
      "text" : ":",
      "whiteSpace" : false
    }, {
      "id" : "s6-t6",
      "begin" : 487,
      "end" : 488,
      "text" : "\"",
      "whiteSpace" : false
    }, {
      "id" : "s6-t7",
      "begin" : 488,
      "end" : 496,
      "text" : "t2_4ndsv",
      "whiteSpace" : false
    }, {
      "id" : "s6-t8",
      "begin" : 496,
      "end" : 497,
      "text" : "\"",
      "whiteSpace" : false
    }, {
      "id" : "s6-t9",
      "begin" : 497,
      "end" : 498,
      "text" : ",",
      "whiteSpace" : false
    }, {
      "id" : "s6-t10",
      "begin" : 498,
      "end" : 499,
      "text" : "\"",
      "whiteSpace" : false
    }, {
      "id" : "s6-t11",
      "begin" : 499,
      "end" : 504,
      "text" : "title",
      "whiteSpace" : false
    }, {
      "id" : "s6-t12",
      "begin" : 504,
      "end" : 505,
      "text" : "\"",
      "whiteSpace" : false
    }, {
      "id" : "s6-t13",
      "begin" : 505,
      "end" : 506,
      "text" : ":",
      "whiteSpace" : false
    }, {
      "id" : "s6-t14",
      "begin" : 506,
      "end" : 507,
      "text" : "\"",
      "whiteSpace" : false
    }, {
      "id" : "s6-t15",
      "begin" : 507,
      "end" : 510,
      "text" : "How",
      "whiteSpace" : false
    }, {
      "id" : "s6-t16",
      "begin" : 511,
      "end" : 515,
      "text" : "long",
      "whiteSpace" : false
    }, {
      "id" : "s6-t17",
      "begin" : 516,
      "end" : 520,
      "text" : "does",
      "whiteSpace" : false
    }, {
      "id" : "s6-t18",
      "begin" : 521,
      "end" : 523,
      "text" : "it",
      "whiteSpace" : false
    }, {
      "id" : "s6-t19",
      "begin" : 524,
      "end" : 528,
      "text" : "take",
      "whiteSpace" : false
    }, {
      "id" : "s6-t20",
      "begin" : 529,
      "end" : 532,
      "text" : "for",
      "whiteSpace" : false
    }, {
      "id" : "s6-t21",
      "begin" : 533,
      "end" : 534,
      "text" : "a",
      "whiteSpace" : false
    }, {
      "id" : "s6-t22",
      "begin" : 535,
      "end" : 542,
      "text" : "pending",
      "whiteSpace" : false
    }, {
      "id" : "s6-t23",
      "begin" : 543,
      "end" : 548,
      "text" : "claim",
      "whiteSpace" : false
    }, {
      "id" : "s6-t24",
      "begin" : 549,
      "end" : 552,
      "text" : "for",
      "whiteSpace" : false
    }, {
      "id" : "s6-t25",
      "begin" : 553,
      "end" : 565,
      "text" : "unemployment",
      "whiteSpace" : false
    }, {
      "id" : "s6-t26",
      "begin" : 566,
      "end" : 574,
      "text" : "benefits",
      "whiteSpace" : false
    }, {
      "id" : "s6-t27",
      "begin" : 575,
      "end" : 577,
      "text" : "to",
      "whiteSpace" : false
    }, {
      "id" : "s6-t28",
      "begin" : 578,
      "end" : 580,
      "text" : "go",
      "whiteSpace" : false
    }, {
      "id" : "s6-t29",
      "begin" : 581,
      "end" : 588,
      "text" : "through",
      "whiteSpace" : false
    }, {
      "id" : "s6-t30",
      "begin" : 588,
      "end" : 589,
      "text" : "?",
      "whiteSpace" : false
    } ]
  }, {
    "id" : "s7",
    "begin" : 589,
    "end" : 591,
    "text" : "\"}",
    "tokens" : [ {
      "id" : "s7-t0",
      "begin" : 589,
      "end" : 590,
      "text" : "\"",
      "whiteSpace" : false
    }, {
      "id" : "s7-t1",
      "begin" : 590,
      "end" : 591,
      "text" : "}",
      "whiteSpace" : false
    } ]
  } ],
  "mentions" : [ {
    "id" : "m1",
    "properties" : {
      "SIRE_MENTION_TYPE" : "NONE",
      "SIRE_MENTION_ROLE" : "Unemployed",
      "SIRE_MENTION_CLASS" : "SPC",
      "SIRE_ENTITY_SUBTYPE" : "NONE"
    },
    "type" : "Unemployed",
    "begin" : 11,
    "end" : 33,
    "inCoref" : false
  }, {
    "id" : "s0-m2",
    "properties" : {
      "SIRE_MENTION_ROLE" : "Unemployed",
      "SIRE_ENTITY_SUBTYPE" : "NONE",
      "SIRE_MENTION_TYPE" : "NONE",
      "SIRE_MENTION_CLASS" : "SPC"
    },
    "type" : "Unemployed",
    "begin" : 87,
    "end" : 103,
    "inCoref" : false
  }, {
    "id" : "s6-m2",
    "properties" : {
      "SIRE_MENTION_ROLE" : "Unemployed",
      "SIRE_ENTITY_SUBTYPE" : "NONE",
      "SIRE_MENTION_TYPE" : "NONE",
      "SIRE_MENTION_CLASS" : "SPC"
    },
    "type" : "Unemployed",
    "begin" : 553,
    "end" : 574,
    "inCoref" : false
  }, {
    "id" : "m2",
    "properties" : {
      "SIRE_MENTION_TYPE" : "NONE",
      "SIRE_MENTION_ROLE" : "Unemployed",
      "SIRE_MENTION_CLASS" : "SPC",
      "SIRE_ENTITY_SUBTYPE" : "NONE"
    },
    "type" : "Unemployed",
    "begin" : 553,
    "end" : 565,
    "inCoref" : false
  } ],
  "relations" : [ ],
  "corefs" : [ ],
  "typeResolved" : true,
  "userResolved" : false
}