{
  "id" : "c318d3f0-9420-11ea-8a2d-81b8af140d06-84",
  "name" : "nyc-doc-15.txt",
  "createdDate" : 0,
  "version" : 3,
  "text" : "{\"text\":\"I’m moving from Canada to New York for grad school this fall and have a few logistical questions that are stressing me out:\\n\\n\\\\-I’m a student so will not be making 40x rent and have no local guarantor. I know that there are lease guarantor services, but I really do not want to be paying if there are other ways I can prove financial ability. Has anyone been in a similar situation, what have you done? \\n\\n&#x200B;\\n\\n\\\\-I’m only allowed to land in the US 30 days before the start of my program because of Visa requirements. Is it feasible to find a place in this time-frame? Would it be recommended to find a place online before I land or to land and apartment search once I'm in the country?\\n\\n&#x200B;\\n\\nAny input is appreciated, thank you!!\",\"author_fullname\":\"t2_297g1zuh\",\"title\":\"Moving and renting in NYC as an international student\"}\n",
  "docLength" : 0,
  "language" : "EN",
  "status" : "IN_PROGRESS",
  "modifiedDate" : 1589341711838,
  "documentSet" : [ ],
  "preannotation" : [ "PRE_LW" ],
  "sentences" : [ {
    "id" : "s0",
    "begin" : 0,
    "end" : 212,
    "text" : "{\"text\":\"I’m moving from Canada to New York for grad school this fall and have a few logistical questions that are stressing me out:\\n\\n\\\\-I’m a student so will not be making 40x rent and have no local guarantor.",
    "tokens" : [ {
      "id" : "s0-t0",
      "begin" : 0,
      "end" : 1,
      "text" : "{",
      "whiteSpace" : false
    }, {
      "id" : "s0-t1",
      "begin" : 1,
      "end" : 2,
      "text" : "\"",
      "whiteSpace" : false
    }, {
      "id" : "s0-t2",
      "begin" : 2,
      "end" : 6,
      "text" : "text",
      "whiteSpace" : false
    }, {
      "id" : "s0-t3",
      "begin" : 6,
      "end" : 7,
      "text" : "\"",
      "whiteSpace" : false
    }, {
      "id" : "s0-t4",
      "begin" : 7,
      "end" : 8,
      "text" : ":",
      "whiteSpace" : false
    }, {
      "id" : "s0-t5",
      "begin" : 8,
      "end" : 9,
      "text" : "\"",
      "whiteSpace" : false
    }, {
      "id" : "s0-t6",
      "begin" : 9,
      "end" : 10,
      "text" : "I",
      "whiteSpace" : false
    }, {
      "id" : "s0-t7",
      "begin" : 10,
      "end" : 12,
      "text" : "’m",
      "whiteSpace" : false
    }, {
      "id" : "s0-t8",
      "begin" : 13,
      "end" : 19,
      "text" : "moving",
      "whiteSpace" : false
    }, {
      "id" : "s0-t9",
      "begin" : 20,
      "end" : 24,
      "text" : "from",
      "whiteSpace" : false
    }, {
      "id" : "s0-t10",
      "begin" : 25,
      "end" : 31,
      "text" : "Canada",
      "whiteSpace" : false
    }, {
      "id" : "s0-t11",
      "begin" : 32,
      "end" : 34,
      "text" : "to",
      "whiteSpace" : false
    }, {
      "id" : "s0-t12",
      "begin" : 35,
      "end" : 38,
      "text" : "New",
      "whiteSpace" : false
    }, {
      "id" : "s0-t13",
      "begin" : 39,
      "end" : 43,
      "text" : "York",
      "whiteSpace" : false
    }, {
      "id" : "s0-t14",
      "begin" : 44,
      "end" : 47,
      "text" : "for",
      "whiteSpace" : false
    }, {
      "id" : "s0-t15",
      "begin" : 48,
      "end" : 52,
      "text" : "grad",
      "whiteSpace" : false
    }, {
      "id" : "s0-t16",
      "begin" : 53,
      "end" : 59,
      "text" : "school",
      "whiteSpace" : false
    }, {
      "id" : "s0-t17",
      "begin" : 60,
      "end" : 64,
      "text" : "this",
      "whiteSpace" : false
    }, {
      "id" : "s0-t18",
      "begin" : 65,
      "end" : 69,
      "text" : "fall",
      "whiteSpace" : false
    }, {
      "id" : "s0-t19",
      "begin" : 70,
      "end" : 73,
      "text" : "and",
      "whiteSpace" : false
    }, {
      "id" : "s0-t20",
      "begin" : 74,
      "end" : 78,
      "text" : "have",
      "whiteSpace" : false
    }, {
      "id" : "s0-t21",
      "begin" : 79,
      "end" : 80,
      "text" : "a",
      "whiteSpace" : false
    }, {
      "id" : "s0-t22",
      "begin" : 81,
      "end" : 84,
      "text" : "few",
      "whiteSpace" : false
    }, {
      "id" : "s0-t23",
      "begin" : 85,
      "end" : 95,
      "text" : "logistical",
      "whiteSpace" : false
    }, {
      "id" : "s0-t24",
      "begin" : 96,
      "end" : 105,
      "text" : "questions",
      "whiteSpace" : false
    }, {
      "id" : "s0-t25",
      "begin" : 106,
      "end" : 110,
      "text" : "that",
      "whiteSpace" : false
    }, {
      "id" : "s0-t26",
      "begin" : 111,
      "end" : 114,
      "text" : "are",
      "whiteSpace" : false
    }, {
      "id" : "s0-t27",
      "begin" : 115,
      "end" : 124,
      "text" : "stressing",
      "whiteSpace" : false
    }, {
      "id" : "s0-t28",
      "begin" : 125,
      "end" : 127,
      "text" : "me",
      "whiteSpace" : false
    }, {
      "id" : "s0-t29",
      "begin" : 128,
      "end" : 132,
      "text" : "out:",
      "whiteSpace" : false
    }, {
      "id" : "s0-t30",
      "begin" : 132,
      "end" : 134,
      "text" : "\\n",
      "whiteSpace" : false
    }, {
      "id" : "s0-t31",
      "begin" : 134,
      "end" : 136,
      "text" : "\\n",
      "whiteSpace" : false
    }, {
      "id" : "s0-t32",
      "begin" : 136,
      "end" : 140,
      "text" : "\\\\-I",
      "whiteSpace" : false
    }, {
      "id" : "s0-t33",
      "begin" : 140,
      "end" : 142,
      "text" : "’m",
      "whiteSpace" : false
    }, {
      "id" : "s0-t34",
      "begin" : 143,
      "end" : 144,
      "text" : "a",
      "whiteSpace" : false
    }, {
      "id" : "s0-t35",
      "begin" : 145,
      "end" : 152,
      "text" : "student",
      "whiteSpace" : false
    }, {
      "id" : "s0-t36",
      "begin" : 153,
      "end" : 155,
      "text" : "so",
      "whiteSpace" : false
    }, {
      "id" : "s0-t37",
      "begin" : 156,
      "end" : 160,
      "text" : "will",
      "whiteSpace" : false
    }, {
      "id" : "s0-t38",
      "begin" : 161,
      "end" : 164,
      "text" : "not",
      "whiteSpace" : false
    }, {
      "id" : "s0-t39",
      "begin" : 165,
      "end" : 167,
      "text" : "be",
      "whiteSpace" : false
    }, {
      "id" : "s0-t40",
      "begin" : 168,
      "end" : 174,
      "text" : "making",
      "whiteSpace" : false
    }, {
      "id" : "s0-t41",
      "begin" : 175,
      "end" : 178,
      "text" : "40x",
      "whiteSpace" : false
    }, {
      "id" : "s0-t42",
      "begin" : 179,
      "end" : 183,
      "text" : "rent",
      "whiteSpace" : false
    }, {
      "id" : "s0-t43",
      "begin" : 184,
      "end" : 187,
      "text" : "and",
      "whiteSpace" : false
    }, {
      "id" : "s0-t44",
      "begin" : 188,
      "end" : 192,
      "text" : "have",
      "whiteSpace" : false
    }, {
      "id" : "s0-t45",
      "begin" : 193,
      "end" : 195,
      "text" : "no",
      "whiteSpace" : false
    }, {
      "id" : "s0-t46",
      "begin" : 196,
      "end" : 201,
      "text" : "local",
      "whiteSpace" : false
    }, {
      "id" : "s0-t47",
      "begin" : 202,
      "end" : 211,
      "text" : "guarantor",
      "whiteSpace" : false
    }, {
      "id" : "s0-t48",
      "begin" : 211,
      "end" : 212,
      "text" : ".",
      "whiteSpace" : false
    } ]
  }, {
    "id" : "s1",
    "begin" : 213,
    "end" : 353,
    "text" : "I know that there are lease guarantor services, but I really do not want to be paying if there are other ways I can prove financial ability.",
    "tokens" : [ {
      "id" : "s1-t0",
      "begin" : 213,
      "end" : 214,
      "text" : "I",
      "whiteSpace" : false
    }, {
      "id" : "s1-t1",
      "begin" : 215,
      "end" : 219,
      "text" : "know",
      "whiteSpace" : false
    }, {
      "id" : "s1-t2",
      "begin" : 220,
      "end" : 224,
      "text" : "that",
      "whiteSpace" : false
    }, {
      "id" : "s1-t3",
      "begin" : 225,
      "end" : 230,
      "text" : "there",
      "whiteSpace" : false
    }, {
      "id" : "s1-t4",
      "begin" : 231,
      "end" : 234,
      "text" : "are",
      "whiteSpace" : false
    }, {
      "id" : "s1-t5",
      "begin" : 235,
      "end" : 240,
      "text" : "lease",
      "whiteSpace" : false
    }, {
      "id" : "s1-t6",
      "begin" : 241,
      "end" : 250,
      "text" : "guarantor",
      "whiteSpace" : false
    }, {
      "id" : "s1-t7",
      "begin" : 251,
      "end" : 259,
      "text" : "services",
      "whiteSpace" : false
    }, {
      "id" : "s1-t8",
      "begin" : 259,
      "end" : 260,
      "text" : ",",
      "whiteSpace" : false
    }, {
      "id" : "s1-t9",
      "begin" : 261,
      "end" : 264,
      "text" : "but",
      "whiteSpace" : false
    }, {
      "id" : "s1-t10",
      "begin" : 265,
      "end" : 266,
      "text" : "I",
      "whiteSpace" : false
    }, {
      "id" : "s1-t11",
      "begin" : 267,
      "end" : 273,
      "text" : "really",
      "whiteSpace" : false
    }, {
      "id" : "s1-t12",
      "begin" : 274,
      "end" : 276,
      "text" : "do",
      "whiteSpace" : false
    }, {
      "id" : "s1-t13",
      "begin" : 277,
      "end" : 280,
      "text" : "not",
      "whiteSpace" : false
    }, {
      "id" : "s1-t14",
      "begin" : 281,
      "end" : 285,
      "text" : "want",
      "whiteSpace" : false
    }, {
      "id" : "s1-t15",
      "begin" : 286,
      "end" : 288,
      "text" : "to",
      "whiteSpace" : false
    }, {
      "id" : "s1-t16",
      "begin" : 289,
      "end" : 291,
      "text" : "be",
      "whiteSpace" : false
    }, {
      "id" : "s1-t17",
      "begin" : 292,
      "end" : 298,
      "text" : "paying",
      "whiteSpace" : false
    }, {
      "id" : "s1-t18",
      "begin" : 299,
      "end" : 301,
      "text" : "if",
      "whiteSpace" : false
    }, {
      "id" : "s1-t19",
      "begin" : 302,
      "end" : 307,
      "text" : "there",
      "whiteSpace" : false
    }, {
      "id" : "s1-t20",
      "begin" : 308,
      "end" : 311,
      "text" : "are",
      "whiteSpace" : false
    }, {
      "id" : "s1-t21",
      "begin" : 312,
      "end" : 317,
      "text" : "other",
      "whiteSpace" : false
    }, {
      "id" : "s1-t22",
      "begin" : 318,
      "end" : 322,
      "text" : "ways",
      "whiteSpace" : false
    }, {
      "id" : "s1-t23",
      "begin" : 323,
      "end" : 324,
      "text" : "I",
      "whiteSpace" : false
    }, {
      "id" : "s1-t24",
      "begin" : 325,
      "end" : 328,
      "text" : "can",
      "whiteSpace" : false
    }, {
      "id" : "s1-t25",
      "begin" : 329,
      "end" : 334,
      "text" : "prove",
      "whiteSpace" : false
    }, {
      "id" : "s1-t26",
      "begin" : 335,
      "end" : 344,
      "text" : "financial",
      "whiteSpace" : false
    }, {
      "id" : "s1-t27",
      "begin" : 345,
      "end" : 352,
      "text" : "ability",
      "whiteSpace" : false
    }, {
      "id" : "s1-t28",
      "begin" : 352,
      "end" : 353,
      "text" : ".",
      "whiteSpace" : false
    } ]
  }, {
    "id" : "s2",
    "begin" : 354,
    "end" : 413,
    "text" : "Has anyone been in a similar situation, what have you done?",
    "tokens" : [ {
      "id" : "s2-t0",
      "begin" : 354,
      "end" : 357,
      "text" : "Has",
      "whiteSpace" : false
    }, {
      "id" : "s2-t1",
      "begin" : 358,
      "end" : 364,
      "text" : "anyone",
      "whiteSpace" : false
    }, {
      "id" : "s2-t2",
      "begin" : 365,
      "end" : 369,
      "text" : "been",
      "whiteSpace" : false
    }, {
      "id" : "s2-t3",
      "begin" : 370,
      "end" : 372,
      "text" : "in",
      "whiteSpace" : false
    }, {
      "id" : "s2-t4",
      "begin" : 373,
      "end" : 374,
      "text" : "a",
      "whiteSpace" : false
    }, {
      "id" : "s2-t5",
      "begin" : 375,
      "end" : 382,
      "text" : "similar",
      "whiteSpace" : false
    }, {
      "id" : "s2-t6",
      "begin" : 383,
      "end" : 392,
      "text" : "situation",
      "whiteSpace" : false
    }, {
      "id" : "s2-t7",
      "begin" : 392,
      "end" : 393,
      "text" : ",",
      "whiteSpace" : false
    }, {
      "id" : "s2-t8",
      "begin" : 394,
      "end" : 398,
      "text" : "what",
      "whiteSpace" : false
    }, {
      "id" : "s2-t9",
      "begin" : 399,
      "end" : 403,
      "text" : "have",
      "whiteSpace" : false
    }, {
      "id" : "s2-t10",
      "begin" : 404,
      "end" : 407,
      "text" : "you",
      "whiteSpace" : false
    }, {
      "id" : "s2-t11",
      "begin" : 408,
      "end" : 412,
      "text" : "done",
      "whiteSpace" : false
    }, {
      "id" : "s2-t12",
      "begin" : 412,
      "end" : 413,
      "text" : "?",
      "whiteSpace" : false
    } ]
  }, {
    "id" : "s3",
    "begin" : 414,
    "end" : 536,
    "text" : "\\n\\n&#x200B;\\n\\n\\\\-I’m only allowed to land in the US 30 days before the start of my program because of Visa requirements.",
    "tokens" : [ {
      "id" : "s3-t0",
      "begin" : 414,
      "end" : 416,
      "text" : "\\n",
      "whiteSpace" : false
    }, {
      "id" : "s3-t1",
      "begin" : 416,
      "end" : 428,
      "text" : "\\n&#x200B;\\n",
      "whiteSpace" : false
    }, {
      "id" : "s3-t2",
      "begin" : 428,
      "end" : 430,
      "text" : "\\n",
      "whiteSpace" : false
    }, {
      "id" : "s3-t3",
      "begin" : 430,
      "end" : 434,
      "text" : "\\\\-I",
      "whiteSpace" : false
    }, {
      "id" : "s3-t4",
      "begin" : 434,
      "end" : 436,
      "text" : "’m",
      "whiteSpace" : false
    }, {
      "id" : "s3-t5",
      "begin" : 437,
      "end" : 441,
      "text" : "only",
      "whiteSpace" : false
    }, {
      "id" : "s3-t6",
      "begin" : 442,
      "end" : 449,
      "text" : "allowed",
      "whiteSpace" : false
    }, {
      "id" : "s3-t7",
      "begin" : 450,
      "end" : 452,
      "text" : "to",
      "whiteSpace" : false
    }, {
      "id" : "s3-t8",
      "begin" : 453,
      "end" : 457,
      "text" : "land",
      "whiteSpace" : false
    }, {
      "id" : "s3-t9",
      "begin" : 458,
      "end" : 460,
      "text" : "in",
      "whiteSpace" : false
    }, {
      "id" : "s3-t10",
      "begin" : 461,
      "end" : 464,
      "text" : "the",
      "whiteSpace" : false
    }, {
      "id" : "s3-t11",
      "begin" : 465,
      "end" : 467,
      "text" : "US",
      "whiteSpace" : false
    }, {
      "id" : "s3-t12",
      "begin" : 468,
      "end" : 470,
      "text" : "30",
      "whiteSpace" : false
    }, {
      "id" : "s3-t13",
      "begin" : 471,
      "end" : 475,
      "text" : "days",
      "whiteSpace" : false
    }, {
      "id" : "s3-t14",
      "begin" : 476,
      "end" : 482,
      "text" : "before",
      "whiteSpace" : false
    }, {
      "id" : "s3-t15",
      "begin" : 483,
      "end" : 486,
      "text" : "the",
      "whiteSpace" : false
    }, {
      "id" : "s3-t16",
      "begin" : 487,
      "end" : 492,
      "text" : "start",
      "whiteSpace" : false
    }, {
      "id" : "s3-t17",
      "begin" : 493,
      "end" : 495,
      "text" : "of",
      "whiteSpace" : false
    }, {
      "id" : "s3-t18",
      "begin" : 496,
      "end" : 498,
      "text" : "my",
      "whiteSpace" : false
    }, {
      "id" : "s3-t19",
      "begin" : 499,
      "end" : 506,
      "text" : "program",
      "whiteSpace" : false
    }, {
      "id" : "s3-t20",
      "begin" : 507,
      "end" : 514,
      "text" : "because",
      "whiteSpace" : false
    }, {
      "id" : "s3-t21",
      "begin" : 515,
      "end" : 517,
      "text" : "of",
      "whiteSpace" : false
    }, {
      "id" : "s3-t22",
      "begin" : 518,
      "end" : 522,
      "text" : "Visa",
      "whiteSpace" : false
    }, {
      "id" : "s3-t23",
      "begin" : 523,
      "end" : 535,
      "text" : "requirements",
      "whiteSpace" : false
    }, {
      "id" : "s3-t24",
      "begin" : 535,
      "end" : 536,
      "text" : ".",
      "whiteSpace" : false
    } ]
  }, {
    "id" : "s4",
    "begin" : 537,
    "end" : 587,
    "text" : "Is it feasible to find a place in this time-frame?",
    "tokens" : [ {
      "id" : "s4-t0",
      "begin" : 537,
      "end" : 539,
      "text" : "Is",
      "whiteSpace" : false
    }, {
      "id" : "s4-t1",
      "begin" : 540,
      "end" : 542,
      "text" : "it",
      "whiteSpace" : false
    }, {
      "id" : "s4-t2",
      "begin" : 543,
      "end" : 551,
      "text" : "feasible",
      "whiteSpace" : false
    }, {
      "id" : "s4-t3",
      "begin" : 552,
      "end" : 554,
      "text" : "to",
      "whiteSpace" : false
    }, {
      "id" : "s4-t4",
      "begin" : 555,
      "end" : 559,
      "text" : "find",
      "whiteSpace" : false
    }, {
      "id" : "s4-t5",
      "begin" : 560,
      "end" : 561,
      "text" : "a",
      "whiteSpace" : false
    }, {
      "id" : "s4-t6",
      "begin" : 562,
      "end" : 567,
      "text" : "place",
      "whiteSpace" : false
    }, {
      "id" : "s4-t7",
      "begin" : 568,
      "end" : 570,
      "text" : "in",
      "whiteSpace" : false
    }, {
      "id" : "s4-t8",
      "begin" : 571,
      "end" : 575,
      "text" : "this",
      "whiteSpace" : false
    }, {
      "id" : "s4-t9",
      "begin" : 576,
      "end" : 580,
      "text" : "time",
      "whiteSpace" : false
    }, {
      "id" : "s4-t10",
      "begin" : 580,
      "end" : 581,
      "text" : "-",
      "whiteSpace" : false
    }, {
      "id" : "s4-t11",
      "begin" : 581,
      "end" : 586,
      "text" : "frame",
      "whiteSpace" : false
    }, {
      "id" : "s4-t12",
      "begin" : 586,
      "end" : 587,
      "text" : "?",
      "whiteSpace" : false
    } ]
  }, {
    "id" : "s5",
    "begin" : 588,
    "end" : 705,
    "text" : "Would it be recommended to find a place online before I land or to land and apartment search once I'm in the country?",
    "tokens" : [ {
      "id" : "s5-t0",
      "begin" : 588,
      "end" : 593,
      "text" : "Would",
      "whiteSpace" : false
    }, {
      "id" : "s5-t1",
      "begin" : 594,
      "end" : 596,
      "text" : "it",
      "whiteSpace" : false
    }, {
      "id" : "s5-t2",
      "begin" : 597,
      "end" : 599,
      "text" : "be",
      "whiteSpace" : false
    }, {
      "id" : "s5-t3",
      "begin" : 600,
      "end" : 611,
      "text" : "recommended",
      "whiteSpace" : false
    }, {
      "id" : "s5-t4",
      "begin" : 612,
      "end" : 614,
      "text" : "to",
      "whiteSpace" : false
    }, {
      "id" : "s5-t5",
      "begin" : 615,
      "end" : 619,
      "text" : "find",
      "whiteSpace" : false
    }, {
      "id" : "s5-t6",
      "begin" : 620,
      "end" : 621,
      "text" : "a",
      "whiteSpace" : false
    }, {
      "id" : "s5-t7",
      "begin" : 622,
      "end" : 627,
      "text" : "place",
      "whiteSpace" : false
    }, {
      "id" : "s5-t8",
      "begin" : 628,
      "end" : 634,
      "text" : "online",
      "whiteSpace" : false
    }, {
      "id" : "s5-t9",
      "begin" : 635,
      "end" : 641,
      "text" : "before",
      "whiteSpace" : false
    }, {
      "id" : "s5-t10",
      "begin" : 642,
      "end" : 643,
      "text" : "I",
      "whiteSpace" : false
    }, {
      "id" : "s5-t11",
      "begin" : 644,
      "end" : 648,
      "text" : "land",
      "whiteSpace" : false
    }, {
      "id" : "s5-t12",
      "begin" : 649,
      "end" : 651,
      "text" : "or",
      "whiteSpace" : false
    }, {
      "id" : "s5-t13",
      "begin" : 652,
      "end" : 654,
      "text" : "to",
      "whiteSpace" : false
    }, {
      "id" : "s5-t14",
      "begin" : 655,
      "end" : 659,
      "text" : "land",
      "whiteSpace" : false
    }, {
      "id" : "s5-t15",
      "begin" : 660,
      "end" : 663,
      "text" : "and",
      "whiteSpace" : false
    }, {
      "id" : "s5-t16",
      "begin" : 664,
      "end" : 673,
      "text" : "apartment",
      "whiteSpace" : false
    }, {
      "id" : "s5-t17",
      "begin" : 674,
      "end" : 680,
      "text" : "search",
      "whiteSpace" : false
    }, {
      "id" : "s5-t18",
      "begin" : 681,
      "end" : 685,
      "text" : "once",
      "whiteSpace" : false
    }, {
      "id" : "s5-t19",
      "begin" : 686,
      "end" : 687,
      "text" : "I",
      "whiteSpace" : false
    }, {
      "id" : "s5-t20",
      "begin" : 687,
      "end" : 689,
      "text" : "'m",
      "whiteSpace" : false
    }, {
      "id" : "s5-t21",
      "begin" : 690,
      "end" : 692,
      "text" : "in",
      "whiteSpace" : false
    }, {
      "id" : "s5-t22",
      "begin" : 693,
      "end" : 696,
      "text" : "the",
      "whiteSpace" : false
    }, {
      "id" : "s5-t23",
      "begin" : 697,
      "end" : 704,
      "text" : "country",
      "whiteSpace" : false
    }, {
      "id" : "s5-t24",
      "begin" : 704,
      "end" : 705,
      "text" : "?",
      "whiteSpace" : false
    } ]
  }, {
    "id" : "s6",
    "begin" : 705,
    "end" : 758,
    "text" : "\\n\\n&#x200B;\\n\\nAny input is appreciated, thank you!!",
    "tokens" : [ {
      "id" : "s6-t0",
      "begin" : 705,
      "end" : 707,
      "text" : "\\n",
      "whiteSpace" : false
    }, {
      "id" : "s6-t1",
      "begin" : 707,
      "end" : 719,
      "text" : "\\n&#x200B;\\n",
      "whiteSpace" : false
    }, {
      "id" : "s6-t2",
      "begin" : 719,
      "end" : 724,
      "text" : "\\nAny",
      "whiteSpace" : false
    }, {
      "id" : "s6-t3",
      "begin" : 725,
      "end" : 730,
      "text" : "input",
      "whiteSpace" : false
    }, {
      "id" : "s6-t4",
      "begin" : 731,
      "end" : 733,
      "text" : "is",
      "whiteSpace" : false
    }, {
      "id" : "s6-t5",
      "begin" : 734,
      "end" : 745,
      "text" : "appreciated",
      "whiteSpace" : false
    }, {
      "id" : "s6-t6",
      "begin" : 745,
      "end" : 746,
      "text" : ",",
      "whiteSpace" : false
    }, {
      "id" : "s6-t7",
      "begin" : 747,
      "end" : 752,
      "text" : "thank",
      "whiteSpace" : false
    }, {
      "id" : "s6-t8",
      "begin" : 753,
      "end" : 756,
      "text" : "you",
      "whiteSpace" : false
    }, {
      "id" : "s6-t9",
      "begin" : 756,
      "end" : 757,
      "text" : "!",
      "whiteSpace" : false
    }, {
      "id" : "s6-t10",
      "begin" : 757,
      "end" : 758,
      "text" : "!",
      "whiteSpace" : false
    } ]
  }, {
    "id" : "s7",
    "begin" : 758,
    "end" : 856,
    "text" : "\",\"author_fullname\":\"t2_297g1zuh\",\"title\":\"Moving and renting in NYC as an international student\"}",
    "tokens" : [ {
      "id" : "s7-t0",
      "begin" : 758,
      "end" : 759,
      "text" : "\"",
      "whiteSpace" : false
    }, {
      "id" : "s7-t1",
      "begin" : 759,
      "end" : 760,
      "text" : ",",
      "whiteSpace" : false
    }, {
      "id" : "s7-t2",
      "begin" : 760,
      "end" : 761,
      "text" : "\"",
      "whiteSpace" : false
    }, {
      "id" : "s7-t3",
      "begin" : 761,
      "end" : 776,
      "text" : "author_fullname",
      "whiteSpace" : false
    }, {
      "id" : "s7-t4",
      "begin" : 776,
      "end" : 777,
      "text" : "\"",
      "whiteSpace" : false
    }, {
      "id" : "s7-t5",
      "begin" : 777,
      "end" : 778,
      "text" : ":",
      "whiteSpace" : false
    }, {
      "id" : "s7-t6",
      "begin" : 778,
      "end" : 779,
      "text" : "\"",
      "whiteSpace" : false
    }, {
      "id" : "s7-t7",
      "begin" : 779,
      "end" : 790,
      "text" : "t2_297g1zuh",
      "whiteSpace" : false
    }, {
      "id" : "s7-t8",
      "begin" : 790,
      "end" : 791,
      "text" : "\"",
      "whiteSpace" : false
    }, {
      "id" : "s7-t9",
      "begin" : 791,
      "end" : 792,
      "text" : ",",
      "whiteSpace" : false
    }, {
      "id" : "s7-t10",
      "begin" : 792,
      "end" : 793,
      "text" : "\"",
      "whiteSpace" : false
    }, {
      "id" : "s7-t11",
      "begin" : 793,
      "end" : 798,
      "text" : "title",
      "whiteSpace" : false
    }, {
      "id" : "s7-t12",
      "begin" : 798,
      "end" : 799,
      "text" : "\"",
      "whiteSpace" : false
    }, {
      "id" : "s7-t13",
      "begin" : 799,
      "end" : 800,
      "text" : ":",
      "whiteSpace" : false
    }, {
      "id" : "s7-t14",
      "begin" : 800,
      "end" : 801,
      "text" : "\"",
      "whiteSpace" : false
    }, {
      "id" : "s7-t15",
      "begin" : 801,
      "end" : 807,
      "text" : "Moving",
      "whiteSpace" : false
    }, {
      "id" : "s7-t16",
      "begin" : 808,
      "end" : 811,
      "text" : "and",
      "whiteSpace" : false
    }, {
      "id" : "s7-t17",
      "begin" : 812,
      "end" : 819,
      "text" : "renting",
      "whiteSpace" : false
    }, {
      "id" : "s7-t18",
      "begin" : 820,
      "end" : 822,
      "text" : "in",
      "whiteSpace" : false
    }, {
      "id" : "s7-t19",
      "begin" : 823,
      "end" : 826,
      "text" : "NYC",
      "whiteSpace" : false
    }, {
      "id" : "s7-t20",
      "begin" : 827,
      "end" : 829,
      "text" : "as",
      "whiteSpace" : false
    }, {
      "id" : "s7-t21",
      "begin" : 830,
      "end" : 832,
      "text" : "an",
      "whiteSpace" : false
    }, {
      "id" : "s7-t22",
      "begin" : 833,
      "end" : 846,
      "text" : "international",
      "whiteSpace" : false
    }, {
      "id" : "s7-t23",
      "begin" : 847,
      "end" : 854,
      "text" : "student",
      "whiteSpace" : false
    }, {
      "id" : "s7-t24",
      "begin" : 854,
      "end" : 855,
      "text" : "\"",
      "whiteSpace" : false
    }, {
      "id" : "s7-t25",
      "begin" : 855,
      "end" : 856,
      "text" : "}",
      "whiteSpace" : false
    } ]
  } ],
  "mentions" : [ {
    "id" : "s0-m1",
    "properties" : {
      "SIRE_MENTION_ROLE" : "University_Student",
      "SIRE_ENTITY_SUBTYPE" : "NONE",
      "SIRE_MENTION_TYPE" : "NONE",
      "SIRE_MENTION_CLASS" : "SPC"
    },
    "type" : "University_Student",
    "begin" : 48,
    "end" : 59,
    "inCoref" : false
  }, {
    "id" : "s0-m2",
    "properties" : {
      "SIRE_MENTION_ROLE" : "University_Student",
      "SIRE_ENTITY_SUBTYPE" : "NONE",
      "SIRE_MENTION_TYPE" : "NONE",
      "SIRE_MENTION_CLASS" : "SPC"
    },
    "type" : "University_Student",
    "begin" : 136,
    "end" : 152,
    "inCoref" : false
  }, {
    "id" : "m1",
    "properties" : {
      "SIRE_MENTION_TYPE" : "NONE",
      "SIRE_MENTION_ROLE" : "Apartment_Renter",
      "SIRE_MENTION_CLASS" : "SPC",
      "SIRE_ENTITY_SUBTYPE" : "NONE"
    },
    "type" : "Apartment_Renter",
    "begin" : 235,
    "end" : 240,
    "inCoref" : false
  }, {
    "id" : "s5-m1",
    "properties" : {
      "SIRE_MENTION_ROLE" : "Apartment_Renter",
      "SIRE_ENTITY_SUBTYPE" : "NONE",
      "SIRE_MENTION_TYPE" : "NONE",
      "SIRE_MENTION_CLASS" : "SPC"
    },
    "type" : "Apartment_Renter",
    "begin" : 664,
    "end" : 673,
    "inCoref" : false
  } ],
  "relations" : [ ],
  "corefs" : [ ],
  "typeResolved" : true,
  "userResolved" : false
}