{
  "id" : "c318d3f0-9420-11ea-8a2d-81b8af140d06-48",
  "name" : "nyc-doc-51.txt",
  "createdDate" : 0,
  "version" : 3,
  "text" : "{\"text\":\"I may get downvoted for this but oh well. \\n\\nI’m a dog walker in NYC. I love my job and I’ve been doing this for 5+ years. \\n\\nHowever with the COVID-19 issues going around, a very large portion of my income is gone. I have 60% of my clients working from home and their dogs don’t need me. \\n\\nWhile I understand the social distancing, try to utilize your dog walkers at least once a week or something if you income isn’t impacted, some of us need the money and don’t have a large enough savings built up. \\n\\nI’m grateful I do have savings but a lot of independents and freelancers are struggling. \\n\\nThanks for listening to my feelings.\",\"author_fullname\":\"t2_5dyv2mwa\",\"title\":\"Please if you can, try to support your dog walkers during this time.\"}\n",
  "docLength" : 0,
  "language" : "EN",
  "status" : "IN_PROGRESS",
  "modifiedDate" : 1589342261228,
  "documentSet" : [ ],
  "preannotation" : [ "PRE_LW" ],
  "sentences" : [ {
    "id" : "s0",
    "begin" : 0,
    "end" : 50,
    "text" : "{\"text\":\"I may get downvoted for this but oh well.",
    "tokens" : [ {
      "id" : "s0-t0",
      "begin" : 0,
      "end" : 1,
      "text" : "{",
      "whiteSpace" : false
    }, {
      "id" : "s0-t1",
      "begin" : 1,
      "end" : 2,
      "text" : "\"",
      "whiteSpace" : false
    }, {
      "id" : "s0-t2",
      "begin" : 2,
      "end" : 6,
      "text" : "text",
      "whiteSpace" : false
    }, {
      "id" : "s0-t3",
      "begin" : 6,
      "end" : 7,
      "text" : "\"",
      "whiteSpace" : false
    }, {
      "id" : "s0-t4",
      "begin" : 7,
      "end" : 8,
      "text" : ":",
      "whiteSpace" : false
    }, {
      "id" : "s0-t5",
      "begin" : 8,
      "end" : 9,
      "text" : "\"",
      "whiteSpace" : false
    }, {
      "id" : "s0-t6",
      "begin" : 9,
      "end" : 10,
      "text" : "I",
      "whiteSpace" : false
    }, {
      "id" : "s0-t7",
      "begin" : 11,
      "end" : 14,
      "text" : "may",
      "whiteSpace" : false
    }, {
      "id" : "s0-t8",
      "begin" : 15,
      "end" : 18,
      "text" : "get",
      "whiteSpace" : false
    }, {
      "id" : "s0-t9",
      "begin" : 19,
      "end" : 28,
      "text" : "downvoted",
      "whiteSpace" : false
    }, {
      "id" : "s0-t10",
      "begin" : 29,
      "end" : 32,
      "text" : "for",
      "whiteSpace" : false
    }, {
      "id" : "s0-t11",
      "begin" : 33,
      "end" : 37,
      "text" : "this",
      "whiteSpace" : false
    }, {
      "id" : "s0-t12",
      "begin" : 38,
      "end" : 41,
      "text" : "but",
      "whiteSpace" : false
    }, {
      "id" : "s0-t13",
      "begin" : 42,
      "end" : 44,
      "text" : "oh",
      "whiteSpace" : false
    }, {
      "id" : "s0-t14",
      "begin" : 45,
      "end" : 49,
      "text" : "well",
      "whiteSpace" : false
    }, {
      "id" : "s0-t15",
      "begin" : 49,
      "end" : 50,
      "text" : ".",
      "whiteSpace" : false
    } ]
  }, {
    "id" : "s1",
    "begin" : 51,
    "end" : 79,
    "text" : "\\n\\nI’m a dog walker in NYC.",
    "tokens" : [ {
      "id" : "s1-t0",
      "begin" : 51,
      "end" : 53,
      "text" : "\\n",
      "whiteSpace" : false
    }, {
      "id" : "s1-t1",
      "begin" : 53,
      "end" : 56,
      "text" : "\\nI",
      "whiteSpace" : false
    }, {
      "id" : "s1-t2",
      "begin" : 56,
      "end" : 58,
      "text" : "’m",
      "whiteSpace" : false
    }, {
      "id" : "s1-t3",
      "begin" : 59,
      "end" : 60,
      "text" : "a",
      "whiteSpace" : false
    }, {
      "id" : "s1-t4",
      "begin" : 61,
      "end" : 64,
      "text" : "dog",
      "whiteSpace" : false
    }, {
      "id" : "s1-t5",
      "begin" : 65,
      "end" : 71,
      "text" : "walker",
      "whiteSpace" : false
    }, {
      "id" : "s1-t6",
      "begin" : 72,
      "end" : 74,
      "text" : "in",
      "whiteSpace" : false
    }, {
      "id" : "s1-t7",
      "begin" : 75,
      "end" : 78,
      "text" : "NYC",
      "whiteSpace" : false
    }, {
      "id" : "s1-t8",
      "begin" : 78,
      "end" : 79,
      "text" : ".",
      "whiteSpace" : false
    } ]
  }, {
    "id" : "s2",
    "begin" : 80,
    "end" : 132,
    "text" : "I love my job and I’ve been doing this for 5+ years.",
    "tokens" : [ {
      "id" : "s2-t0",
      "begin" : 80,
      "end" : 81,
      "text" : "I",
      "whiteSpace" : false
    }, {
      "id" : "s2-t1",
      "begin" : 82,
      "end" : 86,
      "text" : "love",
      "whiteSpace" : false
    }, {
      "id" : "s2-t2",
      "begin" : 87,
      "end" : 89,
      "text" : "my",
      "whiteSpace" : false
    }, {
      "id" : "s2-t3",
      "begin" : 90,
      "end" : 93,
      "text" : "job",
      "whiteSpace" : false
    }, {
      "id" : "s2-t4",
      "begin" : 94,
      "end" : 97,
      "text" : "and",
      "whiteSpace" : false
    }, {
      "id" : "s2-t5",
      "begin" : 98,
      "end" : 99,
      "text" : "I",
      "whiteSpace" : false
    }, {
      "id" : "s2-t6",
      "begin" : 99,
      "end" : 102,
      "text" : "’ve",
      "whiteSpace" : false
    }, {
      "id" : "s2-t7",
      "begin" : 103,
      "end" : 107,
      "text" : "been",
      "whiteSpace" : false
    }, {
      "id" : "s2-t8",
      "begin" : 108,
      "end" : 113,
      "text" : "doing",
      "whiteSpace" : false
    }, {
      "id" : "s2-t9",
      "begin" : 114,
      "end" : 118,
      "text" : "this",
      "whiteSpace" : false
    }, {
      "id" : "s2-t10",
      "begin" : 119,
      "end" : 122,
      "text" : "for",
      "whiteSpace" : false
    }, {
      "id" : "s2-t11",
      "begin" : 123,
      "end" : 124,
      "text" : "5",
      "whiteSpace" : false
    }, {
      "id" : "s2-t12",
      "begin" : 124,
      "end" : 125,
      "text" : "+",
      "whiteSpace" : false
    }, {
      "id" : "s2-t13",
      "begin" : 126,
      "end" : 131,
      "text" : "years",
      "whiteSpace" : false
    }, {
      "id" : "s2-t14",
      "begin" : 131,
      "end" : 132,
      "text" : ".",
      "whiteSpace" : false
    } ]
  }, {
    "id" : "s3",
    "begin" : 133,
    "end" : 226,
    "text" : "\\n\\nHowever with the COVID-19 issues going around, a very large portion of my income is gone.",
    "tokens" : [ {
      "id" : "s3-t0",
      "begin" : 133,
      "end" : 135,
      "text" : "\\n",
      "whiteSpace" : false
    }, {
      "id" : "s3-t1",
      "begin" : 135,
      "end" : 144,
      "text" : "\\nHowever",
      "whiteSpace" : false
    }, {
      "id" : "s3-t2",
      "begin" : 145,
      "end" : 149,
      "text" : "with",
      "whiteSpace" : false
    }, {
      "id" : "s3-t3",
      "begin" : 150,
      "end" : 153,
      "text" : "the",
      "whiteSpace" : false
    }, {
      "id" : "s3-t4",
      "begin" : 154,
      "end" : 162,
      "text" : "COVID-19",
      "whiteSpace" : false
    }, {
      "id" : "s3-t5",
      "begin" : 163,
      "end" : 169,
      "text" : "issues",
      "whiteSpace" : false
    }, {
      "id" : "s3-t6",
      "begin" : 170,
      "end" : 175,
      "text" : "going",
      "whiteSpace" : false
    }, {
      "id" : "s3-t7",
      "begin" : 176,
      "end" : 182,
      "text" : "around",
      "whiteSpace" : false
    }, {
      "id" : "s3-t8",
      "begin" : 182,
      "end" : 183,
      "text" : ",",
      "whiteSpace" : false
    }, {
      "id" : "s3-t9",
      "begin" : 184,
      "end" : 185,
      "text" : "a",
      "whiteSpace" : false
    }, {
      "id" : "s3-t10",
      "begin" : 186,
      "end" : 190,
      "text" : "very",
      "whiteSpace" : false
    }, {
      "id" : "s3-t11",
      "begin" : 191,
      "end" : 196,
      "text" : "large",
      "whiteSpace" : false
    }, {
      "id" : "s3-t12",
      "begin" : 197,
      "end" : 204,
      "text" : "portion",
      "whiteSpace" : false
    }, {
      "id" : "s3-t13",
      "begin" : 205,
      "end" : 207,
      "text" : "of",
      "whiteSpace" : false
    }, {
      "id" : "s3-t14",
      "begin" : 208,
      "end" : 210,
      "text" : "my",
      "whiteSpace" : false
    }, {
      "id" : "s3-t15",
      "begin" : 211,
      "end" : 217,
      "text" : "income",
      "whiteSpace" : false
    }, {
      "id" : "s3-t16",
      "begin" : 218,
      "end" : 220,
      "text" : "is",
      "whiteSpace" : false
    }, {
      "id" : "s3-t17",
      "begin" : 221,
      "end" : 225,
      "text" : "gone",
      "whiteSpace" : false
    }, {
      "id" : "s3-t18",
      "begin" : 225,
      "end" : 226,
      "text" : ".",
      "whiteSpace" : false
    } ]
  }, {
    "id" : "s4",
    "begin" : 227,
    "end" : 299,
    "text" : "I have 60% of my clients working from home and their dogs don’t need me.",
    "tokens" : [ {
      "id" : "s4-t0",
      "begin" : 227,
      "end" : 228,
      "text" : "I",
      "whiteSpace" : false
    }, {
      "id" : "s4-t1",
      "begin" : 229,
      "end" : 233,
      "text" : "have",
      "whiteSpace" : false
    }, {
      "id" : "s4-t2",
      "begin" : 234,
      "end" : 236,
      "text" : "60",
      "whiteSpace" : false
    }, {
      "id" : "s4-t3",
      "begin" : 236,
      "end" : 237,
      "text" : "%",
      "whiteSpace" : false
    }, {
      "id" : "s4-t4",
      "begin" : 238,
      "end" : 240,
      "text" : "of",
      "whiteSpace" : false
    }, {
      "id" : "s4-t5",
      "begin" : 241,
      "end" : 243,
      "text" : "my",
      "whiteSpace" : false
    }, {
      "id" : "s4-t6",
      "begin" : 244,
      "end" : 251,
      "text" : "clients",
      "whiteSpace" : false
    }, {
      "id" : "s4-t7",
      "begin" : 252,
      "end" : 259,
      "text" : "working",
      "whiteSpace" : false
    }, {
      "id" : "s4-t8",
      "begin" : 260,
      "end" : 264,
      "text" : "from",
      "whiteSpace" : false
    }, {
      "id" : "s4-t9",
      "begin" : 265,
      "end" : 269,
      "text" : "home",
      "whiteSpace" : false
    }, {
      "id" : "s4-t10",
      "begin" : 270,
      "end" : 273,
      "text" : "and",
      "whiteSpace" : false
    }, {
      "id" : "s4-t11",
      "begin" : 274,
      "end" : 279,
      "text" : "their",
      "whiteSpace" : false
    }, {
      "id" : "s4-t12",
      "begin" : 280,
      "end" : 284,
      "text" : "dogs",
      "whiteSpace" : false
    }, {
      "id" : "s4-t13",
      "begin" : 285,
      "end" : 287,
      "text" : "do",
      "whiteSpace" : false
    }, {
      "id" : "s4-t14",
      "begin" : 287,
      "end" : 290,
      "text" : "n’t",
      "whiteSpace" : false
    }, {
      "id" : "s4-t15",
      "begin" : 291,
      "end" : 295,
      "text" : "need",
      "whiteSpace" : false
    }, {
      "id" : "s4-t16",
      "begin" : 296,
      "end" : 298,
      "text" : "me",
      "whiteSpace" : false
    }, {
      "id" : "s4-t17",
      "begin" : 298,
      "end" : 299,
      "text" : ".",
      "whiteSpace" : false
    } ]
  }, {
    "id" : "s5",
    "begin" : 300,
    "end" : 515,
    "text" : "\\n\\nWhile I understand the social distancing, try to utilize your dog walkers at least once a week or something if you income isn’t impacted, some of us need the money and don’t have a large enough savings built up.",
    "tokens" : [ {
      "id" : "s5-t0",
      "begin" : 300,
      "end" : 302,
      "text" : "\\n",
      "whiteSpace" : false
    }, {
      "id" : "s5-t1",
      "begin" : 302,
      "end" : 309,
      "text" : "\\nWhile",
      "whiteSpace" : false
    }, {
      "id" : "s5-t2",
      "begin" : 310,
      "end" : 311,
      "text" : "I",
      "whiteSpace" : false
    }, {
      "id" : "s5-t3",
      "begin" : 312,
      "end" : 322,
      "text" : "understand",
      "whiteSpace" : false
    }, {
      "id" : "s5-t4",
      "begin" : 323,
      "end" : 326,
      "text" : "the",
      "whiteSpace" : false
    }, {
      "id" : "s5-t5",
      "begin" : 327,
      "end" : 333,
      "text" : "social",
      "whiteSpace" : false
    }, {
      "id" : "s5-t6",
      "begin" : 334,
      "end" : 344,
      "text" : "distancing",
      "whiteSpace" : false
    }, {
      "id" : "s5-t7",
      "begin" : 344,
      "end" : 345,
      "text" : ",",
      "whiteSpace" : false
    }, {
      "id" : "s5-t8",
      "begin" : 346,
      "end" : 349,
      "text" : "try",
      "whiteSpace" : false
    }, {
      "id" : "s5-t9",
      "begin" : 350,
      "end" : 352,
      "text" : "to",
      "whiteSpace" : false
    }, {
      "id" : "s5-t10",
      "begin" : 353,
      "end" : 360,
      "text" : "utilize",
      "whiteSpace" : false
    }, {
      "id" : "s5-t11",
      "begin" : 361,
      "end" : 365,
      "text" : "your",
      "whiteSpace" : false
    }, {
      "id" : "s5-t12",
      "begin" : 366,
      "end" : 369,
      "text" : "dog",
      "whiteSpace" : false
    }, {
      "id" : "s5-t13",
      "begin" : 370,
      "end" : 377,
      "text" : "walkers",
      "whiteSpace" : false
    }, {
      "id" : "s5-t14",
      "begin" : 378,
      "end" : 380,
      "text" : "at",
      "whiteSpace" : false
    }, {
      "id" : "s5-t15",
      "begin" : 381,
      "end" : 386,
      "text" : "least",
      "whiteSpace" : false
    }, {
      "id" : "s5-t16",
      "begin" : 387,
      "end" : 391,
      "text" : "once",
      "whiteSpace" : false
    }, {
      "id" : "s5-t17",
      "begin" : 392,
      "end" : 393,
      "text" : "a",
      "whiteSpace" : false
    }, {
      "id" : "s5-t18",
      "begin" : 394,
      "end" : 398,
      "text" : "week",
      "whiteSpace" : false
    }, {
      "id" : "s5-t19",
      "begin" : 399,
      "end" : 401,
      "text" : "or",
      "whiteSpace" : false
    }, {
      "id" : "s5-t20",
      "begin" : 402,
      "end" : 411,
      "text" : "something",
      "whiteSpace" : false
    }, {
      "id" : "s5-t21",
      "begin" : 412,
      "end" : 414,
      "text" : "if",
      "whiteSpace" : false
    }, {
      "id" : "s5-t22",
      "begin" : 415,
      "end" : 418,
      "text" : "you",
      "whiteSpace" : false
    }, {
      "id" : "s5-t23",
      "begin" : 419,
      "end" : 425,
      "text" : "income",
      "whiteSpace" : false
    }, {
      "id" : "s5-t24",
      "begin" : 426,
      "end" : 428,
      "text" : "is",
      "whiteSpace" : false
    }, {
      "id" : "s5-t25",
      "begin" : 428,
      "end" : 431,
      "text" : "n’t",
      "whiteSpace" : false
    }, {
      "id" : "s5-t26",
      "begin" : 432,
      "end" : 440,
      "text" : "impacted",
      "whiteSpace" : false
    }, {
      "id" : "s5-t27",
      "begin" : 440,
      "end" : 441,
      "text" : ",",
      "whiteSpace" : false
    }, {
      "id" : "s5-t28",
      "begin" : 442,
      "end" : 446,
      "text" : "some",
      "whiteSpace" : false
    }, {
      "id" : "s5-t29",
      "begin" : 447,
      "end" : 449,
      "text" : "of",
      "whiteSpace" : false
    }, {
      "id" : "s5-t30",
      "begin" : 450,
      "end" : 452,
      "text" : "us",
      "whiteSpace" : false
    }, {
      "id" : "s5-t31",
      "begin" : 453,
      "end" : 457,
      "text" : "need",
      "whiteSpace" : false
    }, {
      "id" : "s5-t32",
      "begin" : 458,
      "end" : 461,
      "text" : "the",
      "whiteSpace" : false
    }, {
      "id" : "s5-t33",
      "begin" : 462,
      "end" : 467,
      "text" : "money",
      "whiteSpace" : false
    }, {
      "id" : "s5-t34",
      "begin" : 468,
      "end" : 471,
      "text" : "and",
      "whiteSpace" : false
    }, {
      "id" : "s5-t35",
      "begin" : 472,
      "end" : 474,
      "text" : "do",
      "whiteSpace" : false
    }, {
      "id" : "s5-t36",
      "begin" : 474,
      "end" : 477,
      "text" : "n’t",
      "whiteSpace" : false
    }, {
      "id" : "s5-t37",
      "begin" : 478,
      "end" : 482,
      "text" : "have",
      "whiteSpace" : false
    }, {
      "id" : "s5-t38",
      "begin" : 483,
      "end" : 484,
      "text" : "a",
      "whiteSpace" : false
    }, {
      "id" : "s5-t39",
      "begin" : 485,
      "end" : 490,
      "text" : "large",
      "whiteSpace" : false
    }, {
      "id" : "s5-t40",
      "begin" : 491,
      "end" : 497,
      "text" : "enough",
      "whiteSpace" : false
    }, {
      "id" : "s5-t41",
      "begin" : 498,
      "end" : 505,
      "text" : "savings",
      "whiteSpace" : false
    }, {
      "id" : "s5-t42",
      "begin" : 506,
      "end" : 511,
      "text" : "built",
      "whiteSpace" : false
    }, {
      "id" : "s5-t43",
      "begin" : 512,
      "end" : 514,
      "text" : "up",
      "whiteSpace" : false
    }, {
      "id" : "s5-t44",
      "begin" : 514,
      "end" : 515,
      "text" : ".",
      "whiteSpace" : false
    } ]
  }, {
    "id" : "s6",
    "begin" : 516,
    "end" : 608,
    "text" : "\\n\\nI’m grateful I do have savings but a lot of independents and freelancers are struggling.",
    "tokens" : [ {
      "id" : "s6-t0",
      "begin" : 516,
      "end" : 518,
      "text" : "\\n",
      "whiteSpace" : false
    }, {
      "id" : "s6-t1",
      "begin" : 518,
      "end" : 521,
      "text" : "\\nI",
      "whiteSpace" : false
    }, {
      "id" : "s6-t2",
      "begin" : 521,
      "end" : 523,
      "text" : "’m",
      "whiteSpace" : false
    }, {
      "id" : "s6-t3",
      "begin" : 524,
      "end" : 532,
      "text" : "grateful",
      "whiteSpace" : false
    }, {
      "id" : "s6-t4",
      "begin" : 533,
      "end" : 534,
      "text" : "I",
      "whiteSpace" : false
    }, {
      "id" : "s6-t5",
      "begin" : 535,
      "end" : 537,
      "text" : "do",
      "whiteSpace" : false
    }, {
      "id" : "s6-t6",
      "begin" : 538,
      "end" : 542,
      "text" : "have",
      "whiteSpace" : false
    }, {
      "id" : "s6-t7",
      "begin" : 543,
      "end" : 550,
      "text" : "savings",
      "whiteSpace" : false
    }, {
      "id" : "s6-t8",
      "begin" : 551,
      "end" : 554,
      "text" : "but",
      "whiteSpace" : false
    }, {
      "id" : "s6-t9",
      "begin" : 555,
      "end" : 556,
      "text" : "a",
      "whiteSpace" : false
    }, {
      "id" : "s6-t10",
      "begin" : 557,
      "end" : 560,
      "text" : "lot",
      "whiteSpace" : false
    }, {
      "id" : "s6-t11",
      "begin" : 561,
      "end" : 563,
      "text" : "of",
      "whiteSpace" : false
    }, {
      "id" : "s6-t12",
      "begin" : 564,
      "end" : 576,
      "text" : "independents",
      "whiteSpace" : false
    }, {
      "id" : "s6-t13",
      "begin" : 577,
      "end" : 580,
      "text" : "and",
      "whiteSpace" : false
    }, {
      "id" : "s6-t14",
      "begin" : 581,
      "end" : 592,
      "text" : "freelancers",
      "whiteSpace" : false
    }, {
      "id" : "s6-t15",
      "begin" : 593,
      "end" : 596,
      "text" : "are",
      "whiteSpace" : false
    }, {
      "id" : "s6-t16",
      "begin" : 597,
      "end" : 607,
      "text" : "struggling",
      "whiteSpace" : false
    }, {
      "id" : "s6-t17",
      "begin" : 607,
      "end" : 608,
      "text" : ".",
      "whiteSpace" : false
    } ]
  }, {
    "id" : "s7",
    "begin" : 609,
    "end" : 649,
    "text" : "\\n\\nThanks for listening to my feelings.",
    "tokens" : [ {
      "id" : "s7-t0",
      "begin" : 609,
      "end" : 611,
      "text" : "\\n",
      "whiteSpace" : false
    }, {
      "id" : "s7-t1",
      "begin" : 611,
      "end" : 619,
      "text" : "\\nThanks",
      "whiteSpace" : false
    }, {
      "id" : "s7-t2",
      "begin" : 620,
      "end" : 623,
      "text" : "for",
      "whiteSpace" : false
    }, {
      "id" : "s7-t3",
      "begin" : 624,
      "end" : 633,
      "text" : "listening",
      "whiteSpace" : false
    }, {
      "id" : "s7-t4",
      "begin" : 634,
      "end" : 636,
      "text" : "to",
      "whiteSpace" : false
    }, {
      "id" : "s7-t5",
      "begin" : 637,
      "end" : 639,
      "text" : "my",
      "whiteSpace" : false
    }, {
      "id" : "s7-t6",
      "begin" : 640,
      "end" : 648,
      "text" : "feelings",
      "whiteSpace" : false
    }, {
      "id" : "s7-t7",
      "begin" : 648,
      "end" : 649,
      "text" : ".",
      "whiteSpace" : false
    } ]
  }, {
    "id" : "s8",
    "begin" : 649,
    "end" : 760,
    "text" : "\",\"author_fullname\":\"t2_5dyv2mwa\",\"title\":\"Please if you can, try to support your dog walkers during this time.",
    "tokens" : [ {
      "id" : "s8-t0",
      "begin" : 649,
      "end" : 650,
      "text" : "\"",
      "whiteSpace" : false
    }, {
      "id" : "s8-t1",
      "begin" : 650,
      "end" : 651,
      "text" : ",",
      "whiteSpace" : false
    }, {
      "id" : "s8-t2",
      "begin" : 651,
      "end" : 652,
      "text" : "\"",
      "whiteSpace" : false
    }, {
      "id" : "s8-t3",
      "begin" : 652,
      "end" : 667,
      "text" : "author_fullname",
      "whiteSpace" : false
    }, {
      "id" : "s8-t4",
      "begin" : 667,
      "end" : 668,
      "text" : "\"",
      "whiteSpace" : false
    }, {
      "id" : "s8-t5",
      "begin" : 668,
      "end" : 669,
      "text" : ":",
      "whiteSpace" : false
    }, {
      "id" : "s8-t6",
      "begin" : 669,
      "end" : 670,
      "text" : "\"",
      "whiteSpace" : false
    }, {
      "id" : "s8-t7",
      "begin" : 670,
      "end" : 681,
      "text" : "t2_5dyv2mwa",
      "whiteSpace" : false
    }, {
      "id" : "s8-t8",
      "begin" : 681,
      "end" : 682,
      "text" : "\"",
      "whiteSpace" : false
    }, {
      "id" : "s8-t9",
      "begin" : 682,
      "end" : 683,
      "text" : ",",
      "whiteSpace" : false
    }, {
      "id" : "s8-t10",
      "begin" : 683,
      "end" : 684,
      "text" : "\"",
      "whiteSpace" : false
    }, {
      "id" : "s8-t11",
      "begin" : 684,
      "end" : 689,
      "text" : "title",
      "whiteSpace" : false
    }, {
      "id" : "s8-t12",
      "begin" : 689,
      "end" : 690,
      "text" : "\"",
      "whiteSpace" : false
    }, {
      "id" : "s8-t13",
      "begin" : 690,
      "end" : 691,
      "text" : ":",
      "whiteSpace" : false
    }, {
      "id" : "s8-t14",
      "begin" : 691,
      "end" : 692,
      "text" : "\"",
      "whiteSpace" : false
    }, {
      "id" : "s8-t15",
      "begin" : 692,
      "end" : 698,
      "text" : "Please",
      "whiteSpace" : false
    }, {
      "id" : "s8-t16",
      "begin" : 699,
      "end" : 701,
      "text" : "if",
      "whiteSpace" : false
    }, {
      "id" : "s8-t17",
      "begin" : 702,
      "end" : 705,
      "text" : "you",
      "whiteSpace" : false
    }, {
      "id" : "s8-t18",
      "begin" : 706,
      "end" : 709,
      "text" : "can",
      "whiteSpace" : false
    }, {
      "id" : "s8-t19",
      "begin" : 709,
      "end" : 710,
      "text" : ",",
      "whiteSpace" : false
    }, {
      "id" : "s8-t20",
      "begin" : 711,
      "end" : 714,
      "text" : "try",
      "whiteSpace" : false
    }, {
      "id" : "s8-t21",
      "begin" : 715,
      "end" : 717,
      "text" : "to",
      "whiteSpace" : false
    }, {
      "id" : "s8-t22",
      "begin" : 718,
      "end" : 725,
      "text" : "support",
      "whiteSpace" : false
    }, {
      "id" : "s8-t23",
      "begin" : 726,
      "end" : 730,
      "text" : "your",
      "whiteSpace" : false
    }, {
      "id" : "s8-t24",
      "begin" : 731,
      "end" : 734,
      "text" : "dog",
      "whiteSpace" : false
    }, {
      "id" : "s8-t25",
      "begin" : 735,
      "end" : 742,
      "text" : "walkers",
      "whiteSpace" : false
    }, {
      "id" : "s8-t26",
      "begin" : 743,
      "end" : 749,
      "text" : "during",
      "whiteSpace" : false
    }, {
      "id" : "s8-t27",
      "begin" : 750,
      "end" : 754,
      "text" : "this",
      "whiteSpace" : false
    }, {
      "id" : "s8-t28",
      "begin" : 755,
      "end" : 759,
      "text" : "time",
      "whiteSpace" : false
    }, {
      "id" : "s8-t29",
      "begin" : 759,
      "end" : 760,
      "text" : ".",
      "whiteSpace" : false
    } ]
  }, {
    "id" : "s9",
    "begin" : 760,
    "end" : 762,
    "text" : "\"}",
    "tokens" : [ {
      "id" : "s9-t0",
      "begin" : 760,
      "end" : 761,
      "text" : "\"",
      "whiteSpace" : false
    }, {
      "id" : "s9-t1",
      "begin" : 761,
      "end" : 762,
      "text" : "}",
      "whiteSpace" : false
    } ]
  } ],
  "mentions" : [ {
    "id" : "s1-m1",
    "properties" : {
      "SIRE_MENTION_ROLE" : "Hourly_Wage_Employment",
      "SIRE_ENTITY_SUBTYPE" : "NONE",
      "SIRE_MENTION_TYPE" : "NONE",
      "SIRE_MENTION_CLASS" : "SPC"
    },
    "type" : "Hourly_Wage_Employment",
    "begin" : 61,
    "end" : 71,
    "inCoref" : false
  }, {
    "id" : "s5-m1",
    "properties" : {
      "SIRE_MENTION_ROLE" : "Hourly_Wage_Employment",
      "SIRE_ENTITY_SUBTYPE" : "NONE",
      "SIRE_MENTION_TYPE" : "NONE",
      "SIRE_MENTION_CLASS" : "SPC"
    },
    "type" : "Hourly_Wage_Employment",
    "begin" : 366,
    "end" : 377,
    "inCoref" : false
  }, {
    "id" : "s8-m1",
    "properties" : {
      "SIRE_MENTION_ROLE" : "Hourly_Wage_Employment",
      "SIRE_ENTITY_SUBTYPE" : "NONE",
      "SIRE_MENTION_TYPE" : "NONE",
      "SIRE_MENTION_CLASS" : "SPC"
    },
    "type" : "Hourly_Wage_Employment",
    "begin" : 731,
    "end" : 742,
    "inCoref" : false
  } ],
  "relations" : [ ],
  "corefs" : [ ],
  "typeResolved" : true,
  "userResolved" : false
}