{
  "id" : "c318d3f0-9420-11ea-8a2d-81b8af140d06-36",
  "name" : "nyc-doc-65.txt",
  "createdDate" : 0,
  "version" : 3,
  "text" : "{\"text\":\"Many states have publicly declared that they are waiving the work search requirement for those able to claim unemployment but I am unable to find information on whether NY is doing so as well. I was temporarily laid off due my work closing due to covid-19 and plan to come back to my workplace once it is open, which makes the work search requirement complicated. Does anyone have information or know of a official source that lets us know?\",\"author_fullname\":\"t2_64yivbqo\",\"title\":\"For those collecting unemployment benefits, is the work search requirement waived?\"}\n",
  "docLength" : 0,
  "language" : "EN",
  "status" : "IN_PROGRESS",
  "modifiedDate" : 1589336312701,
  "documentSet" : [ ],
  "preannotation" : [ "PRE_LW" ],
  "sentences" : [ {
    "id" : "s0",
    "begin" : 0,
    "end" : 201,
    "text" : "{\"text\":\"Many states have publicly declared that they are waiving the work search requirement for those able to claim unemployment but I am unable to find information on whether NY is doing so as well.",
    "tokens" : [ {
      "id" : "s0-t0",
      "begin" : 0,
      "end" : 1,
      "text" : "{",
      "whiteSpace" : false
    }, {
      "id" : "s0-t1",
      "begin" : 1,
      "end" : 2,
      "text" : "\"",
      "whiteSpace" : false
    }, {
      "id" : "s0-t2",
      "begin" : 2,
      "end" : 6,
      "text" : "text",
      "whiteSpace" : false
    }, {
      "id" : "s0-t3",
      "begin" : 6,
      "end" : 7,
      "text" : "\"",
      "whiteSpace" : false
    }, {
      "id" : "s0-t4",
      "begin" : 7,
      "end" : 8,
      "text" : ":",
      "whiteSpace" : false
    }, {
      "id" : "s0-t5",
      "begin" : 8,
      "end" : 9,
      "text" : "\"",
      "whiteSpace" : false
    }, {
      "id" : "s0-t6",
      "begin" : 9,
      "end" : 13,
      "text" : "Many",
      "whiteSpace" : false
    }, {
      "id" : "s0-t7",
      "begin" : 14,
      "end" : 20,
      "text" : "states",
      "whiteSpace" : false
    }, {
      "id" : "s0-t8",
      "begin" : 21,
      "end" : 25,
      "text" : "have",
      "whiteSpace" : false
    }, {
      "id" : "s0-t9",
      "begin" : 26,
      "end" : 34,
      "text" : "publicly",
      "whiteSpace" : false
    }, {
      "id" : "s0-t10",
      "begin" : 35,
      "end" : 43,
      "text" : "declared",
      "whiteSpace" : false
    }, {
      "id" : "s0-t11",
      "begin" : 44,
      "end" : 48,
      "text" : "that",
      "whiteSpace" : false
    }, {
      "id" : "s0-t12",
      "begin" : 49,
      "end" : 53,
      "text" : "they",
      "whiteSpace" : false
    }, {
      "id" : "s0-t13",
      "begin" : 54,
      "end" : 57,
      "text" : "are",
      "whiteSpace" : false
    }, {
      "id" : "s0-t14",
      "begin" : 58,
      "end" : 65,
      "text" : "waiving",
      "whiteSpace" : false
    }, {
      "id" : "s0-t15",
      "begin" : 66,
      "end" : 69,
      "text" : "the",
      "whiteSpace" : false
    }, {
      "id" : "s0-t16",
      "begin" : 70,
      "end" : 74,
      "text" : "work",
      "whiteSpace" : false
    }, {
      "id" : "s0-t17",
      "begin" : 75,
      "end" : 81,
      "text" : "search",
      "whiteSpace" : false
    }, {
      "id" : "s0-t18",
      "begin" : 82,
      "end" : 93,
      "text" : "requirement",
      "whiteSpace" : false
    }, {
      "id" : "s0-t19",
      "begin" : 94,
      "end" : 97,
      "text" : "for",
      "whiteSpace" : false
    }, {
      "id" : "s0-t20",
      "begin" : 98,
      "end" : 103,
      "text" : "those",
      "whiteSpace" : false
    }, {
      "id" : "s0-t21",
      "begin" : 104,
      "end" : 108,
      "text" : "able",
      "whiteSpace" : false
    }, {
      "id" : "s0-t22",
      "begin" : 109,
      "end" : 111,
      "text" : "to",
      "whiteSpace" : false
    }, {
      "id" : "s0-t23",
      "begin" : 112,
      "end" : 117,
      "text" : "claim",
      "whiteSpace" : false
    }, {
      "id" : "s0-t24",
      "begin" : 118,
      "end" : 130,
      "text" : "unemployment",
      "whiteSpace" : false
    }, {
      "id" : "s0-t25",
      "begin" : 131,
      "end" : 134,
      "text" : "but",
      "whiteSpace" : false
    }, {
      "id" : "s0-t26",
      "begin" : 135,
      "end" : 136,
      "text" : "I",
      "whiteSpace" : false
    }, {
      "id" : "s0-t27",
      "begin" : 137,
      "end" : 139,
      "text" : "am",
      "whiteSpace" : false
    }, {
      "id" : "s0-t28",
      "begin" : 140,
      "end" : 146,
      "text" : "unable",
      "whiteSpace" : false
    }, {
      "id" : "s0-t29",
      "begin" : 147,
      "end" : 149,
      "text" : "to",
      "whiteSpace" : false
    }, {
      "id" : "s0-t30",
      "begin" : 150,
      "end" : 154,
      "text" : "find",
      "whiteSpace" : false
    }, {
      "id" : "s0-t31",
      "begin" : 155,
      "end" : 166,
      "text" : "information",
      "whiteSpace" : false
    }, {
      "id" : "s0-t32",
      "begin" : 167,
      "end" : 169,
      "text" : "on",
      "whiteSpace" : false
    }, {
      "id" : "s0-t33",
      "begin" : 170,
      "end" : 177,
      "text" : "whether",
      "whiteSpace" : false
    }, {
      "id" : "s0-t34",
      "begin" : 178,
      "end" : 180,
      "text" : "NY",
      "whiteSpace" : false
    }, {
      "id" : "s0-t35",
      "begin" : 181,
      "end" : 183,
      "text" : "is",
      "whiteSpace" : false
    }, {
      "id" : "s0-t36",
      "begin" : 184,
      "end" : 189,
      "text" : "doing",
      "whiteSpace" : false
    }, {
      "id" : "s0-t37",
      "begin" : 190,
      "end" : 192,
      "text" : "so",
      "whiteSpace" : false
    }, {
      "id" : "s0-t38",
      "begin" : 193,
      "end" : 195,
      "text" : "as",
      "whiteSpace" : false
    }, {
      "id" : "s0-t39",
      "begin" : 196,
      "end" : 200,
      "text" : "well",
      "whiteSpace" : false
    }, {
      "id" : "s0-t40",
      "begin" : 200,
      "end" : 201,
      "text" : ".",
      "whiteSpace" : false
    } ]
  }, {
    "id" : "s1",
    "begin" : 202,
    "end" : 372,
    "text" : "I was temporarily laid off due my work closing due to covid-19 and plan to come back to my workplace once it is open, which makes the work search requirement complicated.",
    "tokens" : [ {
      "id" : "s1-t0",
      "begin" : 202,
      "end" : 203,
      "text" : "I",
      "whiteSpace" : false
    }, {
      "id" : "s1-t1",
      "begin" : 204,
      "end" : 207,
      "text" : "was",
      "whiteSpace" : false
    }, {
      "id" : "s1-t2",
      "begin" : 208,
      "end" : 219,
      "text" : "temporarily",
      "whiteSpace" : false
    }, {
      "id" : "s1-t3",
      "begin" : 220,
      "end" : 224,
      "text" : "laid",
      "whiteSpace" : false
    }, {
      "id" : "s1-t4",
      "begin" : 225,
      "end" : 228,
      "text" : "off",
      "whiteSpace" : false
    }, {
      "id" : "s1-t5",
      "begin" : 229,
      "end" : 232,
      "text" : "due",
      "whiteSpace" : false
    }, {
      "id" : "s1-t6",
      "begin" : 233,
      "end" : 235,
      "text" : "my",
      "whiteSpace" : false
    }, {
      "id" : "s1-t7",
      "begin" : 236,
      "end" : 240,
      "text" : "work",
      "whiteSpace" : false
    }, {
      "id" : "s1-t8",
      "begin" : 241,
      "end" : 248,
      "text" : "closing",
      "whiteSpace" : false
    }, {
      "id" : "s1-t9",
      "begin" : 249,
      "end" : 252,
      "text" : "due",
      "whiteSpace" : false
    }, {
      "id" : "s1-t10",
      "begin" : 253,
      "end" : 255,
      "text" : "to",
      "whiteSpace" : false
    }, {
      "id" : "s1-t11",
      "begin" : 256,
      "end" : 264,
      "text" : "covid-19",
      "whiteSpace" : false
    }, {
      "id" : "s1-t12",
      "begin" : 265,
      "end" : 268,
      "text" : "and",
      "whiteSpace" : false
    }, {
      "id" : "s1-t13",
      "begin" : 269,
      "end" : 273,
      "text" : "plan",
      "whiteSpace" : false
    }, {
      "id" : "s1-t14",
      "begin" : 274,
      "end" : 276,
      "text" : "to",
      "whiteSpace" : false
    }, {
      "id" : "s1-t15",
      "begin" : 277,
      "end" : 281,
      "text" : "come",
      "whiteSpace" : false
    }, {
      "id" : "s1-t16",
      "begin" : 282,
      "end" : 286,
      "text" : "back",
      "whiteSpace" : false
    }, {
      "id" : "s1-t17",
      "begin" : 287,
      "end" : 289,
      "text" : "to",
      "whiteSpace" : false
    }, {
      "id" : "s1-t18",
      "begin" : 290,
      "end" : 292,
      "text" : "my",
      "whiteSpace" : false
    }, {
      "id" : "s1-t19",
      "begin" : 293,
      "end" : 302,
      "text" : "workplace",
      "whiteSpace" : false
    }, {
      "id" : "s1-t20",
      "begin" : 303,
      "end" : 307,
      "text" : "once",
      "whiteSpace" : false
    }, {
      "id" : "s1-t21",
      "begin" : 308,
      "end" : 310,
      "text" : "it",
      "whiteSpace" : false
    }, {
      "id" : "s1-t22",
      "begin" : 311,
      "end" : 313,
      "text" : "is",
      "whiteSpace" : false
    }, {
      "id" : "s1-t23",
      "begin" : 314,
      "end" : 318,
      "text" : "open",
      "whiteSpace" : false
    }, {
      "id" : "s1-t24",
      "begin" : 318,
      "end" : 319,
      "text" : ",",
      "whiteSpace" : false
    }, {
      "id" : "s1-t25",
      "begin" : 320,
      "end" : 325,
      "text" : "which",
      "whiteSpace" : false
    }, {
      "id" : "s1-t26",
      "begin" : 326,
      "end" : 331,
      "text" : "makes",
      "whiteSpace" : false
    }, {
      "id" : "s1-t27",
      "begin" : 332,
      "end" : 335,
      "text" : "the",
      "whiteSpace" : false
    }, {
      "id" : "s1-t28",
      "begin" : 336,
      "end" : 340,
      "text" : "work",
      "whiteSpace" : false
    }, {
      "id" : "s1-t29",
      "begin" : 341,
      "end" : 347,
      "text" : "search",
      "whiteSpace" : false
    }, {
      "id" : "s1-t30",
      "begin" : 348,
      "end" : 359,
      "text" : "requirement",
      "whiteSpace" : false
    }, {
      "id" : "s1-t31",
      "begin" : 360,
      "end" : 371,
      "text" : "complicated",
      "whiteSpace" : false
    }, {
      "id" : "s1-t32",
      "begin" : 371,
      "end" : 372,
      "text" : ".",
      "whiteSpace" : false
    } ]
  }, {
    "id" : "s2",
    "begin" : 373,
    "end" : 449,
    "text" : "Does anyone have information or know of a official source that lets us know?",
    "tokens" : [ {
      "id" : "s2-t0",
      "begin" : 373,
      "end" : 377,
      "text" : "Does",
      "whiteSpace" : false
    }, {
      "id" : "s2-t1",
      "begin" : 378,
      "end" : 384,
      "text" : "anyone",
      "whiteSpace" : false
    }, {
      "id" : "s2-t2",
      "begin" : 385,
      "end" : 389,
      "text" : "have",
      "whiteSpace" : false
    }, {
      "id" : "s2-t3",
      "begin" : 390,
      "end" : 401,
      "text" : "information",
      "whiteSpace" : false
    }, {
      "id" : "s2-t4",
      "begin" : 402,
      "end" : 404,
      "text" : "or",
      "whiteSpace" : false
    }, {
      "id" : "s2-t5",
      "begin" : 405,
      "end" : 409,
      "text" : "know",
      "whiteSpace" : false
    }, {
      "id" : "s2-t6",
      "begin" : 410,
      "end" : 412,
      "text" : "of",
      "whiteSpace" : false
    }, {
      "id" : "s2-t7",
      "begin" : 413,
      "end" : 414,
      "text" : "a",
      "whiteSpace" : false
    }, {
      "id" : "s2-t8",
      "begin" : 415,
      "end" : 423,
      "text" : "official",
      "whiteSpace" : false
    }, {
      "id" : "s2-t9",
      "begin" : 424,
      "end" : 430,
      "text" : "source",
      "whiteSpace" : false
    }, {
      "id" : "s2-t10",
      "begin" : 431,
      "end" : 435,
      "text" : "that",
      "whiteSpace" : false
    }, {
      "id" : "s2-t11",
      "begin" : 436,
      "end" : 440,
      "text" : "lets",
      "whiteSpace" : false
    }, {
      "id" : "s2-t12",
      "begin" : 441,
      "end" : 443,
      "text" : "us",
      "whiteSpace" : false
    }, {
      "id" : "s2-t13",
      "begin" : 444,
      "end" : 448,
      "text" : "know",
      "whiteSpace" : false
    }, {
      "id" : "s2-t14",
      "begin" : 448,
      "end" : 449,
      "text" : "?",
      "whiteSpace" : false
    } ]
  }, {
    "id" : "s3",
    "begin" : 449,
    "end" : 574,
    "text" : "\",\"author_fullname\":\"t2_64yivbqo\",\"title\":\"For those collecting unemployment benefits, is the work search requirement waived?",
    "tokens" : [ {
      "id" : "s3-t0",
      "begin" : 449,
      "end" : 450,
      "text" : "\"",
      "whiteSpace" : false
    }, {
      "id" : "s3-t1",
      "begin" : 450,
      "end" : 451,
      "text" : ",",
      "whiteSpace" : false
    }, {
      "id" : "s3-t2",
      "begin" : 451,
      "end" : 452,
      "text" : "\"",
      "whiteSpace" : false
    }, {
      "id" : "s3-t3",
      "begin" : 452,
      "end" : 467,
      "text" : "author_fullname",
      "whiteSpace" : false
    }, {
      "id" : "s3-t4",
      "begin" : 467,
      "end" : 468,
      "text" : "\"",
      "whiteSpace" : false
    }, {
      "id" : "s3-t5",
      "begin" : 468,
      "end" : 469,
      "text" : ":",
      "whiteSpace" : false
    }, {
      "id" : "s3-t6",
      "begin" : 469,
      "end" : 470,
      "text" : "\"",
      "whiteSpace" : false
    }, {
      "id" : "s3-t7",
      "begin" : 470,
      "end" : 481,
      "text" : "t2_64yivbqo",
      "whiteSpace" : false
    }, {
      "id" : "s3-t8",
      "begin" : 481,
      "end" : 482,
      "text" : "\"",
      "whiteSpace" : false
    }, {
      "id" : "s3-t9",
      "begin" : 482,
      "end" : 483,
      "text" : ",",
      "whiteSpace" : false
    }, {
      "id" : "s3-t10",
      "begin" : 483,
      "end" : 484,
      "text" : "\"",
      "whiteSpace" : false
    }, {
      "id" : "s3-t11",
      "begin" : 484,
      "end" : 489,
      "text" : "title",
      "whiteSpace" : false
    }, {
      "id" : "s3-t12",
      "begin" : 489,
      "end" : 490,
      "text" : "\"",
      "whiteSpace" : false
    }, {
      "id" : "s3-t13",
      "begin" : 490,
      "end" : 491,
      "text" : ":",
      "whiteSpace" : false
    }, {
      "id" : "s3-t14",
      "begin" : 491,
      "end" : 492,
      "text" : "\"",
      "whiteSpace" : false
    }, {
      "id" : "s3-t15",
      "begin" : 492,
      "end" : 495,
      "text" : "For",
      "whiteSpace" : false
    }, {
      "id" : "s3-t16",
      "begin" : 496,
      "end" : 501,
      "text" : "those",
      "whiteSpace" : false
    }, {
      "id" : "s3-t17",
      "begin" : 502,
      "end" : 512,
      "text" : "collecting",
      "whiteSpace" : false
    }, {
      "id" : "s3-t18",
      "begin" : 513,
      "end" : 525,
      "text" : "unemployment",
      "whiteSpace" : false
    }, {
      "id" : "s3-t19",
      "begin" : 526,
      "end" : 534,
      "text" : "benefits",
      "whiteSpace" : false
    }, {
      "id" : "s3-t20",
      "begin" : 534,
      "end" : 535,
      "text" : ",",
      "whiteSpace" : false
    }, {
      "id" : "s3-t21",
      "begin" : 536,
      "end" : 538,
      "text" : "is",
      "whiteSpace" : false
    }, {
      "id" : "s3-t22",
      "begin" : 539,
      "end" : 542,
      "text" : "the",
      "whiteSpace" : false
    }, {
      "id" : "s3-t23",
      "begin" : 543,
      "end" : 547,
      "text" : "work",
      "whiteSpace" : false
    }, {
      "id" : "s3-t24",
      "begin" : 548,
      "end" : 554,
      "text" : "search",
      "whiteSpace" : false
    }, {
      "id" : "s3-t25",
      "begin" : 555,
      "end" : 566,
      "text" : "requirement",
      "whiteSpace" : false
    }, {
      "id" : "s3-t26",
      "begin" : 567,
      "end" : 573,
      "text" : "waived",
      "whiteSpace" : false
    }, {
      "id" : "s3-t27",
      "begin" : 573,
      "end" : 574,
      "text" : "?",
      "whiteSpace" : false
    } ]
  }, {
    "id" : "s4",
    "begin" : 574,
    "end" : 576,
    "text" : "\"}",
    "tokens" : [ {
      "id" : "s4-t0",
      "begin" : 574,
      "end" : 575,
      "text" : "\"",
      "whiteSpace" : false
    }, {
      "id" : "s4-t1",
      "begin" : 575,
      "end" : 576,
      "text" : "}",
      "whiteSpace" : false
    } ]
  } ],
  "mentions" : [ {
    "id" : "m1",
    "properties" : {
      "SIRE_MENTION_TYPE" : "NONE",
      "SIRE_MENTION_ROLE" : "Unemployed",
      "SIRE_MENTION_CLASS" : "SPC",
      "SIRE_ENTITY_SUBTYPE" : "NONE"
    },
    "type" : "Unemployed",
    "begin" : 118,
    "end" : 130,
    "inCoref" : false
  }, {
    "id" : "s1-m1",
    "properties" : {
      "SIRE_MENTION_ROLE" : "Unemployed",
      "SIRE_ENTITY_SUBTYPE" : "NONE",
      "SIRE_MENTION_TYPE" : "NONE",
      "SIRE_MENTION_CLASS" : "SPC"
    },
    "type" : "Unemployed",
    "begin" : 202,
    "end" : 228,
    "inCoref" : false
  }, {
    "id" : "s3-m2",
    "properties" : {
      "SIRE_MENTION_ROLE" : "Unemployed",
      "SIRE_ENTITY_SUBTYPE" : "NONE",
      "SIRE_MENTION_TYPE" : "NONE",
      "SIRE_MENTION_CLASS" : "SPC"
    },
    "type" : "Unemployed",
    "begin" : 513,
    "end" : 534,
    "inCoref" : false
  }, {
    "id" : "m2",
    "properties" : {
      "SIRE_MENTION_TYPE" : "NONE",
      "SIRE_MENTION_ROLE" : "Unemployed",
      "SIRE_MENTION_CLASS" : "SPC",
      "SIRE_ENTITY_SUBTYPE" : "NONE"
    },
    "type" : "Unemployed",
    "begin" : 513,
    "end" : 525,
    "inCoref" : false
  } ],
  "relations" : [ ],
  "corefs" : [ ],
  "typeResolved" : true,
  "userResolved" : false
}