{
  "id" : "c318d3f0-9420-11ea-8a2d-81b8af140d06-93",
  "name" : "nyc-doc-9.txt",
  "createdDate" : 0,
  "version" : 3,
  "text" : "{\"text\":\"I'm not alone here, I'm one of the people who completed my claim online but to have it finalized, I have to call in to have it processed. I've called thousands of times since last week and have yet to get through to a single person.\\n\\nEven the new \\\"call back\\\" system just disconnects me after I've spent 5 minutes going through a menu and giving my tax information. \\n\\nFuck Cuomo, Fuck DeBlasio, literally every other company and small business has a simple call back or waiting system. This influx should have been anticipated months ago. \\n\\nMy friends who have successfully filed have no word on the federal add on of $600 either. What the fuck, America? This is despicable. \\n\\nYour bail outs saved banks, huge corporations, but you can't even get your shit together to provide us a basic unemployment benefit phone line? How are we supposed to pay our bills, support families, let alone rent?\",\"author_fullname\":\"t2_16ypq3\",\"title\":\"NYC Unemployment Sign-Up is an Absolute Joke\"}\n",
  "docLength" : 0,
  "language" : "EN",
  "status" : "IN_PROGRESS",
  "modifiedDate" : 1589341942795,
  "documentSet" : [ ],
  "preannotation" : [ "PRE_LW" ],
  "sentences" : [ {
    "id" : "s0",
    "begin" : 0,
    "end" : 146,
    "text" : "{\"text\":\"I'm not alone here, I'm one of the people who completed my claim online but to have it finalized, I have to call in to have it processed.",
    "tokens" : [ {
      "id" : "s0-t0",
      "begin" : 0,
      "end" : 1,
      "text" : "{",
      "whiteSpace" : false
    }, {
      "id" : "s0-t1",
      "begin" : 1,
      "end" : 2,
      "text" : "\"",
      "whiteSpace" : false
    }, {
      "id" : "s0-t2",
      "begin" : 2,
      "end" : 6,
      "text" : "text",
      "whiteSpace" : false
    }, {
      "id" : "s0-t3",
      "begin" : 6,
      "end" : 7,
      "text" : "\"",
      "whiteSpace" : false
    }, {
      "id" : "s0-t4",
      "begin" : 7,
      "end" : 8,
      "text" : ":",
      "whiteSpace" : false
    }, {
      "id" : "s0-t5",
      "begin" : 8,
      "end" : 9,
      "text" : "\"",
      "whiteSpace" : false
    }, {
      "id" : "s0-t6",
      "begin" : 9,
      "end" : 10,
      "text" : "I",
      "whiteSpace" : false
    }, {
      "id" : "s0-t7",
      "begin" : 10,
      "end" : 12,
      "text" : "'m",
      "whiteSpace" : false
    }, {
      "id" : "s0-t8",
      "begin" : 13,
      "end" : 16,
      "text" : "not",
      "whiteSpace" : false
    }, {
      "id" : "s0-t9",
      "begin" : 17,
      "end" : 22,
      "text" : "alone",
      "whiteSpace" : false
    }, {
      "id" : "s0-t10",
      "begin" : 23,
      "end" : 27,
      "text" : "here",
      "whiteSpace" : false
    }, {
      "id" : "s0-t11",
      "begin" : 27,
      "end" : 28,
      "text" : ",",
      "whiteSpace" : false
    }, {
      "id" : "s0-t12",
      "begin" : 29,
      "end" : 30,
      "text" : "I",
      "whiteSpace" : false
    }, {
      "id" : "s0-t13",
      "begin" : 30,
      "end" : 32,
      "text" : "'m",
      "whiteSpace" : false
    }, {
      "id" : "s0-t14",
      "begin" : 33,
      "end" : 36,
      "text" : "one",
      "whiteSpace" : false
    }, {
      "id" : "s0-t15",
      "begin" : 37,
      "end" : 39,
      "text" : "of",
      "whiteSpace" : false
    }, {
      "id" : "s0-t16",
      "begin" : 40,
      "end" : 43,
      "text" : "the",
      "whiteSpace" : false
    }, {
      "id" : "s0-t17",
      "begin" : 44,
      "end" : 50,
      "text" : "people",
      "whiteSpace" : false
    }, {
      "id" : "s0-t18",
      "begin" : 51,
      "end" : 54,
      "text" : "who",
      "whiteSpace" : false
    }, {
      "id" : "s0-t19",
      "begin" : 55,
      "end" : 64,
      "text" : "completed",
      "whiteSpace" : false
    }, {
      "id" : "s0-t20",
      "begin" : 65,
      "end" : 67,
      "text" : "my",
      "whiteSpace" : false
    }, {
      "id" : "s0-t21",
      "begin" : 68,
      "end" : 73,
      "text" : "claim",
      "whiteSpace" : false
    }, {
      "id" : "s0-t22",
      "begin" : 74,
      "end" : 80,
      "text" : "online",
      "whiteSpace" : false
    }, {
      "id" : "s0-t23",
      "begin" : 81,
      "end" : 84,
      "text" : "but",
      "whiteSpace" : false
    }, {
      "id" : "s0-t24",
      "begin" : 85,
      "end" : 87,
      "text" : "to",
      "whiteSpace" : false
    }, {
      "id" : "s0-t25",
      "begin" : 88,
      "end" : 92,
      "text" : "have",
      "whiteSpace" : false
    }, {
      "id" : "s0-t26",
      "begin" : 93,
      "end" : 95,
      "text" : "it",
      "whiteSpace" : false
    }, {
      "id" : "s0-t27",
      "begin" : 96,
      "end" : 105,
      "text" : "finalized",
      "whiteSpace" : false
    }, {
      "id" : "s0-t28",
      "begin" : 105,
      "end" : 106,
      "text" : ",",
      "whiteSpace" : false
    }, {
      "id" : "s0-t29",
      "begin" : 107,
      "end" : 108,
      "text" : "I",
      "whiteSpace" : false
    }, {
      "id" : "s0-t30",
      "begin" : 109,
      "end" : 113,
      "text" : "have",
      "whiteSpace" : false
    }, {
      "id" : "s0-t31",
      "begin" : 114,
      "end" : 116,
      "text" : "to",
      "whiteSpace" : false
    }, {
      "id" : "s0-t32",
      "begin" : 117,
      "end" : 121,
      "text" : "call",
      "whiteSpace" : false
    }, {
      "id" : "s0-t33",
      "begin" : 122,
      "end" : 124,
      "text" : "in",
      "whiteSpace" : false
    }, {
      "id" : "s0-t34",
      "begin" : 125,
      "end" : 127,
      "text" : "to",
      "whiteSpace" : false
    }, {
      "id" : "s0-t35",
      "begin" : 128,
      "end" : 132,
      "text" : "have",
      "whiteSpace" : false
    }, {
      "id" : "s0-t36",
      "begin" : 133,
      "end" : 135,
      "text" : "it",
      "whiteSpace" : false
    }, {
      "id" : "s0-t37",
      "begin" : 136,
      "end" : 145,
      "text" : "processed",
      "whiteSpace" : false
    }, {
      "id" : "s0-t38",
      "begin" : 145,
      "end" : 146,
      "text" : ".",
      "whiteSpace" : false
    } ]
  }, {
    "id" : "s1",
    "begin" : 147,
    "end" : 241,
    "text" : "I've called thousands of times since last week and have yet to get through to a single person.",
    "tokens" : [ {
      "id" : "s1-t0",
      "begin" : 147,
      "end" : 148,
      "text" : "I",
      "whiteSpace" : false
    }, {
      "id" : "s1-t1",
      "begin" : 148,
      "end" : 151,
      "text" : "'ve",
      "whiteSpace" : false
    }, {
      "id" : "s1-t2",
      "begin" : 152,
      "end" : 158,
      "text" : "called",
      "whiteSpace" : false
    }, {
      "id" : "s1-t3",
      "begin" : 159,
      "end" : 168,
      "text" : "thousands",
      "whiteSpace" : false
    }, {
      "id" : "s1-t4",
      "begin" : 169,
      "end" : 171,
      "text" : "of",
      "whiteSpace" : false
    }, {
      "id" : "s1-t5",
      "begin" : 172,
      "end" : 177,
      "text" : "times",
      "whiteSpace" : false
    }, {
      "id" : "s1-t6",
      "begin" : 178,
      "end" : 183,
      "text" : "since",
      "whiteSpace" : false
    }, {
      "id" : "s1-t7",
      "begin" : 184,
      "end" : 188,
      "text" : "last",
      "whiteSpace" : false
    }, {
      "id" : "s1-t8",
      "begin" : 189,
      "end" : 193,
      "text" : "week",
      "whiteSpace" : false
    }, {
      "id" : "s1-t9",
      "begin" : 194,
      "end" : 197,
      "text" : "and",
      "whiteSpace" : false
    }, {
      "id" : "s1-t10",
      "begin" : 198,
      "end" : 202,
      "text" : "have",
      "whiteSpace" : false
    }, {
      "id" : "s1-t11",
      "begin" : 203,
      "end" : 206,
      "text" : "yet",
      "whiteSpace" : false
    }, {
      "id" : "s1-t12",
      "begin" : 207,
      "end" : 209,
      "text" : "to",
      "whiteSpace" : false
    }, {
      "id" : "s1-t13",
      "begin" : 210,
      "end" : 213,
      "text" : "get",
      "whiteSpace" : false
    }, {
      "id" : "s1-t14",
      "begin" : 214,
      "end" : 221,
      "text" : "through",
      "whiteSpace" : false
    }, {
      "id" : "s1-t15",
      "begin" : 222,
      "end" : 224,
      "text" : "to",
      "whiteSpace" : false
    }, {
      "id" : "s1-t16",
      "begin" : 225,
      "end" : 226,
      "text" : "a",
      "whiteSpace" : false
    }, {
      "id" : "s1-t17",
      "begin" : 227,
      "end" : 233,
      "text" : "single",
      "whiteSpace" : false
    }, {
      "id" : "s1-t18",
      "begin" : 234,
      "end" : 240,
      "text" : "person",
      "whiteSpace" : false
    }, {
      "id" : "s1-t19",
      "begin" : 240,
      "end" : 241,
      "text" : ".",
      "whiteSpace" : false
    } ]
  }, {
    "id" : "s2",
    "begin" : 241,
    "end" : 377,
    "text" : "\\n\\nEven the new \\\"call back\\\" system just disconnects me after I've spent 5 minutes going through a menu and giving my tax information.",
    "tokens" : [ {
      "id" : "s2-t0",
      "begin" : 241,
      "end" : 243,
      "text" : "\\n",
      "whiteSpace" : false
    }, {
      "id" : "s2-t1",
      "begin" : 243,
      "end" : 249,
      "text" : "\\nEven",
      "whiteSpace" : false
    }, {
      "id" : "s2-t2",
      "begin" : 250,
      "end" : 253,
      "text" : "the",
      "whiteSpace" : false
    }, {
      "id" : "s2-t3",
      "begin" : 254,
      "end" : 257,
      "text" : "new",
      "whiteSpace" : false
    }, {
      "id" : "s2-t4",
      "begin" : 258,
      "end" : 260,
      "text" : "\\\"",
      "whiteSpace" : false
    }, {
      "id" : "s2-t5",
      "begin" : 260,
      "end" : 264,
      "text" : "call",
      "whiteSpace" : false
    }, {
      "id" : "s2-t6",
      "begin" : 265,
      "end" : 269,
      "text" : "back",
      "whiteSpace" : false
    }, {
      "id" : "s2-t7",
      "begin" : 269,
      "end" : 270,
      "text" : "\\",
      "whiteSpace" : false
    }, {
      "id" : "s2-t8",
      "begin" : 270,
      "end" : 271,
      "text" : "\"",
      "whiteSpace" : false
    }, {
      "id" : "s2-t9",
      "begin" : 272,
      "end" : 278,
      "text" : "system",
      "whiteSpace" : false
    }, {
      "id" : "s2-t10",
      "begin" : 279,
      "end" : 283,
      "text" : "just",
      "whiteSpace" : false
    }, {
      "id" : "s2-t11",
      "begin" : 284,
      "end" : 295,
      "text" : "disconnects",
      "whiteSpace" : false
    }, {
      "id" : "s2-t12",
      "begin" : 296,
      "end" : 298,
      "text" : "me",
      "whiteSpace" : false
    }, {
      "id" : "s2-t13",
      "begin" : 299,
      "end" : 304,
      "text" : "after",
      "whiteSpace" : false
    }, {
      "id" : "s2-t14",
      "begin" : 305,
      "end" : 306,
      "text" : "I",
      "whiteSpace" : false
    }, {
      "id" : "s2-t15",
      "begin" : 306,
      "end" : 309,
      "text" : "'ve",
      "whiteSpace" : false
    }, {
      "id" : "s2-t16",
      "begin" : 310,
      "end" : 315,
      "text" : "spent",
      "whiteSpace" : false
    }, {
      "id" : "s2-t17",
      "begin" : 316,
      "end" : 317,
      "text" : "5",
      "whiteSpace" : false
    }, {
      "id" : "s2-t18",
      "begin" : 318,
      "end" : 325,
      "text" : "minutes",
      "whiteSpace" : false
    }, {
      "id" : "s2-t19",
      "begin" : 326,
      "end" : 331,
      "text" : "going",
      "whiteSpace" : false
    }, {
      "id" : "s2-t20",
      "begin" : 332,
      "end" : 339,
      "text" : "through",
      "whiteSpace" : false
    }, {
      "id" : "s2-t21",
      "begin" : 340,
      "end" : 341,
      "text" : "a",
      "whiteSpace" : false
    }, {
      "id" : "s2-t22",
      "begin" : 342,
      "end" : 346,
      "text" : "menu",
      "whiteSpace" : false
    }, {
      "id" : "s2-t23",
      "begin" : 347,
      "end" : 350,
      "text" : "and",
      "whiteSpace" : false
    }, {
      "id" : "s2-t24",
      "begin" : 351,
      "end" : 357,
      "text" : "giving",
      "whiteSpace" : false
    }, {
      "id" : "s2-t25",
      "begin" : 358,
      "end" : 360,
      "text" : "my",
      "whiteSpace" : false
    }, {
      "id" : "s2-t26",
      "begin" : 361,
      "end" : 364,
      "text" : "tax",
      "whiteSpace" : false
    }, {
      "id" : "s2-t27",
      "begin" : 365,
      "end" : 376,
      "text" : "information",
      "whiteSpace" : false
    }, {
      "id" : "s2-t28",
      "begin" : 376,
      "end" : 377,
      "text" : ".",
      "whiteSpace" : false
    } ]
  }, {
    "id" : "s3",
    "begin" : 378,
    "end" : 499,
    "text" : "\\n\\nFuck Cuomo, Fuck DeBlasio, literally every other company and small business has a simple call back or waiting system.",
    "tokens" : [ {
      "id" : "s3-t0",
      "begin" : 378,
      "end" : 380,
      "text" : "\\n",
      "whiteSpace" : false
    }, {
      "id" : "s3-t1",
      "begin" : 380,
      "end" : 386,
      "text" : "\\nFuck",
      "whiteSpace" : false
    }, {
      "id" : "s3-t2",
      "begin" : 387,
      "end" : 392,
      "text" : "Cuomo",
      "whiteSpace" : false
    }, {
      "id" : "s3-t3",
      "begin" : 392,
      "end" : 393,
      "text" : ",",
      "whiteSpace" : false
    }, {
      "id" : "s3-t4",
      "begin" : 394,
      "end" : 398,
      "text" : "Fuck",
      "whiteSpace" : false
    }, {
      "id" : "s3-t5",
      "begin" : 399,
      "end" : 407,
      "text" : "DeBlasio",
      "whiteSpace" : false
    }, {
      "id" : "s3-t6",
      "begin" : 407,
      "end" : 408,
      "text" : ",",
      "whiteSpace" : false
    }, {
      "id" : "s3-t7",
      "begin" : 409,
      "end" : 418,
      "text" : "literally",
      "whiteSpace" : false
    }, {
      "id" : "s3-t8",
      "begin" : 419,
      "end" : 424,
      "text" : "every",
      "whiteSpace" : false
    }, {
      "id" : "s3-t9",
      "begin" : 425,
      "end" : 430,
      "text" : "other",
      "whiteSpace" : false
    }, {
      "id" : "s3-t10",
      "begin" : 431,
      "end" : 438,
      "text" : "company",
      "whiteSpace" : false
    }, {
      "id" : "s3-t11",
      "begin" : 439,
      "end" : 442,
      "text" : "and",
      "whiteSpace" : false
    }, {
      "id" : "s3-t12",
      "begin" : 443,
      "end" : 448,
      "text" : "small",
      "whiteSpace" : false
    }, {
      "id" : "s3-t13",
      "begin" : 449,
      "end" : 457,
      "text" : "business",
      "whiteSpace" : false
    }, {
      "id" : "s3-t14",
      "begin" : 458,
      "end" : 461,
      "text" : "has",
      "whiteSpace" : false
    }, {
      "id" : "s3-t15",
      "begin" : 462,
      "end" : 463,
      "text" : "a",
      "whiteSpace" : false
    }, {
      "id" : "s3-t16",
      "begin" : 464,
      "end" : 470,
      "text" : "simple",
      "whiteSpace" : false
    }, {
      "id" : "s3-t17",
      "begin" : 471,
      "end" : 475,
      "text" : "call",
      "whiteSpace" : false
    }, {
      "id" : "s3-t18",
      "begin" : 476,
      "end" : 480,
      "text" : "back",
      "whiteSpace" : false
    }, {
      "id" : "s3-t19",
      "begin" : 481,
      "end" : 483,
      "text" : "or",
      "whiteSpace" : false
    }, {
      "id" : "s3-t20",
      "begin" : 484,
      "end" : 491,
      "text" : "waiting",
      "whiteSpace" : false
    }, {
      "id" : "s3-t21",
      "begin" : 492,
      "end" : 498,
      "text" : "system",
      "whiteSpace" : false
    }, {
      "id" : "s3-t22",
      "begin" : 498,
      "end" : 499,
      "text" : ".",
      "whiteSpace" : false
    } ]
  }, {
    "id" : "s4",
    "begin" : 500,
    "end" : 552,
    "text" : "This influx should have been anticipated months ago.",
    "tokens" : [ {
      "id" : "s4-t0",
      "begin" : 500,
      "end" : 504,
      "text" : "This",
      "whiteSpace" : false
    }, {
      "id" : "s4-t1",
      "begin" : 505,
      "end" : 511,
      "text" : "influx",
      "whiteSpace" : false
    }, {
      "id" : "s4-t2",
      "begin" : 512,
      "end" : 518,
      "text" : "should",
      "whiteSpace" : false
    }, {
      "id" : "s4-t3",
      "begin" : 519,
      "end" : 523,
      "text" : "have",
      "whiteSpace" : false
    }, {
      "id" : "s4-t4",
      "begin" : 524,
      "end" : 528,
      "text" : "been",
      "whiteSpace" : false
    }, {
      "id" : "s4-t5",
      "begin" : 529,
      "end" : 540,
      "text" : "anticipated",
      "whiteSpace" : false
    }, {
      "id" : "s4-t6",
      "begin" : 541,
      "end" : 547,
      "text" : "months",
      "whiteSpace" : false
    }, {
      "id" : "s4-t7",
      "begin" : 548,
      "end" : 551,
      "text" : "ago",
      "whiteSpace" : false
    }, {
      "id" : "s4-t8",
      "begin" : 551,
      "end" : 552,
      "text" : ".",
      "whiteSpace" : false
    } ]
  }, {
    "id" : "s5",
    "begin" : 553,
    "end" : 646,
    "text" : "\\n\\nMy friends who have successfully filed have no word on the federal add on of $600 either.",
    "tokens" : [ {
      "id" : "s5-t0",
      "begin" : 553,
      "end" : 555,
      "text" : "\\n",
      "whiteSpace" : false
    }, {
      "id" : "s5-t1",
      "begin" : 555,
      "end" : 559,
      "text" : "\\nMy",
      "whiteSpace" : false
    }, {
      "id" : "s5-t2",
      "begin" : 560,
      "end" : 567,
      "text" : "friends",
      "whiteSpace" : false
    }, {
      "id" : "s5-t3",
      "begin" : 568,
      "end" : 571,
      "text" : "who",
      "whiteSpace" : false
    }, {
      "id" : "s5-t4",
      "begin" : 572,
      "end" : 576,
      "text" : "have",
      "whiteSpace" : false
    }, {
      "id" : "s5-t5",
      "begin" : 577,
      "end" : 589,
      "text" : "successfully",
      "whiteSpace" : false
    }, {
      "id" : "s5-t6",
      "begin" : 590,
      "end" : 595,
      "text" : "filed",
      "whiteSpace" : false
    }, {
      "id" : "s5-t7",
      "begin" : 596,
      "end" : 600,
      "text" : "have",
      "whiteSpace" : false
    }, {
      "id" : "s5-t8",
      "begin" : 601,
      "end" : 603,
      "text" : "no",
      "whiteSpace" : false
    }, {
      "id" : "s5-t9",
      "begin" : 604,
      "end" : 608,
      "text" : "word",
      "whiteSpace" : false
    }, {
      "id" : "s5-t10",
      "begin" : 609,
      "end" : 611,
      "text" : "on",
      "whiteSpace" : false
    }, {
      "id" : "s5-t11",
      "begin" : 612,
      "end" : 615,
      "text" : "the",
      "whiteSpace" : false
    }, {
      "id" : "s5-t12",
      "begin" : 616,
      "end" : 623,
      "text" : "federal",
      "whiteSpace" : false
    }, {
      "id" : "s5-t13",
      "begin" : 624,
      "end" : 627,
      "text" : "add",
      "whiteSpace" : false
    }, {
      "id" : "s5-t14",
      "begin" : 628,
      "end" : 630,
      "text" : "on",
      "whiteSpace" : false
    }, {
      "id" : "s5-t15",
      "begin" : 631,
      "end" : 633,
      "text" : "of",
      "whiteSpace" : false
    }, {
      "id" : "s5-t16",
      "begin" : 634,
      "end" : 635,
      "text" : "$",
      "whiteSpace" : false
    }, {
      "id" : "s5-t17",
      "begin" : 635,
      "end" : 638,
      "text" : "600",
      "whiteSpace" : false
    }, {
      "id" : "s5-t18",
      "begin" : 639,
      "end" : 645,
      "text" : "either",
      "whiteSpace" : false
    }, {
      "id" : "s5-t19",
      "begin" : 645,
      "end" : 646,
      "text" : ".",
      "whiteSpace" : false
    } ]
  }, {
    "id" : "s6",
    "begin" : 647,
    "end" : 670,
    "text" : "What the fuck, America?",
    "tokens" : [ {
      "id" : "s6-t0",
      "begin" : 647,
      "end" : 651,
      "text" : "What",
      "whiteSpace" : false
    }, {
      "id" : "s6-t1",
      "begin" : 652,
      "end" : 655,
      "text" : "the",
      "whiteSpace" : false
    }, {
      "id" : "s6-t2",
      "begin" : 656,
      "end" : 660,
      "text" : "fuck",
      "whiteSpace" : false
    }, {
      "id" : "s6-t3",
      "begin" : 660,
      "end" : 661,
      "text" : ",",
      "whiteSpace" : false
    }, {
      "id" : "s6-t4",
      "begin" : 662,
      "end" : 669,
      "text" : "America",
      "whiteSpace" : false
    }, {
      "id" : "s6-t5",
      "begin" : 669,
      "end" : 670,
      "text" : "?",
      "whiteSpace" : false
    } ]
  }, {
    "id" : "s7",
    "begin" : 671,
    "end" : 690,
    "text" : "This is despicable.",
    "tokens" : [ {
      "id" : "s7-t0",
      "begin" : 671,
      "end" : 675,
      "text" : "This",
      "whiteSpace" : false
    }, {
      "id" : "s7-t1",
      "begin" : 676,
      "end" : 678,
      "text" : "is",
      "whiteSpace" : false
    }, {
      "id" : "s7-t2",
      "begin" : 679,
      "end" : 689,
      "text" : "despicable",
      "whiteSpace" : false
    }, {
      "id" : "s7-t3",
      "begin" : 689,
      "end" : 690,
      "text" : ".",
      "whiteSpace" : false
    } ]
  }, {
    "id" : "s8",
    "begin" : 691,
    "end" : 838,
    "text" : "\\n\\nYour bail outs saved banks, huge corporations, but you can't even get your shit together to provide us a basic unemployment benefit phone line?",
    "tokens" : [ {
      "id" : "s8-t0",
      "begin" : 691,
      "end" : 693,
      "text" : "\\n",
      "whiteSpace" : false
    }, {
      "id" : "s8-t1",
      "begin" : 693,
      "end" : 699,
      "text" : "\\nYour",
      "whiteSpace" : false
    }, {
      "id" : "s8-t2",
      "begin" : 700,
      "end" : 704,
      "text" : "bail",
      "whiteSpace" : false
    }, {
      "id" : "s8-t3",
      "begin" : 705,
      "end" : 709,
      "text" : "outs",
      "whiteSpace" : false
    }, {
      "id" : "s8-t4",
      "begin" : 710,
      "end" : 715,
      "text" : "saved",
      "whiteSpace" : false
    }, {
      "id" : "s8-t5",
      "begin" : 716,
      "end" : 721,
      "text" : "banks",
      "whiteSpace" : false
    }, {
      "id" : "s8-t6",
      "begin" : 721,
      "end" : 722,
      "text" : ",",
      "whiteSpace" : false
    }, {
      "id" : "s8-t7",
      "begin" : 723,
      "end" : 727,
      "text" : "huge",
      "whiteSpace" : false
    }, {
      "id" : "s8-t8",
      "begin" : 728,
      "end" : 740,
      "text" : "corporations",
      "whiteSpace" : false
    }, {
      "id" : "s8-t9",
      "begin" : 740,
      "end" : 741,
      "text" : ",",
      "whiteSpace" : false
    }, {
      "id" : "s8-t10",
      "begin" : 742,
      "end" : 745,
      "text" : "but",
      "whiteSpace" : false
    }, {
      "id" : "s8-t11",
      "begin" : 746,
      "end" : 749,
      "text" : "you",
      "whiteSpace" : false
    }, {
      "id" : "s8-t12",
      "begin" : 750,
      "end" : 752,
      "text" : "ca",
      "whiteSpace" : false
    }, {
      "id" : "s8-t13",
      "begin" : 752,
      "end" : 755,
      "text" : "n't",
      "whiteSpace" : false
    }, {
      "id" : "s8-t14",
      "begin" : 756,
      "end" : 760,
      "text" : "even",
      "whiteSpace" : false
    }, {
      "id" : "s8-t15",
      "begin" : 761,
      "end" : 764,
      "text" : "get",
      "whiteSpace" : false
    }, {
      "id" : "s8-t16",
      "begin" : 765,
      "end" : 769,
      "text" : "your",
      "whiteSpace" : false
    }, {
      "id" : "s8-t17",
      "begin" : 770,
      "end" : 774,
      "text" : "shit",
      "whiteSpace" : false
    }, {
      "id" : "s8-t18",
      "begin" : 775,
      "end" : 783,
      "text" : "together",
      "whiteSpace" : false
    }, {
      "id" : "s8-t19",
      "begin" : 784,
      "end" : 786,
      "text" : "to",
      "whiteSpace" : false
    }, {
      "id" : "s8-t20",
      "begin" : 787,
      "end" : 794,
      "text" : "provide",
      "whiteSpace" : false
    }, {
      "id" : "s8-t21",
      "begin" : 795,
      "end" : 797,
      "text" : "us",
      "whiteSpace" : false
    }, {
      "id" : "s8-t22",
      "begin" : 798,
      "end" : 799,
      "text" : "a",
      "whiteSpace" : false
    }, {
      "id" : "s8-t23",
      "begin" : 800,
      "end" : 805,
      "text" : "basic",
      "whiteSpace" : false
    }, {
      "id" : "s8-t24",
      "begin" : 806,
      "end" : 818,
      "text" : "unemployment",
      "whiteSpace" : false
    }, {
      "id" : "s8-t25",
      "begin" : 819,
      "end" : 826,
      "text" : "benefit",
      "whiteSpace" : false
    }, {
      "id" : "s8-t26",
      "begin" : 827,
      "end" : 832,
      "text" : "phone",
      "whiteSpace" : false
    }, {
      "id" : "s8-t27",
      "begin" : 833,
      "end" : 837,
      "text" : "line",
      "whiteSpace" : false
    }, {
      "id" : "s8-t28",
      "begin" : 837,
      "end" : 838,
      "text" : "?",
      "whiteSpace" : false
    } ]
  }, {
    "id" : "s9",
    "begin" : 839,
    "end" : 910,
    "text" : "How are we supposed to pay our bills, support families, let alone rent?",
    "tokens" : [ {
      "id" : "s9-t0",
      "begin" : 839,
      "end" : 842,
      "text" : "How",
      "whiteSpace" : false
    }, {
      "id" : "s9-t1",
      "begin" : 843,
      "end" : 846,
      "text" : "are",
      "whiteSpace" : false
    }, {
      "id" : "s9-t2",
      "begin" : 847,
      "end" : 849,
      "text" : "we",
      "whiteSpace" : false
    }, {
      "id" : "s9-t3",
      "begin" : 850,
      "end" : 858,
      "text" : "supposed",
      "whiteSpace" : false
    }, {
      "id" : "s9-t4",
      "begin" : 859,
      "end" : 861,
      "text" : "to",
      "whiteSpace" : false
    }, {
      "id" : "s9-t5",
      "begin" : 862,
      "end" : 865,
      "text" : "pay",
      "whiteSpace" : false
    }, {
      "id" : "s9-t6",
      "begin" : 866,
      "end" : 869,
      "text" : "our",
      "whiteSpace" : false
    }, {
      "id" : "s9-t7",
      "begin" : 870,
      "end" : 875,
      "text" : "bills",
      "whiteSpace" : false
    }, {
      "id" : "s9-t8",
      "begin" : 875,
      "end" : 876,
      "text" : ",",
      "whiteSpace" : false
    }, {
      "id" : "s9-t9",
      "begin" : 877,
      "end" : 884,
      "text" : "support",
      "whiteSpace" : false
    }, {
      "id" : "s9-t10",
      "begin" : 885,
      "end" : 893,
      "text" : "families",
      "whiteSpace" : false
    }, {
      "id" : "s9-t11",
      "begin" : 893,
      "end" : 894,
      "text" : ",",
      "whiteSpace" : false
    }, {
      "id" : "s9-t12",
      "begin" : 895,
      "end" : 898,
      "text" : "let",
      "whiteSpace" : false
    }, {
      "id" : "s9-t13",
      "begin" : 899,
      "end" : 904,
      "text" : "alone",
      "whiteSpace" : false
    }, {
      "id" : "s9-t14",
      "begin" : 905,
      "end" : 909,
      "text" : "rent",
      "whiteSpace" : false
    }, {
      "id" : "s9-t15",
      "begin" : 909,
      "end" : 910,
      "text" : "?",
      "whiteSpace" : false
    } ]
  }, {
    "id" : "s10",
    "begin" : 910,
    "end" : 997,
    "text" : "\",\"author_fullname\":\"t2_16ypq3\",\"title\":\"NYC Unemployment Sign-Up is an Absolute Joke\"}",
    "tokens" : [ {
      "id" : "s10-t0",
      "begin" : 910,
      "end" : 911,
      "text" : "\"",
      "whiteSpace" : false
    }, {
      "id" : "s10-t1",
      "begin" : 911,
      "end" : 912,
      "text" : ",",
      "whiteSpace" : false
    }, {
      "id" : "s10-t2",
      "begin" : 912,
      "end" : 913,
      "text" : "\"",
      "whiteSpace" : false
    }, {
      "id" : "s10-t3",
      "begin" : 913,
      "end" : 928,
      "text" : "author_fullname",
      "whiteSpace" : false
    }, {
      "id" : "s10-t4",
      "begin" : 928,
      "end" : 929,
      "text" : "\"",
      "whiteSpace" : false
    }, {
      "id" : "s10-t5",
      "begin" : 929,
      "end" : 930,
      "text" : ":",
      "whiteSpace" : false
    }, {
      "id" : "s10-t6",
      "begin" : 930,
      "end" : 931,
      "text" : "\"",
      "whiteSpace" : false
    }, {
      "id" : "s10-t7",
      "begin" : 931,
      "end" : 940,
      "text" : "t2_16ypq3",
      "whiteSpace" : false
    }, {
      "id" : "s10-t8",
      "begin" : 940,
      "end" : 941,
      "text" : "\"",
      "whiteSpace" : false
    }, {
      "id" : "s10-t9",
      "begin" : 941,
      "end" : 942,
      "text" : ",",
      "whiteSpace" : false
    }, {
      "id" : "s10-t10",
      "begin" : 942,
      "end" : 943,
      "text" : "\"",
      "whiteSpace" : false
    }, {
      "id" : "s10-t11",
      "begin" : 943,
      "end" : 948,
      "text" : "title",
      "whiteSpace" : false
    }, {
      "id" : "s10-t12",
      "begin" : 948,
      "end" : 949,
      "text" : "\"",
      "whiteSpace" : false
    }, {
      "id" : "s10-t13",
      "begin" : 949,
      "end" : 950,
      "text" : ":",
      "whiteSpace" : false
    }, {
      "id" : "s10-t14",
      "begin" : 950,
      "end" : 951,
      "text" : "\"",
      "whiteSpace" : false
    }, {
      "id" : "s10-t15",
      "begin" : 951,
      "end" : 954,
      "text" : "NYC",
      "whiteSpace" : false
    }, {
      "id" : "s10-t16",
      "begin" : 955,
      "end" : 967,
      "text" : "Unemployment",
      "whiteSpace" : false
    }, {
      "id" : "s10-t17",
      "begin" : 968,
      "end" : 972,
      "text" : "Sign",
      "whiteSpace" : false
    }, {
      "id" : "s10-t18",
      "begin" : 972,
      "end" : 973,
      "text" : "-",
      "whiteSpace" : false
    }, {
      "id" : "s10-t19",
      "begin" : 973,
      "end" : 975,
      "text" : "Up",
      "whiteSpace" : false
    }, {
      "id" : "s10-t20",
      "begin" : 976,
      "end" : 978,
      "text" : "is",
      "whiteSpace" : false
    }, {
      "id" : "s10-t21",
      "begin" : 979,
      "end" : 981,
      "text" : "an",
      "whiteSpace" : false
    }, {
      "id" : "s10-t22",
      "begin" : 982,
      "end" : 990,
      "text" : "Absolute",
      "whiteSpace" : false
    }, {
      "id" : "s10-t23",
      "begin" : 991,
      "end" : 995,
      "text" : "Joke",
      "whiteSpace" : false
    }, {
      "id" : "s10-t24",
      "begin" : 995,
      "end" : 996,
      "text" : "\"",
      "whiteSpace" : false
    }, {
      "id" : "s10-t25",
      "begin" : 996,
      "end" : 997,
      "text" : "}",
      "whiteSpace" : false
    } ]
  } ],
  "mentions" : [ {
    "id" : "s8-m2",
    "properties" : {
      "SIRE_MENTION_ROLE" : "Unemployed",
      "SIRE_ENTITY_SUBTYPE" : "NONE",
      "SIRE_MENTION_TYPE" : "NONE",
      "SIRE_MENTION_CLASS" : "SPC"
    },
    "type" : "Unemployed",
    "begin" : 806,
    "end" : 826,
    "inCoref" : false
  }, {
    "id" : "m2",
    "properties" : {
      "SIRE_MENTION_TYPE" : "NONE",
      "SIRE_MENTION_ROLE" : "Unemployed",
      "SIRE_MENTION_CLASS" : "SPC",
      "SIRE_ENTITY_SUBTYPE" : "NONE"
    },
    "type" : "Unemployed",
    "begin" : 806,
    "end" : 818,
    "inCoref" : false
  }, {
    "id" : "s9-m1",
    "properties" : {
      "SIRE_MENTION_ROLE" : "Apartment_Renter",
      "SIRE_ENTITY_SUBTYPE" : "NONE",
      "SIRE_MENTION_TYPE" : "NONE",
      "SIRE_MENTION_CLASS" : "SPC"
    },
    "type" : "Apartment_Renter",
    "begin" : 905,
    "end" : 909,
    "inCoref" : false
  }, {
    "id" : "m3",
    "properties" : {
      "SIRE_MENTION_TYPE" : "NONE",
      "SIRE_MENTION_ROLE" : "Unemployed",
      "SIRE_MENTION_CLASS" : "SPC",
      "SIRE_ENTITY_SUBTYPE" : "NONE"
    },
    "type" : "Unemployed",
    "begin" : 955,
    "end" : 967,
    "inCoref" : false
  } ],
  "relations" : [ ],
  "corefs" : [ ],
  "typeResolved" : true,
  "userResolved" : false
}