{
  "id" : "c318d3f0-9420-11ea-8a2d-81b8af140d06-25",
  "name" : "nyc-doc-77.txt",
  "createdDate" : 0,
  "version" : 3,
  "text" : "{\"text\":\"Don't know if this is the right place to post, so I apologize if I am incorrect. I just haven't been in this position before, and I am sure there will be more people in the same boat in NYC.\\n\\nAt the end of the workday yesterday, I was told via a group phone call that we are no longer needed for the time being, due to concerns about the corona virus pandemic. It was all very vague, and we all quickly hung up.\\n\\nI know that I can try to file for unemployment on Monday, and have immediately canceled the few subscription services that I have, in order to save money, as well as making my food at home and not going out at all for the past few weeks. I generally keep to myself, so the social isolation thing kind of takes care of itself anyway.\\n\\nBut I am just looking for any advice concerning what to do regarding resources in finding jobs, my rights/options as an apartment renter in NYC, health services, etc. Any information about anything would be greatly appreciated, thanks.\",\"author_fullname\":\"t2_dcahm\",\"title\":\"So I was just laid off. Now what?\"}\n",
  "docLength" : 0,
  "language" : "EN",
  "status" : "IN_PROGRESS",
  "modifiedDate" : 1589335944505,
  "documentSet" : [ ],
  "preannotation" : [ "PRE_LW" ],
  "sentences" : [ {
    "id" : "s0",
    "begin" : 0,
    "end" : 89,
    "text" : "{\"text\":\"Don't know if this is the right place to post, so I apologize if I am incorrect.",
    "tokens" : [ {
      "id" : "s0-t0",
      "begin" : 0,
      "end" : 1,
      "text" : "{",
      "whiteSpace" : false
    }, {
      "id" : "s0-t1",
      "begin" : 1,
      "end" : 2,
      "text" : "\"",
      "whiteSpace" : false
    }, {
      "id" : "s0-t2",
      "begin" : 2,
      "end" : 6,
      "text" : "text",
      "whiteSpace" : false
    }, {
      "id" : "s0-t3",
      "begin" : 6,
      "end" : 7,
      "text" : "\"",
      "whiteSpace" : false
    }, {
      "id" : "s0-t4",
      "begin" : 7,
      "end" : 8,
      "text" : ":",
      "whiteSpace" : false
    }, {
      "id" : "s0-t5",
      "begin" : 8,
      "end" : 9,
      "text" : "\"",
      "whiteSpace" : false
    }, {
      "id" : "s0-t6",
      "begin" : 9,
      "end" : 11,
      "text" : "Do",
      "whiteSpace" : false
    }, {
      "id" : "s0-t7",
      "begin" : 11,
      "end" : 14,
      "text" : "n't",
      "whiteSpace" : false
    }, {
      "id" : "s0-t8",
      "begin" : 15,
      "end" : 19,
      "text" : "know",
      "whiteSpace" : false
    }, {
      "id" : "s0-t9",
      "begin" : 20,
      "end" : 22,
      "text" : "if",
      "whiteSpace" : false
    }, {
      "id" : "s0-t10",
      "begin" : 23,
      "end" : 27,
      "text" : "this",
      "whiteSpace" : false
    }, {
      "id" : "s0-t11",
      "begin" : 28,
      "end" : 30,
      "text" : "is",
      "whiteSpace" : false
    }, {
      "id" : "s0-t12",
      "begin" : 31,
      "end" : 34,
      "text" : "the",
      "whiteSpace" : false
    }, {
      "id" : "s0-t13",
      "begin" : 35,
      "end" : 40,
      "text" : "right",
      "whiteSpace" : false
    }, {
      "id" : "s0-t14",
      "begin" : 41,
      "end" : 46,
      "text" : "place",
      "whiteSpace" : false
    }, {
      "id" : "s0-t15",
      "begin" : 47,
      "end" : 49,
      "text" : "to",
      "whiteSpace" : false
    }, {
      "id" : "s0-t16",
      "begin" : 50,
      "end" : 54,
      "text" : "post",
      "whiteSpace" : false
    }, {
      "id" : "s0-t17",
      "begin" : 54,
      "end" : 55,
      "text" : ",",
      "whiteSpace" : false
    }, {
      "id" : "s0-t18",
      "begin" : 56,
      "end" : 58,
      "text" : "so",
      "whiteSpace" : false
    }, {
      "id" : "s0-t19",
      "begin" : 59,
      "end" : 60,
      "text" : "I",
      "whiteSpace" : false
    }, {
      "id" : "s0-t20",
      "begin" : 61,
      "end" : 70,
      "text" : "apologize",
      "whiteSpace" : false
    }, {
      "id" : "s0-t21",
      "begin" : 71,
      "end" : 73,
      "text" : "if",
      "whiteSpace" : false
    }, {
      "id" : "s0-t22",
      "begin" : 74,
      "end" : 75,
      "text" : "I",
      "whiteSpace" : false
    }, {
      "id" : "s0-t23",
      "begin" : 76,
      "end" : 78,
      "text" : "am",
      "whiteSpace" : false
    }, {
      "id" : "s0-t24",
      "begin" : 79,
      "end" : 88,
      "text" : "incorrect",
      "whiteSpace" : false
    }, {
      "id" : "s0-t25",
      "begin" : 88,
      "end" : 89,
      "text" : ".",
      "whiteSpace" : false
    } ]
  }, {
    "id" : "s1",
    "begin" : 90,
    "end" : 371,
    "text" : "I just haven't been in this position before, and I am sure there will be more people in the same boat in NYC.\\n\\nAt the end of the workday yesterday, I was told via a group phone call that we are no longer needed for the time being, due to concerns about the corona virus pandemic.",
    "tokens" : [ {
      "id" : "s1-t0",
      "begin" : 90,
      "end" : 91,
      "text" : "I",
      "whiteSpace" : false
    }, {
      "id" : "s1-t1",
      "begin" : 92,
      "end" : 96,
      "text" : "just",
      "whiteSpace" : false
    }, {
      "id" : "s1-t2",
      "begin" : 97,
      "end" : 101,
      "text" : "have",
      "whiteSpace" : false
    }, {
      "id" : "s1-t3",
      "begin" : 101,
      "end" : 104,
      "text" : "n't",
      "whiteSpace" : false
    }, {
      "id" : "s1-t4",
      "begin" : 105,
      "end" : 109,
      "text" : "been",
      "whiteSpace" : false
    }, {
      "id" : "s1-t5",
      "begin" : 110,
      "end" : 112,
      "text" : "in",
      "whiteSpace" : false
    }, {
      "id" : "s1-t6",
      "begin" : 113,
      "end" : 117,
      "text" : "this",
      "whiteSpace" : false
    }, {
      "id" : "s1-t7",
      "begin" : 118,
      "end" : 126,
      "text" : "position",
      "whiteSpace" : false
    }, {
      "id" : "s1-t8",
      "begin" : 127,
      "end" : 133,
      "text" : "before",
      "whiteSpace" : false
    }, {
      "id" : "s1-t9",
      "begin" : 133,
      "end" : 134,
      "text" : ",",
      "whiteSpace" : false
    }, {
      "id" : "s1-t10",
      "begin" : 135,
      "end" : 138,
      "text" : "and",
      "whiteSpace" : false
    }, {
      "id" : "s1-t11",
      "begin" : 139,
      "end" : 140,
      "text" : "I",
      "whiteSpace" : false
    }, {
      "id" : "s1-t12",
      "begin" : 141,
      "end" : 143,
      "text" : "am",
      "whiteSpace" : false
    }, {
      "id" : "s1-t13",
      "begin" : 144,
      "end" : 148,
      "text" : "sure",
      "whiteSpace" : false
    }, {
      "id" : "s1-t14",
      "begin" : 149,
      "end" : 154,
      "text" : "there",
      "whiteSpace" : false
    }, {
      "id" : "s1-t15",
      "begin" : 155,
      "end" : 159,
      "text" : "will",
      "whiteSpace" : false
    }, {
      "id" : "s1-t16",
      "begin" : 160,
      "end" : 162,
      "text" : "be",
      "whiteSpace" : false
    }, {
      "id" : "s1-t17",
      "begin" : 163,
      "end" : 167,
      "text" : "more",
      "whiteSpace" : false
    }, {
      "id" : "s1-t18",
      "begin" : 168,
      "end" : 174,
      "text" : "people",
      "whiteSpace" : false
    }, {
      "id" : "s1-t19",
      "begin" : 175,
      "end" : 177,
      "text" : "in",
      "whiteSpace" : false
    }, {
      "id" : "s1-t20",
      "begin" : 178,
      "end" : 181,
      "text" : "the",
      "whiteSpace" : false
    }, {
      "id" : "s1-t21",
      "begin" : 182,
      "end" : 186,
      "text" : "same",
      "whiteSpace" : false
    }, {
      "id" : "s1-t22",
      "begin" : 187,
      "end" : 191,
      "text" : "boat",
      "whiteSpace" : false
    }, {
      "id" : "s1-t23",
      "begin" : 192,
      "end" : 194,
      "text" : "in",
      "whiteSpace" : false
    }, {
      "id" : "s1-t24",
      "begin" : 195,
      "end" : 199,
      "text" : "NYC.",
      "whiteSpace" : false
    }, {
      "id" : "s1-t25",
      "begin" : 199,
      "end" : 201,
      "text" : "\\n",
      "whiteSpace" : false
    }, {
      "id" : "s1-t26",
      "begin" : 201,
      "end" : 205,
      "text" : "\\nAt",
      "whiteSpace" : false
    }, {
      "id" : "s1-t27",
      "begin" : 206,
      "end" : 209,
      "text" : "the",
      "whiteSpace" : false
    }, {
      "id" : "s1-t28",
      "begin" : 210,
      "end" : 213,
      "text" : "end",
      "whiteSpace" : false
    }, {
      "id" : "s1-t29",
      "begin" : 214,
      "end" : 216,
      "text" : "of",
      "whiteSpace" : false
    }, {
      "id" : "s1-t30",
      "begin" : 217,
      "end" : 220,
      "text" : "the",
      "whiteSpace" : false
    }, {
      "id" : "s1-t31",
      "begin" : 221,
      "end" : 228,
      "text" : "workday",
      "whiteSpace" : false
    }, {
      "id" : "s1-t32",
      "begin" : 229,
      "end" : 238,
      "text" : "yesterday",
      "whiteSpace" : false
    }, {
      "id" : "s1-t33",
      "begin" : 238,
      "end" : 239,
      "text" : ",",
      "whiteSpace" : false
    }, {
      "id" : "s1-t34",
      "begin" : 240,
      "end" : 241,
      "text" : "I",
      "whiteSpace" : false
    }, {
      "id" : "s1-t35",
      "begin" : 242,
      "end" : 245,
      "text" : "was",
      "whiteSpace" : false
    }, {
      "id" : "s1-t36",
      "begin" : 246,
      "end" : 250,
      "text" : "told",
      "whiteSpace" : false
    }, {
      "id" : "s1-t37",
      "begin" : 251,
      "end" : 254,
      "text" : "via",
      "whiteSpace" : false
    }, {
      "id" : "s1-t38",
      "begin" : 255,
      "end" : 256,
      "text" : "a",
      "whiteSpace" : false
    }, {
      "id" : "s1-t39",
      "begin" : 257,
      "end" : 262,
      "text" : "group",
      "whiteSpace" : false
    }, {
      "id" : "s1-t40",
      "begin" : 263,
      "end" : 268,
      "text" : "phone",
      "whiteSpace" : false
    }, {
      "id" : "s1-t41",
      "begin" : 269,
      "end" : 273,
      "text" : "call",
      "whiteSpace" : false
    }, {
      "id" : "s1-t42",
      "begin" : 274,
      "end" : 278,
      "text" : "that",
      "whiteSpace" : false
    }, {
      "id" : "s1-t43",
      "begin" : 279,
      "end" : 281,
      "text" : "we",
      "whiteSpace" : false
    }, {
      "id" : "s1-t44",
      "begin" : 282,
      "end" : 285,
      "text" : "are",
      "whiteSpace" : false
    }, {
      "id" : "s1-t45",
      "begin" : 286,
      "end" : 288,
      "text" : "no",
      "whiteSpace" : false
    }, {
      "id" : "s1-t46",
      "begin" : 289,
      "end" : 295,
      "text" : "longer",
      "whiteSpace" : false
    }, {
      "id" : "s1-t47",
      "begin" : 296,
      "end" : 302,
      "text" : "needed",
      "whiteSpace" : false
    }, {
      "id" : "s1-t48",
      "begin" : 303,
      "end" : 306,
      "text" : "for",
      "whiteSpace" : false
    }, {
      "id" : "s1-t49",
      "begin" : 307,
      "end" : 310,
      "text" : "the",
      "whiteSpace" : false
    }, {
      "id" : "s1-t50",
      "begin" : 311,
      "end" : 315,
      "text" : "time",
      "whiteSpace" : false
    }, {
      "id" : "s1-t51",
      "begin" : 316,
      "end" : 321,
      "text" : "being",
      "whiteSpace" : false
    }, {
      "id" : "s1-t52",
      "begin" : 321,
      "end" : 322,
      "text" : ",",
      "whiteSpace" : false
    }, {
      "id" : "s1-t53",
      "begin" : 323,
      "end" : 326,
      "text" : "due",
      "whiteSpace" : false
    }, {
      "id" : "s1-t54",
      "begin" : 327,
      "end" : 329,
      "text" : "to",
      "whiteSpace" : false
    }, {
      "id" : "s1-t55",
      "begin" : 330,
      "end" : 338,
      "text" : "concerns",
      "whiteSpace" : false
    }, {
      "id" : "s1-t56",
      "begin" : 339,
      "end" : 344,
      "text" : "about",
      "whiteSpace" : false
    }, {
      "id" : "s1-t57",
      "begin" : 345,
      "end" : 348,
      "text" : "the",
      "whiteSpace" : false
    }, {
      "id" : "s1-t58",
      "begin" : 349,
      "end" : 355,
      "text" : "corona",
      "whiteSpace" : false
    }, {
      "id" : "s1-t59",
      "begin" : 356,
      "end" : 361,
      "text" : "virus",
      "whiteSpace" : false
    }, {
      "id" : "s1-t60",
      "begin" : 362,
      "end" : 370,
      "text" : "pandemic",
      "whiteSpace" : false
    }, {
      "id" : "s1-t61",
      "begin" : 370,
      "end" : 371,
      "text" : ".",
      "whiteSpace" : false
    } ]
  }, {
    "id" : "s2",
    "begin" : 372,
    "end" : 422,
    "text" : "It was all very vague, and we all quickly hung up.",
    "tokens" : [ {
      "id" : "s2-t0",
      "begin" : 372,
      "end" : 374,
      "text" : "It",
      "whiteSpace" : false
    }, {
      "id" : "s2-t1",
      "begin" : 375,
      "end" : 378,
      "text" : "was",
      "whiteSpace" : false
    }, {
      "id" : "s2-t2",
      "begin" : 379,
      "end" : 382,
      "text" : "all",
      "whiteSpace" : false
    }, {
      "id" : "s2-t3",
      "begin" : 383,
      "end" : 387,
      "text" : "very",
      "whiteSpace" : false
    }, {
      "id" : "s2-t4",
      "begin" : 388,
      "end" : 393,
      "text" : "vague",
      "whiteSpace" : false
    }, {
      "id" : "s2-t5",
      "begin" : 393,
      "end" : 394,
      "text" : ",",
      "whiteSpace" : false
    }, {
      "id" : "s2-t6",
      "begin" : 395,
      "end" : 398,
      "text" : "and",
      "whiteSpace" : false
    }, {
      "id" : "s2-t7",
      "begin" : 399,
      "end" : 401,
      "text" : "we",
      "whiteSpace" : false
    }, {
      "id" : "s2-t8",
      "begin" : 402,
      "end" : 405,
      "text" : "all",
      "whiteSpace" : false
    }, {
      "id" : "s2-t9",
      "begin" : 406,
      "end" : 413,
      "text" : "quickly",
      "whiteSpace" : false
    }, {
      "id" : "s2-t10",
      "begin" : 414,
      "end" : 418,
      "text" : "hung",
      "whiteSpace" : false
    }, {
      "id" : "s2-t11",
      "begin" : 419,
      "end" : 421,
      "text" : "up",
      "whiteSpace" : false
    }, {
      "id" : "s2-t12",
      "begin" : 421,
      "end" : 422,
      "text" : ".",
      "whiteSpace" : false
    } ]
  }, {
    "id" : "s3",
    "begin" : 422,
    "end" : 663,
    "text" : "\\n\\nI know that I can try to file for unemployment on Monday, and have immediately canceled the few subscription services that I have, in order to save money, as well as making my food at home and not going out at all for the past few weeks.",
    "tokens" : [ {
      "id" : "s3-t0",
      "begin" : 422,
      "end" : 424,
      "text" : "\\n",
      "whiteSpace" : false
    }, {
      "id" : "s3-t1",
      "begin" : 424,
      "end" : 427,
      "text" : "\\nI",
      "whiteSpace" : false
    }, {
      "id" : "s3-t2",
      "begin" : 428,
      "end" : 432,
      "text" : "know",
      "whiteSpace" : false
    }, {
      "id" : "s3-t3",
      "begin" : 433,
      "end" : 437,
      "text" : "that",
      "whiteSpace" : false
    }, {
      "id" : "s3-t4",
      "begin" : 438,
      "end" : 439,
      "text" : "I",
      "whiteSpace" : false
    }, {
      "id" : "s3-t5",
      "begin" : 440,
      "end" : 443,
      "text" : "can",
      "whiteSpace" : false
    }, {
      "id" : "s3-t6",
      "begin" : 444,
      "end" : 447,
      "text" : "try",
      "whiteSpace" : false
    }, {
      "id" : "s3-t7",
      "begin" : 448,
      "end" : 450,
      "text" : "to",
      "whiteSpace" : false
    }, {
      "id" : "s3-t8",
      "begin" : 451,
      "end" : 455,
      "text" : "file",
      "whiteSpace" : false
    }, {
      "id" : "s3-t9",
      "begin" : 456,
      "end" : 459,
      "text" : "for",
      "whiteSpace" : false
    }, {
      "id" : "s3-t10",
      "begin" : 460,
      "end" : 472,
      "text" : "unemployment",
      "whiteSpace" : false
    }, {
      "id" : "s3-t11",
      "begin" : 473,
      "end" : 475,
      "text" : "on",
      "whiteSpace" : false
    }, {
      "id" : "s3-t12",
      "begin" : 476,
      "end" : 482,
      "text" : "Monday",
      "whiteSpace" : false
    }, {
      "id" : "s3-t13",
      "begin" : 482,
      "end" : 483,
      "text" : ",",
      "whiteSpace" : false
    }, {
      "id" : "s3-t14",
      "begin" : 484,
      "end" : 487,
      "text" : "and",
      "whiteSpace" : false
    }, {
      "id" : "s3-t15",
      "begin" : 488,
      "end" : 492,
      "text" : "have",
      "whiteSpace" : false
    }, {
      "id" : "s3-t16",
      "begin" : 493,
      "end" : 504,
      "text" : "immediately",
      "whiteSpace" : false
    }, {
      "id" : "s3-t17",
      "begin" : 505,
      "end" : 513,
      "text" : "canceled",
      "whiteSpace" : false
    }, {
      "id" : "s3-t18",
      "begin" : 514,
      "end" : 517,
      "text" : "the",
      "whiteSpace" : false
    }, {
      "id" : "s3-t19",
      "begin" : 518,
      "end" : 521,
      "text" : "few",
      "whiteSpace" : false
    }, {
      "id" : "s3-t20",
      "begin" : 522,
      "end" : 534,
      "text" : "subscription",
      "whiteSpace" : false
    }, {
      "id" : "s3-t21",
      "begin" : 535,
      "end" : 543,
      "text" : "services",
      "whiteSpace" : false
    }, {
      "id" : "s3-t22",
      "begin" : 544,
      "end" : 548,
      "text" : "that",
      "whiteSpace" : false
    }, {
      "id" : "s3-t23",
      "begin" : 549,
      "end" : 550,
      "text" : "I",
      "whiteSpace" : false
    }, {
      "id" : "s3-t24",
      "begin" : 551,
      "end" : 555,
      "text" : "have",
      "whiteSpace" : false
    }, {
      "id" : "s3-t25",
      "begin" : 555,
      "end" : 556,
      "text" : ",",
      "whiteSpace" : false
    }, {
      "id" : "s3-t26",
      "begin" : 557,
      "end" : 559,
      "text" : "in",
      "whiteSpace" : false
    }, {
      "id" : "s3-t27",
      "begin" : 560,
      "end" : 565,
      "text" : "order",
      "whiteSpace" : false
    }, {
      "id" : "s3-t28",
      "begin" : 566,
      "end" : 568,
      "text" : "to",
      "whiteSpace" : false
    }, {
      "id" : "s3-t29",
      "begin" : 569,
      "end" : 573,
      "text" : "save",
      "whiteSpace" : false
    }, {
      "id" : "s3-t30",
      "begin" : 574,
      "end" : 579,
      "text" : "money",
      "whiteSpace" : false
    }, {
      "id" : "s3-t31",
      "begin" : 579,
      "end" : 580,
      "text" : ",",
      "whiteSpace" : false
    }, {
      "id" : "s3-t32",
      "begin" : 581,
      "end" : 583,
      "text" : "as",
      "whiteSpace" : false
    }, {
      "id" : "s3-t33",
      "begin" : 584,
      "end" : 588,
      "text" : "well",
      "whiteSpace" : false
    }, {
      "id" : "s3-t34",
      "begin" : 589,
      "end" : 591,
      "text" : "as",
      "whiteSpace" : false
    }, {
      "id" : "s3-t35",
      "begin" : 592,
      "end" : 598,
      "text" : "making",
      "whiteSpace" : false
    }, {
      "id" : "s3-t36",
      "begin" : 599,
      "end" : 601,
      "text" : "my",
      "whiteSpace" : false
    }, {
      "id" : "s3-t37",
      "begin" : 602,
      "end" : 606,
      "text" : "food",
      "whiteSpace" : false
    }, {
      "id" : "s3-t38",
      "begin" : 607,
      "end" : 609,
      "text" : "at",
      "whiteSpace" : false
    }, {
      "id" : "s3-t39",
      "begin" : 610,
      "end" : 614,
      "text" : "home",
      "whiteSpace" : false
    }, {
      "id" : "s3-t40",
      "begin" : 615,
      "end" : 618,
      "text" : "and",
      "whiteSpace" : false
    }, {
      "id" : "s3-t41",
      "begin" : 619,
      "end" : 622,
      "text" : "not",
      "whiteSpace" : false
    }, {
      "id" : "s3-t42",
      "begin" : 623,
      "end" : 628,
      "text" : "going",
      "whiteSpace" : false
    }, {
      "id" : "s3-t43",
      "begin" : 629,
      "end" : 632,
      "text" : "out",
      "whiteSpace" : false
    }, {
      "id" : "s3-t44",
      "begin" : 633,
      "end" : 635,
      "text" : "at",
      "whiteSpace" : false
    }, {
      "id" : "s3-t45",
      "begin" : 636,
      "end" : 639,
      "text" : "all",
      "whiteSpace" : false
    }, {
      "id" : "s3-t46",
      "begin" : 640,
      "end" : 643,
      "text" : "for",
      "whiteSpace" : false
    }, {
      "id" : "s3-t47",
      "begin" : 644,
      "end" : 647,
      "text" : "the",
      "whiteSpace" : false
    }, {
      "id" : "s3-t48",
      "begin" : 648,
      "end" : 652,
      "text" : "past",
      "whiteSpace" : false
    }, {
      "id" : "s3-t49",
      "begin" : 653,
      "end" : 656,
      "text" : "few",
      "whiteSpace" : false
    }, {
      "id" : "s3-t50",
      "begin" : 657,
      "end" : 662,
      "text" : "weeks",
      "whiteSpace" : false
    }, {
      "id" : "s3-t51",
      "begin" : 662,
      "end" : 663,
      "text" : ".",
      "whiteSpace" : false
    } ]
  }, {
    "id" : "s4",
    "begin" : 664,
    "end" : 758,
    "text" : "I generally keep to myself, so the social isolation thing kind of takes care of itself anyway.",
    "tokens" : [ {
      "id" : "s4-t0",
      "begin" : 664,
      "end" : 665,
      "text" : "I",
      "whiteSpace" : false
    }, {
      "id" : "s4-t1",
      "begin" : 666,
      "end" : 675,
      "text" : "generally",
      "whiteSpace" : false
    }, {
      "id" : "s4-t2",
      "begin" : 676,
      "end" : 680,
      "text" : "keep",
      "whiteSpace" : false
    }, {
      "id" : "s4-t3",
      "begin" : 681,
      "end" : 683,
      "text" : "to",
      "whiteSpace" : false
    }, {
      "id" : "s4-t4",
      "begin" : 684,
      "end" : 690,
      "text" : "myself",
      "whiteSpace" : false
    }, {
      "id" : "s4-t5",
      "begin" : 690,
      "end" : 691,
      "text" : ",",
      "whiteSpace" : false
    }, {
      "id" : "s4-t6",
      "begin" : 692,
      "end" : 694,
      "text" : "so",
      "whiteSpace" : false
    }, {
      "id" : "s4-t7",
      "begin" : 695,
      "end" : 698,
      "text" : "the",
      "whiteSpace" : false
    }, {
      "id" : "s4-t8",
      "begin" : 699,
      "end" : 705,
      "text" : "social",
      "whiteSpace" : false
    }, {
      "id" : "s4-t9",
      "begin" : 706,
      "end" : 715,
      "text" : "isolation",
      "whiteSpace" : false
    }, {
      "id" : "s4-t10",
      "begin" : 716,
      "end" : 721,
      "text" : "thing",
      "whiteSpace" : false
    }, {
      "id" : "s4-t11",
      "begin" : 722,
      "end" : 726,
      "text" : "kind",
      "whiteSpace" : false
    }, {
      "id" : "s4-t12",
      "begin" : 727,
      "end" : 729,
      "text" : "of",
      "whiteSpace" : false
    }, {
      "id" : "s4-t13",
      "begin" : 730,
      "end" : 735,
      "text" : "takes",
      "whiteSpace" : false
    }, {
      "id" : "s4-t14",
      "begin" : 736,
      "end" : 740,
      "text" : "care",
      "whiteSpace" : false
    }, {
      "id" : "s4-t15",
      "begin" : 741,
      "end" : 743,
      "text" : "of",
      "whiteSpace" : false
    }, {
      "id" : "s4-t16",
      "begin" : 744,
      "end" : 750,
      "text" : "itself",
      "whiteSpace" : false
    }, {
      "id" : "s4-t17",
      "begin" : 751,
      "end" : 757,
      "text" : "anyway",
      "whiteSpace" : false
    }, {
      "id" : "s4-t18",
      "begin" : 757,
      "end" : 758,
      "text" : ".",
      "whiteSpace" : false
    } ]
  }, {
    "id" : "s5",
    "begin" : 758,
    "end" : 997,
    "text" : "\\n\\nBut I am just looking for any advice concerning what to do regarding resources in finding jobs, my rights/options as an apartment renter in NYC, health services, etc. Any information about anything would be greatly appreciated, thanks.",
    "tokens" : [ {
      "id" : "s5-t0",
      "begin" : 758,
      "end" : 760,
      "text" : "\\n",
      "whiteSpace" : false
    }, {
      "id" : "s5-t1",
      "begin" : 760,
      "end" : 765,
      "text" : "\\nBut",
      "whiteSpace" : false
    }, {
      "id" : "s5-t2",
      "begin" : 766,
      "end" : 767,
      "text" : "I",
      "whiteSpace" : false
    }, {
      "id" : "s5-t3",
      "begin" : 768,
      "end" : 770,
      "text" : "am",
      "whiteSpace" : false
    }, {
      "id" : "s5-t4",
      "begin" : 771,
      "end" : 775,
      "text" : "just",
      "whiteSpace" : false
    }, {
      "id" : "s5-t5",
      "begin" : 776,
      "end" : 783,
      "text" : "looking",
      "whiteSpace" : false
    }, {
      "id" : "s5-t6",
      "begin" : 784,
      "end" : 787,
      "text" : "for",
      "whiteSpace" : false
    }, {
      "id" : "s5-t7",
      "begin" : 788,
      "end" : 791,
      "text" : "any",
      "whiteSpace" : false
    }, {
      "id" : "s5-t8",
      "begin" : 792,
      "end" : 798,
      "text" : "advice",
      "whiteSpace" : false
    }, {
      "id" : "s5-t9",
      "begin" : 799,
      "end" : 809,
      "text" : "concerning",
      "whiteSpace" : false
    }, {
      "id" : "s5-t10",
      "begin" : 810,
      "end" : 814,
      "text" : "what",
      "whiteSpace" : false
    }, {
      "id" : "s5-t11",
      "begin" : 815,
      "end" : 817,
      "text" : "to",
      "whiteSpace" : false
    }, {
      "id" : "s5-t12",
      "begin" : 818,
      "end" : 820,
      "text" : "do",
      "whiteSpace" : false
    }, {
      "id" : "s5-t13",
      "begin" : 821,
      "end" : 830,
      "text" : "regarding",
      "whiteSpace" : false
    }, {
      "id" : "s5-t14",
      "begin" : 831,
      "end" : 840,
      "text" : "resources",
      "whiteSpace" : false
    }, {
      "id" : "s5-t15",
      "begin" : 841,
      "end" : 843,
      "text" : "in",
      "whiteSpace" : false
    }, {
      "id" : "s5-t16",
      "begin" : 844,
      "end" : 851,
      "text" : "finding",
      "whiteSpace" : false
    }, {
      "id" : "s5-t17",
      "begin" : 852,
      "end" : 856,
      "text" : "jobs",
      "whiteSpace" : false
    }, {
      "id" : "s5-t18",
      "begin" : 856,
      "end" : 857,
      "text" : ",",
      "whiteSpace" : false
    }, {
      "id" : "s5-t19",
      "begin" : 858,
      "end" : 860,
      "text" : "my",
      "whiteSpace" : false
    }, {
      "id" : "s5-t20",
      "begin" : 861,
      "end" : 867,
      "text" : "rights",
      "whiteSpace" : false
    }, {
      "id" : "s5-t21",
      "begin" : 867,
      "end" : 868,
      "text" : "/",
      "whiteSpace" : false
    }, {
      "id" : "s5-t22",
      "begin" : 868,
      "end" : 875,
      "text" : "options",
      "whiteSpace" : false
    }, {
      "id" : "s5-t23",
      "begin" : 876,
      "end" : 878,
      "text" : "as",
      "whiteSpace" : false
    }, {
      "id" : "s5-t24",
      "begin" : 879,
      "end" : 881,
      "text" : "an",
      "whiteSpace" : false
    }, {
      "id" : "s5-t25",
      "begin" : 882,
      "end" : 891,
      "text" : "apartment",
      "whiteSpace" : false
    }, {
      "id" : "s5-t26",
      "begin" : 892,
      "end" : 898,
      "text" : "renter",
      "whiteSpace" : false
    }, {
      "id" : "s5-t27",
      "begin" : 899,
      "end" : 901,
      "text" : "in",
      "whiteSpace" : false
    }, {
      "id" : "s5-t28",
      "begin" : 902,
      "end" : 905,
      "text" : "NYC",
      "whiteSpace" : false
    }, {
      "id" : "s5-t29",
      "begin" : 905,
      "end" : 906,
      "text" : ",",
      "whiteSpace" : false
    }, {
      "id" : "s5-t30",
      "begin" : 907,
      "end" : 913,
      "text" : "health",
      "whiteSpace" : false
    }, {
      "id" : "s5-t31",
      "begin" : 914,
      "end" : 922,
      "text" : "services",
      "whiteSpace" : false
    }, {
      "id" : "s5-t32",
      "begin" : 922,
      "end" : 923,
      "text" : ",",
      "whiteSpace" : false
    }, {
      "id" : "s5-t33",
      "begin" : 924,
      "end" : 928,
      "text" : "etc.",
      "whiteSpace" : false
    }, {
      "id" : "s5-t34",
      "begin" : 929,
      "end" : 932,
      "text" : "Any",
      "whiteSpace" : false
    }, {
      "id" : "s5-t35",
      "begin" : 933,
      "end" : 944,
      "text" : "information",
      "whiteSpace" : false
    }, {
      "id" : "s5-t36",
      "begin" : 945,
      "end" : 950,
      "text" : "about",
      "whiteSpace" : false
    }, {
      "id" : "s5-t37",
      "begin" : 951,
      "end" : 959,
      "text" : "anything",
      "whiteSpace" : false
    }, {
      "id" : "s5-t38",
      "begin" : 960,
      "end" : 965,
      "text" : "would",
      "whiteSpace" : false
    }, {
      "id" : "s5-t39",
      "begin" : 966,
      "end" : 968,
      "text" : "be",
      "whiteSpace" : false
    }, {
      "id" : "s5-t40",
      "begin" : 969,
      "end" : 976,
      "text" : "greatly",
      "whiteSpace" : false
    }, {
      "id" : "s5-t41",
      "begin" : 977,
      "end" : 988,
      "text" : "appreciated",
      "whiteSpace" : false
    }, {
      "id" : "s5-t42",
      "begin" : 988,
      "end" : 989,
      "text" : ",",
      "whiteSpace" : false
    }, {
      "id" : "s5-t43",
      "begin" : 990,
      "end" : 996,
      "text" : "thanks",
      "whiteSpace" : false
    }, {
      "id" : "s5-t44",
      "begin" : 996,
      "end" : 997,
      "text" : ".",
      "whiteSpace" : false
    } ]
  }, {
    "id" : "s6",
    "begin" : 997,
    "end" : 1060,
    "text" : "\",\"author_fullname\":\"t2_dcahm\",\"title\":\"So I was just laid off.",
    "tokens" : [ {
      "id" : "s6-t0",
      "begin" : 997,
      "end" : 998,
      "text" : "\"",
      "whiteSpace" : false
    }, {
      "id" : "s6-t1",
      "begin" : 998,
      "end" : 999,
      "text" : ",",
      "whiteSpace" : false
    }, {
      "id" : "s6-t2",
      "begin" : 999,
      "end" : 1000,
      "text" : "\"",
      "whiteSpace" : false
    }, {
      "id" : "s6-t3",
      "begin" : 1000,
      "end" : 1015,
      "text" : "author_fullname",
      "whiteSpace" : false
    }, {
      "id" : "s6-t4",
      "begin" : 1015,
      "end" : 1016,
      "text" : "\"",
      "whiteSpace" : false
    }, {
      "id" : "s6-t5",
      "begin" : 1016,
      "end" : 1017,
      "text" : ":",
      "whiteSpace" : false
    }, {
      "id" : "s6-t6",
      "begin" : 1017,
      "end" : 1018,
      "text" : "\"",
      "whiteSpace" : false
    }, {
      "id" : "s6-t7",
      "begin" : 1018,
      "end" : 1026,
      "text" : "t2_dcahm",
      "whiteSpace" : false
    }, {
      "id" : "s6-t8",
      "begin" : 1026,
      "end" : 1027,
      "text" : "\"",
      "whiteSpace" : false
    }, {
      "id" : "s6-t9",
      "begin" : 1027,
      "end" : 1028,
      "text" : ",",
      "whiteSpace" : false
    }, {
      "id" : "s6-t10",
      "begin" : 1028,
      "end" : 1029,
      "text" : "\"",
      "whiteSpace" : false
    }, {
      "id" : "s6-t11",
      "begin" : 1029,
      "end" : 1034,
      "text" : "title",
      "whiteSpace" : false
    }, {
      "id" : "s6-t12",
      "begin" : 1034,
      "end" : 1035,
      "text" : "\"",
      "whiteSpace" : false
    }, {
      "id" : "s6-t13",
      "begin" : 1035,
      "end" : 1036,
      "text" : ":",
      "whiteSpace" : false
    }, {
      "id" : "s6-t14",
      "begin" : 1036,
      "end" : 1037,
      "text" : "\"",
      "whiteSpace" : false
    }, {
      "id" : "s6-t15",
      "begin" : 1037,
      "end" : 1039,
      "text" : "So",
      "whiteSpace" : false
    }, {
      "id" : "s6-t16",
      "begin" : 1040,
      "end" : 1041,
      "text" : "I",
      "whiteSpace" : false
    }, {
      "id" : "s6-t17",
      "begin" : 1042,
      "end" : 1045,
      "text" : "was",
      "whiteSpace" : false
    }, {
      "id" : "s6-t18",
      "begin" : 1046,
      "end" : 1050,
      "text" : "just",
      "whiteSpace" : false
    }, {
      "id" : "s6-t19",
      "begin" : 1051,
      "end" : 1055,
      "text" : "laid",
      "whiteSpace" : false
    }, {
      "id" : "s6-t20",
      "begin" : 1056,
      "end" : 1059,
      "text" : "off",
      "whiteSpace" : false
    }, {
      "id" : "s6-t21",
      "begin" : 1059,
      "end" : 1060,
      "text" : ".",
      "whiteSpace" : false
    } ]
  }, {
    "id" : "s7",
    "begin" : 1061,
    "end" : 1070,
    "text" : "Now what?",
    "tokens" : [ {
      "id" : "s7-t0",
      "begin" : 1061,
      "end" : 1064,
      "text" : "Now",
      "whiteSpace" : false
    }, {
      "id" : "s7-t1",
      "begin" : 1065,
      "end" : 1069,
      "text" : "what",
      "whiteSpace" : false
    }, {
      "id" : "s7-t2",
      "begin" : 1069,
      "end" : 1070,
      "text" : "?",
      "whiteSpace" : false
    } ]
  }, {
    "id" : "s8",
    "begin" : 1070,
    "end" : 1072,
    "text" : "\"}",
    "tokens" : [ {
      "id" : "s8-t0",
      "begin" : 1070,
      "end" : 1071,
      "text" : "\"",
      "whiteSpace" : false
    }, {
      "id" : "s8-t1",
      "begin" : 1071,
      "end" : 1072,
      "text" : "}",
      "whiteSpace" : false
    } ]
  } ],
  "mentions" : [ {
    "id" : "s1-m2",
    "properties" : {
      "SIRE_MENTION_ROLE" : "Unemployed",
      "SIRE_ENTITY_SUBTYPE" : "NONE",
      "SIRE_MENTION_TYPE" : "NONE",
      "SIRE_MENTION_CLASS" : "SPC"
    },
    "type" : "Unemployed",
    "begin" : 279,
    "end" : 321,
    "inCoref" : false
  }, {
    "id" : "m2",
    "properties" : {
      "SIRE_MENTION_TYPE" : "NONE",
      "SIRE_MENTION_ROLE" : "Unemployed",
      "SIRE_MENTION_CLASS" : "SPC",
      "SIRE_ENTITY_SUBTYPE" : "NONE"
    },
    "type" : "Unemployed",
    "begin" : 448,
    "end" : 472,
    "inCoref" : false
  }, {
    "id" : "s5-m2",
    "properties" : {
      "SIRE_MENTION_ROLE" : "Apartment_Renter",
      "SIRE_ENTITY_SUBTYPE" : "NONE",
      "SIRE_MENTION_TYPE" : "NONE",
      "SIRE_MENTION_CLASS" : "SPC"
    },
    "type" : "Apartment_Renter",
    "begin" : 882,
    "end" : 898,
    "inCoref" : false
  }, {
    "id" : "m3",
    "properties" : {
      "SIRE_MENTION_TYPE" : "NONE",
      "SIRE_MENTION_ROLE" : "Apartment_Renter",
      "SIRE_MENTION_CLASS" : "SPC",
      "SIRE_ENTITY_SUBTYPE" : "NONE"
    },
    "type" : "Apartment_Renter",
    "begin" : 892,
    "end" : 898,
    "inCoref" : false
  }, {
    "id" : "s6-m1",
    "properties" : {
      "SIRE_MENTION_ROLE" : "Unemployed",
      "SIRE_ENTITY_SUBTYPE" : "NONE",
      "SIRE_MENTION_TYPE" : "NONE",
      "SIRE_MENTION_CLASS" : "SPC"
    },
    "type" : "Unemployed",
    "begin" : 1037,
    "end" : 1059,
    "inCoref" : false
  } ],
  "relations" : [ ],
  "corefs" : [ ],
  "typeResolved" : true,
  "userResolved" : false
}