{
  "id" : "c318d3f0-9420-11ea-8a2d-81b8af140d06-75",
  "name" : "nyc-doc-25.txt",
  "createdDate" : 0,
  "version" : 3,
  "text" : "{\"text\":\"Hi all - hope everyone is staying as sane and healthy as possible through all this crazy. I combed through most of the unemployment questions posted but haven’t seen this answered and the FAQS on the nyc.gov site were only somewhat helpful. Would appreciate any answers!\\n\\nI was furloughed until further notice by the retailer I work for in the city effective today (4/1) due to the virus. They are guaranteeing us pay through this week (4/4), and then giving us the option to use accrued vacation for next week (4/5-4/11) if we choose but no pay after that. As far as I understand it if I use my vacation I wouldn’t be able to claim any unemployment benefits until the following week starting 4/12, is that correct? \\n\\nAssuming that’s true my question is whether I should go ahead and file now or on 4/5 since that’s when the furlough starts and just wait to start claiming until after the vacation week? Or should I wait to file completely until 4/12? \\n\\nThanks in advance!\",\"author_fullname\":\"t2_3fd1tcmk\",\"title\":\"Timing of filing unemployment? Just furloughed\"}\n",
  "docLength" : 0,
  "language" : "EN",
  "status" : "IN_PROGRESS",
  "modifiedDate" : 1589338011212,
  "documentSet" : [ ],
  "preannotation" : [ "PRE_LW" ],
  "sentences" : [ {
    "id" : "s0",
    "begin" : 0,
    "end" : 98,
    "text" : "{\"text\":\"Hi all - hope everyone is staying as sane and healthy as possible through all this crazy.",
    "tokens" : [ {
      "id" : "s0-t0",
      "begin" : 0,
      "end" : 1,
      "text" : "{",
      "whiteSpace" : false
    }, {
      "id" : "s0-t1",
      "begin" : 1,
      "end" : 2,
      "text" : "\"",
      "whiteSpace" : false
    }, {
      "id" : "s0-t2",
      "begin" : 2,
      "end" : 6,
      "text" : "text",
      "whiteSpace" : false
    }, {
      "id" : "s0-t3",
      "begin" : 6,
      "end" : 7,
      "text" : "\"",
      "whiteSpace" : false
    }, {
      "id" : "s0-t4",
      "begin" : 7,
      "end" : 8,
      "text" : ":",
      "whiteSpace" : false
    }, {
      "id" : "s0-t5",
      "begin" : 8,
      "end" : 9,
      "text" : "\"",
      "whiteSpace" : false
    }, {
      "id" : "s0-t6",
      "begin" : 9,
      "end" : 11,
      "text" : "Hi",
      "whiteSpace" : false
    }, {
      "id" : "s0-t7",
      "begin" : 12,
      "end" : 15,
      "text" : "all",
      "whiteSpace" : false
    }, {
      "id" : "s0-t8",
      "begin" : 16,
      "end" : 17,
      "text" : "-",
      "whiteSpace" : false
    }, {
      "id" : "s0-t9",
      "begin" : 18,
      "end" : 22,
      "text" : "hope",
      "whiteSpace" : false
    }, {
      "id" : "s0-t10",
      "begin" : 23,
      "end" : 31,
      "text" : "everyone",
      "whiteSpace" : false
    }, {
      "id" : "s0-t11",
      "begin" : 32,
      "end" : 34,
      "text" : "is",
      "whiteSpace" : false
    }, {
      "id" : "s0-t12",
      "begin" : 35,
      "end" : 42,
      "text" : "staying",
      "whiteSpace" : false
    }, {
      "id" : "s0-t13",
      "begin" : 43,
      "end" : 45,
      "text" : "as",
      "whiteSpace" : false
    }, {
      "id" : "s0-t14",
      "begin" : 46,
      "end" : 50,
      "text" : "sane",
      "whiteSpace" : false
    }, {
      "id" : "s0-t15",
      "begin" : 51,
      "end" : 54,
      "text" : "and",
      "whiteSpace" : false
    }, {
      "id" : "s0-t16",
      "begin" : 55,
      "end" : 62,
      "text" : "healthy",
      "whiteSpace" : false
    }, {
      "id" : "s0-t17",
      "begin" : 63,
      "end" : 65,
      "text" : "as",
      "whiteSpace" : false
    }, {
      "id" : "s0-t18",
      "begin" : 66,
      "end" : 74,
      "text" : "possible",
      "whiteSpace" : false
    }, {
      "id" : "s0-t19",
      "begin" : 75,
      "end" : 82,
      "text" : "through",
      "whiteSpace" : false
    }, {
      "id" : "s0-t20",
      "begin" : 83,
      "end" : 86,
      "text" : "all",
      "whiteSpace" : false
    }, {
      "id" : "s0-t21",
      "begin" : 87,
      "end" : 91,
      "text" : "this",
      "whiteSpace" : false
    }, {
      "id" : "s0-t22",
      "begin" : 92,
      "end" : 97,
      "text" : "crazy",
      "whiteSpace" : false
    }, {
      "id" : "s0-t23",
      "begin" : 97,
      "end" : 98,
      "text" : ".",
      "whiteSpace" : false
    } ]
  }, {
    "id" : "s1",
    "begin" : 99,
    "end" : 249,
    "text" : "I combed through most of the unemployment questions posted but haven’t seen this answered and the FAQS on the nyc.gov site were only somewhat helpful.",
    "tokens" : [ {
      "id" : "s1-t0",
      "begin" : 99,
      "end" : 100,
      "text" : "I",
      "whiteSpace" : false
    }, {
      "id" : "s1-t1",
      "begin" : 101,
      "end" : 107,
      "text" : "combed",
      "whiteSpace" : false
    }, {
      "id" : "s1-t2",
      "begin" : 108,
      "end" : 115,
      "text" : "through",
      "whiteSpace" : false
    }, {
      "id" : "s1-t3",
      "begin" : 116,
      "end" : 120,
      "text" : "most",
      "whiteSpace" : false
    }, {
      "id" : "s1-t4",
      "begin" : 121,
      "end" : 123,
      "text" : "of",
      "whiteSpace" : false
    }, {
      "id" : "s1-t5",
      "begin" : 124,
      "end" : 127,
      "text" : "the",
      "whiteSpace" : false
    }, {
      "id" : "s1-t6",
      "begin" : 128,
      "end" : 140,
      "text" : "unemployment",
      "whiteSpace" : false
    }, {
      "id" : "s1-t7",
      "begin" : 141,
      "end" : 150,
      "text" : "questions",
      "whiteSpace" : false
    }, {
      "id" : "s1-t8",
      "begin" : 151,
      "end" : 157,
      "text" : "posted",
      "whiteSpace" : false
    }, {
      "id" : "s1-t9",
      "begin" : 158,
      "end" : 161,
      "text" : "but",
      "whiteSpace" : false
    }, {
      "id" : "s1-t10",
      "begin" : 162,
      "end" : 166,
      "text" : "have",
      "whiteSpace" : false
    }, {
      "id" : "s1-t11",
      "begin" : 166,
      "end" : 169,
      "text" : "n’t",
      "whiteSpace" : false
    }, {
      "id" : "s1-t12",
      "begin" : 170,
      "end" : 174,
      "text" : "seen",
      "whiteSpace" : false
    }, {
      "id" : "s1-t13",
      "begin" : 175,
      "end" : 179,
      "text" : "this",
      "whiteSpace" : false
    }, {
      "id" : "s1-t14",
      "begin" : 180,
      "end" : 188,
      "text" : "answered",
      "whiteSpace" : false
    }, {
      "id" : "s1-t15",
      "begin" : 189,
      "end" : 192,
      "text" : "and",
      "whiteSpace" : false
    }, {
      "id" : "s1-t16",
      "begin" : 193,
      "end" : 196,
      "text" : "the",
      "whiteSpace" : false
    }, {
      "id" : "s1-t17",
      "begin" : 197,
      "end" : 201,
      "text" : "FAQS",
      "whiteSpace" : false
    }, {
      "id" : "s1-t18",
      "begin" : 202,
      "end" : 204,
      "text" : "on",
      "whiteSpace" : false
    }, {
      "id" : "s1-t19",
      "begin" : 205,
      "end" : 208,
      "text" : "the",
      "whiteSpace" : false
    }, {
      "id" : "s1-t20",
      "begin" : 209,
      "end" : 216,
      "text" : "nyc.gov",
      "whiteSpace" : false
    }, {
      "id" : "s1-t21",
      "begin" : 217,
      "end" : 221,
      "text" : "site",
      "whiteSpace" : false
    }, {
      "id" : "s1-t22",
      "begin" : 222,
      "end" : 226,
      "text" : "were",
      "whiteSpace" : false
    }, {
      "id" : "s1-t23",
      "begin" : 227,
      "end" : 231,
      "text" : "only",
      "whiteSpace" : false
    }, {
      "id" : "s1-t24",
      "begin" : 232,
      "end" : 240,
      "text" : "somewhat",
      "whiteSpace" : false
    }, {
      "id" : "s1-t25",
      "begin" : 241,
      "end" : 248,
      "text" : "helpful",
      "whiteSpace" : false
    }, {
      "id" : "s1-t26",
      "begin" : 248,
      "end" : 249,
      "text" : ".",
      "whiteSpace" : false
    } ]
  }, {
    "id" : "s2",
    "begin" : 250,
    "end" : 279,
    "text" : "Would appreciate any answers!",
    "tokens" : [ {
      "id" : "s2-t0",
      "begin" : 250,
      "end" : 255,
      "text" : "Would",
      "whiteSpace" : false
    }, {
      "id" : "s2-t1",
      "begin" : 256,
      "end" : 266,
      "text" : "appreciate",
      "whiteSpace" : false
    }, {
      "id" : "s2-t2",
      "begin" : 267,
      "end" : 270,
      "text" : "any",
      "whiteSpace" : false
    }, {
      "id" : "s2-t3",
      "begin" : 271,
      "end" : 278,
      "text" : "answers",
      "whiteSpace" : false
    }, {
      "id" : "s2-t4",
      "begin" : 278,
      "end" : 279,
      "text" : "!",
      "whiteSpace" : false
    } ]
  }, {
    "id" : "s3",
    "begin" : 279,
    "end" : 399,
    "text" : "\\n\\nI was furloughed until further notice by the retailer I work for in the city effective today (4/1) due to the virus.",
    "tokens" : [ {
      "id" : "s3-t0",
      "begin" : 279,
      "end" : 281,
      "text" : "\\n",
      "whiteSpace" : false
    }, {
      "id" : "s3-t1",
      "begin" : 281,
      "end" : 284,
      "text" : "\\nI",
      "whiteSpace" : false
    }, {
      "id" : "s3-t2",
      "begin" : 285,
      "end" : 288,
      "text" : "was",
      "whiteSpace" : false
    }, {
      "id" : "s3-t3",
      "begin" : 289,
      "end" : 299,
      "text" : "furloughed",
      "whiteSpace" : false
    }, {
      "id" : "s3-t4",
      "begin" : 300,
      "end" : 305,
      "text" : "until",
      "whiteSpace" : false
    }, {
      "id" : "s3-t5",
      "begin" : 306,
      "end" : 313,
      "text" : "further",
      "whiteSpace" : false
    }, {
      "id" : "s3-t6",
      "begin" : 314,
      "end" : 320,
      "text" : "notice",
      "whiteSpace" : false
    }, {
      "id" : "s3-t7",
      "begin" : 321,
      "end" : 323,
      "text" : "by",
      "whiteSpace" : false
    }, {
      "id" : "s3-t8",
      "begin" : 324,
      "end" : 327,
      "text" : "the",
      "whiteSpace" : false
    }, {
      "id" : "s3-t9",
      "begin" : 328,
      "end" : 336,
      "text" : "retailer",
      "whiteSpace" : false
    }, {
      "id" : "s3-t10",
      "begin" : 337,
      "end" : 338,
      "text" : "I",
      "whiteSpace" : false
    }, {
      "id" : "s3-t11",
      "begin" : 339,
      "end" : 343,
      "text" : "work",
      "whiteSpace" : false
    }, {
      "id" : "s3-t12",
      "begin" : 344,
      "end" : 347,
      "text" : "for",
      "whiteSpace" : false
    }, {
      "id" : "s3-t13",
      "begin" : 348,
      "end" : 350,
      "text" : "in",
      "whiteSpace" : false
    }, {
      "id" : "s3-t14",
      "begin" : 351,
      "end" : 354,
      "text" : "the",
      "whiteSpace" : false
    }, {
      "id" : "s3-t15",
      "begin" : 355,
      "end" : 359,
      "text" : "city",
      "whiteSpace" : false
    }, {
      "id" : "s3-t16",
      "begin" : 360,
      "end" : 369,
      "text" : "effective",
      "whiteSpace" : false
    }, {
      "id" : "s3-t17",
      "begin" : 370,
      "end" : 375,
      "text" : "today",
      "whiteSpace" : false
    }, {
      "id" : "s3-t18",
      "begin" : 376,
      "end" : 377,
      "text" : "(",
      "whiteSpace" : false
    }, {
      "id" : "s3-t19",
      "begin" : 377,
      "end" : 379,
      "text" : "4/",
      "whiteSpace" : false
    }, {
      "id" : "s3-t20",
      "begin" : 379,
      "end" : 380,
      "text" : "1",
      "whiteSpace" : false
    }, {
      "id" : "s3-t21",
      "begin" : 380,
      "end" : 381,
      "text" : ")",
      "whiteSpace" : false
    }, {
      "id" : "s3-t22",
      "begin" : 382,
      "end" : 385,
      "text" : "due",
      "whiteSpace" : false
    }, {
      "id" : "s3-t23",
      "begin" : 386,
      "end" : 388,
      "text" : "to",
      "whiteSpace" : false
    }, {
      "id" : "s3-t24",
      "begin" : 389,
      "end" : 392,
      "text" : "the",
      "whiteSpace" : false
    }, {
      "id" : "s3-t25",
      "begin" : 393,
      "end" : 398,
      "text" : "virus",
      "whiteSpace" : false
    }, {
      "id" : "s3-t26",
      "begin" : 398,
      "end" : 399,
      "text" : ".",
      "whiteSpace" : false
    } ]
  }, {
    "id" : "s4",
    "begin" : 400,
    "end" : 568,
    "text" : "They are guaranteeing us pay through this week (4/4), and then giving us the option to use accrued vacation for next week (4/5-4/11) if we choose but no pay after that.",
    "tokens" : [ {
      "id" : "s4-t0",
      "begin" : 400,
      "end" : 404,
      "text" : "They",
      "whiteSpace" : false
    }, {
      "id" : "s4-t1",
      "begin" : 405,
      "end" : 408,
      "text" : "are",
      "whiteSpace" : false
    }, {
      "id" : "s4-t2",
      "begin" : 409,
      "end" : 421,
      "text" : "guaranteeing",
      "whiteSpace" : false
    }, {
      "id" : "s4-t3",
      "begin" : 422,
      "end" : 424,
      "text" : "us",
      "whiteSpace" : false
    }, {
      "id" : "s4-t4",
      "begin" : 425,
      "end" : 428,
      "text" : "pay",
      "whiteSpace" : false
    }, {
      "id" : "s4-t5",
      "begin" : 429,
      "end" : 436,
      "text" : "through",
      "whiteSpace" : false
    }, {
      "id" : "s4-t6",
      "begin" : 437,
      "end" : 441,
      "text" : "this",
      "whiteSpace" : false
    }, {
      "id" : "s4-t7",
      "begin" : 442,
      "end" : 446,
      "text" : "week",
      "whiteSpace" : false
    }, {
      "id" : "s4-t8",
      "begin" : 447,
      "end" : 448,
      "text" : "(",
      "whiteSpace" : false
    }, {
      "id" : "s4-t9",
      "begin" : 448,
      "end" : 450,
      "text" : "4/",
      "whiteSpace" : false
    }, {
      "id" : "s4-t10",
      "begin" : 450,
      "end" : 451,
      "text" : "4",
      "whiteSpace" : false
    }, {
      "id" : "s4-t11",
      "begin" : 451,
      "end" : 452,
      "text" : ")",
      "whiteSpace" : false
    }, {
      "id" : "s4-t12",
      "begin" : 452,
      "end" : 453,
      "text" : ",",
      "whiteSpace" : false
    }, {
      "id" : "s4-t13",
      "begin" : 454,
      "end" : 457,
      "text" : "and",
      "whiteSpace" : false
    }, {
      "id" : "s4-t14",
      "begin" : 458,
      "end" : 462,
      "text" : "then",
      "whiteSpace" : false
    }, {
      "id" : "s4-t15",
      "begin" : 463,
      "end" : 469,
      "text" : "giving",
      "whiteSpace" : false
    }, {
      "id" : "s4-t16",
      "begin" : 470,
      "end" : 472,
      "text" : "us",
      "whiteSpace" : false
    }, {
      "id" : "s4-t17",
      "begin" : 473,
      "end" : 476,
      "text" : "the",
      "whiteSpace" : false
    }, {
      "id" : "s4-t18",
      "begin" : 477,
      "end" : 483,
      "text" : "option",
      "whiteSpace" : false
    }, {
      "id" : "s4-t19",
      "begin" : 484,
      "end" : 486,
      "text" : "to",
      "whiteSpace" : false
    }, {
      "id" : "s4-t20",
      "begin" : 487,
      "end" : 490,
      "text" : "use",
      "whiteSpace" : false
    }, {
      "id" : "s4-t21",
      "begin" : 491,
      "end" : 498,
      "text" : "accrued",
      "whiteSpace" : false
    }, {
      "id" : "s4-t22",
      "begin" : 499,
      "end" : 507,
      "text" : "vacation",
      "whiteSpace" : false
    }, {
      "id" : "s4-t23",
      "begin" : 508,
      "end" : 511,
      "text" : "for",
      "whiteSpace" : false
    }, {
      "id" : "s4-t24",
      "begin" : 512,
      "end" : 516,
      "text" : "next",
      "whiteSpace" : false
    }, {
      "id" : "s4-t25",
      "begin" : 517,
      "end" : 521,
      "text" : "week",
      "whiteSpace" : false
    }, {
      "id" : "s4-t26",
      "begin" : 522,
      "end" : 523,
      "text" : "(",
      "whiteSpace" : false
    }, {
      "id" : "s4-t27",
      "begin" : 523,
      "end" : 524,
      "text" : "4",
      "whiteSpace" : false
    }, {
      "id" : "s4-t28",
      "begin" : 524,
      "end" : 531,
      "text" : "/5-4/11",
      "whiteSpace" : false
    }, {
      "id" : "s4-t29",
      "begin" : 531,
      "end" : 532,
      "text" : ")",
      "whiteSpace" : false
    }, {
      "id" : "s4-t30",
      "begin" : 533,
      "end" : 535,
      "text" : "if",
      "whiteSpace" : false
    }, {
      "id" : "s4-t31",
      "begin" : 536,
      "end" : 538,
      "text" : "we",
      "whiteSpace" : false
    }, {
      "id" : "s4-t32",
      "begin" : 539,
      "end" : 545,
      "text" : "choose",
      "whiteSpace" : false
    }, {
      "id" : "s4-t33",
      "begin" : 546,
      "end" : 549,
      "text" : "but",
      "whiteSpace" : false
    }, {
      "id" : "s4-t34",
      "begin" : 550,
      "end" : 552,
      "text" : "no",
      "whiteSpace" : false
    }, {
      "id" : "s4-t35",
      "begin" : 553,
      "end" : 556,
      "text" : "pay",
      "whiteSpace" : false
    }, {
      "id" : "s4-t36",
      "begin" : 557,
      "end" : 562,
      "text" : "after",
      "whiteSpace" : false
    }, {
      "id" : "s4-t37",
      "begin" : 563,
      "end" : 567,
      "text" : "that",
      "whiteSpace" : false
    }, {
      "id" : "s4-t38",
      "begin" : 567,
      "end" : 568,
      "text" : ".",
      "whiteSpace" : false
    } ]
  }, {
    "id" : "s5",
    "begin" : 569,
    "end" : 726,
    "text" : "As far as I understand it if I use my vacation I wouldn’t be able to claim any unemployment benefits until the following week starting 4/12, is that correct?",
    "tokens" : [ {
      "id" : "s5-t0",
      "begin" : 569,
      "end" : 571,
      "text" : "As",
      "whiteSpace" : false
    }, {
      "id" : "s5-t1",
      "begin" : 572,
      "end" : 575,
      "text" : "far",
      "whiteSpace" : false
    }, {
      "id" : "s5-t2",
      "begin" : 576,
      "end" : 578,
      "text" : "as",
      "whiteSpace" : false
    }, {
      "id" : "s5-t3",
      "begin" : 579,
      "end" : 580,
      "text" : "I",
      "whiteSpace" : false
    }, {
      "id" : "s5-t4",
      "begin" : 581,
      "end" : 591,
      "text" : "understand",
      "whiteSpace" : false
    }, {
      "id" : "s5-t5",
      "begin" : 592,
      "end" : 594,
      "text" : "it",
      "whiteSpace" : false
    }, {
      "id" : "s5-t6",
      "begin" : 595,
      "end" : 597,
      "text" : "if",
      "whiteSpace" : false
    }, {
      "id" : "s5-t7",
      "begin" : 598,
      "end" : 599,
      "text" : "I",
      "whiteSpace" : false
    }, {
      "id" : "s5-t8",
      "begin" : 600,
      "end" : 603,
      "text" : "use",
      "whiteSpace" : false
    }, {
      "id" : "s5-t9",
      "begin" : 604,
      "end" : 606,
      "text" : "my",
      "whiteSpace" : false
    }, {
      "id" : "s5-t10",
      "begin" : 607,
      "end" : 615,
      "text" : "vacation",
      "whiteSpace" : false
    }, {
      "id" : "s5-t11",
      "begin" : 616,
      "end" : 617,
      "text" : "I",
      "whiteSpace" : false
    }, {
      "id" : "s5-t12",
      "begin" : 618,
      "end" : 623,
      "text" : "would",
      "whiteSpace" : false
    }, {
      "id" : "s5-t13",
      "begin" : 623,
      "end" : 626,
      "text" : "n’t",
      "whiteSpace" : false
    }, {
      "id" : "s5-t14",
      "begin" : 627,
      "end" : 629,
      "text" : "be",
      "whiteSpace" : false
    }, {
      "id" : "s5-t15",
      "begin" : 630,
      "end" : 634,
      "text" : "able",
      "whiteSpace" : false
    }, {
      "id" : "s5-t16",
      "begin" : 635,
      "end" : 637,
      "text" : "to",
      "whiteSpace" : false
    }, {
      "id" : "s5-t17",
      "begin" : 638,
      "end" : 643,
      "text" : "claim",
      "whiteSpace" : false
    }, {
      "id" : "s5-t18",
      "begin" : 644,
      "end" : 647,
      "text" : "any",
      "whiteSpace" : false
    }, {
      "id" : "s5-t19",
      "begin" : 648,
      "end" : 660,
      "text" : "unemployment",
      "whiteSpace" : false
    }, {
      "id" : "s5-t20",
      "begin" : 661,
      "end" : 669,
      "text" : "benefits",
      "whiteSpace" : false
    }, {
      "id" : "s5-t21",
      "begin" : 670,
      "end" : 675,
      "text" : "until",
      "whiteSpace" : false
    }, {
      "id" : "s5-t22",
      "begin" : 676,
      "end" : 679,
      "text" : "the",
      "whiteSpace" : false
    }, {
      "id" : "s5-t23",
      "begin" : 680,
      "end" : 689,
      "text" : "following",
      "whiteSpace" : false
    }, {
      "id" : "s5-t24",
      "begin" : 690,
      "end" : 694,
      "text" : "week",
      "whiteSpace" : false
    }, {
      "id" : "s5-t25",
      "begin" : 695,
      "end" : 703,
      "text" : "starting",
      "whiteSpace" : false
    }, {
      "id" : "s5-t26",
      "begin" : 704,
      "end" : 708,
      "text" : "4/12",
      "whiteSpace" : false
    }, {
      "id" : "s5-t27",
      "begin" : 708,
      "end" : 709,
      "text" : ",",
      "whiteSpace" : false
    }, {
      "id" : "s5-t28",
      "begin" : 710,
      "end" : 712,
      "text" : "is",
      "whiteSpace" : false
    }, {
      "id" : "s5-t29",
      "begin" : 713,
      "end" : 717,
      "text" : "that",
      "whiteSpace" : false
    }, {
      "id" : "s5-t30",
      "begin" : 718,
      "end" : 725,
      "text" : "correct",
      "whiteSpace" : false
    }, {
      "id" : "s5-t31",
      "begin" : 725,
      "end" : 726,
      "text" : "?",
      "whiteSpace" : false
    } ]
  }, {
    "id" : "s6",
    "begin" : 727,
    "end" : 916,
    "text" : "\\n\\nAssuming that’s true my question is whether I should go ahead and file now or on 4/5 since that’s when the furlough starts and just wait to start claiming until after the vacation week?",
    "tokens" : [ {
      "id" : "s6-t0",
      "begin" : 727,
      "end" : 729,
      "text" : "\\n",
      "whiteSpace" : false
    }, {
      "id" : "s6-t1",
      "begin" : 729,
      "end" : 739,
      "text" : "\\nAssuming",
      "whiteSpace" : false
    }, {
      "id" : "s6-t2",
      "begin" : 740,
      "end" : 744,
      "text" : "that",
      "whiteSpace" : false
    }, {
      "id" : "s6-t3",
      "begin" : 744,
      "end" : 746,
      "text" : "’s",
      "whiteSpace" : false
    }, {
      "id" : "s6-t4",
      "begin" : 747,
      "end" : 751,
      "text" : "true",
      "whiteSpace" : false
    }, {
      "id" : "s6-t5",
      "begin" : 752,
      "end" : 754,
      "text" : "my",
      "whiteSpace" : false
    }, {
      "id" : "s6-t6",
      "begin" : 755,
      "end" : 763,
      "text" : "question",
      "whiteSpace" : false
    }, {
      "id" : "s6-t7",
      "begin" : 764,
      "end" : 766,
      "text" : "is",
      "whiteSpace" : false
    }, {
      "id" : "s6-t8",
      "begin" : 767,
      "end" : 774,
      "text" : "whether",
      "whiteSpace" : false
    }, {
      "id" : "s6-t9",
      "begin" : 775,
      "end" : 776,
      "text" : "I",
      "whiteSpace" : false
    }, {
      "id" : "s6-t10",
      "begin" : 777,
      "end" : 783,
      "text" : "should",
      "whiteSpace" : false
    }, {
      "id" : "s6-t11",
      "begin" : 784,
      "end" : 786,
      "text" : "go",
      "whiteSpace" : false
    }, {
      "id" : "s6-t12",
      "begin" : 787,
      "end" : 792,
      "text" : "ahead",
      "whiteSpace" : false
    }, {
      "id" : "s6-t13",
      "begin" : 793,
      "end" : 796,
      "text" : "and",
      "whiteSpace" : false
    }, {
      "id" : "s6-t14",
      "begin" : 797,
      "end" : 801,
      "text" : "file",
      "whiteSpace" : false
    }, {
      "id" : "s6-t15",
      "begin" : 802,
      "end" : 805,
      "text" : "now",
      "whiteSpace" : false
    }, {
      "id" : "s6-t16",
      "begin" : 806,
      "end" : 808,
      "text" : "or",
      "whiteSpace" : false
    }, {
      "id" : "s6-t17",
      "begin" : 809,
      "end" : 811,
      "text" : "on",
      "whiteSpace" : false
    }, {
      "id" : "s6-t18",
      "begin" : 812,
      "end" : 815,
      "text" : "4/5",
      "whiteSpace" : false
    }, {
      "id" : "s6-t19",
      "begin" : 816,
      "end" : 821,
      "text" : "since",
      "whiteSpace" : false
    }, {
      "id" : "s6-t20",
      "begin" : 822,
      "end" : 826,
      "text" : "that",
      "whiteSpace" : false
    }, {
      "id" : "s6-t21",
      "begin" : 826,
      "end" : 828,
      "text" : "’s",
      "whiteSpace" : false
    }, {
      "id" : "s6-t22",
      "begin" : 829,
      "end" : 833,
      "text" : "when",
      "whiteSpace" : false
    }, {
      "id" : "s6-t23",
      "begin" : 834,
      "end" : 837,
      "text" : "the",
      "whiteSpace" : false
    }, {
      "id" : "s6-t24",
      "begin" : 838,
      "end" : 846,
      "text" : "furlough",
      "whiteSpace" : false
    }, {
      "id" : "s6-t25",
      "begin" : 847,
      "end" : 853,
      "text" : "starts",
      "whiteSpace" : false
    }, {
      "id" : "s6-t26",
      "begin" : 854,
      "end" : 857,
      "text" : "and",
      "whiteSpace" : false
    }, {
      "id" : "s6-t27",
      "begin" : 858,
      "end" : 862,
      "text" : "just",
      "whiteSpace" : false
    }, {
      "id" : "s6-t28",
      "begin" : 863,
      "end" : 867,
      "text" : "wait",
      "whiteSpace" : false
    }, {
      "id" : "s6-t29",
      "begin" : 868,
      "end" : 870,
      "text" : "to",
      "whiteSpace" : false
    }, {
      "id" : "s6-t30",
      "begin" : 871,
      "end" : 876,
      "text" : "start",
      "whiteSpace" : false
    }, {
      "id" : "s6-t31",
      "begin" : 877,
      "end" : 885,
      "text" : "claiming",
      "whiteSpace" : false
    }, {
      "id" : "s6-t32",
      "begin" : 886,
      "end" : 891,
      "text" : "until",
      "whiteSpace" : false
    }, {
      "id" : "s6-t33",
      "begin" : 892,
      "end" : 897,
      "text" : "after",
      "whiteSpace" : false
    }, {
      "id" : "s6-t34",
      "begin" : 898,
      "end" : 901,
      "text" : "the",
      "whiteSpace" : false
    }, {
      "id" : "s6-t35",
      "begin" : 902,
      "end" : 910,
      "text" : "vacation",
      "whiteSpace" : false
    }, {
      "id" : "s6-t36",
      "begin" : 911,
      "end" : 915,
      "text" : "week",
      "whiteSpace" : false
    }, {
      "id" : "s6-t37",
      "begin" : 915,
      "end" : 916,
      "text" : "?",
      "whiteSpace" : false
    } ]
  }, {
    "id" : "s7",
    "begin" : 917,
    "end" : 964,
    "text" : "Or should I wait to file completely until 4/12?",
    "tokens" : [ {
      "id" : "s7-t0",
      "begin" : 917,
      "end" : 919,
      "text" : "Or",
      "whiteSpace" : false
    }, {
      "id" : "s7-t1",
      "begin" : 920,
      "end" : 926,
      "text" : "should",
      "whiteSpace" : false
    }, {
      "id" : "s7-t2",
      "begin" : 927,
      "end" : 928,
      "text" : "I",
      "whiteSpace" : false
    }, {
      "id" : "s7-t3",
      "begin" : 929,
      "end" : 933,
      "text" : "wait",
      "whiteSpace" : false
    }, {
      "id" : "s7-t4",
      "begin" : 934,
      "end" : 936,
      "text" : "to",
      "whiteSpace" : false
    }, {
      "id" : "s7-t5",
      "begin" : 937,
      "end" : 941,
      "text" : "file",
      "whiteSpace" : false
    }, {
      "id" : "s7-t6",
      "begin" : 942,
      "end" : 952,
      "text" : "completely",
      "whiteSpace" : false
    }, {
      "id" : "s7-t7",
      "begin" : 953,
      "end" : 958,
      "text" : "until",
      "whiteSpace" : false
    }, {
      "id" : "s7-t8",
      "begin" : 959,
      "end" : 963,
      "text" : "4/12",
      "whiteSpace" : false
    }, {
      "id" : "s7-t9",
      "begin" : 963,
      "end" : 964,
      "text" : "?",
      "whiteSpace" : false
    } ]
  }, {
    "id" : "s8",
    "begin" : 965,
    "end" : 987,
    "text" : "\\n\\nThanks in advance!",
    "tokens" : [ {
      "id" : "s8-t0",
      "begin" : 965,
      "end" : 967,
      "text" : "\\n",
      "whiteSpace" : false
    }, {
      "id" : "s8-t1",
      "begin" : 967,
      "end" : 975,
      "text" : "\\nThanks",
      "whiteSpace" : false
    }, {
      "id" : "s8-t2",
      "begin" : 976,
      "end" : 978,
      "text" : "in",
      "whiteSpace" : false
    }, {
      "id" : "s8-t3",
      "begin" : 979,
      "end" : 986,
      "text" : "advance",
      "whiteSpace" : false
    }, {
      "id" : "s8-t4",
      "begin" : 986,
      "end" : 987,
      "text" : "!",
      "whiteSpace" : false
    } ]
  }, {
    "id" : "s9",
    "begin" : 987,
    "end" : 1060,
    "text" : "\",\"author_fullname\":\"t2_3fd1tcmk\",\"title\":\"Timing of filing unemployment?",
    "tokens" : [ {
      "id" : "s9-t0",
      "begin" : 987,
      "end" : 988,
      "text" : "\"",
      "whiteSpace" : false
    }, {
      "id" : "s9-t1",
      "begin" : 988,
      "end" : 989,
      "text" : ",",
      "whiteSpace" : false
    }, {
      "id" : "s9-t2",
      "begin" : 989,
      "end" : 990,
      "text" : "\"",
      "whiteSpace" : false
    }, {
      "id" : "s9-t3",
      "begin" : 990,
      "end" : 1005,
      "text" : "author_fullname",
      "whiteSpace" : false
    }, {
      "id" : "s9-t4",
      "begin" : 1005,
      "end" : 1006,
      "text" : "\"",
      "whiteSpace" : false
    }, {
      "id" : "s9-t5",
      "begin" : 1006,
      "end" : 1007,
      "text" : ":",
      "whiteSpace" : false
    }, {
      "id" : "s9-t6",
      "begin" : 1007,
      "end" : 1008,
      "text" : "\"",
      "whiteSpace" : false
    }, {
      "id" : "s9-t7",
      "begin" : 1008,
      "end" : 1019,
      "text" : "t2_3fd1tcmk",
      "whiteSpace" : false
    }, {
      "id" : "s9-t8",
      "begin" : 1019,
      "end" : 1020,
      "text" : "\"",
      "whiteSpace" : false
    }, {
      "id" : "s9-t9",
      "begin" : 1020,
      "end" : 1021,
      "text" : ",",
      "whiteSpace" : false
    }, {
      "id" : "s9-t10",
      "begin" : 1021,
      "end" : 1022,
      "text" : "\"",
      "whiteSpace" : false
    }, {
      "id" : "s9-t11",
      "begin" : 1022,
      "end" : 1027,
      "text" : "title",
      "whiteSpace" : false
    }, {
      "id" : "s9-t12",
      "begin" : 1027,
      "end" : 1028,
      "text" : "\"",
      "whiteSpace" : false
    }, {
      "id" : "s9-t13",
      "begin" : 1028,
      "end" : 1029,
      "text" : ":",
      "whiteSpace" : false
    }, {
      "id" : "s9-t14",
      "begin" : 1029,
      "end" : 1030,
      "text" : "\"",
      "whiteSpace" : false
    }, {
      "id" : "s9-t15",
      "begin" : 1030,
      "end" : 1036,
      "text" : "Timing",
      "whiteSpace" : false
    }, {
      "id" : "s9-t16",
      "begin" : 1037,
      "end" : 1039,
      "text" : "of",
      "whiteSpace" : false
    }, {
      "id" : "s9-t17",
      "begin" : 1040,
      "end" : 1046,
      "text" : "filing",
      "whiteSpace" : false
    }, {
      "id" : "s9-t18",
      "begin" : 1047,
      "end" : 1059,
      "text" : "unemployment",
      "whiteSpace" : false
    }, {
      "id" : "s9-t19",
      "begin" : 1059,
      "end" : 1060,
      "text" : "?",
      "whiteSpace" : false
    } ]
  }, {
    "id" : "s10",
    "begin" : 1061,
    "end" : 1078,
    "text" : "Just furloughed\"}",
    "tokens" : [ {
      "id" : "s10-t0",
      "begin" : 1061,
      "end" : 1065,
      "text" : "Just",
      "whiteSpace" : false
    }, {
      "id" : "s10-t1",
      "begin" : 1066,
      "end" : 1076,
      "text" : "furloughed",
      "whiteSpace" : false
    }, {
      "id" : "s10-t2",
      "begin" : 1076,
      "end" : 1077,
      "text" : "\"",
      "whiteSpace" : false
    }, {
      "id" : "s10-t3",
      "begin" : 1077,
      "end" : 1078,
      "text" : "}",
      "whiteSpace" : false
    } ]
  } ],
  "mentions" : [ {
    "id" : "m1",
    "properties" : {
      "SIRE_MENTION_TYPE" : "NONE",
      "SIRE_MENTION_ROLE" : "Unemployed",
      "SIRE_MENTION_CLASS" : "SPC",
      "SIRE_ENTITY_SUBTYPE" : "NONE"
    },
    "type" : "Unemployed",
    "begin" : 128,
    "end" : 140,
    "inCoref" : false
  }, {
    "id" : "s3-m1",
    "properties" : {
      "SIRE_MENTION_ROLE" : "Unemployed",
      "SIRE_ENTITY_SUBTYPE" : "NONE",
      "SIRE_MENTION_TYPE" : "NONE",
      "SIRE_MENTION_CLASS" : "SPC"
    },
    "type" : "Unemployed",
    "begin" : 281,
    "end" : 320,
    "inCoref" : false
  }, {
    "id" : "s5-m2",
    "properties" : {
      "SIRE_MENTION_ROLE" : "Unemployed",
      "SIRE_ENTITY_SUBTYPE" : "NONE",
      "SIRE_MENTION_TYPE" : "NONE",
      "SIRE_MENTION_CLASS" : "SPC"
    },
    "type" : "Unemployed",
    "begin" : 648,
    "end" : 669,
    "inCoref" : false
  }, {
    "id" : "m2",
    "properties" : {
      "SIRE_MENTION_TYPE" : "NONE",
      "SIRE_MENTION_ROLE" : "Unemployed",
      "SIRE_MENTION_CLASS" : "SPC",
      "SIRE_ENTITY_SUBTYPE" : "NONE"
    },
    "type" : "Unemployed",
    "begin" : 648,
    "end" : 660,
    "inCoref" : false
  }, {
    "id" : "s9-m2",
    "properties" : {
      "SIRE_MENTION_ROLE" : "Unemployed",
      "SIRE_ENTITY_SUBTYPE" : "NONE",
      "SIRE_MENTION_TYPE" : "NONE",
      "SIRE_MENTION_CLASS" : "SPC"
    },
    "type" : "Unemployed",
    "begin" : 1040,
    "end" : 1059,
    "inCoref" : false
  }, {
    "id" : "m3",
    "properties" : {
      "SIRE_MENTION_TYPE" : "NONE",
      "SIRE_MENTION_ROLE" : "Unemployed",
      "SIRE_MENTION_CLASS" : "SPC",
      "SIRE_ENTITY_SUBTYPE" : "NONE"
    },
    "type" : "Unemployed",
    "begin" : 1047,
    "end" : 1059,
    "inCoref" : false
  } ],
  "relations" : [ ],
  "corefs" : [ ],
  "typeResolved" : true,
  "userResolved" : false
}