{
  "id" : "c318d3f0-9420-11ea-8a2d-81b8af140d06-55",
  "name" : "nyc-doc-4.txt",
  "createdDate" : 0,
  "version" : 3,
  "text" : "{\"text\":\"I have an unfortunate situation and a highly unusual one. I need to find a place to rent ASAP. It has to be an apartment, it can't be a share. \\n\\nThe problem is that I graduated and then did not have stable income, so (1) my tax documents before last year don't help me. After that I have been working abroad since partway through last year (so (2) my tax documents for last year don't help me that much) and to top it off I (3) don't have anything (pay stubs, direct deposits to a US or foreign bank) that are going to want to be seen. For reasons I'd rather not go into, I have an extremely limited amount of time to find a place and it has to be in the NY area.  \\n\\n&#x200B;\\n\\nI thought I had a place through a family member but that person (like a husband of a fourth cousin) has gone completely MIA for over 3 weeks and a contract hasn't been signed with that person, though the place is definitely supposed to be vacated next month. (it seems like the previous tenants were section 8 (I presume that's correct?) and the city will not pay anymore or that's what I understand the city's lawyer has communicated) Anyways, I thought I had a sure thing and, now, I'm stuck having to find a replacement. \\n\\n&#x200B;\\n\\nI have a guarantor that makes over 100k. I can't show enough for the income rule and I keep getting \\\"well the guarantor isn't gonna live there\\\" thrown at me, so I'm like wtf is the point in offering to accept a guarantor if you're going to dismiss the guarantor because they're not gonna live there? (/end rant) \\n\\nThe only idea that I can think of that I haven't tried is to ask about is if I pay additional months' rent up front. Does anyone have any ideas? This is such fun situation (/s)\",\"author_fullname\":\"t2_13ccph\",\"title\":\"Stuck without an apartment to move to at last minute with an unfortunate situation in terms of credentials for finding an apt...any suggestions on how to remedy? Please?!\"}\n",
  "docLength" : 0,
  "language" : "EN",
  "status" : "IN_PROGRESS",
  "modifiedDate" : 1589309255673,
  "documentSet" : [ ],
  "preannotation" : [ "PRE_LW" ],
  "sentences" : [ {
    "id" : "s0",
    "begin" : 0,
    "end" : 66,
    "text" : "{\"text\":\"I have an unfortunate situation and a highly unusual one.",
    "tokens" : [ {
      "id" : "s0-t0",
      "begin" : 0,
      "end" : 1,
      "text" : "{",
      "whiteSpace" : false
    }, {
      "id" : "s0-t1",
      "begin" : 1,
      "end" : 2,
      "text" : "\"",
      "whiteSpace" : false
    }, {
      "id" : "s0-t2",
      "begin" : 2,
      "end" : 6,
      "text" : "text",
      "whiteSpace" : false
    }, {
      "id" : "s0-t3",
      "begin" : 6,
      "end" : 7,
      "text" : "\"",
      "whiteSpace" : false
    }, {
      "id" : "s0-t4",
      "begin" : 7,
      "end" : 8,
      "text" : ":",
      "whiteSpace" : false
    }, {
      "id" : "s0-t5",
      "begin" : 8,
      "end" : 9,
      "text" : "\"",
      "whiteSpace" : false
    }, {
      "id" : "s0-t6",
      "begin" : 9,
      "end" : 10,
      "text" : "I",
      "whiteSpace" : false
    }, {
      "id" : "s0-t7",
      "begin" : 11,
      "end" : 15,
      "text" : "have",
      "whiteSpace" : false
    }, {
      "id" : "s0-t8",
      "begin" : 16,
      "end" : 18,
      "text" : "an",
      "whiteSpace" : false
    }, {
      "id" : "s0-t9",
      "begin" : 19,
      "end" : 30,
      "text" : "unfortunate",
      "whiteSpace" : false
    }, {
      "id" : "s0-t10",
      "begin" : 31,
      "end" : 40,
      "text" : "situation",
      "whiteSpace" : false
    }, {
      "id" : "s0-t11",
      "begin" : 41,
      "end" : 44,
      "text" : "and",
      "whiteSpace" : false
    }, {
      "id" : "s0-t12",
      "begin" : 45,
      "end" : 46,
      "text" : "a",
      "whiteSpace" : false
    }, {
      "id" : "s0-t13",
      "begin" : 47,
      "end" : 53,
      "text" : "highly",
      "whiteSpace" : false
    }, {
      "id" : "s0-t14",
      "begin" : 54,
      "end" : 61,
      "text" : "unusual",
      "whiteSpace" : false
    }, {
      "id" : "s0-t15",
      "begin" : 62,
      "end" : 65,
      "text" : "one",
      "whiteSpace" : false
    }, {
      "id" : "s0-t16",
      "begin" : 65,
      "end" : 66,
      "text" : ".",
      "whiteSpace" : false
    } ]
  }, {
    "id" : "s1",
    "begin" : 67,
    "end" : 103,
    "text" : "I need to find a place to rent ASAP.",
    "tokens" : [ {
      "id" : "s1-t0",
      "begin" : 67,
      "end" : 68,
      "text" : "I",
      "whiteSpace" : false
    }, {
      "id" : "s1-t1",
      "begin" : 69,
      "end" : 73,
      "text" : "need",
      "whiteSpace" : false
    }, {
      "id" : "s1-t2",
      "begin" : 74,
      "end" : 76,
      "text" : "to",
      "whiteSpace" : false
    }, {
      "id" : "s1-t3",
      "begin" : 77,
      "end" : 81,
      "text" : "find",
      "whiteSpace" : false
    }, {
      "id" : "s1-t4",
      "begin" : 82,
      "end" : 83,
      "text" : "a",
      "whiteSpace" : false
    }, {
      "id" : "s1-t5",
      "begin" : 84,
      "end" : 89,
      "text" : "place",
      "whiteSpace" : false
    }, {
      "id" : "s1-t6",
      "begin" : 90,
      "end" : 92,
      "text" : "to",
      "whiteSpace" : false
    }, {
      "id" : "s1-t7",
      "begin" : 93,
      "end" : 97,
      "text" : "rent",
      "whiteSpace" : false
    }, {
      "id" : "s1-t8",
      "begin" : 98,
      "end" : 102,
      "text" : "ASAP",
      "whiteSpace" : false
    }, {
      "id" : "s1-t9",
      "begin" : 102,
      "end" : 103,
      "text" : ".",
      "whiteSpace" : false
    } ]
  }, {
    "id" : "s2",
    "begin" : 104,
    "end" : 151,
    "text" : "It has to be an apartment, it can't be a share.",
    "tokens" : [ {
      "id" : "s2-t0",
      "begin" : 104,
      "end" : 106,
      "text" : "It",
      "whiteSpace" : false
    }, {
      "id" : "s2-t1",
      "begin" : 107,
      "end" : 110,
      "text" : "has",
      "whiteSpace" : false
    }, {
      "id" : "s2-t2",
      "begin" : 111,
      "end" : 113,
      "text" : "to",
      "whiteSpace" : false
    }, {
      "id" : "s2-t3",
      "begin" : 114,
      "end" : 116,
      "text" : "be",
      "whiteSpace" : false
    }, {
      "id" : "s2-t4",
      "begin" : 117,
      "end" : 119,
      "text" : "an",
      "whiteSpace" : false
    }, {
      "id" : "s2-t5",
      "begin" : 120,
      "end" : 129,
      "text" : "apartment",
      "whiteSpace" : false
    }, {
      "id" : "s2-t6",
      "begin" : 129,
      "end" : 130,
      "text" : ",",
      "whiteSpace" : false
    }, {
      "id" : "s2-t7",
      "begin" : 131,
      "end" : 133,
      "text" : "it",
      "whiteSpace" : false
    }, {
      "id" : "s2-t8",
      "begin" : 134,
      "end" : 136,
      "text" : "ca",
      "whiteSpace" : false
    }, {
      "id" : "s2-t9",
      "begin" : 136,
      "end" : 139,
      "text" : "n't",
      "whiteSpace" : false
    }, {
      "id" : "s2-t10",
      "begin" : 140,
      "end" : 142,
      "text" : "be",
      "whiteSpace" : false
    }, {
      "id" : "s2-t11",
      "begin" : 143,
      "end" : 144,
      "text" : "a",
      "whiteSpace" : false
    }, {
      "id" : "s2-t12",
      "begin" : 145,
      "end" : 150,
      "text" : "share",
      "whiteSpace" : false
    }, {
      "id" : "s2-t13",
      "begin" : 150,
      "end" : 151,
      "text" : ".",
      "whiteSpace" : false
    } ]
  }, {
    "id" : "s3",
    "begin" : 152,
    "end" : 280,
    "text" : "\\n\\nThe problem is that I graduated and then did not have stable income, so (1) my tax documents before last year don't help me.",
    "tokens" : [ {
      "id" : "s3-t0",
      "begin" : 152,
      "end" : 154,
      "text" : "\\n",
      "whiteSpace" : false
    }, {
      "id" : "s3-t1",
      "begin" : 154,
      "end" : 159,
      "text" : "\\nThe",
      "whiteSpace" : false
    }, {
      "id" : "s3-t2",
      "begin" : 160,
      "end" : 167,
      "text" : "problem",
      "whiteSpace" : false
    }, {
      "id" : "s3-t3",
      "begin" : 168,
      "end" : 170,
      "text" : "is",
      "whiteSpace" : false
    }, {
      "id" : "s3-t4",
      "begin" : 171,
      "end" : 175,
      "text" : "that",
      "whiteSpace" : false
    }, {
      "id" : "s3-t5",
      "begin" : 176,
      "end" : 177,
      "text" : "I",
      "whiteSpace" : false
    }, {
      "id" : "s3-t6",
      "begin" : 178,
      "end" : 187,
      "text" : "graduated",
      "whiteSpace" : false
    }, {
      "id" : "s3-t7",
      "begin" : 188,
      "end" : 191,
      "text" : "and",
      "whiteSpace" : false
    }, {
      "id" : "s3-t8",
      "begin" : 192,
      "end" : 196,
      "text" : "then",
      "whiteSpace" : false
    }, {
      "id" : "s3-t9",
      "begin" : 197,
      "end" : 200,
      "text" : "did",
      "whiteSpace" : false
    }, {
      "id" : "s3-t10",
      "begin" : 201,
      "end" : 204,
      "text" : "not",
      "whiteSpace" : false
    }, {
      "id" : "s3-t11",
      "begin" : 205,
      "end" : 209,
      "text" : "have",
      "whiteSpace" : false
    }, {
      "id" : "s3-t12",
      "begin" : 210,
      "end" : 216,
      "text" : "stable",
      "whiteSpace" : false
    }, {
      "id" : "s3-t13",
      "begin" : 217,
      "end" : 223,
      "text" : "income",
      "whiteSpace" : false
    }, {
      "id" : "s3-t14",
      "begin" : 223,
      "end" : 224,
      "text" : ",",
      "whiteSpace" : false
    }, {
      "id" : "s3-t15",
      "begin" : 225,
      "end" : 227,
      "text" : "so",
      "whiteSpace" : false
    }, {
      "id" : "s3-t16",
      "begin" : 228,
      "end" : 229,
      "text" : "(",
      "whiteSpace" : false
    }, {
      "id" : "s3-t17",
      "begin" : 229,
      "end" : 230,
      "text" : "1",
      "whiteSpace" : false
    }, {
      "id" : "s3-t18",
      "begin" : 230,
      "end" : 231,
      "text" : ")",
      "whiteSpace" : false
    }, {
      "id" : "s3-t19",
      "begin" : 232,
      "end" : 234,
      "text" : "my",
      "whiteSpace" : false
    }, {
      "id" : "s3-t20",
      "begin" : 235,
      "end" : 238,
      "text" : "tax",
      "whiteSpace" : false
    }, {
      "id" : "s3-t21",
      "begin" : 239,
      "end" : 248,
      "text" : "documents",
      "whiteSpace" : false
    }, {
      "id" : "s3-t22",
      "begin" : 249,
      "end" : 255,
      "text" : "before",
      "whiteSpace" : false
    }, {
      "id" : "s3-t23",
      "begin" : 256,
      "end" : 260,
      "text" : "last",
      "whiteSpace" : false
    }, {
      "id" : "s3-t24",
      "begin" : 261,
      "end" : 265,
      "text" : "year",
      "whiteSpace" : false
    }, {
      "id" : "s3-t25",
      "begin" : 266,
      "end" : 268,
      "text" : "do",
      "whiteSpace" : false
    }, {
      "id" : "s3-t26",
      "begin" : 268,
      "end" : 271,
      "text" : "n't",
      "whiteSpace" : false
    }, {
      "id" : "s3-t27",
      "begin" : 272,
      "end" : 276,
      "text" : "help",
      "whiteSpace" : false
    }, {
      "id" : "s3-t28",
      "begin" : 277,
      "end" : 279,
      "text" : "me",
      "whiteSpace" : false
    }, {
      "id" : "s3-t29",
      "begin" : 279,
      "end" : 280,
      "text" : ".",
      "whiteSpace" : false
    } ]
  }, {
    "id" : "s4",
    "begin" : 281,
    "end" : 546,
    "text" : "After that I have been working abroad since partway through last year (so (2) my tax documents for last year don't help me that much) and to top it off I (3) don't have anything (pay stubs, direct deposits to a US or foreign bank) that are going to want to be seen.",
    "tokens" : [ {
      "id" : "s4-t0",
      "begin" : 281,
      "end" : 286,
      "text" : "After",
      "whiteSpace" : false
    }, {
      "id" : "s4-t1",
      "begin" : 287,
      "end" : 291,
      "text" : "that",
      "whiteSpace" : false
    }, {
      "id" : "s4-t2",
      "begin" : 292,
      "end" : 293,
      "text" : "I",
      "whiteSpace" : false
    }, {
      "id" : "s4-t3",
      "begin" : 294,
      "end" : 298,
      "text" : "have",
      "whiteSpace" : false
    }, {
      "id" : "s4-t4",
      "begin" : 299,
      "end" : 303,
      "text" : "been",
      "whiteSpace" : false
    }, {
      "id" : "s4-t5",
      "begin" : 304,
      "end" : 311,
      "text" : "working",
      "whiteSpace" : false
    }, {
      "id" : "s4-t6",
      "begin" : 312,
      "end" : 318,
      "text" : "abroad",
      "whiteSpace" : false
    }, {
      "id" : "s4-t7",
      "begin" : 319,
      "end" : 324,
      "text" : "since",
      "whiteSpace" : false
    }, {
      "id" : "s4-t8",
      "begin" : 325,
      "end" : 332,
      "text" : "partway",
      "whiteSpace" : false
    }, {
      "id" : "s4-t9",
      "begin" : 333,
      "end" : 340,
      "text" : "through",
      "whiteSpace" : false
    }, {
      "id" : "s4-t10",
      "begin" : 341,
      "end" : 345,
      "text" : "last",
      "whiteSpace" : false
    }, {
      "id" : "s4-t11",
      "begin" : 346,
      "end" : 350,
      "text" : "year",
      "whiteSpace" : false
    }, {
      "id" : "s4-t12",
      "begin" : 351,
      "end" : 352,
      "text" : "(",
      "whiteSpace" : false
    }, {
      "id" : "s4-t13",
      "begin" : 352,
      "end" : 354,
      "text" : "so",
      "whiteSpace" : false
    }, {
      "id" : "s4-t14",
      "begin" : 355,
      "end" : 356,
      "text" : "(",
      "whiteSpace" : false
    }, {
      "id" : "s4-t15",
      "begin" : 356,
      "end" : 357,
      "text" : "2",
      "whiteSpace" : false
    }, {
      "id" : "s4-t16",
      "begin" : 357,
      "end" : 358,
      "text" : ")",
      "whiteSpace" : false
    }, {
      "id" : "s4-t17",
      "begin" : 359,
      "end" : 361,
      "text" : "my",
      "whiteSpace" : false
    }, {
      "id" : "s4-t18",
      "begin" : 362,
      "end" : 365,
      "text" : "tax",
      "whiteSpace" : false
    }, {
      "id" : "s4-t19",
      "begin" : 366,
      "end" : 375,
      "text" : "documents",
      "whiteSpace" : false
    }, {
      "id" : "s4-t20",
      "begin" : 376,
      "end" : 379,
      "text" : "for",
      "whiteSpace" : false
    }, {
      "id" : "s4-t21",
      "begin" : 380,
      "end" : 384,
      "text" : "last",
      "whiteSpace" : false
    }, {
      "id" : "s4-t22",
      "begin" : 385,
      "end" : 389,
      "text" : "year",
      "whiteSpace" : false
    }, {
      "id" : "s4-t23",
      "begin" : 390,
      "end" : 392,
      "text" : "do",
      "whiteSpace" : false
    }, {
      "id" : "s4-t24",
      "begin" : 392,
      "end" : 395,
      "text" : "n't",
      "whiteSpace" : false
    }, {
      "id" : "s4-t25",
      "begin" : 396,
      "end" : 400,
      "text" : "help",
      "whiteSpace" : false
    }, {
      "id" : "s4-t26",
      "begin" : 401,
      "end" : 403,
      "text" : "me",
      "whiteSpace" : false
    }, {
      "id" : "s4-t27",
      "begin" : 404,
      "end" : 408,
      "text" : "that",
      "whiteSpace" : false
    }, {
      "id" : "s4-t28",
      "begin" : 409,
      "end" : 413,
      "text" : "much",
      "whiteSpace" : false
    }, {
      "id" : "s4-t29",
      "begin" : 413,
      "end" : 414,
      "text" : ")",
      "whiteSpace" : false
    }, {
      "id" : "s4-t30",
      "begin" : 415,
      "end" : 418,
      "text" : "and",
      "whiteSpace" : false
    }, {
      "id" : "s4-t31",
      "begin" : 419,
      "end" : 421,
      "text" : "to",
      "whiteSpace" : false
    }, {
      "id" : "s4-t32",
      "begin" : 422,
      "end" : 425,
      "text" : "top",
      "whiteSpace" : false
    }, {
      "id" : "s4-t33",
      "begin" : 426,
      "end" : 428,
      "text" : "it",
      "whiteSpace" : false
    }, {
      "id" : "s4-t34",
      "begin" : 429,
      "end" : 432,
      "text" : "off",
      "whiteSpace" : false
    }, {
      "id" : "s4-t35",
      "begin" : 433,
      "end" : 434,
      "text" : "I",
      "whiteSpace" : false
    }, {
      "id" : "s4-t36",
      "begin" : 435,
      "end" : 436,
      "text" : "(",
      "whiteSpace" : false
    }, {
      "id" : "s4-t37",
      "begin" : 436,
      "end" : 437,
      "text" : "3",
      "whiteSpace" : false
    }, {
      "id" : "s4-t38",
      "begin" : 437,
      "end" : 438,
      "text" : ")",
      "whiteSpace" : false
    }, {
      "id" : "s4-t39",
      "begin" : 439,
      "end" : 441,
      "text" : "do",
      "whiteSpace" : false
    }, {
      "id" : "s4-t40",
      "begin" : 441,
      "end" : 444,
      "text" : "n't",
      "whiteSpace" : false
    }, {
      "id" : "s4-t41",
      "begin" : 445,
      "end" : 449,
      "text" : "have",
      "whiteSpace" : false
    }, {
      "id" : "s4-t42",
      "begin" : 450,
      "end" : 458,
      "text" : "anything",
      "whiteSpace" : false
    }, {
      "id" : "s4-t43",
      "begin" : 459,
      "end" : 460,
      "text" : "(",
      "whiteSpace" : false
    }, {
      "id" : "s4-t44",
      "begin" : 460,
      "end" : 463,
      "text" : "pay",
      "whiteSpace" : false
    }, {
      "id" : "s4-t45",
      "begin" : 464,
      "end" : 469,
      "text" : "stubs",
      "whiteSpace" : false
    }, {
      "id" : "s4-t46",
      "begin" : 469,
      "end" : 470,
      "text" : ",",
      "whiteSpace" : false
    }, {
      "id" : "s4-t47",
      "begin" : 471,
      "end" : 477,
      "text" : "direct",
      "whiteSpace" : false
    }, {
      "id" : "s4-t48",
      "begin" : 478,
      "end" : 486,
      "text" : "deposits",
      "whiteSpace" : false
    }, {
      "id" : "s4-t49",
      "begin" : 487,
      "end" : 489,
      "text" : "to",
      "whiteSpace" : false
    }, {
      "id" : "s4-t50",
      "begin" : 490,
      "end" : 491,
      "text" : "a",
      "whiteSpace" : false
    }, {
      "id" : "s4-t51",
      "begin" : 492,
      "end" : 494,
      "text" : "US",
      "whiteSpace" : false
    }, {
      "id" : "s4-t52",
      "begin" : 495,
      "end" : 497,
      "text" : "or",
      "whiteSpace" : false
    }, {
      "id" : "s4-t53",
      "begin" : 498,
      "end" : 505,
      "text" : "foreign",
      "whiteSpace" : false
    }, {
      "id" : "s4-t54",
      "begin" : 506,
      "end" : 510,
      "text" : "bank",
      "whiteSpace" : false
    }, {
      "id" : "s4-t55",
      "begin" : 510,
      "end" : 511,
      "text" : ")",
      "whiteSpace" : false
    }, {
      "id" : "s4-t56",
      "begin" : 512,
      "end" : 516,
      "text" : "that",
      "whiteSpace" : false
    }, {
      "id" : "s4-t57",
      "begin" : 517,
      "end" : 520,
      "text" : "are",
      "whiteSpace" : false
    }, {
      "id" : "s4-t58",
      "begin" : 521,
      "end" : 526,
      "text" : "going",
      "whiteSpace" : false
    }, {
      "id" : "s4-t59",
      "begin" : 527,
      "end" : 529,
      "text" : "to",
      "whiteSpace" : false
    }, {
      "id" : "s4-t60",
      "begin" : 530,
      "end" : 534,
      "text" : "want",
      "whiteSpace" : false
    }, {
      "id" : "s4-t61",
      "begin" : 535,
      "end" : 537,
      "text" : "to",
      "whiteSpace" : false
    }, {
      "id" : "s4-t62",
      "begin" : 538,
      "end" : 540,
      "text" : "be",
      "whiteSpace" : false
    }, {
      "id" : "s4-t63",
      "begin" : 541,
      "end" : 545,
      "text" : "seen",
      "whiteSpace" : false
    }, {
      "id" : "s4-t64",
      "begin" : 545,
      "end" : 546,
      "text" : ".",
      "whiteSpace" : false
    } ]
  }, {
    "id" : "s5",
    "begin" : 547,
    "end" : 674,
    "text" : "For reasons I'd rather not go into, I have an extremely limited amount of time to find a place and it has to be in the NY area.",
    "tokens" : [ {
      "id" : "s5-t0",
      "begin" : 547,
      "end" : 550,
      "text" : "For",
      "whiteSpace" : false
    }, {
      "id" : "s5-t1",
      "begin" : 551,
      "end" : 558,
      "text" : "reasons",
      "whiteSpace" : false
    }, {
      "id" : "s5-t2",
      "begin" : 559,
      "end" : 560,
      "text" : "I",
      "whiteSpace" : false
    }, {
      "id" : "s5-t3",
      "begin" : 560,
      "end" : 562,
      "text" : "'d",
      "whiteSpace" : false
    }, {
      "id" : "s5-t4",
      "begin" : 563,
      "end" : 569,
      "text" : "rather",
      "whiteSpace" : false
    }, {
      "id" : "s5-t5",
      "begin" : 570,
      "end" : 573,
      "text" : "not",
      "whiteSpace" : false
    }, {
      "id" : "s5-t6",
      "begin" : 574,
      "end" : 576,
      "text" : "go",
      "whiteSpace" : false
    }, {
      "id" : "s5-t7",
      "begin" : 577,
      "end" : 581,
      "text" : "into",
      "whiteSpace" : false
    }, {
      "id" : "s5-t8",
      "begin" : 581,
      "end" : 582,
      "text" : ",",
      "whiteSpace" : false
    }, {
      "id" : "s5-t9",
      "begin" : 583,
      "end" : 584,
      "text" : "I",
      "whiteSpace" : false
    }, {
      "id" : "s5-t10",
      "begin" : 585,
      "end" : 589,
      "text" : "have",
      "whiteSpace" : false
    }, {
      "id" : "s5-t11",
      "begin" : 590,
      "end" : 592,
      "text" : "an",
      "whiteSpace" : false
    }, {
      "id" : "s5-t12",
      "begin" : 593,
      "end" : 602,
      "text" : "extremely",
      "whiteSpace" : false
    }, {
      "id" : "s5-t13",
      "begin" : 603,
      "end" : 610,
      "text" : "limited",
      "whiteSpace" : false
    }, {
      "id" : "s5-t14",
      "begin" : 611,
      "end" : 617,
      "text" : "amount",
      "whiteSpace" : false
    }, {
      "id" : "s5-t15",
      "begin" : 618,
      "end" : 620,
      "text" : "of",
      "whiteSpace" : false
    }, {
      "id" : "s5-t16",
      "begin" : 621,
      "end" : 625,
      "text" : "time",
      "whiteSpace" : false
    }, {
      "id" : "s5-t17",
      "begin" : 626,
      "end" : 628,
      "text" : "to",
      "whiteSpace" : false
    }, {
      "id" : "s5-t18",
      "begin" : 629,
      "end" : 633,
      "text" : "find",
      "whiteSpace" : false
    }, {
      "id" : "s5-t19",
      "begin" : 634,
      "end" : 635,
      "text" : "a",
      "whiteSpace" : false
    }, {
      "id" : "s5-t20",
      "begin" : 636,
      "end" : 641,
      "text" : "place",
      "whiteSpace" : false
    }, {
      "id" : "s5-t21",
      "begin" : 642,
      "end" : 645,
      "text" : "and",
      "whiteSpace" : false
    }, {
      "id" : "s5-t22",
      "begin" : 646,
      "end" : 648,
      "text" : "it",
      "whiteSpace" : false
    }, {
      "id" : "s5-t23",
      "begin" : 649,
      "end" : 652,
      "text" : "has",
      "whiteSpace" : false
    }, {
      "id" : "s5-t24",
      "begin" : 653,
      "end" : 655,
      "text" : "to",
      "whiteSpace" : false
    }, {
      "id" : "s5-t25",
      "begin" : 656,
      "end" : 658,
      "text" : "be",
      "whiteSpace" : false
    }, {
      "id" : "s5-t26",
      "begin" : 659,
      "end" : 661,
      "text" : "in",
      "whiteSpace" : false
    }, {
      "id" : "s5-t27",
      "begin" : 662,
      "end" : 665,
      "text" : "the",
      "whiteSpace" : false
    }, {
      "id" : "s5-t28",
      "begin" : 666,
      "end" : 668,
      "text" : "NY",
      "whiteSpace" : false
    }, {
      "id" : "s5-t29",
      "begin" : 669,
      "end" : 673,
      "text" : "area",
      "whiteSpace" : false
    }, {
      "id" : "s5-t30",
      "begin" : 673,
      "end" : 674,
      "text" : ".",
      "whiteSpace" : false
    } ]
  }, {
    "id" : "s6",
    "begin" : 676,
    "end" : 950,
    "text" : "\\n\\n&#x200B;\\n\\nI thought I had a place through a family member but that person (like a husband of a fourth cousin) has gone completely MIA for over 3 weeks and a contract hasn't been signed with that person, though the place is definitely supposed to be vacated next month.",
    "tokens" : [ {
      "id" : "s6-t0",
      "begin" : 676,
      "end" : 678,
      "text" : "\\n",
      "whiteSpace" : false
    }, {
      "id" : "s6-t1",
      "begin" : 678,
      "end" : 690,
      "text" : "\\n&#x200B;\\n",
      "whiteSpace" : false
    }, {
      "id" : "s6-t2",
      "begin" : 690,
      "end" : 693,
      "text" : "\\nI",
      "whiteSpace" : false
    }, {
      "id" : "s6-t3",
      "begin" : 694,
      "end" : 701,
      "text" : "thought",
      "whiteSpace" : false
    }, {
      "id" : "s6-t4",
      "begin" : 702,
      "end" : 703,
      "text" : "I",
      "whiteSpace" : false
    }, {
      "id" : "s6-t5",
      "begin" : 704,
      "end" : 707,
      "text" : "had",
      "whiteSpace" : false
    }, {
      "id" : "s6-t6",
      "begin" : 708,
      "end" : 709,
      "text" : "a",
      "whiteSpace" : false
    }, {
      "id" : "s6-t7",
      "begin" : 710,
      "end" : 715,
      "text" : "place",
      "whiteSpace" : false
    }, {
      "id" : "s6-t8",
      "begin" : 716,
      "end" : 723,
      "text" : "through",
      "whiteSpace" : false
    }, {
      "id" : "s6-t9",
      "begin" : 724,
      "end" : 725,
      "text" : "a",
      "whiteSpace" : false
    }, {
      "id" : "s6-t10",
      "begin" : 726,
      "end" : 732,
      "text" : "family",
      "whiteSpace" : false
    }, {
      "id" : "s6-t11",
      "begin" : 733,
      "end" : 739,
      "text" : "member",
      "whiteSpace" : false
    }, {
      "id" : "s6-t12",
      "begin" : 740,
      "end" : 743,
      "text" : "but",
      "whiteSpace" : false
    }, {
      "id" : "s6-t13",
      "begin" : 744,
      "end" : 748,
      "text" : "that",
      "whiteSpace" : false
    }, {
      "id" : "s6-t14",
      "begin" : 749,
      "end" : 755,
      "text" : "person",
      "whiteSpace" : false
    }, {
      "id" : "s6-t15",
      "begin" : 756,
      "end" : 757,
      "text" : "(",
      "whiteSpace" : false
    }, {
      "id" : "s6-t16",
      "begin" : 757,
      "end" : 761,
      "text" : "like",
      "whiteSpace" : false
    }, {
      "id" : "s6-t17",
      "begin" : 762,
      "end" : 763,
      "text" : "a",
      "whiteSpace" : false
    }, {
      "id" : "s6-t18",
      "begin" : 764,
      "end" : 771,
      "text" : "husband",
      "whiteSpace" : false
    }, {
      "id" : "s6-t19",
      "begin" : 772,
      "end" : 774,
      "text" : "of",
      "whiteSpace" : false
    }, {
      "id" : "s6-t20",
      "begin" : 775,
      "end" : 776,
      "text" : "a",
      "whiteSpace" : false
    }, {
      "id" : "s6-t21",
      "begin" : 777,
      "end" : 783,
      "text" : "fourth",
      "whiteSpace" : false
    }, {
      "id" : "s6-t22",
      "begin" : 784,
      "end" : 790,
      "text" : "cousin",
      "whiteSpace" : false
    }, {
      "id" : "s6-t23",
      "begin" : 790,
      "end" : 791,
      "text" : ")",
      "whiteSpace" : false
    }, {
      "id" : "s6-t24",
      "begin" : 792,
      "end" : 795,
      "text" : "has",
      "whiteSpace" : false
    }, {
      "id" : "s6-t25",
      "begin" : 796,
      "end" : 800,
      "text" : "gone",
      "whiteSpace" : false
    }, {
      "id" : "s6-t26",
      "begin" : 801,
      "end" : 811,
      "text" : "completely",
      "whiteSpace" : false
    }, {
      "id" : "s6-t27",
      "begin" : 812,
      "end" : 815,
      "text" : "MIA",
      "whiteSpace" : false
    }, {
      "id" : "s6-t28",
      "begin" : 816,
      "end" : 819,
      "text" : "for",
      "whiteSpace" : false
    }, {
      "id" : "s6-t29",
      "begin" : 820,
      "end" : 824,
      "text" : "over",
      "whiteSpace" : false
    }, {
      "id" : "s6-t30",
      "begin" : 825,
      "end" : 826,
      "text" : "3",
      "whiteSpace" : false
    }, {
      "id" : "s6-t31",
      "begin" : 827,
      "end" : 832,
      "text" : "weeks",
      "whiteSpace" : false
    }, {
      "id" : "s6-t32",
      "begin" : 833,
      "end" : 836,
      "text" : "and",
      "whiteSpace" : false
    }, {
      "id" : "s6-t33",
      "begin" : 837,
      "end" : 838,
      "text" : "a",
      "whiteSpace" : false
    }, {
      "id" : "s6-t34",
      "begin" : 839,
      "end" : 847,
      "text" : "contract",
      "whiteSpace" : false
    }, {
      "id" : "s6-t35",
      "begin" : 848,
      "end" : 851,
      "text" : "has",
      "whiteSpace" : false
    }, {
      "id" : "s6-t36",
      "begin" : 851,
      "end" : 854,
      "text" : "n't",
      "whiteSpace" : false
    }, {
      "id" : "s6-t37",
      "begin" : 855,
      "end" : 859,
      "text" : "been",
      "whiteSpace" : false
    }, {
      "id" : "s6-t38",
      "begin" : 860,
      "end" : 866,
      "text" : "signed",
      "whiteSpace" : false
    }, {
      "id" : "s6-t39",
      "begin" : 867,
      "end" : 871,
      "text" : "with",
      "whiteSpace" : false
    }, {
      "id" : "s6-t40",
      "begin" : 872,
      "end" : 876,
      "text" : "that",
      "whiteSpace" : false
    }, {
      "id" : "s6-t41",
      "begin" : 877,
      "end" : 883,
      "text" : "person",
      "whiteSpace" : false
    }, {
      "id" : "s6-t42",
      "begin" : 883,
      "end" : 884,
      "text" : ",",
      "whiteSpace" : false
    }, {
      "id" : "s6-t43",
      "begin" : 885,
      "end" : 891,
      "text" : "though",
      "whiteSpace" : false
    }, {
      "id" : "s6-t44",
      "begin" : 892,
      "end" : 895,
      "text" : "the",
      "whiteSpace" : false
    }, {
      "id" : "s6-t45",
      "begin" : 896,
      "end" : 901,
      "text" : "place",
      "whiteSpace" : false
    }, {
      "id" : "s6-t46",
      "begin" : 902,
      "end" : 904,
      "text" : "is",
      "whiteSpace" : false
    }, {
      "id" : "s6-t47",
      "begin" : 905,
      "end" : 915,
      "text" : "definitely",
      "whiteSpace" : false
    }, {
      "id" : "s6-t48",
      "begin" : 916,
      "end" : 924,
      "text" : "supposed",
      "whiteSpace" : false
    }, {
      "id" : "s6-t49",
      "begin" : 925,
      "end" : 927,
      "text" : "to",
      "whiteSpace" : false
    }, {
      "id" : "s6-t50",
      "begin" : 928,
      "end" : 930,
      "text" : "be",
      "whiteSpace" : false
    }, {
      "id" : "s6-t51",
      "begin" : 931,
      "end" : 938,
      "text" : "vacated",
      "whiteSpace" : false
    }, {
      "id" : "s6-t52",
      "begin" : 939,
      "end" : 943,
      "text" : "next",
      "whiteSpace" : false
    }, {
      "id" : "s6-t53",
      "begin" : 944,
      "end" : 949,
      "text" : "month",
      "whiteSpace" : false
    }, {
      "id" : "s6-t54",
      "begin" : 949,
      "end" : 950,
      "text" : ".",
      "whiteSpace" : false
    } ]
  }, {
    "id" : "s7",
    "begin" : 951,
    "end" : 1028,
    "text" : "(it seems like the previous tenants were section 8 (I presume that's correct?",
    "tokens" : [ {
      "id" : "s7-t0",
      "begin" : 951,
      "end" : 952,
      "text" : "(",
      "whiteSpace" : false
    }, {
      "id" : "s7-t1",
      "begin" : 952,
      "end" : 954,
      "text" : "it",
      "whiteSpace" : false
    }, {
      "id" : "s7-t2",
      "begin" : 955,
      "end" : 960,
      "text" : "seems",
      "whiteSpace" : false
    }, {
      "id" : "s7-t3",
      "begin" : 961,
      "end" : 965,
      "text" : "like",
      "whiteSpace" : false
    }, {
      "id" : "s7-t4",
      "begin" : 966,
      "end" : 969,
      "text" : "the",
      "whiteSpace" : false
    }, {
      "id" : "s7-t5",
      "begin" : 970,
      "end" : 978,
      "text" : "previous",
      "whiteSpace" : false
    }, {
      "id" : "s7-t6",
      "begin" : 979,
      "end" : 986,
      "text" : "tenants",
      "whiteSpace" : false
    }, {
      "id" : "s7-t7",
      "begin" : 987,
      "end" : 991,
      "text" : "were",
      "whiteSpace" : false
    }, {
      "id" : "s7-t8",
      "begin" : 992,
      "end" : 999,
      "text" : "section",
      "whiteSpace" : false
    }, {
      "id" : "s7-t9",
      "begin" : 1000,
      "end" : 1001,
      "text" : "8",
      "whiteSpace" : false
    }, {
      "id" : "s7-t10",
      "begin" : 1002,
      "end" : 1003,
      "text" : "(",
      "whiteSpace" : false
    }, {
      "id" : "s7-t11",
      "begin" : 1003,
      "end" : 1004,
      "text" : "I",
      "whiteSpace" : false
    }, {
      "id" : "s7-t12",
      "begin" : 1005,
      "end" : 1012,
      "text" : "presume",
      "whiteSpace" : false
    }, {
      "id" : "s7-t13",
      "begin" : 1013,
      "end" : 1017,
      "text" : "that",
      "whiteSpace" : false
    }, {
      "id" : "s7-t14",
      "begin" : 1017,
      "end" : 1019,
      "text" : "'s",
      "whiteSpace" : false
    }, {
      "id" : "s7-t15",
      "begin" : 1020,
      "end" : 1027,
      "text" : "correct",
      "whiteSpace" : false
    }, {
      "id" : "s7-t16",
      "begin" : 1027,
      "end" : 1028,
      "text" : "?",
      "whiteSpace" : false
    } ]
  }, {
    "id" : "s8",
    "begin" : 1028,
    "end" : 1215,
    "text" : ") and the city will not pay anymore or that's what I understand the city's lawyer has communicated) Anyways, I thought I had a sure thing and, now, I'm stuck having to find a replacement.",
    "tokens" : [ {
      "id" : "s8-t0",
      "begin" : 1028,
      "end" : 1029,
      "text" : ")",
      "whiteSpace" : false
    }, {
      "id" : "s8-t1",
      "begin" : 1030,
      "end" : 1033,
      "text" : "and",
      "whiteSpace" : false
    }, {
      "id" : "s8-t2",
      "begin" : 1034,
      "end" : 1037,
      "text" : "the",
      "whiteSpace" : false
    }, {
      "id" : "s8-t3",
      "begin" : 1038,
      "end" : 1042,
      "text" : "city",
      "whiteSpace" : false
    }, {
      "id" : "s8-t4",
      "begin" : 1043,
      "end" : 1047,
      "text" : "will",
      "whiteSpace" : false
    }, {
      "id" : "s8-t5",
      "begin" : 1048,
      "end" : 1051,
      "text" : "not",
      "whiteSpace" : false
    }, {
      "id" : "s8-t6",
      "begin" : 1052,
      "end" : 1055,
      "text" : "pay",
      "whiteSpace" : false
    }, {
      "id" : "s8-t7",
      "begin" : 1056,
      "end" : 1063,
      "text" : "anymore",
      "whiteSpace" : false
    }, {
      "id" : "s8-t8",
      "begin" : 1064,
      "end" : 1066,
      "text" : "or",
      "whiteSpace" : false
    }, {
      "id" : "s8-t9",
      "begin" : 1067,
      "end" : 1071,
      "text" : "that",
      "whiteSpace" : false
    }, {
      "id" : "s8-t10",
      "begin" : 1071,
      "end" : 1073,
      "text" : "'s",
      "whiteSpace" : false
    }, {
      "id" : "s8-t11",
      "begin" : 1074,
      "end" : 1078,
      "text" : "what",
      "whiteSpace" : false
    }, {
      "id" : "s8-t12",
      "begin" : 1079,
      "end" : 1080,
      "text" : "I",
      "whiteSpace" : false
    }, {
      "id" : "s8-t13",
      "begin" : 1081,
      "end" : 1091,
      "text" : "understand",
      "whiteSpace" : false
    }, {
      "id" : "s8-t14",
      "begin" : 1092,
      "end" : 1095,
      "text" : "the",
      "whiteSpace" : false
    }, {
      "id" : "s8-t15",
      "begin" : 1096,
      "end" : 1100,
      "text" : "city",
      "whiteSpace" : false
    }, {
      "id" : "s8-t16",
      "begin" : 1100,
      "end" : 1102,
      "text" : "'s",
      "whiteSpace" : false
    }, {
      "id" : "s8-t17",
      "begin" : 1103,
      "end" : 1109,
      "text" : "lawyer",
      "whiteSpace" : false
    }, {
      "id" : "s8-t18",
      "begin" : 1110,
      "end" : 1113,
      "text" : "has",
      "whiteSpace" : false
    }, {
      "id" : "s8-t19",
      "begin" : 1114,
      "end" : 1126,
      "text" : "communicated",
      "whiteSpace" : false
    }, {
      "id" : "s8-t20",
      "begin" : 1126,
      "end" : 1127,
      "text" : ")",
      "whiteSpace" : false
    }, {
      "id" : "s8-t21",
      "begin" : 1128,
      "end" : 1135,
      "text" : "Anyways",
      "whiteSpace" : false
    }, {
      "id" : "s8-t22",
      "begin" : 1135,
      "end" : 1136,
      "text" : ",",
      "whiteSpace" : false
    }, {
      "id" : "s8-t23",
      "begin" : 1137,
      "end" : 1138,
      "text" : "I",
      "whiteSpace" : false
    }, {
      "id" : "s8-t24",
      "begin" : 1139,
      "end" : 1146,
      "text" : "thought",
      "whiteSpace" : false
    }, {
      "id" : "s8-t25",
      "begin" : 1147,
      "end" : 1148,
      "text" : "I",
      "whiteSpace" : false
    }, {
      "id" : "s8-t26",
      "begin" : 1149,
      "end" : 1152,
      "text" : "had",
      "whiteSpace" : false
    }, {
      "id" : "s8-t27",
      "begin" : 1153,
      "end" : 1154,
      "text" : "a",
      "whiteSpace" : false
    }, {
      "id" : "s8-t28",
      "begin" : 1155,
      "end" : 1159,
      "text" : "sure",
      "whiteSpace" : false
    }, {
      "id" : "s8-t29",
      "begin" : 1160,
      "end" : 1165,
      "text" : "thing",
      "whiteSpace" : false
    }, {
      "id" : "s8-t30",
      "begin" : 1166,
      "end" : 1169,
      "text" : "and",
      "whiteSpace" : false
    }, {
      "id" : "s8-t31",
      "begin" : 1169,
      "end" : 1170,
      "text" : ",",
      "whiteSpace" : false
    }, {
      "id" : "s8-t32",
      "begin" : 1171,
      "end" : 1174,
      "text" : "now",
      "whiteSpace" : false
    }, {
      "id" : "s8-t33",
      "begin" : 1174,
      "end" : 1175,
      "text" : ",",
      "whiteSpace" : false
    }, {
      "id" : "s8-t34",
      "begin" : 1176,
      "end" : 1177,
      "text" : "I",
      "whiteSpace" : false
    }, {
      "id" : "s8-t35",
      "begin" : 1177,
      "end" : 1179,
      "text" : "'m",
      "whiteSpace" : false
    }, {
      "id" : "s8-t36",
      "begin" : 1180,
      "end" : 1185,
      "text" : "stuck",
      "whiteSpace" : false
    }, {
      "id" : "s8-t37",
      "begin" : 1186,
      "end" : 1192,
      "text" : "having",
      "whiteSpace" : false
    }, {
      "id" : "s8-t38",
      "begin" : 1193,
      "end" : 1195,
      "text" : "to",
      "whiteSpace" : false
    }, {
      "id" : "s8-t39",
      "begin" : 1196,
      "end" : 1200,
      "text" : "find",
      "whiteSpace" : false
    }, {
      "id" : "s8-t40",
      "begin" : 1201,
      "end" : 1202,
      "text" : "a",
      "whiteSpace" : false
    }, {
      "id" : "s8-t41",
      "begin" : 1203,
      "end" : 1214,
      "text" : "replacement",
      "whiteSpace" : false
    }, {
      "id" : "s8-t42",
      "begin" : 1214,
      "end" : 1215,
      "text" : ".",
      "whiteSpace" : false
    } ]
  }, {
    "id" : "s9",
    "begin" : 1216,
    "end" : 1272,
    "text" : "\\n\\n&#x200B;\\n\\nI have a guarantor that makes over 100k.",
    "tokens" : [ {
      "id" : "s9-t0",
      "begin" : 1216,
      "end" : 1218,
      "text" : "\\n",
      "whiteSpace" : false
    }, {
      "id" : "s9-t1",
      "begin" : 1218,
      "end" : 1230,
      "text" : "\\n&#x200B;\\n",
      "whiteSpace" : false
    }, {
      "id" : "s9-t2",
      "begin" : 1230,
      "end" : 1233,
      "text" : "\\nI",
      "whiteSpace" : false
    }, {
      "id" : "s9-t3",
      "begin" : 1234,
      "end" : 1238,
      "text" : "have",
      "whiteSpace" : false
    }, {
      "id" : "s9-t4",
      "begin" : 1239,
      "end" : 1240,
      "text" : "a",
      "whiteSpace" : false
    }, {
      "id" : "s9-t5",
      "begin" : 1241,
      "end" : 1250,
      "text" : "guarantor",
      "whiteSpace" : false
    }, {
      "id" : "s9-t6",
      "begin" : 1251,
      "end" : 1255,
      "text" : "that",
      "whiteSpace" : false
    }, {
      "id" : "s9-t7",
      "begin" : 1256,
      "end" : 1261,
      "text" : "makes",
      "whiteSpace" : false
    }, {
      "id" : "s9-t8",
      "begin" : 1262,
      "end" : 1266,
      "text" : "over",
      "whiteSpace" : false
    }, {
      "id" : "s9-t9",
      "begin" : 1267,
      "end" : 1271,
      "text" : "100k",
      "whiteSpace" : false
    }, {
      "id" : "s9-t10",
      "begin" : 1271,
      "end" : 1272,
      "text" : ".",
      "whiteSpace" : false
    } ]
  }, {
    "id" : "s10",
    "begin" : 1273,
    "end" : 1533,
    "text" : "I can't show enough for the income rule and I keep getting \\\"well the guarantor isn't gonna live there\\\" thrown at me, so I'm like wtf is the point in offering to accept a guarantor if you're going to dismiss the guarantor because they're not gonna live there?",
    "tokens" : [ {
      "id" : "s10-t0",
      "begin" : 1273,
      "end" : 1274,
      "text" : "I",
      "whiteSpace" : false
    }, {
      "id" : "s10-t1",
      "begin" : 1275,
      "end" : 1277,
      "text" : "ca",
      "whiteSpace" : false
    }, {
      "id" : "s10-t2",
      "begin" : 1277,
      "end" : 1280,
      "text" : "n't",
      "whiteSpace" : false
    }, {
      "id" : "s10-t3",
      "begin" : 1281,
      "end" : 1285,
      "text" : "show",
      "whiteSpace" : false
    }, {
      "id" : "s10-t4",
      "begin" : 1286,
      "end" : 1292,
      "text" : "enough",
      "whiteSpace" : false
    }, {
      "id" : "s10-t5",
      "begin" : 1293,
      "end" : 1296,
      "text" : "for",
      "whiteSpace" : false
    }, {
      "id" : "s10-t6",
      "begin" : 1297,
      "end" : 1300,
      "text" : "the",
      "whiteSpace" : false
    }, {
      "id" : "s10-t7",
      "begin" : 1301,
      "end" : 1307,
      "text" : "income",
      "whiteSpace" : false
    }, {
      "id" : "s10-t8",
      "begin" : 1308,
      "end" : 1312,
      "text" : "rule",
      "whiteSpace" : false
    }, {
      "id" : "s10-t9",
      "begin" : 1313,
      "end" : 1316,
      "text" : "and",
      "whiteSpace" : false
    }, {
      "id" : "s10-t10",
      "begin" : 1317,
      "end" : 1318,
      "text" : "I",
      "whiteSpace" : false
    }, {
      "id" : "s10-t11",
      "begin" : 1319,
      "end" : 1323,
      "text" : "keep",
      "whiteSpace" : false
    }, {
      "id" : "s10-t12",
      "begin" : 1324,
      "end" : 1331,
      "text" : "getting",
      "whiteSpace" : false
    }, {
      "id" : "s10-t13",
      "begin" : 1332,
      "end" : 1334,
      "text" : "\\\"",
      "whiteSpace" : false
    }, {
      "id" : "s10-t14",
      "begin" : 1334,
      "end" : 1338,
      "text" : "well",
      "whiteSpace" : false
    }, {
      "id" : "s10-t15",
      "begin" : 1339,
      "end" : 1342,
      "text" : "the",
      "whiteSpace" : false
    }, {
      "id" : "s10-t16",
      "begin" : 1343,
      "end" : 1352,
      "text" : "guarantor",
      "whiteSpace" : false
    }, {
      "id" : "s10-t17",
      "begin" : 1353,
      "end" : 1355,
      "text" : "is",
      "whiteSpace" : false
    }, {
      "id" : "s10-t18",
      "begin" : 1355,
      "end" : 1358,
      "text" : "n't",
      "whiteSpace" : false
    }, {
      "id" : "s10-t19",
      "begin" : 1359,
      "end" : 1364,
      "text" : "gonna",
      "whiteSpace" : false
    }, {
      "id" : "s10-t20",
      "begin" : 1365,
      "end" : 1369,
      "text" : "live",
      "whiteSpace" : false
    }, {
      "id" : "s10-t21",
      "begin" : 1370,
      "end" : 1375,
      "text" : "there",
      "whiteSpace" : false
    }, {
      "id" : "s10-t22",
      "begin" : 1375,
      "end" : 1376,
      "text" : "\\",
      "whiteSpace" : false
    }, {
      "id" : "s10-t23",
      "begin" : 1376,
      "end" : 1377,
      "text" : "\"",
      "whiteSpace" : false
    }, {
      "id" : "s10-t24",
      "begin" : 1378,
      "end" : 1384,
      "text" : "thrown",
      "whiteSpace" : false
    }, {
      "id" : "s10-t25",
      "begin" : 1385,
      "end" : 1387,
      "text" : "at",
      "whiteSpace" : false
    }, {
      "id" : "s10-t26",
      "begin" : 1388,
      "end" : 1390,
      "text" : "me",
      "whiteSpace" : false
    }, {
      "id" : "s10-t27",
      "begin" : 1390,
      "end" : 1391,
      "text" : ",",
      "whiteSpace" : false
    }, {
      "id" : "s10-t28",
      "begin" : 1392,
      "end" : 1394,
      "text" : "so",
      "whiteSpace" : false
    }, {
      "id" : "s10-t29",
      "begin" : 1395,
      "end" : 1396,
      "text" : "I",
      "whiteSpace" : false
    }, {
      "id" : "s10-t30",
      "begin" : 1396,
      "end" : 1398,
      "text" : "'m",
      "whiteSpace" : false
    }, {
      "id" : "s10-t31",
      "begin" : 1399,
      "end" : 1403,
      "text" : "like",
      "whiteSpace" : false
    }, {
      "id" : "s10-t32",
      "begin" : 1404,
      "end" : 1407,
      "text" : "wtf",
      "whiteSpace" : false
    }, {
      "id" : "s10-t33",
      "begin" : 1408,
      "end" : 1410,
      "text" : "is",
      "whiteSpace" : false
    }, {
      "id" : "s10-t34",
      "begin" : 1411,
      "end" : 1414,
      "text" : "the",
      "whiteSpace" : false
    }, {
      "id" : "s10-t35",
      "begin" : 1415,
      "end" : 1420,
      "text" : "point",
      "whiteSpace" : false
    }, {
      "id" : "s10-t36",
      "begin" : 1421,
      "end" : 1423,
      "text" : "in",
      "whiteSpace" : false
    }, {
      "id" : "s10-t37",
      "begin" : 1424,
      "end" : 1432,
      "text" : "offering",
      "whiteSpace" : false
    }, {
      "id" : "s10-t38",
      "begin" : 1433,
      "end" : 1435,
      "text" : "to",
      "whiteSpace" : false
    }, {
      "id" : "s10-t39",
      "begin" : 1436,
      "end" : 1442,
      "text" : "accept",
      "whiteSpace" : false
    }, {
      "id" : "s10-t40",
      "begin" : 1443,
      "end" : 1444,
      "text" : "a",
      "whiteSpace" : false
    }, {
      "id" : "s10-t41",
      "begin" : 1445,
      "end" : 1454,
      "text" : "guarantor",
      "whiteSpace" : false
    }, {
      "id" : "s10-t42",
      "begin" : 1455,
      "end" : 1457,
      "text" : "if",
      "whiteSpace" : false
    }, {
      "id" : "s10-t43",
      "begin" : 1458,
      "end" : 1461,
      "text" : "you",
      "whiteSpace" : false
    }, {
      "id" : "s10-t44",
      "begin" : 1461,
      "end" : 1464,
      "text" : "'re",
      "whiteSpace" : false
    }, {
      "id" : "s10-t45",
      "begin" : 1465,
      "end" : 1470,
      "text" : "going",
      "whiteSpace" : false
    }, {
      "id" : "s10-t46",
      "begin" : 1471,
      "end" : 1473,
      "text" : "to",
      "whiteSpace" : false
    }, {
      "id" : "s10-t47",
      "begin" : 1474,
      "end" : 1481,
      "text" : "dismiss",
      "whiteSpace" : false
    }, {
      "id" : "s10-t48",
      "begin" : 1482,
      "end" : 1485,
      "text" : "the",
      "whiteSpace" : false
    }, {
      "id" : "s10-t49",
      "begin" : 1486,
      "end" : 1495,
      "text" : "guarantor",
      "whiteSpace" : false
    }, {
      "id" : "s10-t50",
      "begin" : 1496,
      "end" : 1503,
      "text" : "because",
      "whiteSpace" : false
    }, {
      "id" : "s10-t51",
      "begin" : 1504,
      "end" : 1508,
      "text" : "they",
      "whiteSpace" : false
    }, {
      "id" : "s10-t52",
      "begin" : 1508,
      "end" : 1511,
      "text" : "'re",
      "whiteSpace" : false
    }, {
      "id" : "s10-t53",
      "begin" : 1512,
      "end" : 1515,
      "text" : "not",
      "whiteSpace" : false
    }, {
      "id" : "s10-t54",
      "begin" : 1516,
      "end" : 1521,
      "text" : "gonna",
      "whiteSpace" : false
    }, {
      "id" : "s10-t55",
      "begin" : 1522,
      "end" : 1526,
      "text" : "live",
      "whiteSpace" : false
    }, {
      "id" : "s10-t56",
      "begin" : 1527,
      "end" : 1532,
      "text" : "there",
      "whiteSpace" : false
    }, {
      "id" : "s10-t57",
      "begin" : 1532,
      "end" : 1533,
      "text" : "?",
      "whiteSpace" : false
    } ]
  }, {
    "id" : "s11",
    "begin" : 1534,
    "end" : 1666,
    "text" : "(/end rant) \\n\\nThe only idea that I can think of that I haven't tried is to ask about is if I pay additional months' rent up front.",
    "tokens" : [ {
      "id" : "s11-t0",
      "begin" : 1534,
      "end" : 1535,
      "text" : "(",
      "whiteSpace" : false
    }, {
      "id" : "s11-t1",
      "begin" : 1535,
      "end" : 1539,
      "text" : "/end",
      "whiteSpace" : false
    }, {
      "id" : "s11-t2",
      "begin" : 1540,
      "end" : 1544,
      "text" : "rant",
      "whiteSpace" : false
    }, {
      "id" : "s11-t3",
      "begin" : 1544,
      "end" : 1545,
      "text" : ")",
      "whiteSpace" : false
    }, {
      "id" : "s11-t4",
      "begin" : 1546,
      "end" : 1548,
      "text" : "\\n",
      "whiteSpace" : false
    }, {
      "id" : "s11-t5",
      "begin" : 1548,
      "end" : 1553,
      "text" : "\\nThe",
      "whiteSpace" : false
    }, {
      "id" : "s11-t6",
      "begin" : 1554,
      "end" : 1558,
      "text" : "only",
      "whiteSpace" : false
    }, {
      "id" : "s11-t7",
      "begin" : 1559,
      "end" : 1563,
      "text" : "idea",
      "whiteSpace" : false
    }, {
      "id" : "s11-t8",
      "begin" : 1564,
      "end" : 1568,
      "text" : "that",
      "whiteSpace" : false
    }, {
      "id" : "s11-t9",
      "begin" : 1569,
      "end" : 1570,
      "text" : "I",
      "whiteSpace" : false
    }, {
      "id" : "s11-t10",
      "begin" : 1571,
      "end" : 1574,
      "text" : "can",
      "whiteSpace" : false
    }, {
      "id" : "s11-t11",
      "begin" : 1575,
      "end" : 1580,
      "text" : "think",
      "whiteSpace" : false
    }, {
      "id" : "s11-t12",
      "begin" : 1581,
      "end" : 1583,
      "text" : "of",
      "whiteSpace" : false
    }, {
      "id" : "s11-t13",
      "begin" : 1584,
      "end" : 1588,
      "text" : "that",
      "whiteSpace" : false
    }, {
      "id" : "s11-t14",
      "begin" : 1589,
      "end" : 1590,
      "text" : "I",
      "whiteSpace" : false
    }, {
      "id" : "s11-t15",
      "begin" : 1591,
      "end" : 1595,
      "text" : "have",
      "whiteSpace" : false
    }, {
      "id" : "s11-t16",
      "begin" : 1595,
      "end" : 1598,
      "text" : "n't",
      "whiteSpace" : false
    }, {
      "id" : "s11-t17",
      "begin" : 1599,
      "end" : 1604,
      "text" : "tried",
      "whiteSpace" : false
    }, {
      "id" : "s11-t18",
      "begin" : 1605,
      "end" : 1607,
      "text" : "is",
      "whiteSpace" : false
    }, {
      "id" : "s11-t19",
      "begin" : 1608,
      "end" : 1610,
      "text" : "to",
      "whiteSpace" : false
    }, {
      "id" : "s11-t20",
      "begin" : 1611,
      "end" : 1614,
      "text" : "ask",
      "whiteSpace" : false
    }, {
      "id" : "s11-t21",
      "begin" : 1615,
      "end" : 1620,
      "text" : "about",
      "whiteSpace" : false
    }, {
      "id" : "s11-t22",
      "begin" : 1621,
      "end" : 1623,
      "text" : "is",
      "whiteSpace" : false
    }, {
      "id" : "s11-t23",
      "begin" : 1624,
      "end" : 1626,
      "text" : "if",
      "whiteSpace" : false
    }, {
      "id" : "s11-t24",
      "begin" : 1627,
      "end" : 1628,
      "text" : "I",
      "whiteSpace" : false
    }, {
      "id" : "s11-t25",
      "begin" : 1629,
      "end" : 1632,
      "text" : "pay",
      "whiteSpace" : false
    }, {
      "id" : "s11-t26",
      "begin" : 1633,
      "end" : 1643,
      "text" : "additional",
      "whiteSpace" : false
    }, {
      "id" : "s11-t27",
      "begin" : 1644,
      "end" : 1650,
      "text" : "months",
      "whiteSpace" : false
    }, {
      "id" : "s11-t28",
      "begin" : 1650,
      "end" : 1651,
      "text" : "'",
      "whiteSpace" : false
    }, {
      "id" : "s11-t29",
      "begin" : 1652,
      "end" : 1656,
      "text" : "rent",
      "whiteSpace" : false
    }, {
      "id" : "s11-t30",
      "begin" : 1657,
      "end" : 1659,
      "text" : "up",
      "whiteSpace" : false
    }, {
      "id" : "s11-t31",
      "begin" : 1660,
      "end" : 1665,
      "text" : "front",
      "whiteSpace" : false
    }, {
      "id" : "s11-t32",
      "begin" : 1665,
      "end" : 1666,
      "text" : ".",
      "whiteSpace" : false
    } ]
  }, {
    "id" : "s12",
    "begin" : 1667,
    "end" : 1694,
    "text" : "Does anyone have any ideas?",
    "tokens" : [ {
      "id" : "s12-t0",
      "begin" : 1667,
      "end" : 1671,
      "text" : "Does",
      "whiteSpace" : false
    }, {
      "id" : "s12-t1",
      "begin" : 1672,
      "end" : 1678,
      "text" : "anyone",
      "whiteSpace" : false
    }, {
      "id" : "s12-t2",
      "begin" : 1679,
      "end" : 1683,
      "text" : "have",
      "whiteSpace" : false
    }, {
      "id" : "s12-t3",
      "begin" : 1684,
      "end" : 1687,
      "text" : "any",
      "whiteSpace" : false
    }, {
      "id" : "s12-t4",
      "begin" : 1688,
      "end" : 1693,
      "text" : "ideas",
      "whiteSpace" : false
    }, {
      "id" : "s12-t5",
      "begin" : 1693,
      "end" : 1694,
      "text" : "?",
      "whiteSpace" : false
    } ]
  }, {
    "id" : "s13",
    "begin" : 1695,
    "end" : 1928,
    "text" : "This is such fun situation (/s)\",\"author_fullname\":\"t2_13ccph\",\"title\":\"Stuck without an apartment to move to at last minute with an unfortunate situation in terms of credentials for finding an apt...any suggestions on how to remedy?",
    "tokens" : [ {
      "id" : "s13-t0",
      "begin" : 1695,
      "end" : 1699,
      "text" : "This",
      "whiteSpace" : false
    }, {
      "id" : "s13-t1",
      "begin" : 1700,
      "end" : 1702,
      "text" : "is",
      "whiteSpace" : false
    }, {
      "id" : "s13-t2",
      "begin" : 1703,
      "end" : 1707,
      "text" : "such",
      "whiteSpace" : false
    }, {
      "id" : "s13-t3",
      "begin" : 1708,
      "end" : 1711,
      "text" : "fun",
      "whiteSpace" : false
    }, {
      "id" : "s13-t4",
      "begin" : 1712,
      "end" : 1721,
      "text" : "situation",
      "whiteSpace" : false
    }, {
      "id" : "s13-t5",
      "begin" : 1722,
      "end" : 1723,
      "text" : "(",
      "whiteSpace" : false
    }, {
      "id" : "s13-t6",
      "begin" : 1723,
      "end" : 1725,
      "text" : "/s",
      "whiteSpace" : false
    }, {
      "id" : "s13-t7",
      "begin" : 1725,
      "end" : 1726,
      "text" : ")",
      "whiteSpace" : false
    }, {
      "id" : "s13-t8",
      "begin" : 1726,
      "end" : 1727,
      "text" : "\"",
      "whiteSpace" : false
    }, {
      "id" : "s13-t9",
      "begin" : 1727,
      "end" : 1728,
      "text" : ",",
      "whiteSpace" : false
    }, {
      "id" : "s13-t10",
      "begin" : 1728,
      "end" : 1744,
      "text" : "\"author_fullname",
      "whiteSpace" : false
    }, {
      "id" : "s13-t11",
      "begin" : 1744,
      "end" : 1745,
      "text" : "\"",
      "whiteSpace" : false
    }, {
      "id" : "s13-t12",
      "begin" : 1745,
      "end" : 1746,
      "text" : ":",
      "whiteSpace" : false
    }, {
      "id" : "s13-t13",
      "begin" : 1746,
      "end" : 1756,
      "text" : "\"t2_13ccph",
      "whiteSpace" : false
    }, {
      "id" : "s13-t14",
      "begin" : 1756,
      "end" : 1757,
      "text" : "\"",
      "whiteSpace" : false
    }, {
      "id" : "s13-t15",
      "begin" : 1757,
      "end" : 1758,
      "text" : ",",
      "whiteSpace" : false
    }, {
      "id" : "s13-t16",
      "begin" : 1758,
      "end" : 1764,
      "text" : "\"title",
      "whiteSpace" : false
    }, {
      "id" : "s13-t17",
      "begin" : 1764,
      "end" : 1765,
      "text" : "\"",
      "whiteSpace" : false
    }, {
      "id" : "s13-t18",
      "begin" : 1765,
      "end" : 1766,
      "text" : ":",
      "whiteSpace" : false
    }, {
      "id" : "s13-t19",
      "begin" : 1766,
      "end" : 1767,
      "text" : "\"",
      "whiteSpace" : false
    }, {
      "id" : "s13-t20",
      "begin" : 1767,
      "end" : 1772,
      "text" : "Stuck",
      "whiteSpace" : false
    }, {
      "id" : "s13-t21",
      "begin" : 1773,
      "end" : 1780,
      "text" : "without",
      "whiteSpace" : false
    }, {
      "id" : "s13-t22",
      "begin" : 1781,
      "end" : 1783,
      "text" : "an",
      "whiteSpace" : false
    }, {
      "id" : "s13-t23",
      "begin" : 1784,
      "end" : 1793,
      "text" : "apartment",
      "whiteSpace" : false
    }, {
      "id" : "s13-t24",
      "begin" : 1794,
      "end" : 1796,
      "text" : "to",
      "whiteSpace" : false
    }, {
      "id" : "s13-t25",
      "begin" : 1797,
      "end" : 1801,
      "text" : "move",
      "whiteSpace" : false
    }, {
      "id" : "s13-t26",
      "begin" : 1802,
      "end" : 1804,
      "text" : "to",
      "whiteSpace" : false
    }, {
      "id" : "s13-t27",
      "begin" : 1805,
      "end" : 1807,
      "text" : "at",
      "whiteSpace" : false
    }, {
      "id" : "s13-t28",
      "begin" : 1808,
      "end" : 1812,
      "text" : "last",
      "whiteSpace" : false
    }, {
      "id" : "s13-t29",
      "begin" : 1813,
      "end" : 1819,
      "text" : "minute",
      "whiteSpace" : false
    }, {
      "id" : "s13-t30",
      "begin" : 1820,
      "end" : 1824,
      "text" : "with",
      "whiteSpace" : false
    }, {
      "id" : "s13-t31",
      "begin" : 1825,
      "end" : 1827,
      "text" : "an",
      "whiteSpace" : false
    }, {
      "id" : "s13-t32",
      "begin" : 1828,
      "end" : 1839,
      "text" : "unfortunate",
      "whiteSpace" : false
    }, {
      "id" : "s13-t33",
      "begin" : 1840,
      "end" : 1849,
      "text" : "situation",
      "whiteSpace" : false
    }, {
      "id" : "s13-t34",
      "begin" : 1850,
      "end" : 1852,
      "text" : "in",
      "whiteSpace" : false
    }, {
      "id" : "s13-t35",
      "begin" : 1853,
      "end" : 1858,
      "text" : "terms",
      "whiteSpace" : false
    }, {
      "id" : "s13-t36",
      "begin" : 1859,
      "end" : 1861,
      "text" : "of",
      "whiteSpace" : false
    }, {
      "id" : "s13-t37",
      "begin" : 1862,
      "end" : 1873,
      "text" : "credentials",
      "whiteSpace" : false
    }, {
      "id" : "s13-t38",
      "begin" : 1874,
      "end" : 1877,
      "text" : "for",
      "whiteSpace" : false
    }, {
      "id" : "s13-t39",
      "begin" : 1878,
      "end" : 1885,
      "text" : "finding",
      "whiteSpace" : false
    }, {
      "id" : "s13-t40",
      "begin" : 1886,
      "end" : 1888,
      "text" : "an",
      "whiteSpace" : false
    }, {
      "id" : "s13-t41",
      "begin" : 1889,
      "end" : 1892,
      "text" : "apt",
      "whiteSpace" : false
    }, {
      "id" : "s13-t42",
      "begin" : 1892,
      "end" : 1895,
      "text" : "...",
      "whiteSpace" : false
    }, {
      "id" : "s13-t43",
      "begin" : 1895,
      "end" : 1898,
      "text" : "any",
      "whiteSpace" : false
    }, {
      "id" : "s13-t44",
      "begin" : 1899,
      "end" : 1910,
      "text" : "suggestions",
      "whiteSpace" : false
    }, {
      "id" : "s13-t45",
      "begin" : 1911,
      "end" : 1913,
      "text" : "on",
      "whiteSpace" : false
    }, {
      "id" : "s13-t46",
      "begin" : 1914,
      "end" : 1917,
      "text" : "how",
      "whiteSpace" : false
    }, {
      "id" : "s13-t47",
      "begin" : 1918,
      "end" : 1920,
      "text" : "to",
      "whiteSpace" : false
    }, {
      "id" : "s13-t48",
      "begin" : 1921,
      "end" : 1927,
      "text" : "remedy",
      "whiteSpace" : false
    }, {
      "id" : "s13-t49",
      "begin" : 1927,
      "end" : 1928,
      "text" : "?",
      "whiteSpace" : false
    } ]
  }, {
    "id" : "s14",
    "begin" : 1929,
    "end" : 1937,
    "text" : "Please?!",
    "tokens" : [ {
      "id" : "s14-t0",
      "begin" : 1929,
      "end" : 1935,
      "text" : "Please",
      "whiteSpace" : false
    }, {
      "id" : "s14-t1",
      "begin" : 1935,
      "end" : 1936,
      "text" : "?",
      "whiteSpace" : false
    }, {
      "id" : "s14-t2",
      "begin" : 1936,
      "end" : 1937,
      "text" : "!",
      "whiteSpace" : false
    } ]
  }, {
    "id" : "s15",
    "begin" : 1937,
    "end" : 1939,
    "text" : "\"}",
    "tokens" : [ {
      "id" : "s15-t0",
      "begin" : 1937,
      "end" : 1938,
      "text" : "\"",
      "whiteSpace" : false
    }, {
      "id" : "s15-t1",
      "begin" : 1938,
      "end" : 1939,
      "text" : "}",
      "whiteSpace" : false
    } ]
  } ],
  "mentions" : [ {
    "id" : "s1-m1",
    "properties" : {
      "SIRE_MENTION_ROLE" : "Apartment_Renter",
      "SIRE_ENTITY_SUBTYPE" : "NONE",
      "SIRE_MENTION_TYPE" : "NONE",
      "SIRE_MENTION_CLASS" : "SPC"
    },
    "type" : "Apartment_Renter",
    "begin" : 93,
    "end" : 97,
    "inCoref" : false
  }, {
    "id" : "s2-m1",
    "properties" : {
      "SIRE_MENTION_ROLE" : "Apartment_Renter",
      "SIRE_ENTITY_SUBTYPE" : "NONE",
      "SIRE_MENTION_TYPE" : "NONE",
      "SIRE_MENTION_CLASS" : "SPC"
    },
    "type" : "Apartment_Renter",
    "begin" : 120,
    "end" : 129,
    "inCoref" : false
  } ],
  "relations" : [ ],
  "corefs" : [ ],
  "typeResolved" : true,
  "userResolved" : false
}