{
  "id" : "c318d3f0-9420-11ea-8a2d-81b8af140d06-4",
  "name" : "nyc-doc-73.txt",
  "createdDate" : 0,
  "version" : 3,
  "text" : "{\"text\":\"\",\"author_fullname\":\"t2_aq1f3\",\"title\":\"Anyone else seeing this as their only option when they apply for unemployment online?\"}\n",
  "docLength" : 0,
  "language" : "EN",
  "status" : "READY",
  "modifiedDate" : 1589308493575,
  "documentSet" : [ ],
  "preannotation" : [ "PRE_LW" ],
  "sentences" : [ {
    "id" : "s0",
    "begin" : 0,
    "end" : 134,
    "text" : "{\"text\":\"\",\"author_fullname\":\"t2_aq1f3\",\"title\":\"Anyone else seeing this as their only option when they apply for unemployment online?",
    "tokens" : [ {
      "id" : "s0-t0",
      "begin" : 0,
      "end" : 1,
      "text" : "{",
      "whiteSpace" : false
    }, {
      "id" : "s0-t1",
      "begin" : 1,
      "end" : 2,
      "text" : "\"",
      "whiteSpace" : false
    }, {
      "id" : "s0-t2",
      "begin" : 2,
      "end" : 6,
      "text" : "text",
      "whiteSpace" : false
    }, {
      "id" : "s0-t3",
      "begin" : 6,
      "end" : 7,
      "text" : "\"",
      "whiteSpace" : false
    }, {
      "id" : "s0-t4",
      "begin" : 7,
      "end" : 8,
      "text" : ":",
      "whiteSpace" : false
    }, {
      "id" : "s0-t5",
      "begin" : 8,
      "end" : 9,
      "text" : "\"",
      "whiteSpace" : false
    }, {
      "id" : "s0-t6",
      "begin" : 9,
      "end" : 10,
      "text" : "\"",
      "whiteSpace" : false
    }, {
      "id" : "s0-t7",
      "begin" : 10,
      "end" : 11,
      "text" : ",",
      "whiteSpace" : false
    }, {
      "id" : "s0-t8",
      "begin" : 11,
      "end" : 12,
      "text" : "\"",
      "whiteSpace" : false
    }, {
      "id" : "s0-t9",
      "begin" : 12,
      "end" : 27,
      "text" : "author_fullname",
      "whiteSpace" : false
    }, {
      "id" : "s0-t10",
      "begin" : 27,
      "end" : 28,
      "text" : "\"",
      "whiteSpace" : false
    }, {
      "id" : "s0-t11",
      "begin" : 28,
      "end" : 29,
      "text" : ":",
      "whiteSpace" : false
    }, {
      "id" : "s0-t12",
      "begin" : 29,
      "end" : 30,
      "text" : "\"",
      "whiteSpace" : false
    }, {
      "id" : "s0-t13",
      "begin" : 30,
      "end" : 38,
      "text" : "t2_aq1f3",
      "whiteSpace" : false
    }, {
      "id" : "s0-t14",
      "begin" : 38,
      "end" : 39,
      "text" : "\"",
      "whiteSpace" : false
    }, {
      "id" : "s0-t15",
      "begin" : 39,
      "end" : 40,
      "text" : ",",
      "whiteSpace" : false
    }, {
      "id" : "s0-t16",
      "begin" : 40,
      "end" : 41,
      "text" : "\"",
      "whiteSpace" : false
    }, {
      "id" : "s0-t17",
      "begin" : 41,
      "end" : 46,
      "text" : "title",
      "whiteSpace" : false
    }, {
      "id" : "s0-t18",
      "begin" : 46,
      "end" : 47,
      "text" : "\"",
      "whiteSpace" : false
    }, {
      "id" : "s0-t19",
      "begin" : 47,
      "end" : 48,
      "text" : ":",
      "whiteSpace" : false
    }, {
      "id" : "s0-t20",
      "begin" : 48,
      "end" : 49,
      "text" : "\"",
      "whiteSpace" : false
    }, {
      "id" : "s0-t21",
      "begin" : 49,
      "end" : 55,
      "text" : "Anyone",
      "whiteSpace" : false
    }, {
      "id" : "s0-t22",
      "begin" : 56,
      "end" : 60,
      "text" : "else",
      "whiteSpace" : false
    }, {
      "id" : "s0-t23",
      "begin" : 61,
      "end" : 67,
      "text" : "seeing",
      "whiteSpace" : false
    }, {
      "id" : "s0-t24",
      "begin" : 68,
      "end" : 72,
      "text" : "this",
      "whiteSpace" : false
    }, {
      "id" : "s0-t25",
      "begin" : 73,
      "end" : 75,
      "text" : "as",
      "whiteSpace" : false
    }, {
      "id" : "s0-t26",
      "begin" : 76,
      "end" : 81,
      "text" : "their",
      "whiteSpace" : false
    }, {
      "id" : "s0-t27",
      "begin" : 82,
      "end" : 86,
      "text" : "only",
      "whiteSpace" : false
    }, {
      "id" : "s0-t28",
      "begin" : 87,
      "end" : 93,
      "text" : "option",
      "whiteSpace" : false
    }, {
      "id" : "s0-t29",
      "begin" : 94,
      "end" : 98,
      "text" : "when",
      "whiteSpace" : false
    }, {
      "id" : "s0-t30",
      "begin" : 99,
      "end" : 103,
      "text" : "they",
      "whiteSpace" : false
    }, {
      "id" : "s0-t31",
      "begin" : 104,
      "end" : 109,
      "text" : "apply",
      "whiteSpace" : false
    }, {
      "id" : "s0-t32",
      "begin" : 110,
      "end" : 113,
      "text" : "for",
      "whiteSpace" : false
    }, {
      "id" : "s0-t33",
      "begin" : 114,
      "end" : 126,
      "text" : "unemployment",
      "whiteSpace" : false
    }, {
      "id" : "s0-t34",
      "begin" : 127,
      "end" : 133,
      "text" : "online",
      "whiteSpace" : false
    }, {
      "id" : "s0-t35",
      "begin" : 133,
      "end" : 134,
      "text" : "?",
      "whiteSpace" : false
    } ]
  }, {
    "id" : "s1",
    "begin" : 134,
    "end" : 136,
    "text" : "\"}",
    "tokens" : [ {
      "id" : "s1-t0",
      "begin" : 134,
      "end" : 135,
      "text" : "\"",
      "whiteSpace" : false
    }, {
      "id" : "s1-t1",
      "begin" : 135,
      "end" : 136,
      "text" : "}",
      "whiteSpace" : false
    } ]
  } ],
  "mentions" : [ {
    "id" : "m1",
    "source" : "PREANNOTATION",
    "properties" : {
      "SIRE_MENTION_TYPE" : "NONE",
      "SIRE_MENTION_ROLE" : "Unemployed",
      "SIRE_MENTION_CLASS" : "SPC",
      "SIRE_ENTITY_SUBTYPE" : "NONE"
    },
    "type" : "Unemployed",
    "begin" : 114,
    "end" : 126,
    "inCoref" : false
  } ],
  "relations" : [ ],
  "corefs" : [ ],
  "typeResolved" : true,
  "userResolved" : false
}