{
  "id" : "c318d3f0-9420-11ea-8a2d-81b8af140d06-58",
  "name" : "nyc-doc-42.txt",
  "createdDate" : 0,
  "version" : 3,
  "text" : "{\"text\":\"I've been calling nonstop for the past 30 minutes, and can't even connect using the -8124 number. I can get through about three prompts with the -7365, but it automatically disconnects once I get to the Unemployment Insurance prompt.\",\"author_fullname\":\"t2_4s3dlsjm\",\"title\":\"Is anyone willing to share an extension or a better number for the NY Department of Labor?\"}\n",
  "docLength" : 0,
  "language" : "EN",
  "status" : "IN_PROGRESS",
  "modifiedDate" : 1589337438201,
  "documentSet" : [ ],
  "preannotation" : [ "PRE_LW" ],
  "sentences" : [ {
    "id" : "s0",
    "begin" : 0,
    "end" : 106,
    "text" : "{\"text\":\"I've been calling nonstop for the past 30 minutes, and can't even connect using the -8124 number.",
    "tokens" : [ {
      "id" : "s0-t0",
      "begin" : 0,
      "end" : 1,
      "text" : "{",
      "whiteSpace" : false
    }, {
      "id" : "s0-t1",
      "begin" : 1,
      "end" : 2,
      "text" : "\"",
      "whiteSpace" : false
    }, {
      "id" : "s0-t2",
      "begin" : 2,
      "end" : 6,
      "text" : "text",
      "whiteSpace" : false
    }, {
      "id" : "s0-t3",
      "begin" : 6,
      "end" : 7,
      "text" : "\"",
      "whiteSpace" : false
    }, {
      "id" : "s0-t4",
      "begin" : 7,
      "end" : 8,
      "text" : ":",
      "whiteSpace" : false
    }, {
      "id" : "s0-t5",
      "begin" : 8,
      "end" : 9,
      "text" : "\"",
      "whiteSpace" : false
    }, {
      "id" : "s0-t6",
      "begin" : 9,
      "end" : 10,
      "text" : "I",
      "whiteSpace" : false
    }, {
      "id" : "s0-t7",
      "begin" : 10,
      "end" : 13,
      "text" : "'ve",
      "whiteSpace" : false
    }, {
      "id" : "s0-t8",
      "begin" : 14,
      "end" : 18,
      "text" : "been",
      "whiteSpace" : false
    }, {
      "id" : "s0-t9",
      "begin" : 19,
      "end" : 26,
      "text" : "calling",
      "whiteSpace" : false
    }, {
      "id" : "s0-t10",
      "begin" : 27,
      "end" : 34,
      "text" : "nonstop",
      "whiteSpace" : false
    }, {
      "id" : "s0-t11",
      "begin" : 35,
      "end" : 38,
      "text" : "for",
      "whiteSpace" : false
    }, {
      "id" : "s0-t12",
      "begin" : 39,
      "end" : 42,
      "text" : "the",
      "whiteSpace" : false
    }, {
      "id" : "s0-t13",
      "begin" : 43,
      "end" : 47,
      "text" : "past",
      "whiteSpace" : false
    }, {
      "id" : "s0-t14",
      "begin" : 48,
      "end" : 50,
      "text" : "30",
      "whiteSpace" : false
    }, {
      "id" : "s0-t15",
      "begin" : 51,
      "end" : 58,
      "text" : "minutes",
      "whiteSpace" : false
    }, {
      "id" : "s0-t16",
      "begin" : 58,
      "end" : 59,
      "text" : ",",
      "whiteSpace" : false
    }, {
      "id" : "s0-t17",
      "begin" : 60,
      "end" : 63,
      "text" : "and",
      "whiteSpace" : false
    }, {
      "id" : "s0-t18",
      "begin" : 64,
      "end" : 66,
      "text" : "ca",
      "whiteSpace" : false
    }, {
      "id" : "s0-t19",
      "begin" : 66,
      "end" : 69,
      "text" : "n't",
      "whiteSpace" : false
    }, {
      "id" : "s0-t20",
      "begin" : 70,
      "end" : 74,
      "text" : "even",
      "whiteSpace" : false
    }, {
      "id" : "s0-t21",
      "begin" : 75,
      "end" : 82,
      "text" : "connect",
      "whiteSpace" : false
    }, {
      "id" : "s0-t22",
      "begin" : 83,
      "end" : 88,
      "text" : "using",
      "whiteSpace" : false
    }, {
      "id" : "s0-t23",
      "begin" : 89,
      "end" : 92,
      "text" : "the",
      "whiteSpace" : false
    }, {
      "id" : "s0-t24",
      "begin" : 93,
      "end" : 98,
      "text" : "-8124",
      "whiteSpace" : false
    }, {
      "id" : "s0-t25",
      "begin" : 99,
      "end" : 105,
      "text" : "number",
      "whiteSpace" : false
    }, {
      "id" : "s0-t26",
      "begin" : 105,
      "end" : 106,
      "text" : ".",
      "whiteSpace" : false
    } ]
  }, {
    "id" : "s1",
    "begin" : 107,
    "end" : 242,
    "text" : "I can get through about three prompts with the -7365, but it automatically disconnects once I get to the Unemployment Insurance prompt.",
    "tokens" : [ {
      "id" : "s1-t0",
      "begin" : 107,
      "end" : 108,
      "text" : "I",
      "whiteSpace" : false
    }, {
      "id" : "s1-t1",
      "begin" : 109,
      "end" : 112,
      "text" : "can",
      "whiteSpace" : false
    }, {
      "id" : "s1-t2",
      "begin" : 113,
      "end" : 116,
      "text" : "get",
      "whiteSpace" : false
    }, {
      "id" : "s1-t3",
      "begin" : 117,
      "end" : 124,
      "text" : "through",
      "whiteSpace" : false
    }, {
      "id" : "s1-t4",
      "begin" : 125,
      "end" : 130,
      "text" : "about",
      "whiteSpace" : false
    }, {
      "id" : "s1-t5",
      "begin" : 131,
      "end" : 136,
      "text" : "three",
      "whiteSpace" : false
    }, {
      "id" : "s1-t6",
      "begin" : 137,
      "end" : 144,
      "text" : "prompts",
      "whiteSpace" : false
    }, {
      "id" : "s1-t7",
      "begin" : 145,
      "end" : 149,
      "text" : "with",
      "whiteSpace" : false
    }, {
      "id" : "s1-t8",
      "begin" : 150,
      "end" : 153,
      "text" : "the",
      "whiteSpace" : false
    }, {
      "id" : "s1-t9",
      "begin" : 154,
      "end" : 159,
      "text" : "-7365",
      "whiteSpace" : false
    }, {
      "id" : "s1-t10",
      "begin" : 159,
      "end" : 160,
      "text" : ",",
      "whiteSpace" : false
    }, {
      "id" : "s1-t11",
      "begin" : 161,
      "end" : 164,
      "text" : "but",
      "whiteSpace" : false
    }, {
      "id" : "s1-t12",
      "begin" : 165,
      "end" : 167,
      "text" : "it",
      "whiteSpace" : false
    }, {
      "id" : "s1-t13",
      "begin" : 168,
      "end" : 181,
      "text" : "automatically",
      "whiteSpace" : false
    }, {
      "id" : "s1-t14",
      "begin" : 182,
      "end" : 193,
      "text" : "disconnects",
      "whiteSpace" : false
    }, {
      "id" : "s1-t15",
      "begin" : 194,
      "end" : 198,
      "text" : "once",
      "whiteSpace" : false
    }, {
      "id" : "s1-t16",
      "begin" : 199,
      "end" : 200,
      "text" : "I",
      "whiteSpace" : false
    }, {
      "id" : "s1-t17",
      "begin" : 201,
      "end" : 204,
      "text" : "get",
      "whiteSpace" : false
    }, {
      "id" : "s1-t18",
      "begin" : 205,
      "end" : 207,
      "text" : "to",
      "whiteSpace" : false
    }, {
      "id" : "s1-t19",
      "begin" : 208,
      "end" : 211,
      "text" : "the",
      "whiteSpace" : false
    }, {
      "id" : "s1-t20",
      "begin" : 212,
      "end" : 224,
      "text" : "Unemployment",
      "whiteSpace" : false
    }, {
      "id" : "s1-t21",
      "begin" : 225,
      "end" : 234,
      "text" : "Insurance",
      "whiteSpace" : false
    }, {
      "id" : "s1-t22",
      "begin" : 235,
      "end" : 241,
      "text" : "prompt",
      "whiteSpace" : false
    }, {
      "id" : "s1-t23",
      "begin" : 241,
      "end" : 242,
      "text" : ".",
      "whiteSpace" : false
    } ]
  }, {
    "id" : "s2",
    "begin" : 242,
    "end" : 375,
    "text" : "\",\"author_fullname\":\"t2_4s3dlsjm\",\"title\":\"Is anyone willing to share an extension or a better number for the NY Department of Labor?",
    "tokens" : [ {
      "id" : "s2-t0",
      "begin" : 242,
      "end" : 243,
      "text" : "\"",
      "whiteSpace" : false
    }, {
      "id" : "s2-t1",
      "begin" : 243,
      "end" : 244,
      "text" : ",",
      "whiteSpace" : false
    }, {
      "id" : "s2-t2",
      "begin" : 244,
      "end" : 245,
      "text" : "\"",
      "whiteSpace" : false
    }, {
      "id" : "s2-t3",
      "begin" : 245,
      "end" : 260,
      "text" : "author_fullname",
      "whiteSpace" : false
    }, {
      "id" : "s2-t4",
      "begin" : 260,
      "end" : 261,
      "text" : "\"",
      "whiteSpace" : false
    }, {
      "id" : "s2-t5",
      "begin" : 261,
      "end" : 262,
      "text" : ":",
      "whiteSpace" : false
    }, {
      "id" : "s2-t6",
      "begin" : 262,
      "end" : 263,
      "text" : "\"",
      "whiteSpace" : false
    }, {
      "id" : "s2-t7",
      "begin" : 263,
      "end" : 274,
      "text" : "t2_4s3dlsjm",
      "whiteSpace" : false
    }, {
      "id" : "s2-t8",
      "begin" : 274,
      "end" : 275,
      "text" : "\"",
      "whiteSpace" : false
    }, {
      "id" : "s2-t9",
      "begin" : 275,
      "end" : 276,
      "text" : ",",
      "whiteSpace" : false
    }, {
      "id" : "s2-t10",
      "begin" : 276,
      "end" : 277,
      "text" : "\"",
      "whiteSpace" : false
    }, {
      "id" : "s2-t11",
      "begin" : 277,
      "end" : 282,
      "text" : "title",
      "whiteSpace" : false
    }, {
      "id" : "s2-t12",
      "begin" : 282,
      "end" : 283,
      "text" : "\"",
      "whiteSpace" : false
    }, {
      "id" : "s2-t13",
      "begin" : 283,
      "end" : 284,
      "text" : ":",
      "whiteSpace" : false
    }, {
      "id" : "s2-t14",
      "begin" : 284,
      "end" : 285,
      "text" : "\"",
      "whiteSpace" : false
    }, {
      "id" : "s2-t15",
      "begin" : 285,
      "end" : 287,
      "text" : "Is",
      "whiteSpace" : false
    }, {
      "id" : "s2-t16",
      "begin" : 288,
      "end" : 294,
      "text" : "anyone",
      "whiteSpace" : false
    }, {
      "id" : "s2-t17",
      "begin" : 295,
      "end" : 302,
      "text" : "willing",
      "whiteSpace" : false
    }, {
      "id" : "s2-t18",
      "begin" : 303,
      "end" : 305,
      "text" : "to",
      "whiteSpace" : false
    }, {
      "id" : "s2-t19",
      "begin" : 306,
      "end" : 311,
      "text" : "share",
      "whiteSpace" : false
    }, {
      "id" : "s2-t20",
      "begin" : 312,
      "end" : 314,
      "text" : "an",
      "whiteSpace" : false
    }, {
      "id" : "s2-t21",
      "begin" : 315,
      "end" : 324,
      "text" : "extension",
      "whiteSpace" : false
    }, {
      "id" : "s2-t22",
      "begin" : 325,
      "end" : 327,
      "text" : "or",
      "whiteSpace" : false
    }, {
      "id" : "s2-t23",
      "begin" : 328,
      "end" : 329,
      "text" : "a",
      "whiteSpace" : false
    }, {
      "id" : "s2-t24",
      "begin" : 330,
      "end" : 336,
      "text" : "better",
      "whiteSpace" : false
    }, {
      "id" : "s2-t25",
      "begin" : 337,
      "end" : 343,
      "text" : "number",
      "whiteSpace" : false
    }, {
      "id" : "s2-t26",
      "begin" : 344,
      "end" : 347,
      "text" : "for",
      "whiteSpace" : false
    }, {
      "id" : "s2-t27",
      "begin" : 348,
      "end" : 351,
      "text" : "the",
      "whiteSpace" : false
    }, {
      "id" : "s2-t28",
      "begin" : 352,
      "end" : 354,
      "text" : "NY",
      "whiteSpace" : false
    }, {
      "id" : "s2-t29",
      "begin" : 355,
      "end" : 365,
      "text" : "Department",
      "whiteSpace" : false
    }, {
      "id" : "s2-t30",
      "begin" : 366,
      "end" : 368,
      "text" : "of",
      "whiteSpace" : false
    }, {
      "id" : "s2-t31",
      "begin" : 369,
      "end" : 374,
      "text" : "Labor",
      "whiteSpace" : false
    }, {
      "id" : "s2-t32",
      "begin" : 374,
      "end" : 375,
      "text" : "?",
      "whiteSpace" : false
    } ]
  }, {
    "id" : "s3",
    "begin" : 375,
    "end" : 377,
    "text" : "\"}",
    "tokens" : [ {
      "id" : "s3-t0",
      "begin" : 375,
      "end" : 376,
      "text" : "\"",
      "whiteSpace" : false
    }, {
      "id" : "s3-t1",
      "begin" : 376,
      "end" : 377,
      "text" : "}",
      "whiteSpace" : false
    } ]
  } ],
  "mentions" : [ {
    "id" : "s1-m2",
    "properties" : {
      "SIRE_MENTION_ROLE" : "Unemployed",
      "SIRE_ENTITY_SUBTYPE" : "NONE",
      "SIRE_MENTION_TYPE" : "NONE",
      "SIRE_MENTION_CLASS" : "SPC"
    },
    "type" : "Unemployed",
    "begin" : 212,
    "end" : 234,
    "inCoref" : false
  }, {
    "id" : "m1",
    "properties" : {
      "SIRE_MENTION_TYPE" : "NONE",
      "SIRE_MENTION_ROLE" : "Unemployed",
      "SIRE_MENTION_CLASS" : "SPC",
      "SIRE_ENTITY_SUBTYPE" : "NONE"
    },
    "type" : "Unemployed",
    "begin" : 212,
    "end" : 224,
    "inCoref" : false
  } ],
  "relations" : [ ],
  "corefs" : [ ],
  "typeResolved" : true,
  "userResolved" : false
}