{
  "id" : "c318d3f0-9420-11ea-8a2d-81b8af140d06-14",
  "name" : "nyc-doc-86.txt",
  "createdDate" : 0,
  "version" : 3,
  "text" : "{\"text\":\"So I was actually laid off from work about 5 months ago since my company was in the process of moving around to stay up and running. The promise was my boss would offer me a job within 3 months of laying me off once they figured everything out. Seemed okay to me, I decided to apply for unemployment and collect benefits while looking for similarly paid work.\\n\\nObviously now, the job offer never came and my old company is on freeze until this whole situation blows over. My benefits are set to expire in 3-4 weeks and I'm wondering what exactly the rules are for extension. \\n\\nI've heard that unemployment extensions in NYS can only be activated in times of crisis. Is this not a crisis with unemployment levels at a record high? Is the extension something you have to request from the state or do I need to wait for NYS to confirm extensions are allowed before applying for one?\\n\\nAny information would be appreciated. Stay safe out there.\",\"author_fullname\":\"t2_qf01r\",\"title\":\"NYS Unemployment extension?\"}\n",
  "docLength" : 0,
  "language" : "EN",
  "status" : "IN_PROGRESS",
  "modifiedDate" : 1589335540814,
  "documentSet" : [ ],
  "preannotation" : [ "PRE_LW" ],
  "sentences" : [ {
    "id" : "s0",
    "begin" : 0,
    "end" : 141,
    "text" : "{\"text\":\"So I was actually laid off from work about 5 months ago since my company was in the process of moving around to stay up and running.",
    "tokens" : [ {
      "id" : "s0-t0",
      "begin" : 0,
      "end" : 1,
      "text" : "{",
      "whiteSpace" : false
    }, {
      "id" : "s0-t1",
      "begin" : 1,
      "end" : 2,
      "text" : "\"",
      "whiteSpace" : false
    }, {
      "id" : "s0-t2",
      "begin" : 2,
      "end" : 6,
      "text" : "text",
      "whiteSpace" : false
    }, {
      "id" : "s0-t3",
      "begin" : 6,
      "end" : 7,
      "text" : "\"",
      "whiteSpace" : false
    }, {
      "id" : "s0-t4",
      "begin" : 7,
      "end" : 8,
      "text" : ":",
      "whiteSpace" : false
    }, {
      "id" : "s0-t5",
      "begin" : 8,
      "end" : 9,
      "text" : "\"",
      "whiteSpace" : false
    }, {
      "id" : "s0-t6",
      "begin" : 9,
      "end" : 11,
      "text" : "So",
      "whiteSpace" : false
    }, {
      "id" : "s0-t7",
      "begin" : 12,
      "end" : 13,
      "text" : "I",
      "whiteSpace" : false
    }, {
      "id" : "s0-t8",
      "begin" : 14,
      "end" : 17,
      "text" : "was",
      "whiteSpace" : false
    }, {
      "id" : "s0-t9",
      "begin" : 18,
      "end" : 26,
      "text" : "actually",
      "whiteSpace" : false
    }, {
      "id" : "s0-t10",
      "begin" : 27,
      "end" : 31,
      "text" : "laid",
      "whiteSpace" : false
    }, {
      "id" : "s0-t11",
      "begin" : 32,
      "end" : 35,
      "text" : "off",
      "whiteSpace" : false
    }, {
      "id" : "s0-t12",
      "begin" : 36,
      "end" : 40,
      "text" : "from",
      "whiteSpace" : false
    }, {
      "id" : "s0-t13",
      "begin" : 41,
      "end" : 45,
      "text" : "work",
      "whiteSpace" : false
    }, {
      "id" : "s0-t14",
      "begin" : 46,
      "end" : 51,
      "text" : "about",
      "whiteSpace" : false
    }, {
      "id" : "s0-t15",
      "begin" : 52,
      "end" : 53,
      "text" : "5",
      "whiteSpace" : false
    }, {
      "id" : "s0-t16",
      "begin" : 54,
      "end" : 60,
      "text" : "months",
      "whiteSpace" : false
    }, {
      "id" : "s0-t17",
      "begin" : 61,
      "end" : 64,
      "text" : "ago",
      "whiteSpace" : false
    }, {
      "id" : "s0-t18",
      "begin" : 65,
      "end" : 70,
      "text" : "since",
      "whiteSpace" : false
    }, {
      "id" : "s0-t19",
      "begin" : 71,
      "end" : 73,
      "text" : "my",
      "whiteSpace" : false
    }, {
      "id" : "s0-t20",
      "begin" : 74,
      "end" : 81,
      "text" : "company",
      "whiteSpace" : false
    }, {
      "id" : "s0-t21",
      "begin" : 82,
      "end" : 85,
      "text" : "was",
      "whiteSpace" : false
    }, {
      "id" : "s0-t22",
      "begin" : 86,
      "end" : 88,
      "text" : "in",
      "whiteSpace" : false
    }, {
      "id" : "s0-t23",
      "begin" : 89,
      "end" : 92,
      "text" : "the",
      "whiteSpace" : false
    }, {
      "id" : "s0-t24",
      "begin" : 93,
      "end" : 100,
      "text" : "process",
      "whiteSpace" : false
    }, {
      "id" : "s0-t25",
      "begin" : 101,
      "end" : 103,
      "text" : "of",
      "whiteSpace" : false
    }, {
      "id" : "s0-t26",
      "begin" : 104,
      "end" : 110,
      "text" : "moving",
      "whiteSpace" : false
    }, {
      "id" : "s0-t27",
      "begin" : 111,
      "end" : 117,
      "text" : "around",
      "whiteSpace" : false
    }, {
      "id" : "s0-t28",
      "begin" : 118,
      "end" : 120,
      "text" : "to",
      "whiteSpace" : false
    }, {
      "id" : "s0-t29",
      "begin" : 121,
      "end" : 125,
      "text" : "stay",
      "whiteSpace" : false
    }, {
      "id" : "s0-t30",
      "begin" : 126,
      "end" : 128,
      "text" : "up",
      "whiteSpace" : false
    }, {
      "id" : "s0-t31",
      "begin" : 129,
      "end" : 132,
      "text" : "and",
      "whiteSpace" : false
    }, {
      "id" : "s0-t32",
      "begin" : 133,
      "end" : 140,
      "text" : "running",
      "whiteSpace" : false
    }, {
      "id" : "s0-t33",
      "begin" : 140,
      "end" : 141,
      "text" : ".",
      "whiteSpace" : false
    } ]
  }, {
    "id" : "s1",
    "begin" : 142,
    "end" : 253,
    "text" : "The promise was my boss would offer me a job within 3 months of laying me off once they figured everything out.",
    "tokens" : [ {
      "id" : "s1-t0",
      "begin" : 142,
      "end" : 145,
      "text" : "The",
      "whiteSpace" : false
    }, {
      "id" : "s1-t1",
      "begin" : 146,
      "end" : 153,
      "text" : "promise",
      "whiteSpace" : false
    }, {
      "id" : "s1-t2",
      "begin" : 154,
      "end" : 157,
      "text" : "was",
      "whiteSpace" : false
    }, {
      "id" : "s1-t3",
      "begin" : 158,
      "end" : 160,
      "text" : "my",
      "whiteSpace" : false
    }, {
      "id" : "s1-t4",
      "begin" : 161,
      "end" : 165,
      "text" : "boss",
      "whiteSpace" : false
    }, {
      "id" : "s1-t5",
      "begin" : 166,
      "end" : 171,
      "text" : "would",
      "whiteSpace" : false
    }, {
      "id" : "s1-t6",
      "begin" : 172,
      "end" : 177,
      "text" : "offer",
      "whiteSpace" : false
    }, {
      "id" : "s1-t7",
      "begin" : 178,
      "end" : 180,
      "text" : "me",
      "whiteSpace" : false
    }, {
      "id" : "s1-t8",
      "begin" : 181,
      "end" : 182,
      "text" : "a",
      "whiteSpace" : false
    }, {
      "id" : "s1-t9",
      "begin" : 183,
      "end" : 186,
      "text" : "job",
      "whiteSpace" : false
    }, {
      "id" : "s1-t10",
      "begin" : 187,
      "end" : 193,
      "text" : "within",
      "whiteSpace" : false
    }, {
      "id" : "s1-t11",
      "begin" : 194,
      "end" : 195,
      "text" : "3",
      "whiteSpace" : false
    }, {
      "id" : "s1-t12",
      "begin" : 196,
      "end" : 202,
      "text" : "months",
      "whiteSpace" : false
    }, {
      "id" : "s1-t13",
      "begin" : 203,
      "end" : 205,
      "text" : "of",
      "whiteSpace" : false
    }, {
      "id" : "s1-t14",
      "begin" : 206,
      "end" : 212,
      "text" : "laying",
      "whiteSpace" : false
    }, {
      "id" : "s1-t15",
      "begin" : 213,
      "end" : 215,
      "text" : "me",
      "whiteSpace" : false
    }, {
      "id" : "s1-t16",
      "begin" : 216,
      "end" : 219,
      "text" : "off",
      "whiteSpace" : false
    }, {
      "id" : "s1-t17",
      "begin" : 220,
      "end" : 224,
      "text" : "once",
      "whiteSpace" : false
    }, {
      "id" : "s1-t18",
      "begin" : 225,
      "end" : 229,
      "text" : "they",
      "whiteSpace" : false
    }, {
      "id" : "s1-t19",
      "begin" : 230,
      "end" : 237,
      "text" : "figured",
      "whiteSpace" : false
    }, {
      "id" : "s1-t20",
      "begin" : 238,
      "end" : 248,
      "text" : "everything",
      "whiteSpace" : false
    }, {
      "id" : "s1-t21",
      "begin" : 249,
      "end" : 252,
      "text" : "out",
      "whiteSpace" : false
    }, {
      "id" : "s1-t22",
      "begin" : 252,
      "end" : 253,
      "text" : ".",
      "whiteSpace" : false
    } ]
  }, {
    "id" : "s2",
    "begin" : 254,
    "end" : 368,
    "text" : "Seemed okay to me, I decided to apply for unemployment and collect benefits while looking for similarly paid work.",
    "tokens" : [ {
      "id" : "s2-t0",
      "begin" : 254,
      "end" : 260,
      "text" : "Seemed",
      "whiteSpace" : false
    }, {
      "id" : "s2-t1",
      "begin" : 261,
      "end" : 265,
      "text" : "okay",
      "whiteSpace" : false
    }, {
      "id" : "s2-t2",
      "begin" : 266,
      "end" : 268,
      "text" : "to",
      "whiteSpace" : false
    }, {
      "id" : "s2-t3",
      "begin" : 269,
      "end" : 271,
      "text" : "me",
      "whiteSpace" : false
    }, {
      "id" : "s2-t4",
      "begin" : 271,
      "end" : 272,
      "text" : ",",
      "whiteSpace" : false
    }, {
      "id" : "s2-t5",
      "begin" : 273,
      "end" : 274,
      "text" : "I",
      "whiteSpace" : false
    }, {
      "id" : "s2-t6",
      "begin" : 275,
      "end" : 282,
      "text" : "decided",
      "whiteSpace" : false
    }, {
      "id" : "s2-t7",
      "begin" : 283,
      "end" : 285,
      "text" : "to",
      "whiteSpace" : false
    }, {
      "id" : "s2-t8",
      "begin" : 286,
      "end" : 291,
      "text" : "apply",
      "whiteSpace" : false
    }, {
      "id" : "s2-t9",
      "begin" : 292,
      "end" : 295,
      "text" : "for",
      "whiteSpace" : false
    }, {
      "id" : "s2-t10",
      "begin" : 296,
      "end" : 308,
      "text" : "unemployment",
      "whiteSpace" : false
    }, {
      "id" : "s2-t11",
      "begin" : 309,
      "end" : 312,
      "text" : "and",
      "whiteSpace" : false
    }, {
      "id" : "s2-t12",
      "begin" : 313,
      "end" : 320,
      "text" : "collect",
      "whiteSpace" : false
    }, {
      "id" : "s2-t13",
      "begin" : 321,
      "end" : 329,
      "text" : "benefits",
      "whiteSpace" : false
    }, {
      "id" : "s2-t14",
      "begin" : 330,
      "end" : 335,
      "text" : "while",
      "whiteSpace" : false
    }, {
      "id" : "s2-t15",
      "begin" : 336,
      "end" : 343,
      "text" : "looking",
      "whiteSpace" : false
    }, {
      "id" : "s2-t16",
      "begin" : 344,
      "end" : 347,
      "text" : "for",
      "whiteSpace" : false
    }, {
      "id" : "s2-t17",
      "begin" : 348,
      "end" : 357,
      "text" : "similarly",
      "whiteSpace" : false
    }, {
      "id" : "s2-t18",
      "begin" : 358,
      "end" : 362,
      "text" : "paid",
      "whiteSpace" : false
    }, {
      "id" : "s2-t19",
      "begin" : 363,
      "end" : 367,
      "text" : "work",
      "whiteSpace" : false
    }, {
      "id" : "s2-t20",
      "begin" : 367,
      "end" : 368,
      "text" : ".",
      "whiteSpace" : false
    } ]
  }, {
    "id" : "s3",
    "begin" : 368,
    "end" : 482,
    "text" : "\\n\\nObviously now, the job offer never came and my old company is on freeze until this whole situation blows over.",
    "tokens" : [ {
      "id" : "s3-t0",
      "begin" : 368,
      "end" : 370,
      "text" : "\\n",
      "whiteSpace" : false
    }, {
      "id" : "s3-t1",
      "begin" : 370,
      "end" : 381,
      "text" : "\\nObviously",
      "whiteSpace" : false
    }, {
      "id" : "s3-t2",
      "begin" : 382,
      "end" : 385,
      "text" : "now",
      "whiteSpace" : false
    }, {
      "id" : "s3-t3",
      "begin" : 385,
      "end" : 386,
      "text" : ",",
      "whiteSpace" : false
    }, {
      "id" : "s3-t4",
      "begin" : 387,
      "end" : 390,
      "text" : "the",
      "whiteSpace" : false
    }, {
      "id" : "s3-t5",
      "begin" : 391,
      "end" : 394,
      "text" : "job",
      "whiteSpace" : false
    }, {
      "id" : "s3-t6",
      "begin" : 395,
      "end" : 400,
      "text" : "offer",
      "whiteSpace" : false
    }, {
      "id" : "s3-t7",
      "begin" : 401,
      "end" : 406,
      "text" : "never",
      "whiteSpace" : false
    }, {
      "id" : "s3-t8",
      "begin" : 407,
      "end" : 411,
      "text" : "came",
      "whiteSpace" : false
    }, {
      "id" : "s3-t9",
      "begin" : 412,
      "end" : 415,
      "text" : "and",
      "whiteSpace" : false
    }, {
      "id" : "s3-t10",
      "begin" : 416,
      "end" : 418,
      "text" : "my",
      "whiteSpace" : false
    }, {
      "id" : "s3-t11",
      "begin" : 419,
      "end" : 422,
      "text" : "old",
      "whiteSpace" : false
    }, {
      "id" : "s3-t12",
      "begin" : 423,
      "end" : 430,
      "text" : "company",
      "whiteSpace" : false
    }, {
      "id" : "s3-t13",
      "begin" : 431,
      "end" : 433,
      "text" : "is",
      "whiteSpace" : false
    }, {
      "id" : "s3-t14",
      "begin" : 434,
      "end" : 436,
      "text" : "on",
      "whiteSpace" : false
    }, {
      "id" : "s3-t15",
      "begin" : 437,
      "end" : 443,
      "text" : "freeze",
      "whiteSpace" : false
    }, {
      "id" : "s3-t16",
      "begin" : 444,
      "end" : 449,
      "text" : "until",
      "whiteSpace" : false
    }, {
      "id" : "s3-t17",
      "begin" : 450,
      "end" : 454,
      "text" : "this",
      "whiteSpace" : false
    }, {
      "id" : "s3-t18",
      "begin" : 455,
      "end" : 460,
      "text" : "whole",
      "whiteSpace" : false
    }, {
      "id" : "s3-t19",
      "begin" : 461,
      "end" : 470,
      "text" : "situation",
      "whiteSpace" : false
    }, {
      "id" : "s3-t20",
      "begin" : 471,
      "end" : 476,
      "text" : "blows",
      "whiteSpace" : false
    }, {
      "id" : "s3-t21",
      "begin" : 477,
      "end" : 481,
      "text" : "over",
      "whiteSpace" : false
    }, {
      "id" : "s3-t22",
      "begin" : 481,
      "end" : 482,
      "text" : ".",
      "whiteSpace" : false
    } ]
  }, {
    "id" : "s4",
    "begin" : 483,
    "end" : 585,
    "text" : "My benefits are set to expire in 3-4 weeks and I'm wondering what exactly the rules are for extension.",
    "tokens" : [ {
      "id" : "s4-t0",
      "begin" : 483,
      "end" : 485,
      "text" : "My",
      "whiteSpace" : false
    }, {
      "id" : "s4-t1",
      "begin" : 486,
      "end" : 494,
      "text" : "benefits",
      "whiteSpace" : false
    }, {
      "id" : "s4-t2",
      "begin" : 495,
      "end" : 498,
      "text" : "are",
      "whiteSpace" : false
    }, {
      "id" : "s4-t3",
      "begin" : 499,
      "end" : 502,
      "text" : "set",
      "whiteSpace" : false
    }, {
      "id" : "s4-t4",
      "begin" : 503,
      "end" : 505,
      "text" : "to",
      "whiteSpace" : false
    }, {
      "id" : "s4-t5",
      "begin" : 506,
      "end" : 512,
      "text" : "expire",
      "whiteSpace" : false
    }, {
      "id" : "s4-t6",
      "begin" : 513,
      "end" : 515,
      "text" : "in",
      "whiteSpace" : false
    }, {
      "id" : "s4-t7",
      "begin" : 516,
      "end" : 519,
      "text" : "3-4",
      "whiteSpace" : false
    }, {
      "id" : "s4-t8",
      "begin" : 520,
      "end" : 525,
      "text" : "weeks",
      "whiteSpace" : false
    }, {
      "id" : "s4-t9",
      "begin" : 526,
      "end" : 529,
      "text" : "and",
      "whiteSpace" : false
    }, {
      "id" : "s4-t10",
      "begin" : 530,
      "end" : 531,
      "text" : "I",
      "whiteSpace" : false
    }, {
      "id" : "s4-t11",
      "begin" : 531,
      "end" : 533,
      "text" : "'m",
      "whiteSpace" : false
    }, {
      "id" : "s4-t12",
      "begin" : 534,
      "end" : 543,
      "text" : "wondering",
      "whiteSpace" : false
    }, {
      "id" : "s4-t13",
      "begin" : 544,
      "end" : 548,
      "text" : "what",
      "whiteSpace" : false
    }, {
      "id" : "s4-t14",
      "begin" : 549,
      "end" : 556,
      "text" : "exactly",
      "whiteSpace" : false
    }, {
      "id" : "s4-t15",
      "begin" : 557,
      "end" : 560,
      "text" : "the",
      "whiteSpace" : false
    }, {
      "id" : "s4-t16",
      "begin" : 561,
      "end" : 566,
      "text" : "rules",
      "whiteSpace" : false
    }, {
      "id" : "s4-t17",
      "begin" : 567,
      "end" : 570,
      "text" : "are",
      "whiteSpace" : false
    }, {
      "id" : "s4-t18",
      "begin" : 571,
      "end" : 574,
      "text" : "for",
      "whiteSpace" : false
    }, {
      "id" : "s4-t19",
      "begin" : 575,
      "end" : 584,
      "text" : "extension",
      "whiteSpace" : false
    }, {
      "id" : "s4-t20",
      "begin" : 584,
      "end" : 585,
      "text" : ".",
      "whiteSpace" : false
    } ]
  }, {
    "id" : "s5",
    "begin" : 586,
    "end" : 678,
    "text" : "\\n\\nI've heard that unemployment extensions in NYS can only be activated in times of crisis.",
    "tokens" : [ {
      "id" : "s5-t0",
      "begin" : 586,
      "end" : 588,
      "text" : "\\n",
      "whiteSpace" : false
    }, {
      "id" : "s5-t1",
      "begin" : 588,
      "end" : 591,
      "text" : "\\nI",
      "whiteSpace" : false
    }, {
      "id" : "s5-t2",
      "begin" : 591,
      "end" : 594,
      "text" : "'ve",
      "whiteSpace" : false
    }, {
      "id" : "s5-t3",
      "begin" : 595,
      "end" : 600,
      "text" : "heard",
      "whiteSpace" : false
    }, {
      "id" : "s5-t4",
      "begin" : 601,
      "end" : 605,
      "text" : "that",
      "whiteSpace" : false
    }, {
      "id" : "s5-t5",
      "begin" : 606,
      "end" : 618,
      "text" : "unemployment",
      "whiteSpace" : false
    }, {
      "id" : "s5-t6",
      "begin" : 619,
      "end" : 629,
      "text" : "extensions",
      "whiteSpace" : false
    }, {
      "id" : "s5-t7",
      "begin" : 630,
      "end" : 632,
      "text" : "in",
      "whiteSpace" : false
    }, {
      "id" : "s5-t8",
      "begin" : 633,
      "end" : 636,
      "text" : "NYS",
      "whiteSpace" : false
    }, {
      "id" : "s5-t9",
      "begin" : 637,
      "end" : 640,
      "text" : "can",
      "whiteSpace" : false
    }, {
      "id" : "s5-t10",
      "begin" : 641,
      "end" : 645,
      "text" : "only",
      "whiteSpace" : false
    }, {
      "id" : "s5-t11",
      "begin" : 646,
      "end" : 648,
      "text" : "be",
      "whiteSpace" : false
    }, {
      "id" : "s5-t12",
      "begin" : 649,
      "end" : 658,
      "text" : "activated",
      "whiteSpace" : false
    }, {
      "id" : "s5-t13",
      "begin" : 659,
      "end" : 661,
      "text" : "in",
      "whiteSpace" : false
    }, {
      "id" : "s5-t14",
      "begin" : 662,
      "end" : 667,
      "text" : "times",
      "whiteSpace" : false
    }, {
      "id" : "s5-t15",
      "begin" : 668,
      "end" : 670,
      "text" : "of",
      "whiteSpace" : false
    }, {
      "id" : "s5-t16",
      "begin" : 671,
      "end" : 677,
      "text" : "crisis",
      "whiteSpace" : false
    }, {
      "id" : "s5-t17",
      "begin" : 677,
      "end" : 678,
      "text" : ".",
      "whiteSpace" : false
    } ]
  }, {
    "id" : "s6",
    "begin" : 679,
    "end" : 742,
    "text" : "Is this not a crisis with unemployment levels at a record high?",
    "tokens" : [ {
      "id" : "s6-t0",
      "begin" : 679,
      "end" : 681,
      "text" : "Is",
      "whiteSpace" : false
    }, {
      "id" : "s6-t1",
      "begin" : 682,
      "end" : 686,
      "text" : "this",
      "whiteSpace" : false
    }, {
      "id" : "s6-t2",
      "begin" : 687,
      "end" : 690,
      "text" : "not",
      "whiteSpace" : false
    }, {
      "id" : "s6-t3",
      "begin" : 691,
      "end" : 692,
      "text" : "a",
      "whiteSpace" : false
    }, {
      "id" : "s6-t4",
      "begin" : 693,
      "end" : 699,
      "text" : "crisis",
      "whiteSpace" : false
    }, {
      "id" : "s6-t5",
      "begin" : 700,
      "end" : 704,
      "text" : "with",
      "whiteSpace" : false
    }, {
      "id" : "s6-t6",
      "begin" : 705,
      "end" : 717,
      "text" : "unemployment",
      "whiteSpace" : false
    }, {
      "id" : "s6-t7",
      "begin" : 718,
      "end" : 724,
      "text" : "levels",
      "whiteSpace" : false
    }, {
      "id" : "s6-t8",
      "begin" : 725,
      "end" : 727,
      "text" : "at",
      "whiteSpace" : false
    }, {
      "id" : "s6-t9",
      "begin" : 728,
      "end" : 729,
      "text" : "a",
      "whiteSpace" : false
    }, {
      "id" : "s6-t10",
      "begin" : 730,
      "end" : 736,
      "text" : "record",
      "whiteSpace" : false
    }, {
      "id" : "s6-t11",
      "begin" : 737,
      "end" : 741,
      "text" : "high",
      "whiteSpace" : false
    }, {
      "id" : "s6-t12",
      "begin" : 741,
      "end" : 742,
      "text" : "?",
      "whiteSpace" : false
    } ]
  }, {
    "id" : "s7",
    "begin" : 743,
    "end" : 892,
    "text" : "Is the extension something you have to request from the state or do I need to wait for NYS to confirm extensions are allowed before applying for one?",
    "tokens" : [ {
      "id" : "s7-t0",
      "begin" : 743,
      "end" : 745,
      "text" : "Is",
      "whiteSpace" : false
    }, {
      "id" : "s7-t1",
      "begin" : 746,
      "end" : 749,
      "text" : "the",
      "whiteSpace" : false
    }, {
      "id" : "s7-t2",
      "begin" : 750,
      "end" : 759,
      "text" : "extension",
      "whiteSpace" : false
    }, {
      "id" : "s7-t3",
      "begin" : 760,
      "end" : 769,
      "text" : "something",
      "whiteSpace" : false
    }, {
      "id" : "s7-t4",
      "begin" : 770,
      "end" : 773,
      "text" : "you",
      "whiteSpace" : false
    }, {
      "id" : "s7-t5",
      "begin" : 774,
      "end" : 778,
      "text" : "have",
      "whiteSpace" : false
    }, {
      "id" : "s7-t6",
      "begin" : 779,
      "end" : 781,
      "text" : "to",
      "whiteSpace" : false
    }, {
      "id" : "s7-t7",
      "begin" : 782,
      "end" : 789,
      "text" : "request",
      "whiteSpace" : false
    }, {
      "id" : "s7-t8",
      "begin" : 790,
      "end" : 794,
      "text" : "from",
      "whiteSpace" : false
    }, {
      "id" : "s7-t9",
      "begin" : 795,
      "end" : 798,
      "text" : "the",
      "whiteSpace" : false
    }, {
      "id" : "s7-t10",
      "begin" : 799,
      "end" : 804,
      "text" : "state",
      "whiteSpace" : false
    }, {
      "id" : "s7-t11",
      "begin" : 805,
      "end" : 807,
      "text" : "or",
      "whiteSpace" : false
    }, {
      "id" : "s7-t12",
      "begin" : 808,
      "end" : 810,
      "text" : "do",
      "whiteSpace" : false
    }, {
      "id" : "s7-t13",
      "begin" : 811,
      "end" : 812,
      "text" : "I",
      "whiteSpace" : false
    }, {
      "id" : "s7-t14",
      "begin" : 813,
      "end" : 817,
      "text" : "need",
      "whiteSpace" : false
    }, {
      "id" : "s7-t15",
      "begin" : 818,
      "end" : 820,
      "text" : "to",
      "whiteSpace" : false
    }, {
      "id" : "s7-t16",
      "begin" : 821,
      "end" : 825,
      "text" : "wait",
      "whiteSpace" : false
    }, {
      "id" : "s7-t17",
      "begin" : 826,
      "end" : 829,
      "text" : "for",
      "whiteSpace" : false
    }, {
      "id" : "s7-t18",
      "begin" : 830,
      "end" : 833,
      "text" : "NYS",
      "whiteSpace" : false
    }, {
      "id" : "s7-t19",
      "begin" : 834,
      "end" : 836,
      "text" : "to",
      "whiteSpace" : false
    }, {
      "id" : "s7-t20",
      "begin" : 837,
      "end" : 844,
      "text" : "confirm",
      "whiteSpace" : false
    }, {
      "id" : "s7-t21",
      "begin" : 845,
      "end" : 855,
      "text" : "extensions",
      "whiteSpace" : false
    }, {
      "id" : "s7-t22",
      "begin" : 856,
      "end" : 859,
      "text" : "are",
      "whiteSpace" : false
    }, {
      "id" : "s7-t23",
      "begin" : 860,
      "end" : 867,
      "text" : "allowed",
      "whiteSpace" : false
    }, {
      "id" : "s7-t24",
      "begin" : 868,
      "end" : 874,
      "text" : "before",
      "whiteSpace" : false
    }, {
      "id" : "s7-t25",
      "begin" : 875,
      "end" : 883,
      "text" : "applying",
      "whiteSpace" : false
    }, {
      "id" : "s7-t26",
      "begin" : 884,
      "end" : 887,
      "text" : "for",
      "whiteSpace" : false
    }, {
      "id" : "s7-t27",
      "begin" : 888,
      "end" : 891,
      "text" : "one",
      "whiteSpace" : false
    }, {
      "id" : "s7-t28",
      "begin" : 891,
      "end" : 892,
      "text" : "?",
      "whiteSpace" : false
    } ]
  }, {
    "id" : "s8",
    "begin" : 892,
    "end" : 933,
    "text" : "\\n\\nAny information would be appreciated.",
    "tokens" : [ {
      "id" : "s8-t0",
      "begin" : 892,
      "end" : 894,
      "text" : "\\n",
      "whiteSpace" : false
    }, {
      "id" : "s8-t1",
      "begin" : 894,
      "end" : 899,
      "text" : "\\nAny",
      "whiteSpace" : false
    }, {
      "id" : "s8-t2",
      "begin" : 900,
      "end" : 911,
      "text" : "information",
      "whiteSpace" : false
    }, {
      "id" : "s8-t3",
      "begin" : 912,
      "end" : 917,
      "text" : "would",
      "whiteSpace" : false
    }, {
      "id" : "s8-t4",
      "begin" : 918,
      "end" : 920,
      "text" : "be",
      "whiteSpace" : false
    }, {
      "id" : "s8-t5",
      "begin" : 921,
      "end" : 932,
      "text" : "appreciated",
      "whiteSpace" : false
    }, {
      "id" : "s8-t6",
      "begin" : 932,
      "end" : 933,
      "text" : ".",
      "whiteSpace" : false
    } ]
  }, {
    "id" : "s9",
    "begin" : 934,
    "end" : 954,
    "text" : "Stay safe out there.",
    "tokens" : [ {
      "id" : "s9-t0",
      "begin" : 934,
      "end" : 938,
      "text" : "Stay",
      "whiteSpace" : false
    }, {
      "id" : "s9-t1",
      "begin" : 939,
      "end" : 943,
      "text" : "safe",
      "whiteSpace" : false
    }, {
      "id" : "s9-t2",
      "begin" : 944,
      "end" : 947,
      "text" : "out",
      "whiteSpace" : false
    }, {
      "id" : "s9-t3",
      "begin" : 948,
      "end" : 953,
      "text" : "there",
      "whiteSpace" : false
    }, {
      "id" : "s9-t4",
      "begin" : 953,
      "end" : 954,
      "text" : ".",
      "whiteSpace" : false
    } ]
  }, {
    "id" : "s10",
    "begin" : 954,
    "end" : 1021,
    "text" : "\",\"author_fullname\":\"t2_qf01r\",\"title\":\"NYS Unemployment extension?",
    "tokens" : [ {
      "id" : "s10-t0",
      "begin" : 954,
      "end" : 955,
      "text" : "\"",
      "whiteSpace" : false
    }, {
      "id" : "s10-t1",
      "begin" : 955,
      "end" : 956,
      "text" : ",",
      "whiteSpace" : false
    }, {
      "id" : "s10-t2",
      "begin" : 956,
      "end" : 957,
      "text" : "\"",
      "whiteSpace" : false
    }, {
      "id" : "s10-t3",
      "begin" : 957,
      "end" : 972,
      "text" : "author_fullname",
      "whiteSpace" : false
    }, {
      "id" : "s10-t4",
      "begin" : 972,
      "end" : 973,
      "text" : "\"",
      "whiteSpace" : false
    }, {
      "id" : "s10-t5",
      "begin" : 973,
      "end" : 974,
      "text" : ":",
      "whiteSpace" : false
    }, {
      "id" : "s10-t6",
      "begin" : 974,
      "end" : 975,
      "text" : "\"",
      "whiteSpace" : false
    }, {
      "id" : "s10-t7",
      "begin" : 975,
      "end" : 983,
      "text" : "t2_qf01r",
      "whiteSpace" : false
    }, {
      "id" : "s10-t8",
      "begin" : 983,
      "end" : 984,
      "text" : "\"",
      "whiteSpace" : false
    }, {
      "id" : "s10-t9",
      "begin" : 984,
      "end" : 985,
      "text" : ",",
      "whiteSpace" : false
    }, {
      "id" : "s10-t10",
      "begin" : 985,
      "end" : 986,
      "text" : "\"",
      "whiteSpace" : false
    }, {
      "id" : "s10-t11",
      "begin" : 986,
      "end" : 991,
      "text" : "title",
      "whiteSpace" : false
    }, {
      "id" : "s10-t12",
      "begin" : 991,
      "end" : 992,
      "text" : "\"",
      "whiteSpace" : false
    }, {
      "id" : "s10-t13",
      "begin" : 992,
      "end" : 993,
      "text" : ":",
      "whiteSpace" : false
    }, {
      "id" : "s10-t14",
      "begin" : 993,
      "end" : 994,
      "text" : "\"",
      "whiteSpace" : false
    }, {
      "id" : "s10-t15",
      "begin" : 994,
      "end" : 997,
      "text" : "NYS",
      "whiteSpace" : false
    }, {
      "id" : "s10-t16",
      "begin" : 998,
      "end" : 1010,
      "text" : "Unemployment",
      "whiteSpace" : false
    }, {
      "id" : "s10-t17",
      "begin" : 1011,
      "end" : 1020,
      "text" : "extension",
      "whiteSpace" : false
    }, {
      "id" : "s10-t18",
      "begin" : 1020,
      "end" : 1021,
      "text" : "?",
      "whiteSpace" : false
    } ]
  }, {
    "id" : "s11",
    "begin" : 1021,
    "end" : 1023,
    "text" : "\"}",
    "tokens" : [ {
      "id" : "s11-t0",
      "begin" : 1021,
      "end" : 1022,
      "text" : "\"",
      "whiteSpace" : false
    }, {
      "id" : "s11-t1",
      "begin" : 1022,
      "end" : 1023,
      "text" : "}",
      "whiteSpace" : false
    } ]
  } ],
  "mentions" : [ {
    "id" : "s0-m2",
    "properties" : {
      "SIRE_MENTION_ROLE" : "Unemployed",
      "SIRE_ENTITY_SUBTYPE" : "NONE",
      "SIRE_MENTION_TYPE" : "NONE",
      "SIRE_MENTION_CLASS" : "SPC"
    },
    "type" : "Unemployed",
    "begin" : 27,
    "end" : 45,
    "inCoref" : false
  }, {
    "id" : "m2",
    "properties" : {
      "SIRE_MENTION_TYPE" : "NONE",
      "SIRE_MENTION_ROLE" : "Unemployed",
      "SIRE_MENTION_CLASS" : "SPC",
      "SIRE_ENTITY_SUBTYPE" : "NONE"
    },
    "type" : "Unemployed",
    "begin" : 296,
    "end" : 308,
    "inCoref" : false
  }, {
    "id" : "m4",
    "properties" : {
      "SIRE_MENTION_TYPE" : "NONE",
      "SIRE_MENTION_ROLE" : "Unemployed",
      "SIRE_MENTION_CLASS" : "SPC",
      "SIRE_ENTITY_SUBTYPE" : "NONE"
    },
    "type" : "Unemployed",
    "begin" : 606,
    "end" : 618,
    "inCoref" : false
  }, {
    "id" : "m5",
    "properties" : {
      "SIRE_MENTION_TYPE" : "NONE",
      "SIRE_MENTION_ROLE" : "Unemployed",
      "SIRE_MENTION_CLASS" : "SPC",
      "SIRE_ENTITY_SUBTYPE" : "NONE"
    },
    "type" : "Unemployed",
    "begin" : 705,
    "end" : 717,
    "inCoref" : false
  }, {
    "id" : "m6",
    "properties" : {
      "SIRE_MENTION_TYPE" : "NONE",
      "SIRE_MENTION_ROLE" : "Unemployed",
      "SIRE_MENTION_CLASS" : "SPC",
      "SIRE_ENTITY_SUBTYPE" : "NONE"
    },
    "type" : "Unemployed",
    "begin" : 998,
    "end" : 1010,
    "inCoref" : false
  } ],
  "relations" : [ ],
  "corefs" : [ ],
  "typeResolved" : true,
  "userResolved" : false
}