{
  "id" : "c318d3f0-9420-11ea-8a2d-81b8af140d06-1",
  "name" : "nyc-doc-93.txt",
  "createdDate" : 0,
  "version" : 3,
  "text" : "{\"text\":\"So they said they updated their site and whatnot  \\nI just checked the NYC unemployment site and checked if I have to still call in and to my surprise I see it showing that I have to file a whole new claim entirely on their site.   \\nPrior to this It was on the message that others had where I had to call in to finish my claim  \\n\\n\\nAnyone else just checked and notice that they have to refile entirely? (They just updated it not so long ago so check)  \\nor is it just a few people? God I hope this means I dont need to call when I re-do it tomorrow. (since apps are closed at this hour)/.\",\"author_fullname\":\"t2_x4c9o\",\"title\":\"Anyone else who has to reclaim? (unemployment)\"}\n",
  "docLength" : 0,
  "language" : "EN",
  "status" : "IN_PROGRESS",
  "modifiedDate" : 1589309707986,
  "documentSet" : [ ],
  "preannotation" : [ "PRE_LW" ],
  "sentences" : [ {
    "id" : "s0",
    "begin" : 0,
    "end" : 238,
    "text" : "{\"text\":\"So they said they updated their site and whatnot  \\nI just checked the NYC unemployment site and checked if I have to still call in and to my surprise I see it showing that I have to file a whole new claim entirely on their site.",
    "tokens" : [ {
      "id" : "s0-t0",
      "begin" : 0,
      "end" : 1,
      "text" : "{",
      "whiteSpace" : false
    }, {
      "id" : "s0-t1",
      "begin" : 1,
      "end" : 2,
      "text" : "\"",
      "whiteSpace" : false
    }, {
      "id" : "s0-t2",
      "begin" : 2,
      "end" : 6,
      "text" : "text",
      "whiteSpace" : false
    }, {
      "id" : "s0-t3",
      "begin" : 6,
      "end" : 7,
      "text" : "\"",
      "whiteSpace" : false
    }, {
      "id" : "s0-t4",
      "begin" : 7,
      "end" : 8,
      "text" : ":",
      "whiteSpace" : false
    }, {
      "id" : "s0-t5",
      "begin" : 8,
      "end" : 9,
      "text" : "\"",
      "whiteSpace" : false
    }, {
      "id" : "s0-t6",
      "begin" : 9,
      "end" : 11,
      "text" : "So",
      "whiteSpace" : false
    }, {
      "id" : "s0-t7",
      "begin" : 12,
      "end" : 16,
      "text" : "they",
      "whiteSpace" : false
    }, {
      "id" : "s0-t8",
      "begin" : 17,
      "end" : 21,
      "text" : "said",
      "whiteSpace" : false
    }, {
      "id" : "s0-t9",
      "begin" : 22,
      "end" : 26,
      "text" : "they",
      "whiteSpace" : false
    }, {
      "id" : "s0-t10",
      "begin" : 27,
      "end" : 34,
      "text" : "updated",
      "whiteSpace" : false
    }, {
      "id" : "s0-t11",
      "begin" : 35,
      "end" : 40,
      "text" : "their",
      "whiteSpace" : false
    }, {
      "id" : "s0-t12",
      "begin" : 41,
      "end" : 45,
      "text" : "site",
      "whiteSpace" : false
    }, {
      "id" : "s0-t13",
      "begin" : 46,
      "end" : 49,
      "text" : "and",
      "whiteSpace" : false
    }, {
      "id" : "s0-t14",
      "begin" : 50,
      "end" : 57,
      "text" : "whatnot",
      "whiteSpace" : false
    }, {
      "id" : "s0-t15",
      "begin" : 59,
      "end" : 62,
      "text" : "\\nI",
      "whiteSpace" : false
    }, {
      "id" : "s0-t16",
      "begin" : 63,
      "end" : 67,
      "text" : "just",
      "whiteSpace" : false
    }, {
      "id" : "s0-t17",
      "begin" : 68,
      "end" : 75,
      "text" : "checked",
      "whiteSpace" : false
    }, {
      "id" : "s0-t18",
      "begin" : 76,
      "end" : 79,
      "text" : "the",
      "whiteSpace" : false
    }, {
      "id" : "s0-t19",
      "begin" : 80,
      "end" : 83,
      "text" : "NYC",
      "whiteSpace" : false
    }, {
      "id" : "s0-t20",
      "begin" : 84,
      "end" : 96,
      "text" : "unemployment",
      "whiteSpace" : false
    }, {
      "id" : "s0-t21",
      "begin" : 97,
      "end" : 101,
      "text" : "site",
      "whiteSpace" : false
    }, {
      "id" : "s0-t22",
      "begin" : 102,
      "end" : 105,
      "text" : "and",
      "whiteSpace" : false
    }, {
      "id" : "s0-t23",
      "begin" : 106,
      "end" : 113,
      "text" : "checked",
      "whiteSpace" : false
    }, {
      "id" : "s0-t24",
      "begin" : 114,
      "end" : 116,
      "text" : "if",
      "whiteSpace" : false
    }, {
      "id" : "s0-t25",
      "begin" : 117,
      "end" : 118,
      "text" : "I",
      "whiteSpace" : false
    }, {
      "id" : "s0-t26",
      "begin" : 119,
      "end" : 123,
      "text" : "have",
      "whiteSpace" : false
    }, {
      "id" : "s0-t27",
      "begin" : 124,
      "end" : 126,
      "text" : "to",
      "whiteSpace" : false
    }, {
      "id" : "s0-t28",
      "begin" : 127,
      "end" : 132,
      "text" : "still",
      "whiteSpace" : false
    }, {
      "id" : "s0-t29",
      "begin" : 133,
      "end" : 137,
      "text" : "call",
      "whiteSpace" : false
    }, {
      "id" : "s0-t30",
      "begin" : 138,
      "end" : 140,
      "text" : "in",
      "whiteSpace" : false
    }, {
      "id" : "s0-t31",
      "begin" : 141,
      "end" : 144,
      "text" : "and",
      "whiteSpace" : false
    }, {
      "id" : "s0-t32",
      "begin" : 145,
      "end" : 147,
      "text" : "to",
      "whiteSpace" : false
    }, {
      "id" : "s0-t33",
      "begin" : 148,
      "end" : 150,
      "text" : "my",
      "whiteSpace" : false
    }, {
      "id" : "s0-t34",
      "begin" : 151,
      "end" : 159,
      "text" : "surprise",
      "whiteSpace" : false
    }, {
      "id" : "s0-t35",
      "begin" : 160,
      "end" : 161,
      "text" : "I",
      "whiteSpace" : false
    }, {
      "id" : "s0-t36",
      "begin" : 162,
      "end" : 165,
      "text" : "see",
      "whiteSpace" : false
    }, {
      "id" : "s0-t37",
      "begin" : 166,
      "end" : 168,
      "text" : "it",
      "whiteSpace" : false
    }, {
      "id" : "s0-t38",
      "begin" : 169,
      "end" : 176,
      "text" : "showing",
      "whiteSpace" : false
    }, {
      "id" : "s0-t39",
      "begin" : 177,
      "end" : 181,
      "text" : "that",
      "whiteSpace" : false
    }, {
      "id" : "s0-t40",
      "begin" : 182,
      "end" : 183,
      "text" : "I",
      "whiteSpace" : false
    }, {
      "id" : "s0-t41",
      "begin" : 184,
      "end" : 188,
      "text" : "have",
      "whiteSpace" : false
    }, {
      "id" : "s0-t42",
      "begin" : 189,
      "end" : 191,
      "text" : "to",
      "whiteSpace" : false
    }, {
      "id" : "s0-t43",
      "begin" : 192,
      "end" : 196,
      "text" : "file",
      "whiteSpace" : false
    }, {
      "id" : "s0-t44",
      "begin" : 197,
      "end" : 198,
      "text" : "a",
      "whiteSpace" : false
    }, {
      "id" : "s0-t45",
      "begin" : 199,
      "end" : 204,
      "text" : "whole",
      "whiteSpace" : false
    }, {
      "id" : "s0-t46",
      "begin" : 205,
      "end" : 208,
      "text" : "new",
      "whiteSpace" : false
    }, {
      "id" : "s0-t47",
      "begin" : 209,
      "end" : 214,
      "text" : "claim",
      "whiteSpace" : false
    }, {
      "id" : "s0-t48",
      "begin" : 215,
      "end" : 223,
      "text" : "entirely",
      "whiteSpace" : false
    }, {
      "id" : "s0-t49",
      "begin" : 224,
      "end" : 226,
      "text" : "on",
      "whiteSpace" : false
    }, {
      "id" : "s0-t50",
      "begin" : 227,
      "end" : 232,
      "text" : "their",
      "whiteSpace" : false
    }, {
      "id" : "s0-t51",
      "begin" : 233,
      "end" : 237,
      "text" : "site",
      "whiteSpace" : false
    }, {
      "id" : "s0-t52",
      "begin" : 237,
      "end" : 238,
      "text" : ".",
      "whiteSpace" : false
    } ]
  }, {
    "id" : "s1",
    "begin" : 241,
    "end" : 414,
    "text" : "\\nPrior to this It was on the message that others had where I had to call in to finish my claim  \\n\\n\\nAnyone else just checked and notice that they have to refile entirely?",
    "tokens" : [ {
      "id" : "s1-t0",
      "begin" : 241,
      "end" : 248,
      "text" : "\\nPrior",
      "whiteSpace" : false
    }, {
      "id" : "s1-t1",
      "begin" : 249,
      "end" : 251,
      "text" : "to",
      "whiteSpace" : false
    }, {
      "id" : "s1-t2",
      "begin" : 252,
      "end" : 256,
      "text" : "this",
      "whiteSpace" : false
    }, {
      "id" : "s1-t3",
      "begin" : 257,
      "end" : 259,
      "text" : "It",
      "whiteSpace" : false
    }, {
      "id" : "s1-t4",
      "begin" : 260,
      "end" : 263,
      "text" : "was",
      "whiteSpace" : false
    }, {
      "id" : "s1-t5",
      "begin" : 264,
      "end" : 266,
      "text" : "on",
      "whiteSpace" : false
    }, {
      "id" : "s1-t6",
      "begin" : 267,
      "end" : 270,
      "text" : "the",
      "whiteSpace" : false
    }, {
      "id" : "s1-t7",
      "begin" : 271,
      "end" : 278,
      "text" : "message",
      "whiteSpace" : false
    }, {
      "id" : "s1-t8",
      "begin" : 279,
      "end" : 283,
      "text" : "that",
      "whiteSpace" : false
    }, {
      "id" : "s1-t9",
      "begin" : 284,
      "end" : 290,
      "text" : "others",
      "whiteSpace" : false
    }, {
      "id" : "s1-t10",
      "begin" : 291,
      "end" : 294,
      "text" : "had",
      "whiteSpace" : false
    }, {
      "id" : "s1-t11",
      "begin" : 295,
      "end" : 300,
      "text" : "where",
      "whiteSpace" : false
    }, {
      "id" : "s1-t12",
      "begin" : 301,
      "end" : 302,
      "text" : "I",
      "whiteSpace" : false
    }, {
      "id" : "s1-t13",
      "begin" : 303,
      "end" : 306,
      "text" : "had",
      "whiteSpace" : false
    }, {
      "id" : "s1-t14",
      "begin" : 307,
      "end" : 309,
      "text" : "to",
      "whiteSpace" : false
    }, {
      "id" : "s1-t15",
      "begin" : 310,
      "end" : 314,
      "text" : "call",
      "whiteSpace" : false
    }, {
      "id" : "s1-t16",
      "begin" : 315,
      "end" : 317,
      "text" : "in",
      "whiteSpace" : false
    }, {
      "id" : "s1-t17",
      "begin" : 318,
      "end" : 320,
      "text" : "to",
      "whiteSpace" : false
    }, {
      "id" : "s1-t18",
      "begin" : 321,
      "end" : 327,
      "text" : "finish",
      "whiteSpace" : false
    }, {
      "id" : "s1-t19",
      "begin" : 328,
      "end" : 330,
      "text" : "my",
      "whiteSpace" : false
    }, {
      "id" : "s1-t20",
      "begin" : 331,
      "end" : 336,
      "text" : "claim",
      "whiteSpace" : false
    }, {
      "id" : "s1-t21",
      "begin" : 338,
      "end" : 340,
      "text" : "\\n",
      "whiteSpace" : false
    }, {
      "id" : "s1-t22",
      "begin" : 340,
      "end" : 342,
      "text" : "\\n",
      "whiteSpace" : false
    }, {
      "id" : "s1-t23",
      "begin" : 342,
      "end" : 350,
      "text" : "\\nAnyone",
      "whiteSpace" : false
    }, {
      "id" : "s1-t24",
      "begin" : 351,
      "end" : 355,
      "text" : "else",
      "whiteSpace" : false
    }, {
      "id" : "s1-t25",
      "begin" : 356,
      "end" : 360,
      "text" : "just",
      "whiteSpace" : false
    }, {
      "id" : "s1-t26",
      "begin" : 361,
      "end" : 368,
      "text" : "checked",
      "whiteSpace" : false
    }, {
      "id" : "s1-t27",
      "begin" : 369,
      "end" : 372,
      "text" : "and",
      "whiteSpace" : false
    }, {
      "id" : "s1-t28",
      "begin" : 373,
      "end" : 379,
      "text" : "notice",
      "whiteSpace" : false
    }, {
      "id" : "s1-t29",
      "begin" : 380,
      "end" : 384,
      "text" : "that",
      "whiteSpace" : false
    }, {
      "id" : "s1-t30",
      "begin" : 385,
      "end" : 389,
      "text" : "they",
      "whiteSpace" : false
    }, {
      "id" : "s1-t31",
      "begin" : 390,
      "end" : 394,
      "text" : "have",
      "whiteSpace" : false
    }, {
      "id" : "s1-t32",
      "begin" : 395,
      "end" : 397,
      "text" : "to",
      "whiteSpace" : false
    }, {
      "id" : "s1-t33",
      "begin" : 398,
      "end" : 404,
      "text" : "refile",
      "whiteSpace" : false
    }, {
      "id" : "s1-t34",
      "begin" : 405,
      "end" : 413,
      "text" : "entirely",
      "whiteSpace" : false
    }, {
      "id" : "s1-t35",
      "begin" : 413,
      "end" : 414,
      "text" : "?",
      "whiteSpace" : false
    } ]
  }, {
    "id" : "s2",
    "begin" : 415,
    "end" : 493,
    "text" : "(They just updated it not so long ago so check)  \\nor is it just a few people?",
    "tokens" : [ {
      "id" : "s2-t0",
      "begin" : 415,
      "end" : 416,
      "text" : "(",
      "whiteSpace" : false
    }, {
      "id" : "s2-t1",
      "begin" : 416,
      "end" : 420,
      "text" : "They",
      "whiteSpace" : false
    }, {
      "id" : "s2-t2",
      "begin" : 421,
      "end" : 425,
      "text" : "just",
      "whiteSpace" : false
    }, {
      "id" : "s2-t3",
      "begin" : 426,
      "end" : 433,
      "text" : "updated",
      "whiteSpace" : false
    }, {
      "id" : "s2-t4",
      "begin" : 434,
      "end" : 436,
      "text" : "it",
      "whiteSpace" : false
    }, {
      "id" : "s2-t5",
      "begin" : 437,
      "end" : 440,
      "text" : "not",
      "whiteSpace" : false
    }, {
      "id" : "s2-t6",
      "begin" : 441,
      "end" : 443,
      "text" : "so",
      "whiteSpace" : false
    }, {
      "id" : "s2-t7",
      "begin" : 444,
      "end" : 448,
      "text" : "long",
      "whiteSpace" : false
    }, {
      "id" : "s2-t8",
      "begin" : 449,
      "end" : 452,
      "text" : "ago",
      "whiteSpace" : false
    }, {
      "id" : "s2-t9",
      "begin" : 453,
      "end" : 455,
      "text" : "so",
      "whiteSpace" : false
    }, {
      "id" : "s2-t10",
      "begin" : 456,
      "end" : 461,
      "text" : "check",
      "whiteSpace" : false
    }, {
      "id" : "s2-t11",
      "begin" : 461,
      "end" : 462,
      "text" : ")",
      "whiteSpace" : false
    }, {
      "id" : "s2-t12",
      "begin" : 464,
      "end" : 468,
      "text" : "\\nor",
      "whiteSpace" : false
    }, {
      "id" : "s2-t13",
      "begin" : 469,
      "end" : 471,
      "text" : "is",
      "whiteSpace" : false
    }, {
      "id" : "s2-t14",
      "begin" : 472,
      "end" : 474,
      "text" : "it",
      "whiteSpace" : false
    }, {
      "id" : "s2-t15",
      "begin" : 475,
      "end" : 479,
      "text" : "just",
      "whiteSpace" : false
    }, {
      "id" : "s2-t16",
      "begin" : 480,
      "end" : 481,
      "text" : "a",
      "whiteSpace" : false
    }, {
      "id" : "s2-t17",
      "begin" : 482,
      "end" : 485,
      "text" : "few",
      "whiteSpace" : false
    }, {
      "id" : "s2-t18",
      "begin" : 486,
      "end" : 492,
      "text" : "people",
      "whiteSpace" : false
    }, {
      "id" : "s2-t19",
      "begin" : 492,
      "end" : 493,
      "text" : "?",
      "whiteSpace" : false
    } ]
  }, {
    "id" : "s3",
    "begin" : 494,
    "end" : 561,
    "text" : "God I hope this means I dont need to call when I re-do it tomorrow.",
    "tokens" : [ {
      "id" : "s3-t0",
      "begin" : 494,
      "end" : 497,
      "text" : "God",
      "whiteSpace" : false
    }, {
      "id" : "s3-t1",
      "begin" : 498,
      "end" : 499,
      "text" : "I",
      "whiteSpace" : false
    }, {
      "id" : "s3-t2",
      "begin" : 500,
      "end" : 504,
      "text" : "hope",
      "whiteSpace" : false
    }, {
      "id" : "s3-t3",
      "begin" : 505,
      "end" : 509,
      "text" : "this",
      "whiteSpace" : false
    }, {
      "id" : "s3-t4",
      "begin" : 510,
      "end" : 515,
      "text" : "means",
      "whiteSpace" : false
    }, {
      "id" : "s3-t5",
      "begin" : 516,
      "end" : 517,
      "text" : "I",
      "whiteSpace" : false
    }, {
      "id" : "s3-t6",
      "begin" : 518,
      "end" : 522,
      "text" : "dont",
      "whiteSpace" : false
    }, {
      "id" : "s3-t7",
      "begin" : 523,
      "end" : 527,
      "text" : "need",
      "whiteSpace" : false
    }, {
      "id" : "s3-t8",
      "begin" : 528,
      "end" : 530,
      "text" : "to",
      "whiteSpace" : false
    }, {
      "id" : "s3-t9",
      "begin" : 531,
      "end" : 535,
      "text" : "call",
      "whiteSpace" : false
    }, {
      "id" : "s3-t10",
      "begin" : 536,
      "end" : 540,
      "text" : "when",
      "whiteSpace" : false
    }, {
      "id" : "s3-t11",
      "begin" : 541,
      "end" : 542,
      "text" : "I",
      "whiteSpace" : false
    }, {
      "id" : "s3-t12",
      "begin" : 543,
      "end" : 548,
      "text" : "re-do",
      "whiteSpace" : false
    }, {
      "id" : "s3-t13",
      "begin" : 549,
      "end" : 551,
      "text" : "it",
      "whiteSpace" : false
    }, {
      "id" : "s3-t14",
      "begin" : 552,
      "end" : 560,
      "text" : "tomorrow",
      "whiteSpace" : false
    }, {
      "id" : "s3-t15",
      "begin" : 560,
      "end" : 561,
      "text" : ".",
      "whiteSpace" : false
    } ]
  }, {
    "id" : "s4",
    "begin" : 562,
    "end" : 600,
    "text" : "(since apps are closed at this hour)/.",
    "tokens" : [ {
      "id" : "s4-t0",
      "begin" : 562,
      "end" : 563,
      "text" : "(",
      "whiteSpace" : false
    }, {
      "id" : "s4-t1",
      "begin" : 563,
      "end" : 568,
      "text" : "since",
      "whiteSpace" : false
    }, {
      "id" : "s4-t2",
      "begin" : 569,
      "end" : 573,
      "text" : "apps",
      "whiteSpace" : false
    }, {
      "id" : "s4-t3",
      "begin" : 574,
      "end" : 577,
      "text" : "are",
      "whiteSpace" : false
    }, {
      "id" : "s4-t4",
      "begin" : 578,
      "end" : 584,
      "text" : "closed",
      "whiteSpace" : false
    }, {
      "id" : "s4-t5",
      "begin" : 585,
      "end" : 587,
      "text" : "at",
      "whiteSpace" : false
    }, {
      "id" : "s4-t6",
      "begin" : 588,
      "end" : 592,
      "text" : "this",
      "whiteSpace" : false
    }, {
      "id" : "s4-t7",
      "begin" : 593,
      "end" : 597,
      "text" : "hour",
      "whiteSpace" : false
    }, {
      "id" : "s4-t8",
      "begin" : 597,
      "end" : 598,
      "text" : ")",
      "whiteSpace" : false
    }, {
      "id" : "s4-t9",
      "begin" : 598,
      "end" : 599,
      "text" : "/",
      "whiteSpace" : false
    }, {
      "id" : "s4-t10",
      "begin" : 599,
      "end" : 600,
      "text" : ".",
      "whiteSpace" : false
    } ]
  }, {
    "id" : "s5",
    "begin" : 600,
    "end" : 671,
    "text" : "\",\"author_fullname\":\"t2_x4c9o\",\"title\":\"Anyone else who has to reclaim?",
    "tokens" : [ {
      "id" : "s5-t0",
      "begin" : 600,
      "end" : 601,
      "text" : "\"",
      "whiteSpace" : false
    }, {
      "id" : "s5-t1",
      "begin" : 601,
      "end" : 602,
      "text" : ",",
      "whiteSpace" : false
    }, {
      "id" : "s5-t2",
      "begin" : 602,
      "end" : 618,
      "text" : "\"author_fullname",
      "whiteSpace" : false
    }, {
      "id" : "s5-t3",
      "begin" : 618,
      "end" : 619,
      "text" : "\"",
      "whiteSpace" : false
    }, {
      "id" : "s5-t4",
      "begin" : 619,
      "end" : 620,
      "text" : ":",
      "whiteSpace" : false
    }, {
      "id" : "s5-t5",
      "begin" : 620,
      "end" : 629,
      "text" : "\"t2_x4c9o",
      "whiteSpace" : false
    }, {
      "id" : "s5-t6",
      "begin" : 629,
      "end" : 630,
      "text" : "\"",
      "whiteSpace" : false
    }, {
      "id" : "s5-t7",
      "begin" : 630,
      "end" : 631,
      "text" : ",",
      "whiteSpace" : false
    }, {
      "id" : "s5-t8",
      "begin" : 631,
      "end" : 637,
      "text" : "\"title",
      "whiteSpace" : false
    }, {
      "id" : "s5-t9",
      "begin" : 637,
      "end" : 638,
      "text" : "\"",
      "whiteSpace" : false
    }, {
      "id" : "s5-t10",
      "begin" : 638,
      "end" : 639,
      "text" : ":",
      "whiteSpace" : false
    }, {
      "id" : "s5-t11",
      "begin" : 639,
      "end" : 640,
      "text" : "\"",
      "whiteSpace" : false
    }, {
      "id" : "s5-t12",
      "begin" : 640,
      "end" : 646,
      "text" : "Anyone",
      "whiteSpace" : false
    }, {
      "id" : "s5-t13",
      "begin" : 647,
      "end" : 651,
      "text" : "else",
      "whiteSpace" : false
    }, {
      "id" : "s5-t14",
      "begin" : 652,
      "end" : 655,
      "text" : "who",
      "whiteSpace" : false
    }, {
      "id" : "s5-t15",
      "begin" : 656,
      "end" : 659,
      "text" : "has",
      "whiteSpace" : false
    }, {
      "id" : "s5-t16",
      "begin" : 660,
      "end" : 662,
      "text" : "to",
      "whiteSpace" : false
    }, {
      "id" : "s5-t17",
      "begin" : 663,
      "end" : 670,
      "text" : "reclaim",
      "whiteSpace" : false
    }, {
      "id" : "s5-t18",
      "begin" : 670,
      "end" : 671,
      "text" : "?",
      "whiteSpace" : false
    } ]
  }, {
    "id" : "s6",
    "begin" : 672,
    "end" : 688,
    "text" : "(unemployment)\"}",
    "tokens" : [ {
      "id" : "s6-t0",
      "begin" : 672,
      "end" : 673,
      "text" : "(",
      "whiteSpace" : false
    }, {
      "id" : "s6-t1",
      "begin" : 673,
      "end" : 685,
      "text" : "unemployment",
      "whiteSpace" : false
    }, {
      "id" : "s6-t2",
      "begin" : 685,
      "end" : 686,
      "text" : ")",
      "whiteSpace" : false
    }, {
      "id" : "s6-t3",
      "begin" : 686,
      "end" : 687,
      "text" : "\"",
      "whiteSpace" : false
    }, {
      "id" : "s6-t4",
      "begin" : 687,
      "end" : 688,
      "text" : "}",
      "whiteSpace" : false
    } ]
  } ],
  "mentions" : [ {
    "id" : "m1",
    "properties" : {
      "SIRE_MENTION_TYPE" : "NONE",
      "SIRE_MENTION_ROLE" : "Unemployed",
      "SIRE_MENTION_CLASS" : "SPC",
      "SIRE_ENTITY_SUBTYPE" : "NONE"
    },
    "type" : "Unemployed",
    "begin" : 84,
    "end" : 96,
    "inCoref" : false
  }, {
    "id" : "s0-m2",
    "properties" : {
      "SIRE_MENTION_ROLE" : "Unemployed",
      "SIRE_ENTITY_SUBTYPE" : "NONE",
      "SIRE_MENTION_TYPE" : "NONE",
      "SIRE_MENTION_CLASS" : "SPC"
    },
    "type" : "Unemployed",
    "begin" : 205,
    "end" : 214,
    "inCoref" : false
  }, {
    "id" : "s1-m1",
    "properties" : {
      "SIRE_MENTION_ROLE" : "Unemployed",
      "SIRE_ENTITY_SUBTYPE" : "NONE",
      "SIRE_MENTION_TYPE" : "NONE",
      "SIRE_MENTION_CLASS" : "SPC"
    },
    "type" : "Unemployed",
    "begin" : 328,
    "end" : 336,
    "inCoref" : false
  }, {
    "id" : "m2",
    "properties" : {
      "SIRE_MENTION_TYPE" : "NONE",
      "SIRE_MENTION_ROLE" : "Unemployed",
      "SIRE_MENTION_CLASS" : "SPC",
      "SIRE_ENTITY_SUBTYPE" : "NONE"
    },
    "type" : "Unemployed",
    "begin" : 673,
    "end" : 685,
    "inCoref" : false
  } ],
  "relations" : [ ],
  "corefs" : [ ],
  "typeResolved" : true,
  "userResolved" : false
}