{
  "id" : "c318d3f0-9420-11ea-8a2d-81b8af140d06-5",
  "name" : "nyc-doc-95.txt",
  "createdDate" : 0,
  "version" : 3,
  "text" : "{\"text\":\"I'm really hoping someone can offer me some insight into what I can do here. I've called the NY Unemployment phone number literally over 2,000 times regarding this and haven't been able to speak with a human. Very close to smashing my face through a wall. Bills are approaching and I'm starting to freak out here.\\n\\nI was laid off the same day as my fellow former employees (Friday, 3/20). Our manager was too afraid to come into work (COVID fears) but had required all of us to come in - then laid us off at the beginning of the day over a conference call and then expected us to work a full workday. Cute, right? I filed my claim the following Monday 3/23.\\n\\nAs of today, Wednesday 4/8, my claim status is still \\\"pending\\\" but a few of my fellow former employees already started receiving benefits last week even though I was the first to file since my last name fell on the Monday - their last names required them to file that Tuesday, 3/24.\\n\\nSo above I stated I've called the DOL UI number a ton of times. Here's what happens. You repeatedly call and get a busy signal - intermittently, there's an automated \\\"...high call volume, please call back\\\" message. Then after \\\\~45 attempts, you get thru to the DOL, press your digits to weave thru the labyrinth of call routing, to get to the part where you are to inquire about the status of the claim and speak with an agent by pressing 3. You hit \\\"3\\\" and then bam, it says, \\\"We're sorry, we are receiving an extremely high volume of calls at this time...\\\" and HANGS UP! THE HUMANITY OF IT ALL! Rinse and repeat.\\n\\nFor reference, a few things:\\n\\n\\\\- When I call it says my claim is valid.\\n\\n\\\\- I selected direct deposit when applying for UI.\\n\\n\\\\- I've already received the letter that states how much $ I am to receive.\\n\\n\\\\- I've filed all of my weekly claims so I'm current on that.\\n\\n\\\\- One thing that I find strange, when I check the status of my claim online, the $ amount I am to expect says \\\"$0\\\" even tho the letter in the mail stated the proper $ amount.\\n\\nAnyone going thru the same thing? Are they just overloaded over there or is something wrong with my paperwork? I am starting to lose my mind over this.\\n\\nMany thanks in advance!\",\"author_fullname\":\"t2_xuquj\",\"title\":\"Unemployment Claim Status Pending - called the DOL UI number LITERALLY 2,000 times\"}\n",
  "docLength" : 0,
  "language" : "EN",
  "status" : "IN_PROGRESS",
  "modifiedDate" : 1589336812028,
  "documentSet" : [ ],
  "preannotation" : [ "PRE_LW" ],
  "sentences" : [ {
    "id" : "s0",
    "begin" : 0,
    "end" : 85,
    "text" : "{\"text\":\"I'm really hoping someone can offer me some insight into what I can do here.",
    "tokens" : [ {
      "id" : "s0-t0",
      "begin" : 0,
      "end" : 1,
      "text" : "{",
      "whiteSpace" : false
    }, {
      "id" : "s0-t1",
      "begin" : 1,
      "end" : 2,
      "text" : "\"",
      "whiteSpace" : false
    }, {
      "id" : "s0-t2",
      "begin" : 2,
      "end" : 6,
      "text" : "text",
      "whiteSpace" : false
    }, {
      "id" : "s0-t3",
      "begin" : 6,
      "end" : 7,
      "text" : "\"",
      "whiteSpace" : false
    }, {
      "id" : "s0-t4",
      "begin" : 7,
      "end" : 8,
      "text" : ":",
      "whiteSpace" : false
    }, {
      "id" : "s0-t5",
      "begin" : 8,
      "end" : 9,
      "text" : "\"",
      "whiteSpace" : false
    }, {
      "id" : "s0-t6",
      "begin" : 9,
      "end" : 10,
      "text" : "I",
      "whiteSpace" : false
    }, {
      "id" : "s0-t7",
      "begin" : 10,
      "end" : 12,
      "text" : "'m",
      "whiteSpace" : false
    }, {
      "id" : "s0-t8",
      "begin" : 13,
      "end" : 19,
      "text" : "really",
      "whiteSpace" : false
    }, {
      "id" : "s0-t9",
      "begin" : 20,
      "end" : 26,
      "text" : "hoping",
      "whiteSpace" : false
    }, {
      "id" : "s0-t10",
      "begin" : 27,
      "end" : 34,
      "text" : "someone",
      "whiteSpace" : false
    }, {
      "id" : "s0-t11",
      "begin" : 35,
      "end" : 38,
      "text" : "can",
      "whiteSpace" : false
    }, {
      "id" : "s0-t12",
      "begin" : 39,
      "end" : 44,
      "text" : "offer",
      "whiteSpace" : false
    }, {
      "id" : "s0-t13",
      "begin" : 45,
      "end" : 47,
      "text" : "me",
      "whiteSpace" : false
    }, {
      "id" : "s0-t14",
      "begin" : 48,
      "end" : 52,
      "text" : "some",
      "whiteSpace" : false
    }, {
      "id" : "s0-t15",
      "begin" : 53,
      "end" : 60,
      "text" : "insight",
      "whiteSpace" : false
    }, {
      "id" : "s0-t16",
      "begin" : 61,
      "end" : 65,
      "text" : "into",
      "whiteSpace" : false
    }, {
      "id" : "s0-t17",
      "begin" : 66,
      "end" : 70,
      "text" : "what",
      "whiteSpace" : false
    }, {
      "id" : "s0-t18",
      "begin" : 71,
      "end" : 72,
      "text" : "I",
      "whiteSpace" : false
    }, {
      "id" : "s0-t19",
      "begin" : 73,
      "end" : 76,
      "text" : "can",
      "whiteSpace" : false
    }, {
      "id" : "s0-t20",
      "begin" : 77,
      "end" : 79,
      "text" : "do",
      "whiteSpace" : false
    }, {
      "id" : "s0-t21",
      "begin" : 80,
      "end" : 84,
      "text" : "here",
      "whiteSpace" : false
    }, {
      "id" : "s0-t22",
      "begin" : 84,
      "end" : 85,
      "text" : ".",
      "whiteSpace" : false
    } ]
  }, {
    "id" : "s1",
    "begin" : 86,
    "end" : 217,
    "text" : "I've called the NY Unemployment phone number literally over 2,000 times regarding this and haven't been able to speak with a human.",
    "tokens" : [ {
      "id" : "s1-t0",
      "begin" : 86,
      "end" : 87,
      "text" : "I",
      "whiteSpace" : false
    }, {
      "id" : "s1-t1",
      "begin" : 87,
      "end" : 90,
      "text" : "'ve",
      "whiteSpace" : false
    }, {
      "id" : "s1-t2",
      "begin" : 91,
      "end" : 97,
      "text" : "called",
      "whiteSpace" : false
    }, {
      "id" : "s1-t3",
      "begin" : 98,
      "end" : 101,
      "text" : "the",
      "whiteSpace" : false
    }, {
      "id" : "s1-t4",
      "begin" : 102,
      "end" : 104,
      "text" : "NY",
      "whiteSpace" : false
    }, {
      "id" : "s1-t5",
      "begin" : 105,
      "end" : 117,
      "text" : "Unemployment",
      "whiteSpace" : false
    }, {
      "id" : "s1-t6",
      "begin" : 118,
      "end" : 123,
      "text" : "phone",
      "whiteSpace" : false
    }, {
      "id" : "s1-t7",
      "begin" : 124,
      "end" : 130,
      "text" : "number",
      "whiteSpace" : false
    }, {
      "id" : "s1-t8",
      "begin" : 131,
      "end" : 140,
      "text" : "literally",
      "whiteSpace" : false
    }, {
      "id" : "s1-t9",
      "begin" : 141,
      "end" : 145,
      "text" : "over",
      "whiteSpace" : false
    }, {
      "id" : "s1-t10",
      "begin" : 146,
      "end" : 151,
      "text" : "2,000",
      "whiteSpace" : false
    }, {
      "id" : "s1-t11",
      "begin" : 152,
      "end" : 157,
      "text" : "times",
      "whiteSpace" : false
    }, {
      "id" : "s1-t12",
      "begin" : 158,
      "end" : 167,
      "text" : "regarding",
      "whiteSpace" : false
    }, {
      "id" : "s1-t13",
      "begin" : 168,
      "end" : 172,
      "text" : "this",
      "whiteSpace" : false
    }, {
      "id" : "s1-t14",
      "begin" : 173,
      "end" : 176,
      "text" : "and",
      "whiteSpace" : false
    }, {
      "id" : "s1-t15",
      "begin" : 177,
      "end" : 181,
      "text" : "have",
      "whiteSpace" : false
    }, {
      "id" : "s1-t16",
      "begin" : 181,
      "end" : 184,
      "text" : "n't",
      "whiteSpace" : false
    }, {
      "id" : "s1-t17",
      "begin" : 185,
      "end" : 189,
      "text" : "been",
      "whiteSpace" : false
    }, {
      "id" : "s1-t18",
      "begin" : 190,
      "end" : 194,
      "text" : "able",
      "whiteSpace" : false
    }, {
      "id" : "s1-t19",
      "begin" : 195,
      "end" : 197,
      "text" : "to",
      "whiteSpace" : false
    }, {
      "id" : "s1-t20",
      "begin" : 198,
      "end" : 203,
      "text" : "speak",
      "whiteSpace" : false
    }, {
      "id" : "s1-t21",
      "begin" : 204,
      "end" : 208,
      "text" : "with",
      "whiteSpace" : false
    }, {
      "id" : "s1-t22",
      "begin" : 209,
      "end" : 210,
      "text" : "a",
      "whiteSpace" : false
    }, {
      "id" : "s1-t23",
      "begin" : 211,
      "end" : 216,
      "text" : "human",
      "whiteSpace" : false
    }, {
      "id" : "s1-t24",
      "begin" : 216,
      "end" : 217,
      "text" : ".",
      "whiteSpace" : false
    } ]
  }, {
    "id" : "s2",
    "begin" : 218,
    "end" : 264,
    "text" : "Very close to smashing my face through a wall.",
    "tokens" : [ {
      "id" : "s2-t0",
      "begin" : 218,
      "end" : 222,
      "text" : "Very",
      "whiteSpace" : false
    }, {
      "id" : "s2-t1",
      "begin" : 223,
      "end" : 228,
      "text" : "close",
      "whiteSpace" : false
    }, {
      "id" : "s2-t2",
      "begin" : 229,
      "end" : 231,
      "text" : "to",
      "whiteSpace" : false
    }, {
      "id" : "s2-t3",
      "begin" : 232,
      "end" : 240,
      "text" : "smashing",
      "whiteSpace" : false
    }, {
      "id" : "s2-t4",
      "begin" : 241,
      "end" : 243,
      "text" : "my",
      "whiteSpace" : false
    }, {
      "id" : "s2-t5",
      "begin" : 244,
      "end" : 248,
      "text" : "face",
      "whiteSpace" : false
    }, {
      "id" : "s2-t6",
      "begin" : 249,
      "end" : 256,
      "text" : "through",
      "whiteSpace" : false
    }, {
      "id" : "s2-t7",
      "begin" : 257,
      "end" : 258,
      "text" : "a",
      "whiteSpace" : false
    }, {
      "id" : "s2-t8",
      "begin" : 259,
      "end" : 263,
      "text" : "wall",
      "whiteSpace" : false
    }, {
      "id" : "s2-t9",
      "begin" : 263,
      "end" : 264,
      "text" : ".",
      "whiteSpace" : false
    } ]
  }, {
    "id" : "s3",
    "begin" : 265,
    "end" : 322,
    "text" : "Bills are approaching and I'm starting to freak out here.",
    "tokens" : [ {
      "id" : "s3-t0",
      "begin" : 265,
      "end" : 270,
      "text" : "Bills",
      "whiteSpace" : false
    }, {
      "id" : "s3-t1",
      "begin" : 271,
      "end" : 274,
      "text" : "are",
      "whiteSpace" : false
    }, {
      "id" : "s3-t2",
      "begin" : 275,
      "end" : 286,
      "text" : "approaching",
      "whiteSpace" : false
    }, {
      "id" : "s3-t3",
      "begin" : 287,
      "end" : 290,
      "text" : "and",
      "whiteSpace" : false
    }, {
      "id" : "s3-t4",
      "begin" : 291,
      "end" : 292,
      "text" : "I",
      "whiteSpace" : false
    }, {
      "id" : "s3-t5",
      "begin" : 292,
      "end" : 294,
      "text" : "'m",
      "whiteSpace" : false
    }, {
      "id" : "s3-t6",
      "begin" : 295,
      "end" : 303,
      "text" : "starting",
      "whiteSpace" : false
    }, {
      "id" : "s3-t7",
      "begin" : 304,
      "end" : 306,
      "text" : "to",
      "whiteSpace" : false
    }, {
      "id" : "s3-t8",
      "begin" : 307,
      "end" : 312,
      "text" : "freak",
      "whiteSpace" : false
    }, {
      "id" : "s3-t9",
      "begin" : 313,
      "end" : 316,
      "text" : "out",
      "whiteSpace" : false
    }, {
      "id" : "s3-t10",
      "begin" : 317,
      "end" : 321,
      "text" : "here",
      "whiteSpace" : false
    }, {
      "id" : "s3-t11",
      "begin" : 321,
      "end" : 322,
      "text" : ".",
      "whiteSpace" : false
    } ]
  }, {
    "id" : "s4",
    "begin" : 322,
    "end" : 399,
    "text" : "\\n\\nI was laid off the same day as my fellow former employees (Friday, 3/20).",
    "tokens" : [ {
      "id" : "s4-t0",
      "begin" : 322,
      "end" : 324,
      "text" : "\\n",
      "whiteSpace" : false
    }, {
      "id" : "s4-t1",
      "begin" : 324,
      "end" : 327,
      "text" : "\\nI",
      "whiteSpace" : false
    }, {
      "id" : "s4-t2",
      "begin" : 328,
      "end" : 331,
      "text" : "was",
      "whiteSpace" : false
    }, {
      "id" : "s4-t3",
      "begin" : 332,
      "end" : 336,
      "text" : "laid",
      "whiteSpace" : false
    }, {
      "id" : "s4-t4",
      "begin" : 337,
      "end" : 340,
      "text" : "off",
      "whiteSpace" : false
    }, {
      "id" : "s4-t5",
      "begin" : 341,
      "end" : 344,
      "text" : "the",
      "whiteSpace" : false
    }, {
      "id" : "s4-t6",
      "begin" : 345,
      "end" : 349,
      "text" : "same",
      "whiteSpace" : false
    }, {
      "id" : "s4-t7",
      "begin" : 350,
      "end" : 353,
      "text" : "day",
      "whiteSpace" : false
    }, {
      "id" : "s4-t8",
      "begin" : 354,
      "end" : 356,
      "text" : "as",
      "whiteSpace" : false
    }, {
      "id" : "s4-t9",
      "begin" : 357,
      "end" : 359,
      "text" : "my",
      "whiteSpace" : false
    }, {
      "id" : "s4-t10",
      "begin" : 360,
      "end" : 366,
      "text" : "fellow",
      "whiteSpace" : false
    }, {
      "id" : "s4-t11",
      "begin" : 367,
      "end" : 373,
      "text" : "former",
      "whiteSpace" : false
    }, {
      "id" : "s4-t12",
      "begin" : 374,
      "end" : 383,
      "text" : "employees",
      "whiteSpace" : false
    }, {
      "id" : "s4-t13",
      "begin" : 384,
      "end" : 385,
      "text" : "(",
      "whiteSpace" : false
    }, {
      "id" : "s4-t14",
      "begin" : 385,
      "end" : 391,
      "text" : "Friday",
      "whiteSpace" : false
    }, {
      "id" : "s4-t15",
      "begin" : 391,
      "end" : 392,
      "text" : ",",
      "whiteSpace" : false
    }, {
      "id" : "s4-t16",
      "begin" : 393,
      "end" : 397,
      "text" : "3/20",
      "whiteSpace" : false
    }, {
      "id" : "s4-t17",
      "begin" : 397,
      "end" : 398,
      "text" : ")",
      "whiteSpace" : false
    }, {
      "id" : "s4-t18",
      "begin" : 398,
      "end" : 399,
      "text" : ".",
      "whiteSpace" : false
    } ]
  }, {
    "id" : "s5",
    "begin" : 400,
    "end" : 611,
    "text" : "Our manager was too afraid to come into work (COVID fears) but had required all of us to come in - then laid us off at the beginning of the day over a conference call and then expected us to work a full workday.",
    "tokens" : [ {
      "id" : "s5-t0",
      "begin" : 400,
      "end" : 403,
      "text" : "Our",
      "whiteSpace" : false
    }, {
      "id" : "s5-t1",
      "begin" : 404,
      "end" : 411,
      "text" : "manager",
      "whiteSpace" : false
    }, {
      "id" : "s5-t2",
      "begin" : 412,
      "end" : 415,
      "text" : "was",
      "whiteSpace" : false
    }, {
      "id" : "s5-t3",
      "begin" : 416,
      "end" : 419,
      "text" : "too",
      "whiteSpace" : false
    }, {
      "id" : "s5-t4",
      "begin" : 420,
      "end" : 426,
      "text" : "afraid",
      "whiteSpace" : false
    }, {
      "id" : "s5-t5",
      "begin" : 427,
      "end" : 429,
      "text" : "to",
      "whiteSpace" : false
    }, {
      "id" : "s5-t6",
      "begin" : 430,
      "end" : 434,
      "text" : "come",
      "whiteSpace" : false
    }, {
      "id" : "s5-t7",
      "begin" : 435,
      "end" : 439,
      "text" : "into",
      "whiteSpace" : false
    }, {
      "id" : "s5-t8",
      "begin" : 440,
      "end" : 444,
      "text" : "work",
      "whiteSpace" : false
    }, {
      "id" : "s5-t9",
      "begin" : 445,
      "end" : 446,
      "text" : "(",
      "whiteSpace" : false
    }, {
      "id" : "s5-t10",
      "begin" : 446,
      "end" : 451,
      "text" : "COVID",
      "whiteSpace" : false
    }, {
      "id" : "s5-t11",
      "begin" : 452,
      "end" : 457,
      "text" : "fears",
      "whiteSpace" : false
    }, {
      "id" : "s5-t12",
      "begin" : 457,
      "end" : 458,
      "text" : ")",
      "whiteSpace" : false
    }, {
      "id" : "s5-t13",
      "begin" : 459,
      "end" : 462,
      "text" : "but",
      "whiteSpace" : false
    }, {
      "id" : "s5-t14",
      "begin" : 463,
      "end" : 466,
      "text" : "had",
      "whiteSpace" : false
    }, {
      "id" : "s5-t15",
      "begin" : 467,
      "end" : 475,
      "text" : "required",
      "whiteSpace" : false
    }, {
      "id" : "s5-t16",
      "begin" : 476,
      "end" : 479,
      "text" : "all",
      "whiteSpace" : false
    }, {
      "id" : "s5-t17",
      "begin" : 480,
      "end" : 482,
      "text" : "of",
      "whiteSpace" : false
    }, {
      "id" : "s5-t18",
      "begin" : 483,
      "end" : 485,
      "text" : "us",
      "whiteSpace" : false
    }, {
      "id" : "s5-t19",
      "begin" : 486,
      "end" : 488,
      "text" : "to",
      "whiteSpace" : false
    }, {
      "id" : "s5-t20",
      "begin" : 489,
      "end" : 493,
      "text" : "come",
      "whiteSpace" : false
    }, {
      "id" : "s5-t21",
      "begin" : 494,
      "end" : 496,
      "text" : "in",
      "whiteSpace" : false
    }, {
      "id" : "s5-t22",
      "begin" : 497,
      "end" : 498,
      "text" : "-",
      "whiteSpace" : false
    }, {
      "id" : "s5-t23",
      "begin" : 499,
      "end" : 503,
      "text" : "then",
      "whiteSpace" : false
    }, {
      "id" : "s5-t24",
      "begin" : 504,
      "end" : 508,
      "text" : "laid",
      "whiteSpace" : false
    }, {
      "id" : "s5-t25",
      "begin" : 509,
      "end" : 511,
      "text" : "us",
      "whiteSpace" : false
    }, {
      "id" : "s5-t26",
      "begin" : 512,
      "end" : 515,
      "text" : "off",
      "whiteSpace" : false
    }, {
      "id" : "s5-t27",
      "begin" : 516,
      "end" : 518,
      "text" : "at",
      "whiteSpace" : false
    }, {
      "id" : "s5-t28",
      "begin" : 519,
      "end" : 522,
      "text" : "the",
      "whiteSpace" : false
    }, {
      "id" : "s5-t29",
      "begin" : 523,
      "end" : 532,
      "text" : "beginning",
      "whiteSpace" : false
    }, {
      "id" : "s5-t30",
      "begin" : 533,
      "end" : 535,
      "text" : "of",
      "whiteSpace" : false
    }, {
      "id" : "s5-t31",
      "begin" : 536,
      "end" : 539,
      "text" : "the",
      "whiteSpace" : false
    }, {
      "id" : "s5-t32",
      "begin" : 540,
      "end" : 543,
      "text" : "day",
      "whiteSpace" : false
    }, {
      "id" : "s5-t33",
      "begin" : 544,
      "end" : 548,
      "text" : "over",
      "whiteSpace" : false
    }, {
      "id" : "s5-t34",
      "begin" : 549,
      "end" : 550,
      "text" : "a",
      "whiteSpace" : false
    }, {
      "id" : "s5-t35",
      "begin" : 551,
      "end" : 561,
      "text" : "conference",
      "whiteSpace" : false
    }, {
      "id" : "s5-t36",
      "begin" : 562,
      "end" : 566,
      "text" : "call",
      "whiteSpace" : false
    }, {
      "id" : "s5-t37",
      "begin" : 567,
      "end" : 570,
      "text" : "and",
      "whiteSpace" : false
    }, {
      "id" : "s5-t38",
      "begin" : 571,
      "end" : 575,
      "text" : "then",
      "whiteSpace" : false
    }, {
      "id" : "s5-t39",
      "begin" : 576,
      "end" : 584,
      "text" : "expected",
      "whiteSpace" : false
    }, {
      "id" : "s5-t40",
      "begin" : 585,
      "end" : 587,
      "text" : "us",
      "whiteSpace" : false
    }, {
      "id" : "s5-t41",
      "begin" : 588,
      "end" : 590,
      "text" : "to",
      "whiteSpace" : false
    }, {
      "id" : "s5-t42",
      "begin" : 591,
      "end" : 595,
      "text" : "work",
      "whiteSpace" : false
    }, {
      "id" : "s5-t43",
      "begin" : 596,
      "end" : 597,
      "text" : "a",
      "whiteSpace" : false
    }, {
      "id" : "s5-t44",
      "begin" : 598,
      "end" : 602,
      "text" : "full",
      "whiteSpace" : false
    }, {
      "id" : "s5-t45",
      "begin" : 603,
      "end" : 610,
      "text" : "workday",
      "whiteSpace" : false
    }, {
      "id" : "s5-t46",
      "begin" : 610,
      "end" : 611,
      "text" : ".",
      "whiteSpace" : false
    } ]
  }, {
    "id" : "s6",
    "begin" : 612,
    "end" : 624,
    "text" : "Cute, right?",
    "tokens" : [ {
      "id" : "s6-t0",
      "begin" : 612,
      "end" : 616,
      "text" : "Cute",
      "whiteSpace" : false
    }, {
      "id" : "s6-t1",
      "begin" : 616,
      "end" : 617,
      "text" : ",",
      "whiteSpace" : false
    }, {
      "id" : "s6-t2",
      "begin" : 618,
      "end" : 623,
      "text" : "right",
      "whiteSpace" : false
    }, {
      "id" : "s6-t3",
      "begin" : 623,
      "end" : 624,
      "text" : "?",
      "whiteSpace" : false
    } ]
  }, {
    "id" : "s7",
    "begin" : 625,
    "end" : 668,
    "text" : "I filed my claim the following Monday 3/23.",
    "tokens" : [ {
      "id" : "s7-t0",
      "begin" : 625,
      "end" : 626,
      "text" : "I",
      "whiteSpace" : false
    }, {
      "id" : "s7-t1",
      "begin" : 627,
      "end" : 632,
      "text" : "filed",
      "whiteSpace" : false
    }, {
      "id" : "s7-t2",
      "begin" : 633,
      "end" : 635,
      "text" : "my",
      "whiteSpace" : false
    }, {
      "id" : "s7-t3",
      "begin" : 636,
      "end" : 641,
      "text" : "claim",
      "whiteSpace" : false
    }, {
      "id" : "s7-t4",
      "begin" : 642,
      "end" : 645,
      "text" : "the",
      "whiteSpace" : false
    }, {
      "id" : "s7-t5",
      "begin" : 646,
      "end" : 655,
      "text" : "following",
      "whiteSpace" : false
    }, {
      "id" : "s7-t6",
      "begin" : 656,
      "end" : 662,
      "text" : "Monday",
      "whiteSpace" : false
    }, {
      "id" : "s7-t7",
      "begin" : 663,
      "end" : 667,
      "text" : "3/23",
      "whiteSpace" : false
    }, {
      "id" : "s7-t8",
      "begin" : 667,
      "end" : 668,
      "text" : ".",
      "whiteSpace" : false
    } ]
  }, {
    "id" : "s8",
    "begin" : 668,
    "end" : 956,
    "text" : "\\n\\nAs of today, Wednesday 4/8, my claim status is still \\\"pending\\\" but a few of my fellow former employees already started receiving benefits last week even though I was the first to file since my last name fell on the Monday - their last names required them to file that Tuesday, 3/24.",
    "tokens" : [ {
      "id" : "s8-t0",
      "begin" : 668,
      "end" : 670,
      "text" : "\\n",
      "whiteSpace" : false
    }, {
      "id" : "s8-t1",
      "begin" : 670,
      "end" : 674,
      "text" : "\\nAs",
      "whiteSpace" : false
    }, {
      "id" : "s8-t2",
      "begin" : 675,
      "end" : 677,
      "text" : "of",
      "whiteSpace" : false
    }, {
      "id" : "s8-t3",
      "begin" : 678,
      "end" : 683,
      "text" : "today",
      "whiteSpace" : false
    }, {
      "id" : "s8-t4",
      "begin" : 683,
      "end" : 684,
      "text" : ",",
      "whiteSpace" : false
    }, {
      "id" : "s8-t5",
      "begin" : 685,
      "end" : 694,
      "text" : "Wednesday",
      "whiteSpace" : false
    }, {
      "id" : "s8-t6",
      "begin" : 695,
      "end" : 698,
      "text" : "4/8",
      "whiteSpace" : false
    }, {
      "id" : "s8-t7",
      "begin" : 698,
      "end" : 699,
      "text" : ",",
      "whiteSpace" : false
    }, {
      "id" : "s8-t8",
      "begin" : 700,
      "end" : 702,
      "text" : "my",
      "whiteSpace" : false
    }, {
      "id" : "s8-t9",
      "begin" : 703,
      "end" : 708,
      "text" : "claim",
      "whiteSpace" : false
    }, {
      "id" : "s8-t10",
      "begin" : 709,
      "end" : 715,
      "text" : "status",
      "whiteSpace" : false
    }, {
      "id" : "s8-t11",
      "begin" : 716,
      "end" : 718,
      "text" : "is",
      "whiteSpace" : false
    }, {
      "id" : "s8-t12",
      "begin" : 719,
      "end" : 724,
      "text" : "still",
      "whiteSpace" : false
    }, {
      "id" : "s8-t13",
      "begin" : 725,
      "end" : 727,
      "text" : "\\\"",
      "whiteSpace" : false
    }, {
      "id" : "s8-t14",
      "begin" : 727,
      "end" : 734,
      "text" : "pending",
      "whiteSpace" : false
    }, {
      "id" : "s8-t15",
      "begin" : 734,
      "end" : 736,
      "text" : "\\\"",
      "whiteSpace" : false
    }, {
      "id" : "s8-t16",
      "begin" : 737,
      "end" : 740,
      "text" : "but",
      "whiteSpace" : false
    }, {
      "id" : "s8-t17",
      "begin" : 741,
      "end" : 742,
      "text" : "a",
      "whiteSpace" : false
    }, {
      "id" : "s8-t18",
      "begin" : 743,
      "end" : 746,
      "text" : "few",
      "whiteSpace" : false
    }, {
      "id" : "s8-t19",
      "begin" : 747,
      "end" : 749,
      "text" : "of",
      "whiteSpace" : false
    }, {
      "id" : "s8-t20",
      "begin" : 750,
      "end" : 752,
      "text" : "my",
      "whiteSpace" : false
    }, {
      "id" : "s8-t21",
      "begin" : 753,
      "end" : 759,
      "text" : "fellow",
      "whiteSpace" : false
    }, {
      "id" : "s8-t22",
      "begin" : 760,
      "end" : 766,
      "text" : "former",
      "whiteSpace" : false
    }, {
      "id" : "s8-t23",
      "begin" : 767,
      "end" : 776,
      "text" : "employees",
      "whiteSpace" : false
    }, {
      "id" : "s8-t24",
      "begin" : 777,
      "end" : 784,
      "text" : "already",
      "whiteSpace" : false
    }, {
      "id" : "s8-t25",
      "begin" : 785,
      "end" : 792,
      "text" : "started",
      "whiteSpace" : false
    }, {
      "id" : "s8-t26",
      "begin" : 793,
      "end" : 802,
      "text" : "receiving",
      "whiteSpace" : false
    }, {
      "id" : "s8-t27",
      "begin" : 803,
      "end" : 811,
      "text" : "benefits",
      "whiteSpace" : false
    }, {
      "id" : "s8-t28",
      "begin" : 812,
      "end" : 816,
      "text" : "last",
      "whiteSpace" : false
    }, {
      "id" : "s8-t29",
      "begin" : 817,
      "end" : 821,
      "text" : "week",
      "whiteSpace" : false
    }, {
      "id" : "s8-t30",
      "begin" : 822,
      "end" : 826,
      "text" : "even",
      "whiteSpace" : false
    }, {
      "id" : "s8-t31",
      "begin" : 827,
      "end" : 833,
      "text" : "though",
      "whiteSpace" : false
    }, {
      "id" : "s8-t32",
      "begin" : 834,
      "end" : 835,
      "text" : "I",
      "whiteSpace" : false
    }, {
      "id" : "s8-t33",
      "begin" : 836,
      "end" : 839,
      "text" : "was",
      "whiteSpace" : false
    }, {
      "id" : "s8-t34",
      "begin" : 840,
      "end" : 843,
      "text" : "the",
      "whiteSpace" : false
    }, {
      "id" : "s8-t35",
      "begin" : 844,
      "end" : 849,
      "text" : "first",
      "whiteSpace" : false
    }, {
      "id" : "s8-t36",
      "begin" : 850,
      "end" : 852,
      "text" : "to",
      "whiteSpace" : false
    }, {
      "id" : "s8-t37",
      "begin" : 853,
      "end" : 857,
      "text" : "file",
      "whiteSpace" : false
    }, {
      "id" : "s8-t38",
      "begin" : 858,
      "end" : 863,
      "text" : "since",
      "whiteSpace" : false
    }, {
      "id" : "s8-t39",
      "begin" : 864,
      "end" : 866,
      "text" : "my",
      "whiteSpace" : false
    }, {
      "id" : "s8-t40",
      "begin" : 867,
      "end" : 871,
      "text" : "last",
      "whiteSpace" : false
    }, {
      "id" : "s8-t41",
      "begin" : 872,
      "end" : 876,
      "text" : "name",
      "whiteSpace" : false
    }, {
      "id" : "s8-t42",
      "begin" : 877,
      "end" : 881,
      "text" : "fell",
      "whiteSpace" : false
    }, {
      "id" : "s8-t43",
      "begin" : 882,
      "end" : 884,
      "text" : "on",
      "whiteSpace" : false
    }, {
      "id" : "s8-t44",
      "begin" : 885,
      "end" : 888,
      "text" : "the",
      "whiteSpace" : false
    }, {
      "id" : "s8-t45",
      "begin" : 889,
      "end" : 895,
      "text" : "Monday",
      "whiteSpace" : false
    }, {
      "id" : "s8-t46",
      "begin" : 896,
      "end" : 897,
      "text" : "-",
      "whiteSpace" : false
    }, {
      "id" : "s8-t47",
      "begin" : 898,
      "end" : 903,
      "text" : "their",
      "whiteSpace" : false
    }, {
      "id" : "s8-t48",
      "begin" : 904,
      "end" : 908,
      "text" : "last",
      "whiteSpace" : false
    }, {
      "id" : "s8-t49",
      "begin" : 909,
      "end" : 914,
      "text" : "names",
      "whiteSpace" : false
    }, {
      "id" : "s8-t50",
      "begin" : 915,
      "end" : 923,
      "text" : "required",
      "whiteSpace" : false
    }, {
      "id" : "s8-t51",
      "begin" : 924,
      "end" : 928,
      "text" : "them",
      "whiteSpace" : false
    }, {
      "id" : "s8-t52",
      "begin" : 929,
      "end" : 931,
      "text" : "to",
      "whiteSpace" : false
    }, {
      "id" : "s8-t53",
      "begin" : 932,
      "end" : 936,
      "text" : "file",
      "whiteSpace" : false
    }, {
      "id" : "s8-t54",
      "begin" : 937,
      "end" : 941,
      "text" : "that",
      "whiteSpace" : false
    }, {
      "id" : "s8-t55",
      "begin" : 942,
      "end" : 949,
      "text" : "Tuesday",
      "whiteSpace" : false
    }, {
      "id" : "s8-t56",
      "begin" : 949,
      "end" : 950,
      "text" : ",",
      "whiteSpace" : false
    }, {
      "id" : "s8-t57",
      "begin" : 951,
      "end" : 955,
      "text" : "3/24",
      "whiteSpace" : false
    }, {
      "id" : "s8-t58",
      "begin" : 955,
      "end" : 956,
      "text" : ".",
      "whiteSpace" : false
    } ]
  }, {
    "id" : "s9",
    "begin" : 956,
    "end" : 1023,
    "text" : "\\n\\nSo above I stated I've called the DOL UI number a ton of times.",
    "tokens" : [ {
      "id" : "s9-t0",
      "begin" : 956,
      "end" : 958,
      "text" : "\\n",
      "whiteSpace" : false
    }, {
      "id" : "s9-t1",
      "begin" : 958,
      "end" : 962,
      "text" : "\\nSo",
      "whiteSpace" : false
    }, {
      "id" : "s9-t2",
      "begin" : 963,
      "end" : 968,
      "text" : "above",
      "whiteSpace" : false
    }, {
      "id" : "s9-t3",
      "begin" : 969,
      "end" : 970,
      "text" : "I",
      "whiteSpace" : false
    }, {
      "id" : "s9-t4",
      "begin" : 971,
      "end" : 977,
      "text" : "stated",
      "whiteSpace" : false
    }, {
      "id" : "s9-t5",
      "begin" : 978,
      "end" : 979,
      "text" : "I",
      "whiteSpace" : false
    }, {
      "id" : "s9-t6",
      "begin" : 979,
      "end" : 982,
      "text" : "'ve",
      "whiteSpace" : false
    }, {
      "id" : "s9-t7",
      "begin" : 983,
      "end" : 989,
      "text" : "called",
      "whiteSpace" : false
    }, {
      "id" : "s9-t8",
      "begin" : 990,
      "end" : 993,
      "text" : "the",
      "whiteSpace" : false
    }, {
      "id" : "s9-t9",
      "begin" : 994,
      "end" : 997,
      "text" : "DOL",
      "whiteSpace" : false
    }, {
      "id" : "s9-t10",
      "begin" : 998,
      "end" : 1000,
      "text" : "UI",
      "whiteSpace" : false
    }, {
      "id" : "s9-t11",
      "begin" : 1001,
      "end" : 1007,
      "text" : "number",
      "whiteSpace" : false
    }, {
      "id" : "s9-t12",
      "begin" : 1008,
      "end" : 1009,
      "text" : "a",
      "whiteSpace" : false
    }, {
      "id" : "s9-t13",
      "begin" : 1010,
      "end" : 1013,
      "text" : "ton",
      "whiteSpace" : false
    }, {
      "id" : "s9-t14",
      "begin" : 1014,
      "end" : 1016,
      "text" : "of",
      "whiteSpace" : false
    }, {
      "id" : "s9-t15",
      "begin" : 1017,
      "end" : 1022,
      "text" : "times",
      "whiteSpace" : false
    }, {
      "id" : "s9-t16",
      "begin" : 1022,
      "end" : 1023,
      "text" : ".",
      "whiteSpace" : false
    } ]
  }, {
    "id" : "s10",
    "begin" : 1024,
    "end" : 1044,
    "text" : "Here's what happens.",
    "tokens" : [ {
      "id" : "s10-t0",
      "begin" : 1024,
      "end" : 1028,
      "text" : "Here",
      "whiteSpace" : false
    }, {
      "id" : "s10-t1",
      "begin" : 1028,
      "end" : 1030,
      "text" : "'s",
      "whiteSpace" : false
    }, {
      "id" : "s10-t2",
      "begin" : 1031,
      "end" : 1035,
      "text" : "what",
      "whiteSpace" : false
    }, {
      "id" : "s10-t3",
      "begin" : 1036,
      "end" : 1043,
      "text" : "happens",
      "whiteSpace" : false
    }, {
      "id" : "s10-t4",
      "begin" : 1043,
      "end" : 1044,
      "text" : ".",
      "whiteSpace" : false
    } ]
  }, {
    "id" : "s11",
    "begin" : 1045,
    "end" : 1176,
    "text" : "You repeatedly call and get a busy signal - intermittently, there's an automated \\\"...high call volume, please call back\\\" message.",
    "tokens" : [ {
      "id" : "s11-t0",
      "begin" : 1045,
      "end" : 1048,
      "text" : "You",
      "whiteSpace" : false
    }, {
      "id" : "s11-t1",
      "begin" : 1049,
      "end" : 1059,
      "text" : "repeatedly",
      "whiteSpace" : false
    }, {
      "id" : "s11-t2",
      "begin" : 1060,
      "end" : 1064,
      "text" : "call",
      "whiteSpace" : false
    }, {
      "id" : "s11-t3",
      "begin" : 1065,
      "end" : 1068,
      "text" : "and",
      "whiteSpace" : false
    }, {
      "id" : "s11-t4",
      "begin" : 1069,
      "end" : 1072,
      "text" : "get",
      "whiteSpace" : false
    }, {
      "id" : "s11-t5",
      "begin" : 1073,
      "end" : 1074,
      "text" : "a",
      "whiteSpace" : false
    }, {
      "id" : "s11-t6",
      "begin" : 1075,
      "end" : 1079,
      "text" : "busy",
      "whiteSpace" : false
    }, {
      "id" : "s11-t7",
      "begin" : 1080,
      "end" : 1086,
      "text" : "signal",
      "whiteSpace" : false
    }, {
      "id" : "s11-t8",
      "begin" : 1087,
      "end" : 1088,
      "text" : "-",
      "whiteSpace" : false
    }, {
      "id" : "s11-t9",
      "begin" : 1089,
      "end" : 1103,
      "text" : "intermittently",
      "whiteSpace" : false
    }, {
      "id" : "s11-t10",
      "begin" : 1103,
      "end" : 1104,
      "text" : ",",
      "whiteSpace" : false
    }, {
      "id" : "s11-t11",
      "begin" : 1105,
      "end" : 1110,
      "text" : "there",
      "whiteSpace" : false
    }, {
      "id" : "s11-t12",
      "begin" : 1110,
      "end" : 1112,
      "text" : "'s",
      "whiteSpace" : false
    }, {
      "id" : "s11-t13",
      "begin" : 1113,
      "end" : 1115,
      "text" : "an",
      "whiteSpace" : false
    }, {
      "id" : "s11-t14",
      "begin" : 1116,
      "end" : 1125,
      "text" : "automated",
      "whiteSpace" : false
    }, {
      "id" : "s11-t15",
      "begin" : 1126,
      "end" : 1128,
      "text" : "\\\"",
      "whiteSpace" : false
    }, {
      "id" : "s11-t16",
      "begin" : 1128,
      "end" : 1131,
      "text" : "...",
      "whiteSpace" : false
    }, {
      "id" : "s11-t17",
      "begin" : 1131,
      "end" : 1135,
      "text" : "high",
      "whiteSpace" : false
    }, {
      "id" : "s11-t18",
      "begin" : 1136,
      "end" : 1140,
      "text" : "call",
      "whiteSpace" : false
    }, {
      "id" : "s11-t19",
      "begin" : 1141,
      "end" : 1147,
      "text" : "volume",
      "whiteSpace" : false
    }, {
      "id" : "s11-t20",
      "begin" : 1147,
      "end" : 1148,
      "text" : ",",
      "whiteSpace" : false
    }, {
      "id" : "s11-t21",
      "begin" : 1149,
      "end" : 1155,
      "text" : "please",
      "whiteSpace" : false
    }, {
      "id" : "s11-t22",
      "begin" : 1156,
      "end" : 1160,
      "text" : "call",
      "whiteSpace" : false
    }, {
      "id" : "s11-t23",
      "begin" : 1161,
      "end" : 1165,
      "text" : "back",
      "whiteSpace" : false
    }, {
      "id" : "s11-t24",
      "begin" : 1165,
      "end" : 1166,
      "text" : "\\",
      "whiteSpace" : false
    }, {
      "id" : "s11-t25",
      "begin" : 1166,
      "end" : 1167,
      "text" : "\"",
      "whiteSpace" : false
    }, {
      "id" : "s11-t26",
      "begin" : 1168,
      "end" : 1175,
      "text" : "message",
      "whiteSpace" : false
    }, {
      "id" : "s11-t27",
      "begin" : 1175,
      "end" : 1176,
      "text" : ".",
      "whiteSpace" : false
    } ]
  }, {
    "id" : "s12",
    "begin" : 1177,
    "end" : 1404,
    "text" : "Then after \\\\~45 attempts, you get thru to the DOL, press your digits to weave thru the labyrinth of call routing, to get to the part where you are to inquire about the status of the claim and speak with an agent by pressing 3.",
    "tokens" : [ {
      "id" : "s12-t0",
      "begin" : 1177,
      "end" : 1181,
      "text" : "Then",
      "whiteSpace" : false
    }, {
      "id" : "s12-t1",
      "begin" : 1182,
      "end" : 1187,
      "text" : "after",
      "whiteSpace" : false
    }, {
      "id" : "s12-t2",
      "begin" : 1188,
      "end" : 1190,
      "text" : "\\\\",
      "whiteSpace" : false
    }, {
      "id" : "s12-t3",
      "begin" : 1190,
      "end" : 1191,
      "text" : "~",
      "whiteSpace" : false
    }, {
      "id" : "s12-t4",
      "begin" : 1191,
      "end" : 1193,
      "text" : "45",
      "whiteSpace" : false
    }, {
      "id" : "s12-t5",
      "begin" : 1194,
      "end" : 1202,
      "text" : "attempts",
      "whiteSpace" : false
    }, {
      "id" : "s12-t6",
      "begin" : 1202,
      "end" : 1203,
      "text" : ",",
      "whiteSpace" : false
    }, {
      "id" : "s12-t7",
      "begin" : 1204,
      "end" : 1207,
      "text" : "you",
      "whiteSpace" : false
    }, {
      "id" : "s12-t8",
      "begin" : 1208,
      "end" : 1211,
      "text" : "get",
      "whiteSpace" : false
    }, {
      "id" : "s12-t9",
      "begin" : 1212,
      "end" : 1216,
      "text" : "thru",
      "whiteSpace" : false
    }, {
      "id" : "s12-t10",
      "begin" : 1217,
      "end" : 1219,
      "text" : "to",
      "whiteSpace" : false
    }, {
      "id" : "s12-t11",
      "begin" : 1220,
      "end" : 1223,
      "text" : "the",
      "whiteSpace" : false
    }, {
      "id" : "s12-t12",
      "begin" : 1224,
      "end" : 1227,
      "text" : "DOL",
      "whiteSpace" : false
    }, {
      "id" : "s12-t13",
      "begin" : 1227,
      "end" : 1228,
      "text" : ",",
      "whiteSpace" : false
    }, {
      "id" : "s12-t14",
      "begin" : 1229,
      "end" : 1234,
      "text" : "press",
      "whiteSpace" : false
    }, {
      "id" : "s12-t15",
      "begin" : 1235,
      "end" : 1239,
      "text" : "your",
      "whiteSpace" : false
    }, {
      "id" : "s12-t16",
      "begin" : 1240,
      "end" : 1246,
      "text" : "digits",
      "whiteSpace" : false
    }, {
      "id" : "s12-t17",
      "begin" : 1247,
      "end" : 1249,
      "text" : "to",
      "whiteSpace" : false
    }, {
      "id" : "s12-t18",
      "begin" : 1250,
      "end" : 1255,
      "text" : "weave",
      "whiteSpace" : false
    }, {
      "id" : "s12-t19",
      "begin" : 1256,
      "end" : 1260,
      "text" : "thru",
      "whiteSpace" : false
    }, {
      "id" : "s12-t20",
      "begin" : 1261,
      "end" : 1264,
      "text" : "the",
      "whiteSpace" : false
    }, {
      "id" : "s12-t21",
      "begin" : 1265,
      "end" : 1274,
      "text" : "labyrinth",
      "whiteSpace" : false
    }, {
      "id" : "s12-t22",
      "begin" : 1275,
      "end" : 1277,
      "text" : "of",
      "whiteSpace" : false
    }, {
      "id" : "s12-t23",
      "begin" : 1278,
      "end" : 1282,
      "text" : "call",
      "whiteSpace" : false
    }, {
      "id" : "s12-t24",
      "begin" : 1283,
      "end" : 1290,
      "text" : "routing",
      "whiteSpace" : false
    }, {
      "id" : "s12-t25",
      "begin" : 1290,
      "end" : 1291,
      "text" : ",",
      "whiteSpace" : false
    }, {
      "id" : "s12-t26",
      "begin" : 1292,
      "end" : 1294,
      "text" : "to",
      "whiteSpace" : false
    }, {
      "id" : "s12-t27",
      "begin" : 1295,
      "end" : 1298,
      "text" : "get",
      "whiteSpace" : false
    }, {
      "id" : "s12-t28",
      "begin" : 1299,
      "end" : 1301,
      "text" : "to",
      "whiteSpace" : false
    }, {
      "id" : "s12-t29",
      "begin" : 1302,
      "end" : 1305,
      "text" : "the",
      "whiteSpace" : false
    }, {
      "id" : "s12-t30",
      "begin" : 1306,
      "end" : 1310,
      "text" : "part",
      "whiteSpace" : false
    }, {
      "id" : "s12-t31",
      "begin" : 1311,
      "end" : 1316,
      "text" : "where",
      "whiteSpace" : false
    }, {
      "id" : "s12-t32",
      "begin" : 1317,
      "end" : 1320,
      "text" : "you",
      "whiteSpace" : false
    }, {
      "id" : "s12-t33",
      "begin" : 1321,
      "end" : 1324,
      "text" : "are",
      "whiteSpace" : false
    }, {
      "id" : "s12-t34",
      "begin" : 1325,
      "end" : 1327,
      "text" : "to",
      "whiteSpace" : false
    }, {
      "id" : "s12-t35",
      "begin" : 1328,
      "end" : 1335,
      "text" : "inquire",
      "whiteSpace" : false
    }, {
      "id" : "s12-t36",
      "begin" : 1336,
      "end" : 1341,
      "text" : "about",
      "whiteSpace" : false
    }, {
      "id" : "s12-t37",
      "begin" : 1342,
      "end" : 1345,
      "text" : "the",
      "whiteSpace" : false
    }, {
      "id" : "s12-t38",
      "begin" : 1346,
      "end" : 1352,
      "text" : "status",
      "whiteSpace" : false
    }, {
      "id" : "s12-t39",
      "begin" : 1353,
      "end" : 1355,
      "text" : "of",
      "whiteSpace" : false
    }, {
      "id" : "s12-t40",
      "begin" : 1356,
      "end" : 1359,
      "text" : "the",
      "whiteSpace" : false
    }, {
      "id" : "s12-t41",
      "begin" : 1360,
      "end" : 1365,
      "text" : "claim",
      "whiteSpace" : false
    }, {
      "id" : "s12-t42",
      "begin" : 1366,
      "end" : 1369,
      "text" : "and",
      "whiteSpace" : false
    }, {
      "id" : "s12-t43",
      "begin" : 1370,
      "end" : 1375,
      "text" : "speak",
      "whiteSpace" : false
    }, {
      "id" : "s12-t44",
      "begin" : 1376,
      "end" : 1380,
      "text" : "with",
      "whiteSpace" : false
    }, {
      "id" : "s12-t45",
      "begin" : 1381,
      "end" : 1383,
      "text" : "an",
      "whiteSpace" : false
    }, {
      "id" : "s12-t46",
      "begin" : 1384,
      "end" : 1389,
      "text" : "agent",
      "whiteSpace" : false
    }, {
      "id" : "s12-t47",
      "begin" : 1390,
      "end" : 1392,
      "text" : "by",
      "whiteSpace" : false
    }, {
      "id" : "s12-t48",
      "begin" : 1393,
      "end" : 1401,
      "text" : "pressing",
      "whiteSpace" : false
    }, {
      "id" : "s12-t49",
      "begin" : 1402,
      "end" : 1403,
      "text" : "3",
      "whiteSpace" : false
    }, {
      "id" : "s12-t50",
      "begin" : 1403,
      "end" : 1404,
      "text" : ".",
      "whiteSpace" : false
    } ]
  }, {
    "id" : "s13",
    "begin" : 1405,
    "end" : 1539,
    "text" : "You hit \\\"3\\\" and then bam, it says, \\\"We're sorry, we are receiving an extremely high volume of calls at this time...\\\" and HANGS UP!",
    "tokens" : [ {
      "id" : "s13-t0",
      "begin" : 1405,
      "end" : 1408,
      "text" : "You",
      "whiteSpace" : false
    }, {
      "id" : "s13-t1",
      "begin" : 1409,
      "end" : 1412,
      "text" : "hit",
      "whiteSpace" : false
    }, {
      "id" : "s13-t2",
      "begin" : 1413,
      "end" : 1415,
      "text" : "\\\"",
      "whiteSpace" : false
    }, {
      "id" : "s13-t3",
      "begin" : 1415,
      "end" : 1416,
      "text" : "3",
      "whiteSpace" : false
    }, {
      "id" : "s13-t4",
      "begin" : 1416,
      "end" : 1417,
      "text" : "\\",
      "whiteSpace" : false
    }, {
      "id" : "s13-t5",
      "begin" : 1417,
      "end" : 1418,
      "text" : "\"",
      "whiteSpace" : false
    }, {
      "id" : "s13-t6",
      "begin" : 1419,
      "end" : 1422,
      "text" : "and",
      "whiteSpace" : false
    }, {
      "id" : "s13-t7",
      "begin" : 1423,
      "end" : 1427,
      "text" : "then",
      "whiteSpace" : false
    }, {
      "id" : "s13-t8",
      "begin" : 1428,
      "end" : 1431,
      "text" : "bam",
      "whiteSpace" : false
    }, {
      "id" : "s13-t9",
      "begin" : 1431,
      "end" : 1432,
      "text" : ",",
      "whiteSpace" : false
    }, {
      "id" : "s13-t10",
      "begin" : 1433,
      "end" : 1435,
      "text" : "it",
      "whiteSpace" : false
    }, {
      "id" : "s13-t11",
      "begin" : 1436,
      "end" : 1440,
      "text" : "says",
      "whiteSpace" : false
    }, {
      "id" : "s13-t12",
      "begin" : 1440,
      "end" : 1441,
      "text" : ",",
      "whiteSpace" : false
    }, {
      "id" : "s13-t13",
      "begin" : 1442,
      "end" : 1444,
      "text" : "\\\"",
      "whiteSpace" : false
    }, {
      "id" : "s13-t14",
      "begin" : 1444,
      "end" : 1446,
      "text" : "We",
      "whiteSpace" : false
    }, {
      "id" : "s13-t15",
      "begin" : 1446,
      "end" : 1449,
      "text" : "'re",
      "whiteSpace" : false
    }, {
      "id" : "s13-t16",
      "begin" : 1450,
      "end" : 1455,
      "text" : "sorry",
      "whiteSpace" : false
    }, {
      "id" : "s13-t17",
      "begin" : 1455,
      "end" : 1456,
      "text" : ",",
      "whiteSpace" : false
    }, {
      "id" : "s13-t18",
      "begin" : 1457,
      "end" : 1459,
      "text" : "we",
      "whiteSpace" : false
    }, {
      "id" : "s13-t19",
      "begin" : 1460,
      "end" : 1463,
      "text" : "are",
      "whiteSpace" : false
    }, {
      "id" : "s13-t20",
      "begin" : 1464,
      "end" : 1473,
      "text" : "receiving",
      "whiteSpace" : false
    }, {
      "id" : "s13-t21",
      "begin" : 1474,
      "end" : 1476,
      "text" : "an",
      "whiteSpace" : false
    }, {
      "id" : "s13-t22",
      "begin" : 1477,
      "end" : 1486,
      "text" : "extremely",
      "whiteSpace" : false
    }, {
      "id" : "s13-t23",
      "begin" : 1487,
      "end" : 1491,
      "text" : "high",
      "whiteSpace" : false
    }, {
      "id" : "s13-t24",
      "begin" : 1492,
      "end" : 1498,
      "text" : "volume",
      "whiteSpace" : false
    }, {
      "id" : "s13-t25",
      "begin" : 1499,
      "end" : 1501,
      "text" : "of",
      "whiteSpace" : false
    }, {
      "id" : "s13-t26",
      "begin" : 1502,
      "end" : 1507,
      "text" : "calls",
      "whiteSpace" : false
    }, {
      "id" : "s13-t27",
      "begin" : 1508,
      "end" : 1510,
      "text" : "at",
      "whiteSpace" : false
    }, {
      "id" : "s13-t28",
      "begin" : 1511,
      "end" : 1515,
      "text" : "this",
      "whiteSpace" : false
    }, {
      "id" : "s13-t29",
      "begin" : 1516,
      "end" : 1520,
      "text" : "time",
      "whiteSpace" : false
    }, {
      "id" : "s13-t30",
      "begin" : 1520,
      "end" : 1523,
      "text" : "...",
      "whiteSpace" : false
    }, {
      "id" : "s13-t31",
      "begin" : 1523,
      "end" : 1525,
      "text" : "\\\"",
      "whiteSpace" : false
    }, {
      "id" : "s13-t32",
      "begin" : 1526,
      "end" : 1529,
      "text" : "and",
      "whiteSpace" : false
    }, {
      "id" : "s13-t33",
      "begin" : 1530,
      "end" : 1535,
      "text" : "HANGS",
      "whiteSpace" : false
    }, {
      "id" : "s13-t34",
      "begin" : 1536,
      "end" : 1538,
      "text" : "UP",
      "whiteSpace" : false
    }, {
      "id" : "s13-t35",
      "begin" : 1538,
      "end" : 1539,
      "text" : "!",
      "whiteSpace" : false
    } ]
  }, {
    "id" : "s14",
    "begin" : 1540,
    "end" : 1563,
    "text" : "THE HUMANITY OF IT ALL!",
    "tokens" : [ {
      "id" : "s14-t0",
      "begin" : 1540,
      "end" : 1543,
      "text" : "THE",
      "whiteSpace" : false
    }, {
      "id" : "s14-t1",
      "begin" : 1544,
      "end" : 1552,
      "text" : "HUMANITY",
      "whiteSpace" : false
    }, {
      "id" : "s14-t2",
      "begin" : 1553,
      "end" : 1555,
      "text" : "OF",
      "whiteSpace" : false
    }, {
      "id" : "s14-t3",
      "begin" : 1556,
      "end" : 1558,
      "text" : "IT",
      "whiteSpace" : false
    }, {
      "id" : "s14-t4",
      "begin" : 1559,
      "end" : 1562,
      "text" : "ALL",
      "whiteSpace" : false
    }, {
      "id" : "s14-t5",
      "begin" : 1562,
      "end" : 1563,
      "text" : "!",
      "whiteSpace" : false
    } ]
  }, {
    "id" : "s15",
    "begin" : 1564,
    "end" : 1581,
    "text" : "Rinse and repeat.",
    "tokens" : [ {
      "id" : "s15-t0",
      "begin" : 1564,
      "end" : 1569,
      "text" : "Rinse",
      "whiteSpace" : false
    }, {
      "id" : "s15-t1",
      "begin" : 1570,
      "end" : 1573,
      "text" : "and",
      "whiteSpace" : false
    }, {
      "id" : "s15-t2",
      "begin" : 1574,
      "end" : 1580,
      "text" : "repeat",
      "whiteSpace" : false
    }, {
      "id" : "s15-t3",
      "begin" : 1580,
      "end" : 1581,
      "text" : ".",
      "whiteSpace" : false
    } ]
  }, {
    "id" : "s16",
    "begin" : 1581,
    "end" : 1659,
    "text" : "\\n\\nFor reference, a few things:\\n\\n\\\\- When I call it says my claim is valid.",
    "tokens" : [ {
      "id" : "s16-t0",
      "begin" : 1581,
      "end" : 1583,
      "text" : "\\n",
      "whiteSpace" : false
    }, {
      "id" : "s16-t1",
      "begin" : 1583,
      "end" : 1588,
      "text" : "\\nFor",
      "whiteSpace" : false
    }, {
      "id" : "s16-t2",
      "begin" : 1589,
      "end" : 1598,
      "text" : "reference",
      "whiteSpace" : false
    }, {
      "id" : "s16-t3",
      "begin" : 1598,
      "end" : 1599,
      "text" : ",",
      "whiteSpace" : false
    }, {
      "id" : "s16-t4",
      "begin" : 1600,
      "end" : 1601,
      "text" : "a",
      "whiteSpace" : false
    }, {
      "id" : "s16-t5",
      "begin" : 1602,
      "end" : 1605,
      "text" : "few",
      "whiteSpace" : false
    }, {
      "id" : "s16-t6",
      "begin" : 1606,
      "end" : 1613,
      "text" : "things:",
      "whiteSpace" : false
    }, {
      "id" : "s16-t7",
      "begin" : 1613,
      "end" : 1615,
      "text" : "\\n",
      "whiteSpace" : false
    }, {
      "id" : "s16-t8",
      "begin" : 1615,
      "end" : 1617,
      "text" : "\\n",
      "whiteSpace" : false
    }, {
      "id" : "s16-t9",
      "begin" : 1617,
      "end" : 1619,
      "text" : "\\\\",
      "whiteSpace" : false
    }, {
      "id" : "s16-t10",
      "begin" : 1619,
      "end" : 1620,
      "text" : "-",
      "whiteSpace" : false
    }, {
      "id" : "s16-t11",
      "begin" : 1621,
      "end" : 1625,
      "text" : "When",
      "whiteSpace" : false
    }, {
      "id" : "s16-t12",
      "begin" : 1626,
      "end" : 1627,
      "text" : "I",
      "whiteSpace" : false
    }, {
      "id" : "s16-t13",
      "begin" : 1628,
      "end" : 1632,
      "text" : "call",
      "whiteSpace" : false
    }, {
      "id" : "s16-t14",
      "begin" : 1633,
      "end" : 1635,
      "text" : "it",
      "whiteSpace" : false
    }, {
      "id" : "s16-t15",
      "begin" : 1636,
      "end" : 1640,
      "text" : "says",
      "whiteSpace" : false
    }, {
      "id" : "s16-t16",
      "begin" : 1641,
      "end" : 1643,
      "text" : "my",
      "whiteSpace" : false
    }, {
      "id" : "s16-t17",
      "begin" : 1644,
      "end" : 1649,
      "text" : "claim",
      "whiteSpace" : false
    }, {
      "id" : "s16-t18",
      "begin" : 1650,
      "end" : 1652,
      "text" : "is",
      "whiteSpace" : false
    }, {
      "id" : "s16-t19",
      "begin" : 1653,
      "end" : 1658,
      "text" : "valid",
      "whiteSpace" : false
    }, {
      "id" : "s16-t20",
      "begin" : 1658,
      "end" : 1659,
      "text" : ".",
      "whiteSpace" : false
    } ]
  }, {
    "id" : "s17",
    "begin" : 1659,
    "end" : 1714,
    "text" : "\\n\\n\\\\- I selected direct deposit when applying for UI.",
    "tokens" : [ {
      "id" : "s17-t0",
      "begin" : 1659,
      "end" : 1661,
      "text" : "\\n",
      "whiteSpace" : false
    }, {
      "id" : "s17-t1",
      "begin" : 1661,
      "end" : 1663,
      "text" : "\\n",
      "whiteSpace" : false
    }, {
      "id" : "s17-t2",
      "begin" : 1663,
      "end" : 1665,
      "text" : "\\\\",
      "whiteSpace" : false
    }, {
      "id" : "s17-t3",
      "begin" : 1665,
      "end" : 1666,
      "text" : "-",
      "whiteSpace" : false
    }, {
      "id" : "s17-t4",
      "begin" : 1667,
      "end" : 1668,
      "text" : "I",
      "whiteSpace" : false
    }, {
      "id" : "s17-t5",
      "begin" : 1669,
      "end" : 1677,
      "text" : "selected",
      "whiteSpace" : false
    }, {
      "id" : "s17-t6",
      "begin" : 1678,
      "end" : 1684,
      "text" : "direct",
      "whiteSpace" : false
    }, {
      "id" : "s17-t7",
      "begin" : 1685,
      "end" : 1692,
      "text" : "deposit",
      "whiteSpace" : false
    }, {
      "id" : "s17-t8",
      "begin" : 1693,
      "end" : 1697,
      "text" : "when",
      "whiteSpace" : false
    }, {
      "id" : "s17-t9",
      "begin" : 1698,
      "end" : 1706,
      "text" : "applying",
      "whiteSpace" : false
    }, {
      "id" : "s17-t10",
      "begin" : 1707,
      "end" : 1710,
      "text" : "for",
      "whiteSpace" : false
    }, {
      "id" : "s17-t11",
      "begin" : 1711,
      "end" : 1713,
      "text" : "UI",
      "whiteSpace" : false
    }, {
      "id" : "s17-t12",
      "begin" : 1713,
      "end" : 1714,
      "text" : ".",
      "whiteSpace" : false
    } ]
  }, {
    "id" : "s18",
    "begin" : 1714,
    "end" : 1794,
    "text" : "\\n\\n\\\\- I've already received the letter that states how much $ I am to receive.",
    "tokens" : [ {
      "id" : "s18-t0",
      "begin" : 1714,
      "end" : 1716,
      "text" : "\\n",
      "whiteSpace" : false
    }, {
      "id" : "s18-t1",
      "begin" : 1716,
      "end" : 1718,
      "text" : "\\n",
      "whiteSpace" : false
    }, {
      "id" : "s18-t2",
      "begin" : 1718,
      "end" : 1720,
      "text" : "\\\\",
      "whiteSpace" : false
    }, {
      "id" : "s18-t3",
      "begin" : 1720,
      "end" : 1721,
      "text" : "-",
      "whiteSpace" : false
    }, {
      "id" : "s18-t4",
      "begin" : 1722,
      "end" : 1723,
      "text" : "I",
      "whiteSpace" : false
    }, {
      "id" : "s18-t5",
      "begin" : 1723,
      "end" : 1726,
      "text" : "'ve",
      "whiteSpace" : false
    }, {
      "id" : "s18-t6",
      "begin" : 1727,
      "end" : 1734,
      "text" : "already",
      "whiteSpace" : false
    }, {
      "id" : "s18-t7",
      "begin" : 1735,
      "end" : 1743,
      "text" : "received",
      "whiteSpace" : false
    }, {
      "id" : "s18-t8",
      "begin" : 1744,
      "end" : 1747,
      "text" : "the",
      "whiteSpace" : false
    }, {
      "id" : "s18-t9",
      "begin" : 1748,
      "end" : 1754,
      "text" : "letter",
      "whiteSpace" : false
    }, {
      "id" : "s18-t10",
      "begin" : 1755,
      "end" : 1759,
      "text" : "that",
      "whiteSpace" : false
    }, {
      "id" : "s18-t11",
      "begin" : 1760,
      "end" : 1766,
      "text" : "states",
      "whiteSpace" : false
    }, {
      "id" : "s18-t12",
      "begin" : 1767,
      "end" : 1770,
      "text" : "how",
      "whiteSpace" : false
    }, {
      "id" : "s18-t13",
      "begin" : 1771,
      "end" : 1775,
      "text" : "much",
      "whiteSpace" : false
    }, {
      "id" : "s18-t14",
      "begin" : 1776,
      "end" : 1777,
      "text" : "$",
      "whiteSpace" : false
    }, {
      "id" : "s18-t15",
      "begin" : 1778,
      "end" : 1779,
      "text" : "I",
      "whiteSpace" : false
    }, {
      "id" : "s18-t16",
      "begin" : 1780,
      "end" : 1782,
      "text" : "am",
      "whiteSpace" : false
    }, {
      "id" : "s18-t17",
      "begin" : 1783,
      "end" : 1785,
      "text" : "to",
      "whiteSpace" : false
    }, {
      "id" : "s18-t18",
      "begin" : 1786,
      "end" : 1793,
      "text" : "receive",
      "whiteSpace" : false
    }, {
      "id" : "s18-t19",
      "begin" : 1793,
      "end" : 1794,
      "text" : ".",
      "whiteSpace" : false
    } ]
  }, {
    "id" : "s19",
    "begin" : 1794,
    "end" : 1860,
    "text" : "\\n\\n\\\\- I've filed all of my weekly claims so I'm current on that.",
    "tokens" : [ {
      "id" : "s19-t0",
      "begin" : 1794,
      "end" : 1796,
      "text" : "\\n",
      "whiteSpace" : false
    }, {
      "id" : "s19-t1",
      "begin" : 1796,
      "end" : 1798,
      "text" : "\\n",
      "whiteSpace" : false
    }, {
      "id" : "s19-t2",
      "begin" : 1798,
      "end" : 1800,
      "text" : "\\\\",
      "whiteSpace" : false
    }, {
      "id" : "s19-t3",
      "begin" : 1800,
      "end" : 1801,
      "text" : "-",
      "whiteSpace" : false
    }, {
      "id" : "s19-t4",
      "begin" : 1802,
      "end" : 1803,
      "text" : "I",
      "whiteSpace" : false
    }, {
      "id" : "s19-t5",
      "begin" : 1803,
      "end" : 1806,
      "text" : "'ve",
      "whiteSpace" : false
    }, {
      "id" : "s19-t6",
      "begin" : 1807,
      "end" : 1812,
      "text" : "filed",
      "whiteSpace" : false
    }, {
      "id" : "s19-t7",
      "begin" : 1813,
      "end" : 1816,
      "text" : "all",
      "whiteSpace" : false
    }, {
      "id" : "s19-t8",
      "begin" : 1817,
      "end" : 1819,
      "text" : "of",
      "whiteSpace" : false
    }, {
      "id" : "s19-t9",
      "begin" : 1820,
      "end" : 1822,
      "text" : "my",
      "whiteSpace" : false
    }, {
      "id" : "s19-t10",
      "begin" : 1823,
      "end" : 1829,
      "text" : "weekly",
      "whiteSpace" : false
    }, {
      "id" : "s19-t11",
      "begin" : 1830,
      "end" : 1836,
      "text" : "claims",
      "whiteSpace" : false
    }, {
      "id" : "s19-t12",
      "begin" : 1837,
      "end" : 1839,
      "text" : "so",
      "whiteSpace" : false
    }, {
      "id" : "s19-t13",
      "begin" : 1840,
      "end" : 1841,
      "text" : "I",
      "whiteSpace" : false
    }, {
      "id" : "s19-t14",
      "begin" : 1841,
      "end" : 1843,
      "text" : "'m",
      "whiteSpace" : false
    }, {
      "id" : "s19-t15",
      "begin" : 1844,
      "end" : 1851,
      "text" : "current",
      "whiteSpace" : false
    }, {
      "id" : "s19-t16",
      "begin" : 1852,
      "end" : 1854,
      "text" : "on",
      "whiteSpace" : false
    }, {
      "id" : "s19-t17",
      "begin" : 1855,
      "end" : 1859,
      "text" : "that",
      "whiteSpace" : false
    }, {
      "id" : "s19-t18",
      "begin" : 1859,
      "end" : 1860,
      "text" : ".",
      "whiteSpace" : false
    } ]
  }, {
    "id" : "s20",
    "begin" : 1860,
    "end" : 2042,
    "text" : "\\n\\n\\\\- One thing that I find strange, when I check the status of my claim online, the $ amount I am to expect says \\\"$0\\\" even tho the letter in the mail stated the proper $ amount.",
    "tokens" : [ {
      "id" : "s20-t0",
      "begin" : 1860,
      "end" : 1862,
      "text" : "\\n",
      "whiteSpace" : false
    }, {
      "id" : "s20-t1",
      "begin" : 1862,
      "end" : 1864,
      "text" : "\\n",
      "whiteSpace" : false
    }, {
      "id" : "s20-t2",
      "begin" : 1864,
      "end" : 1866,
      "text" : "\\\\",
      "whiteSpace" : false
    }, {
      "id" : "s20-t3",
      "begin" : 1866,
      "end" : 1867,
      "text" : "-",
      "whiteSpace" : false
    }, {
      "id" : "s20-t4",
      "begin" : 1868,
      "end" : 1871,
      "text" : "One",
      "whiteSpace" : false
    }, {
      "id" : "s20-t5",
      "begin" : 1872,
      "end" : 1877,
      "text" : "thing",
      "whiteSpace" : false
    }, {
      "id" : "s20-t6",
      "begin" : 1878,
      "end" : 1882,
      "text" : "that",
      "whiteSpace" : false
    }, {
      "id" : "s20-t7",
      "begin" : 1883,
      "end" : 1884,
      "text" : "I",
      "whiteSpace" : false
    }, {
      "id" : "s20-t8",
      "begin" : 1885,
      "end" : 1889,
      "text" : "find",
      "whiteSpace" : false
    }, {
      "id" : "s20-t9",
      "begin" : 1890,
      "end" : 1897,
      "text" : "strange",
      "whiteSpace" : false
    }, {
      "id" : "s20-t10",
      "begin" : 1897,
      "end" : 1898,
      "text" : ",",
      "whiteSpace" : false
    }, {
      "id" : "s20-t11",
      "begin" : 1899,
      "end" : 1903,
      "text" : "when",
      "whiteSpace" : false
    }, {
      "id" : "s20-t12",
      "begin" : 1904,
      "end" : 1905,
      "text" : "I",
      "whiteSpace" : false
    }, {
      "id" : "s20-t13",
      "begin" : 1906,
      "end" : 1911,
      "text" : "check",
      "whiteSpace" : false
    }, {
      "id" : "s20-t14",
      "begin" : 1912,
      "end" : 1915,
      "text" : "the",
      "whiteSpace" : false
    }, {
      "id" : "s20-t15",
      "begin" : 1916,
      "end" : 1922,
      "text" : "status",
      "whiteSpace" : false
    }, {
      "id" : "s20-t16",
      "begin" : 1923,
      "end" : 1925,
      "text" : "of",
      "whiteSpace" : false
    }, {
      "id" : "s20-t17",
      "begin" : 1926,
      "end" : 1928,
      "text" : "my",
      "whiteSpace" : false
    }, {
      "id" : "s20-t18",
      "begin" : 1929,
      "end" : 1934,
      "text" : "claim",
      "whiteSpace" : false
    }, {
      "id" : "s20-t19",
      "begin" : 1935,
      "end" : 1941,
      "text" : "online",
      "whiteSpace" : false
    }, {
      "id" : "s20-t20",
      "begin" : 1941,
      "end" : 1942,
      "text" : ",",
      "whiteSpace" : false
    }, {
      "id" : "s20-t21",
      "begin" : 1943,
      "end" : 1946,
      "text" : "the",
      "whiteSpace" : false
    }, {
      "id" : "s20-t22",
      "begin" : 1947,
      "end" : 1948,
      "text" : "$",
      "whiteSpace" : false
    }, {
      "id" : "s20-t23",
      "begin" : 1949,
      "end" : 1955,
      "text" : "amount",
      "whiteSpace" : false
    }, {
      "id" : "s20-t24",
      "begin" : 1956,
      "end" : 1957,
      "text" : "I",
      "whiteSpace" : false
    }, {
      "id" : "s20-t25",
      "begin" : 1958,
      "end" : 1960,
      "text" : "am",
      "whiteSpace" : false
    }, {
      "id" : "s20-t26",
      "begin" : 1961,
      "end" : 1963,
      "text" : "to",
      "whiteSpace" : false
    }, {
      "id" : "s20-t27",
      "begin" : 1964,
      "end" : 1970,
      "text" : "expect",
      "whiteSpace" : false
    }, {
      "id" : "s20-t28",
      "begin" : 1971,
      "end" : 1975,
      "text" : "says",
      "whiteSpace" : false
    }, {
      "id" : "s20-t29",
      "begin" : 1976,
      "end" : 1978,
      "text" : "\\\"",
      "whiteSpace" : false
    }, {
      "id" : "s20-t30",
      "begin" : 1978,
      "end" : 1980,
      "text" : "$0",
      "whiteSpace" : false
    }, {
      "id" : "s20-t31",
      "begin" : 1980,
      "end" : 1981,
      "text" : "\\",
      "whiteSpace" : false
    }, {
      "id" : "s20-t32",
      "begin" : 1981,
      "end" : 1982,
      "text" : "\"",
      "whiteSpace" : false
    }, {
      "id" : "s20-t33",
      "begin" : 1983,
      "end" : 1987,
      "text" : "even",
      "whiteSpace" : false
    }, {
      "id" : "s20-t34",
      "begin" : 1988,
      "end" : 1991,
      "text" : "tho",
      "whiteSpace" : false
    }, {
      "id" : "s20-t35",
      "begin" : 1992,
      "end" : 1995,
      "text" : "the",
      "whiteSpace" : false
    }, {
      "id" : "s20-t36",
      "begin" : 1996,
      "end" : 2002,
      "text" : "letter",
      "whiteSpace" : false
    }, {
      "id" : "s20-t37",
      "begin" : 2003,
      "end" : 2005,
      "text" : "in",
      "whiteSpace" : false
    }, {
      "id" : "s20-t38",
      "begin" : 2006,
      "end" : 2009,
      "text" : "the",
      "whiteSpace" : false
    }, {
      "id" : "s20-t39",
      "begin" : 2010,
      "end" : 2014,
      "text" : "mail",
      "whiteSpace" : false
    }, {
      "id" : "s20-t40",
      "begin" : 2015,
      "end" : 2021,
      "text" : "stated",
      "whiteSpace" : false
    }, {
      "id" : "s20-t41",
      "begin" : 2022,
      "end" : 2025,
      "text" : "the",
      "whiteSpace" : false
    }, {
      "id" : "s20-t42",
      "begin" : 2026,
      "end" : 2032,
      "text" : "proper",
      "whiteSpace" : false
    }, {
      "id" : "s20-t43",
      "begin" : 2033,
      "end" : 2034,
      "text" : "$",
      "whiteSpace" : false
    }, {
      "id" : "s20-t44",
      "begin" : 2035,
      "end" : 2041,
      "text" : "amount",
      "whiteSpace" : false
    }, {
      "id" : "s20-t45",
      "begin" : 2041,
      "end" : 2042,
      "text" : ".",
      "whiteSpace" : false
    } ]
  }, {
    "id" : "s21",
    "begin" : 2042,
    "end" : 2079,
    "text" : "\\n\\nAnyone going thru the same thing?",
    "tokens" : [ {
      "id" : "s21-t0",
      "begin" : 2042,
      "end" : 2044,
      "text" : "\\n",
      "whiteSpace" : false
    }, {
      "id" : "s21-t1",
      "begin" : 2044,
      "end" : 2052,
      "text" : "\\nAnyone",
      "whiteSpace" : false
    }, {
      "id" : "s21-t2",
      "begin" : 2053,
      "end" : 2058,
      "text" : "going",
      "whiteSpace" : false
    }, {
      "id" : "s21-t3",
      "begin" : 2059,
      "end" : 2063,
      "text" : "thru",
      "whiteSpace" : false
    }, {
      "id" : "s21-t4",
      "begin" : 2064,
      "end" : 2067,
      "text" : "the",
      "whiteSpace" : false
    }, {
      "id" : "s21-t5",
      "begin" : 2068,
      "end" : 2072,
      "text" : "same",
      "whiteSpace" : false
    }, {
      "id" : "s21-t6",
      "begin" : 2073,
      "end" : 2078,
      "text" : "thing",
      "whiteSpace" : false
    }, {
      "id" : "s21-t7",
      "begin" : 2078,
      "end" : 2079,
      "text" : "?",
      "whiteSpace" : false
    } ]
  }, {
    "id" : "s22",
    "begin" : 2080,
    "end" : 2156,
    "text" : "Are they just overloaded over there or is something wrong with my paperwork?",
    "tokens" : [ {
      "id" : "s22-t0",
      "begin" : 2080,
      "end" : 2083,
      "text" : "Are",
      "whiteSpace" : false
    }, {
      "id" : "s22-t1",
      "begin" : 2084,
      "end" : 2088,
      "text" : "they",
      "whiteSpace" : false
    }, {
      "id" : "s22-t2",
      "begin" : 2089,
      "end" : 2093,
      "text" : "just",
      "whiteSpace" : false
    }, {
      "id" : "s22-t3",
      "begin" : 2094,
      "end" : 2104,
      "text" : "overloaded",
      "whiteSpace" : false
    }, {
      "id" : "s22-t4",
      "begin" : 2105,
      "end" : 2109,
      "text" : "over",
      "whiteSpace" : false
    }, {
      "id" : "s22-t5",
      "begin" : 2110,
      "end" : 2115,
      "text" : "there",
      "whiteSpace" : false
    }, {
      "id" : "s22-t6",
      "begin" : 2116,
      "end" : 2118,
      "text" : "or",
      "whiteSpace" : false
    }, {
      "id" : "s22-t7",
      "begin" : 2119,
      "end" : 2121,
      "text" : "is",
      "whiteSpace" : false
    }, {
      "id" : "s22-t8",
      "begin" : 2122,
      "end" : 2131,
      "text" : "something",
      "whiteSpace" : false
    }, {
      "id" : "s22-t9",
      "begin" : 2132,
      "end" : 2137,
      "text" : "wrong",
      "whiteSpace" : false
    }, {
      "id" : "s22-t10",
      "begin" : 2138,
      "end" : 2142,
      "text" : "with",
      "whiteSpace" : false
    }, {
      "id" : "s22-t11",
      "begin" : 2143,
      "end" : 2145,
      "text" : "my",
      "whiteSpace" : false
    }, {
      "id" : "s22-t12",
      "begin" : 2146,
      "end" : 2155,
      "text" : "paperwork",
      "whiteSpace" : false
    }, {
      "id" : "s22-t13",
      "begin" : 2155,
      "end" : 2156,
      "text" : "?",
      "whiteSpace" : false
    } ]
  }, {
    "id" : "s23",
    "begin" : 2157,
    "end" : 2197,
    "text" : "I am starting to lose my mind over this.",
    "tokens" : [ {
      "id" : "s23-t0",
      "begin" : 2157,
      "end" : 2158,
      "text" : "I",
      "whiteSpace" : false
    }, {
      "id" : "s23-t1",
      "begin" : 2159,
      "end" : 2161,
      "text" : "am",
      "whiteSpace" : false
    }, {
      "id" : "s23-t2",
      "begin" : 2162,
      "end" : 2170,
      "text" : "starting",
      "whiteSpace" : false
    }, {
      "id" : "s23-t3",
      "begin" : 2171,
      "end" : 2173,
      "text" : "to",
      "whiteSpace" : false
    }, {
      "id" : "s23-t4",
      "begin" : 2174,
      "end" : 2178,
      "text" : "lose",
      "whiteSpace" : false
    }, {
      "id" : "s23-t5",
      "begin" : 2179,
      "end" : 2181,
      "text" : "my",
      "whiteSpace" : false
    }, {
      "id" : "s23-t6",
      "begin" : 2182,
      "end" : 2186,
      "text" : "mind",
      "whiteSpace" : false
    }, {
      "id" : "s23-t7",
      "begin" : 2187,
      "end" : 2191,
      "text" : "over",
      "whiteSpace" : false
    }, {
      "id" : "s23-t8",
      "begin" : 2192,
      "end" : 2196,
      "text" : "this",
      "whiteSpace" : false
    }, {
      "id" : "s23-t9",
      "begin" : 2196,
      "end" : 2197,
      "text" : ".",
      "whiteSpace" : false
    } ]
  }, {
    "id" : "s24",
    "begin" : 2197,
    "end" : 2224,
    "text" : "\\n\\nMany thanks in advance!",
    "tokens" : [ {
      "id" : "s24-t0",
      "begin" : 2197,
      "end" : 2199,
      "text" : "\\n",
      "whiteSpace" : false
    }, {
      "id" : "s24-t1",
      "begin" : 2199,
      "end" : 2205,
      "text" : "\\nMany",
      "whiteSpace" : false
    }, {
      "id" : "s24-t2",
      "begin" : 2206,
      "end" : 2212,
      "text" : "thanks",
      "whiteSpace" : false
    }, {
      "id" : "s24-t3",
      "begin" : 2213,
      "end" : 2215,
      "text" : "in",
      "whiteSpace" : false
    }, {
      "id" : "s24-t4",
      "begin" : 2216,
      "end" : 2223,
      "text" : "advance",
      "whiteSpace" : false
    }, {
      "id" : "s24-t5",
      "begin" : 2223,
      "end" : 2224,
      "text" : "!",
      "whiteSpace" : false
    } ]
  }, {
    "id" : "s25",
    "begin" : 2224,
    "end" : 2348,
    "text" : "\",\"author_fullname\":\"t2_xuquj\",\"title\":\"Unemployment Claim Status Pending - called the DOL UI number LITERALLY 2,000 times\"}",
    "tokens" : [ {
      "id" : "s25-t0",
      "begin" : 2224,
      "end" : 2225,
      "text" : "\"",
      "whiteSpace" : false
    }, {
      "id" : "s25-t1",
      "begin" : 2225,
      "end" : 2226,
      "text" : ",",
      "whiteSpace" : false
    }, {
      "id" : "s25-t2",
      "begin" : 2226,
      "end" : 2227,
      "text" : "\"",
      "whiteSpace" : false
    }, {
      "id" : "s25-t3",
      "begin" : 2227,
      "end" : 2242,
      "text" : "author_fullname",
      "whiteSpace" : false
    }, {
      "id" : "s25-t4",
      "begin" : 2242,
      "end" : 2243,
      "text" : "\"",
      "whiteSpace" : false
    }, {
      "id" : "s25-t5",
      "begin" : 2243,
      "end" : 2244,
      "text" : ":",
      "whiteSpace" : false
    }, {
      "id" : "s25-t6",
      "begin" : 2244,
      "end" : 2245,
      "text" : "\"",
      "whiteSpace" : false
    }, {
      "id" : "s25-t7",
      "begin" : 2245,
      "end" : 2253,
      "text" : "t2_xuquj",
      "whiteSpace" : false
    }, {
      "id" : "s25-t8",
      "begin" : 2253,
      "end" : 2254,
      "text" : "\"",
      "whiteSpace" : false
    }, {
      "id" : "s25-t9",
      "begin" : 2254,
      "end" : 2255,
      "text" : ",",
      "whiteSpace" : false
    }, {
      "id" : "s25-t10",
      "begin" : 2255,
      "end" : 2256,
      "text" : "\"",
      "whiteSpace" : false
    }, {
      "id" : "s25-t11",
      "begin" : 2256,
      "end" : 2261,
      "text" : "title",
      "whiteSpace" : false
    }, {
      "id" : "s25-t12",
      "begin" : 2261,
      "end" : 2262,
      "text" : "\"",
      "whiteSpace" : false
    }, {
      "id" : "s25-t13",
      "begin" : 2262,
      "end" : 2263,
      "text" : ":",
      "whiteSpace" : false
    }, {
      "id" : "s25-t14",
      "begin" : 2263,
      "end" : 2264,
      "text" : "\"",
      "whiteSpace" : false
    }, {
      "id" : "s25-t15",
      "begin" : 2264,
      "end" : 2276,
      "text" : "Unemployment",
      "whiteSpace" : false
    }, {
      "id" : "s25-t16",
      "begin" : 2277,
      "end" : 2282,
      "text" : "Claim",
      "whiteSpace" : false
    }, {
      "id" : "s25-t17",
      "begin" : 2283,
      "end" : 2289,
      "text" : "Status",
      "whiteSpace" : false
    }, {
      "id" : "s25-t18",
      "begin" : 2290,
      "end" : 2297,
      "text" : "Pending",
      "whiteSpace" : false
    }, {
      "id" : "s25-t19",
      "begin" : 2298,
      "end" : 2299,
      "text" : "-",
      "whiteSpace" : false
    }, {
      "id" : "s25-t20",
      "begin" : 2300,
      "end" : 2306,
      "text" : "called",
      "whiteSpace" : false
    }, {
      "id" : "s25-t21",
      "begin" : 2307,
      "end" : 2310,
      "text" : "the",
      "whiteSpace" : false
    }, {
      "id" : "s25-t22",
      "begin" : 2311,
      "end" : 2314,
      "text" : "DOL",
      "whiteSpace" : false
    }, {
      "id" : "s25-t23",
      "begin" : 2315,
      "end" : 2317,
      "text" : "UI",
      "whiteSpace" : false
    }, {
      "id" : "s25-t24",
      "begin" : 2318,
      "end" : 2324,
      "text" : "number",
      "whiteSpace" : false
    }, {
      "id" : "s25-t25",
      "begin" : 2325,
      "end" : 2334,
      "text" : "LITERALLY",
      "whiteSpace" : false
    }, {
      "id" : "s25-t26",
      "begin" : 2335,
      "end" : 2340,
      "text" : "2,000",
      "whiteSpace" : false
    }, {
      "id" : "s25-t27",
      "begin" : 2341,
      "end" : 2346,
      "text" : "times",
      "whiteSpace" : false
    }, {
      "id" : "s25-t28",
      "begin" : 2346,
      "end" : 2347,
      "text" : "\"",
      "whiteSpace" : false
    }, {
      "id" : "s25-t29",
      "begin" : 2347,
      "end" : 2348,
      "text" : "}",
      "whiteSpace" : false
    } ]
  } ],
  "mentions" : [ {
    "id" : "m1",
    "properties" : {
      "SIRE_MENTION_TYPE" : "NONE",
      "SIRE_MENTION_ROLE" : "Unemployed",
      "SIRE_MENTION_CLASS" : "SPC",
      "SIRE_ENTITY_SUBTYPE" : "NONE"
    },
    "type" : "Unemployed",
    "begin" : 105,
    "end" : 117,
    "inCoref" : false
  }, {
    "id" : "s4-m1",
    "properties" : {
      "SIRE_MENTION_ROLE" : "Unemployed",
      "SIRE_ENTITY_SUBTYPE" : "NONE",
      "SIRE_MENTION_TYPE" : "NONE",
      "SIRE_MENTION_CLASS" : "SPC"
    },
    "type" : "Unemployed",
    "begin" : 324,
    "end" : 340,
    "inCoref" : false
  }, {
    "id" : "s7-m1",
    "properties" : {
      "SIRE_MENTION_ROLE" : "Unemployed",
      "SIRE_ENTITY_SUBTYPE" : "NONE",
      "SIRE_MENTION_TYPE" : "NONE",
      "SIRE_MENTION_CLASS" : "SPC"
    },
    "type" : "Unemployed",
    "begin" : 625,
    "end" : 641,
    "inCoref" : false
  }, {
    "id" : "s17-m1",
    "properties" : {
      "SIRE_MENTION_ROLE" : "Unemployed",
      "SIRE_ENTITY_SUBTYPE" : "NONE",
      "SIRE_MENTION_TYPE" : "NONE",
      "SIRE_MENTION_CLASS" : "SPC"
    },
    "type" : "Unemployed",
    "begin" : 1698,
    "end" : 1713,
    "inCoref" : false
  }, {
    "id" : "m2",
    "properties" : {
      "SIRE_MENTION_TYPE" : "NONE",
      "SIRE_MENTION_ROLE" : "Unemployed",
      "SIRE_MENTION_CLASS" : "SPC",
      "SIRE_ENTITY_SUBTYPE" : "NONE"
    },
    "type" : "Unemployed",
    "begin" : 1823,
    "end" : 1836,
    "inCoref" : false
  }, {
    "id" : "s20-m1",
    "properties" : {
      "SIRE_MENTION_ROLE" : "Unemployed",
      "SIRE_ENTITY_SUBTYPE" : "NONE",
      "SIRE_MENTION_TYPE" : "NONE",
      "SIRE_MENTION_CLASS" : "SPC"
    },
    "type" : "Unemployed",
    "begin" : 1926,
    "end" : 1934,
    "inCoref" : false
  }, {
    "id" : "m3",
    "properties" : {
      "SIRE_MENTION_TYPE" : "NONE",
      "SIRE_MENTION_ROLE" : "Unemployed",
      "SIRE_MENTION_CLASS" : "SPC",
      "SIRE_ENTITY_SUBTYPE" : "NONE"
    },
    "type" : "Unemployed",
    "begin" : 2264,
    "end" : 2282,
    "inCoref" : false
  }, {
    "id" : "s25-m2",
    "properties" : {
      "SIRE_MENTION_ROLE" : "Unemployed",
      "SIRE_ENTITY_SUBTYPE" : "NONE",
      "SIRE_MENTION_TYPE" : "NONE",
      "SIRE_MENTION_CLASS" : "SPC"
    },
    "type" : "Unemployed",
    "begin" : 2315,
    "end" : 2317,
    "inCoref" : false
  } ],
  "relations" : [ ],
  "corefs" : [ ],
  "typeResolved" : true,
  "userResolved" : false
}