{
  "id" : "c318d3f0-9420-11ea-8a2d-81b8af140d06-78",
  "name" : "nyc-doc-22.txt",
  "createdDate" : 0,
  "version" : 3,
  "text" : "{\"text\":\"I have a idea that now when you rent a apartment there will be a paper you will need to sign saying that you chose the broker on your own accord even though this broker has an exclusive with the landlord. If you make a fuss about signing it they will not rent you the Apartment. This will allow the broker to keep collecting the fee from the tenant \\n\\nAnyone else feel this way?\",\"author_fullname\":\"t2_338uy9nd\",\"title\":\"Anyone else thing landlord will start skirting the new broker rule\"}\n",
  "docLength" : 0,
  "language" : "EN",
  "status" : "IN_PROGRESS",
  "modifiedDate" : 1589309346842,
  "documentSet" : [ ],
  "preannotation" : [ "PRE_LW" ],
  "sentences" : [ {
    "id" : "s0",
    "begin" : 0,
    "end" : 213,
    "text" : "{\"text\":\"I have a idea that now when you rent a apartment there will be a paper you will need to sign saying that you chose the broker on your own accord even though this broker has an exclusive with the landlord.",
    "tokens" : [ {
      "id" : "s0-t0",
      "begin" : 0,
      "end" : 1,
      "text" : "{",
      "whiteSpace" : false
    }, {
      "id" : "s0-t1",
      "begin" : 1,
      "end" : 2,
      "text" : "\"",
      "whiteSpace" : false
    }, {
      "id" : "s0-t2",
      "begin" : 2,
      "end" : 6,
      "text" : "text",
      "whiteSpace" : false
    }, {
      "id" : "s0-t3",
      "begin" : 6,
      "end" : 7,
      "text" : "\"",
      "whiteSpace" : false
    }, {
      "id" : "s0-t4",
      "begin" : 7,
      "end" : 8,
      "text" : ":",
      "whiteSpace" : false
    }, {
      "id" : "s0-t5",
      "begin" : 8,
      "end" : 9,
      "text" : "\"",
      "whiteSpace" : false
    }, {
      "id" : "s0-t6",
      "begin" : 9,
      "end" : 10,
      "text" : "I",
      "whiteSpace" : false
    }, {
      "id" : "s0-t7",
      "begin" : 11,
      "end" : 15,
      "text" : "have",
      "whiteSpace" : false
    }, {
      "id" : "s0-t8",
      "begin" : 16,
      "end" : 17,
      "text" : "a",
      "whiteSpace" : false
    }, {
      "id" : "s0-t9",
      "begin" : 18,
      "end" : 22,
      "text" : "idea",
      "whiteSpace" : false
    }, {
      "id" : "s0-t10",
      "begin" : 23,
      "end" : 27,
      "text" : "that",
      "whiteSpace" : false
    }, {
      "id" : "s0-t11",
      "begin" : 28,
      "end" : 31,
      "text" : "now",
      "whiteSpace" : false
    }, {
      "id" : "s0-t12",
      "begin" : 32,
      "end" : 36,
      "text" : "when",
      "whiteSpace" : false
    }, {
      "id" : "s0-t13",
      "begin" : 37,
      "end" : 40,
      "text" : "you",
      "whiteSpace" : false
    }, {
      "id" : "s0-t14",
      "begin" : 41,
      "end" : 45,
      "text" : "rent",
      "whiteSpace" : false
    }, {
      "id" : "s0-t15",
      "begin" : 46,
      "end" : 47,
      "text" : "a",
      "whiteSpace" : false
    }, {
      "id" : "s0-t16",
      "begin" : 48,
      "end" : 57,
      "text" : "apartment",
      "whiteSpace" : false
    }, {
      "id" : "s0-t17",
      "begin" : 58,
      "end" : 63,
      "text" : "there",
      "whiteSpace" : false
    }, {
      "id" : "s0-t18",
      "begin" : 64,
      "end" : 68,
      "text" : "will",
      "whiteSpace" : false
    }, {
      "id" : "s0-t19",
      "begin" : 69,
      "end" : 71,
      "text" : "be",
      "whiteSpace" : false
    }, {
      "id" : "s0-t20",
      "begin" : 72,
      "end" : 73,
      "text" : "a",
      "whiteSpace" : false
    }, {
      "id" : "s0-t21",
      "begin" : 74,
      "end" : 79,
      "text" : "paper",
      "whiteSpace" : false
    }, {
      "id" : "s0-t22",
      "begin" : 80,
      "end" : 83,
      "text" : "you",
      "whiteSpace" : false
    }, {
      "id" : "s0-t23",
      "begin" : 84,
      "end" : 88,
      "text" : "will",
      "whiteSpace" : false
    }, {
      "id" : "s0-t24",
      "begin" : 89,
      "end" : 93,
      "text" : "need",
      "whiteSpace" : false
    }, {
      "id" : "s0-t25",
      "begin" : 94,
      "end" : 96,
      "text" : "to",
      "whiteSpace" : false
    }, {
      "id" : "s0-t26",
      "begin" : 97,
      "end" : 101,
      "text" : "sign",
      "whiteSpace" : false
    }, {
      "id" : "s0-t27",
      "begin" : 102,
      "end" : 108,
      "text" : "saying",
      "whiteSpace" : false
    }, {
      "id" : "s0-t28",
      "begin" : 109,
      "end" : 113,
      "text" : "that",
      "whiteSpace" : false
    }, {
      "id" : "s0-t29",
      "begin" : 114,
      "end" : 117,
      "text" : "you",
      "whiteSpace" : false
    }, {
      "id" : "s0-t30",
      "begin" : 118,
      "end" : 123,
      "text" : "chose",
      "whiteSpace" : false
    }, {
      "id" : "s0-t31",
      "begin" : 124,
      "end" : 127,
      "text" : "the",
      "whiteSpace" : false
    }, {
      "id" : "s0-t32",
      "begin" : 128,
      "end" : 134,
      "text" : "broker",
      "whiteSpace" : false
    }, {
      "id" : "s0-t33",
      "begin" : 135,
      "end" : 137,
      "text" : "on",
      "whiteSpace" : false
    }, {
      "id" : "s0-t34",
      "begin" : 138,
      "end" : 142,
      "text" : "your",
      "whiteSpace" : false
    }, {
      "id" : "s0-t35",
      "begin" : 143,
      "end" : 146,
      "text" : "own",
      "whiteSpace" : false
    }, {
      "id" : "s0-t36",
      "begin" : 147,
      "end" : 153,
      "text" : "accord",
      "whiteSpace" : false
    }, {
      "id" : "s0-t37",
      "begin" : 154,
      "end" : 158,
      "text" : "even",
      "whiteSpace" : false
    }, {
      "id" : "s0-t38",
      "begin" : 159,
      "end" : 165,
      "text" : "though",
      "whiteSpace" : false
    }, {
      "id" : "s0-t39",
      "begin" : 166,
      "end" : 170,
      "text" : "this",
      "whiteSpace" : false
    }, {
      "id" : "s0-t40",
      "begin" : 171,
      "end" : 177,
      "text" : "broker",
      "whiteSpace" : false
    }, {
      "id" : "s0-t41",
      "begin" : 178,
      "end" : 181,
      "text" : "has",
      "whiteSpace" : false
    }, {
      "id" : "s0-t42",
      "begin" : 182,
      "end" : 184,
      "text" : "an",
      "whiteSpace" : false
    }, {
      "id" : "s0-t43",
      "begin" : 185,
      "end" : 194,
      "text" : "exclusive",
      "whiteSpace" : false
    }, {
      "id" : "s0-t44",
      "begin" : 195,
      "end" : 199,
      "text" : "with",
      "whiteSpace" : false
    }, {
      "id" : "s0-t45",
      "begin" : 200,
      "end" : 203,
      "text" : "the",
      "whiteSpace" : false
    }, {
      "id" : "s0-t46",
      "begin" : 204,
      "end" : 212,
      "text" : "landlord",
      "whiteSpace" : false
    }, {
      "id" : "s0-t47",
      "begin" : 212,
      "end" : 213,
      "text" : ".",
      "whiteSpace" : false
    } ]
  }, {
    "id" : "s1",
    "begin" : 214,
    "end" : 287,
    "text" : "If you make a fuss about signing it they will not rent you the Apartment.",
    "tokens" : [ {
      "id" : "s1-t0",
      "begin" : 214,
      "end" : 216,
      "text" : "If",
      "whiteSpace" : false
    }, {
      "id" : "s1-t1",
      "begin" : 217,
      "end" : 220,
      "text" : "you",
      "whiteSpace" : false
    }, {
      "id" : "s1-t2",
      "begin" : 221,
      "end" : 225,
      "text" : "make",
      "whiteSpace" : false
    }, {
      "id" : "s1-t3",
      "begin" : 226,
      "end" : 227,
      "text" : "a",
      "whiteSpace" : false
    }, {
      "id" : "s1-t4",
      "begin" : 228,
      "end" : 232,
      "text" : "fuss",
      "whiteSpace" : false
    }, {
      "id" : "s1-t5",
      "begin" : 233,
      "end" : 238,
      "text" : "about",
      "whiteSpace" : false
    }, {
      "id" : "s1-t6",
      "begin" : 239,
      "end" : 246,
      "text" : "signing",
      "whiteSpace" : false
    }, {
      "id" : "s1-t7",
      "begin" : 247,
      "end" : 249,
      "text" : "it",
      "whiteSpace" : false
    }, {
      "id" : "s1-t8",
      "begin" : 250,
      "end" : 254,
      "text" : "they",
      "whiteSpace" : false
    }, {
      "id" : "s1-t9",
      "begin" : 255,
      "end" : 259,
      "text" : "will",
      "whiteSpace" : false
    }, {
      "id" : "s1-t10",
      "begin" : 260,
      "end" : 263,
      "text" : "not",
      "whiteSpace" : false
    }, {
      "id" : "s1-t11",
      "begin" : 264,
      "end" : 268,
      "text" : "rent",
      "whiteSpace" : false
    }, {
      "id" : "s1-t12",
      "begin" : 269,
      "end" : 272,
      "text" : "you",
      "whiteSpace" : false
    }, {
      "id" : "s1-t13",
      "begin" : 273,
      "end" : 276,
      "text" : "the",
      "whiteSpace" : false
    }, {
      "id" : "s1-t14",
      "begin" : 277,
      "end" : 286,
      "text" : "Apartment",
      "whiteSpace" : false
    }, {
      "id" : "s1-t15",
      "begin" : 286,
      "end" : 287,
      "text" : ".",
      "whiteSpace" : false
    } ]
  }, {
    "id" : "s2",
    "begin" : 288,
    "end" : 388,
    "text" : "This will allow the broker to keep collecting the fee from the tenant \\n\\nAnyone else feel this way?",
    "tokens" : [ {
      "id" : "s2-t0",
      "begin" : 288,
      "end" : 292,
      "text" : "This",
      "whiteSpace" : false
    }, {
      "id" : "s2-t1",
      "begin" : 293,
      "end" : 297,
      "text" : "will",
      "whiteSpace" : false
    }, {
      "id" : "s2-t2",
      "begin" : 298,
      "end" : 303,
      "text" : "allow",
      "whiteSpace" : false
    }, {
      "id" : "s2-t3",
      "begin" : 304,
      "end" : 307,
      "text" : "the",
      "whiteSpace" : false
    }, {
      "id" : "s2-t4",
      "begin" : 308,
      "end" : 314,
      "text" : "broker",
      "whiteSpace" : false
    }, {
      "id" : "s2-t5",
      "begin" : 315,
      "end" : 317,
      "text" : "to",
      "whiteSpace" : false
    }, {
      "id" : "s2-t6",
      "begin" : 318,
      "end" : 322,
      "text" : "keep",
      "whiteSpace" : false
    }, {
      "id" : "s2-t7",
      "begin" : 323,
      "end" : 333,
      "text" : "collecting",
      "whiteSpace" : false
    }, {
      "id" : "s2-t8",
      "begin" : 334,
      "end" : 337,
      "text" : "the",
      "whiteSpace" : false
    }, {
      "id" : "s2-t9",
      "begin" : 338,
      "end" : 341,
      "text" : "fee",
      "whiteSpace" : false
    }, {
      "id" : "s2-t10",
      "begin" : 342,
      "end" : 346,
      "text" : "from",
      "whiteSpace" : false
    }, {
      "id" : "s2-t11",
      "begin" : 347,
      "end" : 350,
      "text" : "the",
      "whiteSpace" : false
    }, {
      "id" : "s2-t12",
      "begin" : 351,
      "end" : 357,
      "text" : "tenant",
      "whiteSpace" : false
    }, {
      "id" : "s2-t13",
      "begin" : 358,
      "end" : 360,
      "text" : "\\n",
      "whiteSpace" : false
    }, {
      "id" : "s2-t14",
      "begin" : 360,
      "end" : 368,
      "text" : "\\nAnyone",
      "whiteSpace" : false
    }, {
      "id" : "s2-t15",
      "begin" : 369,
      "end" : 373,
      "text" : "else",
      "whiteSpace" : false
    }, {
      "id" : "s2-t16",
      "begin" : 374,
      "end" : 378,
      "text" : "feel",
      "whiteSpace" : false
    }, {
      "id" : "s2-t17",
      "begin" : 379,
      "end" : 383,
      "text" : "this",
      "whiteSpace" : false
    }, {
      "id" : "s2-t18",
      "begin" : 384,
      "end" : 387,
      "text" : "way",
      "whiteSpace" : false
    }, {
      "id" : "s2-t19",
      "begin" : 387,
      "end" : 388,
      "text" : "?",
      "whiteSpace" : false
    } ]
  }, {
    "id" : "s3",
    "begin" : 388,
    "end" : 499,
    "text" : "\",\"author_fullname\":\"t2_338uy9nd\",\"title\":\"Anyone else thing landlord will start skirting the new broker rule\"}",
    "tokens" : [ {
      "id" : "s3-t0",
      "begin" : 388,
      "end" : 389,
      "text" : "\"",
      "whiteSpace" : false
    }, {
      "id" : "s3-t1",
      "begin" : 389,
      "end" : 390,
      "text" : ",",
      "whiteSpace" : false
    }, {
      "id" : "s3-t2",
      "begin" : 390,
      "end" : 391,
      "text" : "\"",
      "whiteSpace" : false
    }, {
      "id" : "s3-t3",
      "begin" : 391,
      "end" : 406,
      "text" : "author_fullname",
      "whiteSpace" : false
    }, {
      "id" : "s3-t4",
      "begin" : 406,
      "end" : 407,
      "text" : "\"",
      "whiteSpace" : false
    }, {
      "id" : "s3-t5",
      "begin" : 407,
      "end" : 408,
      "text" : ":",
      "whiteSpace" : false
    }, {
      "id" : "s3-t6",
      "begin" : 408,
      "end" : 409,
      "text" : "\"",
      "whiteSpace" : false
    }, {
      "id" : "s3-t7",
      "begin" : 409,
      "end" : 420,
      "text" : "t2_338uy9nd",
      "whiteSpace" : false
    }, {
      "id" : "s3-t8",
      "begin" : 420,
      "end" : 421,
      "text" : "\"",
      "whiteSpace" : false
    }, {
      "id" : "s3-t9",
      "begin" : 421,
      "end" : 422,
      "text" : ",",
      "whiteSpace" : false
    }, {
      "id" : "s3-t10",
      "begin" : 422,
      "end" : 423,
      "text" : "\"",
      "whiteSpace" : false
    }, {
      "id" : "s3-t11",
      "begin" : 423,
      "end" : 428,
      "text" : "title",
      "whiteSpace" : false
    }, {
      "id" : "s3-t12",
      "begin" : 428,
      "end" : 429,
      "text" : "\"",
      "whiteSpace" : false
    }, {
      "id" : "s3-t13",
      "begin" : 429,
      "end" : 430,
      "text" : ":",
      "whiteSpace" : false
    }, {
      "id" : "s3-t14",
      "begin" : 430,
      "end" : 431,
      "text" : "\"",
      "whiteSpace" : false
    }, {
      "id" : "s3-t15",
      "begin" : 431,
      "end" : 437,
      "text" : "Anyone",
      "whiteSpace" : false
    }, {
      "id" : "s3-t16",
      "begin" : 438,
      "end" : 442,
      "text" : "else",
      "whiteSpace" : false
    }, {
      "id" : "s3-t17",
      "begin" : 443,
      "end" : 448,
      "text" : "thing",
      "whiteSpace" : false
    }, {
      "id" : "s3-t18",
      "begin" : 449,
      "end" : 457,
      "text" : "landlord",
      "whiteSpace" : false
    }, {
      "id" : "s3-t19",
      "begin" : 458,
      "end" : 462,
      "text" : "will",
      "whiteSpace" : false
    }, {
      "id" : "s3-t20",
      "begin" : 463,
      "end" : 468,
      "text" : "start",
      "whiteSpace" : false
    }, {
      "id" : "s3-t21",
      "begin" : 469,
      "end" : 477,
      "text" : "skirting",
      "whiteSpace" : false
    }, {
      "id" : "s3-t22",
      "begin" : 478,
      "end" : 481,
      "text" : "the",
      "whiteSpace" : false
    }, {
      "id" : "s3-t23",
      "begin" : 482,
      "end" : 485,
      "text" : "new",
      "whiteSpace" : false
    }, {
      "id" : "s3-t24",
      "begin" : 486,
      "end" : 492,
      "text" : "broker",
      "whiteSpace" : false
    }, {
      "id" : "s3-t25",
      "begin" : 493,
      "end" : 497,
      "text" : "rule",
      "whiteSpace" : false
    }, {
      "id" : "s3-t26",
      "begin" : 497,
      "end" : 498,
      "text" : "\"",
      "whiteSpace" : false
    }, {
      "id" : "s3-t27",
      "begin" : 498,
      "end" : 499,
      "text" : "}",
      "whiteSpace" : false
    } ]
  } ],
  "mentions" : [ {
    "id" : "s0-m1",
    "properties" : {
      "SIRE_MENTION_ROLE" : "Apartment_Renter",
      "SIRE_ENTITY_SUBTYPE" : "NONE",
      "SIRE_MENTION_TYPE" : "NONE",
      "SIRE_MENTION_CLASS" : "SPC"
    },
    "type" : "Apartment_Renter",
    "begin" : 41,
    "end" : 57,
    "inCoref" : false
  }, {
    "id" : "s0-m2",
    "properties" : {
      "SIRE_MENTION_ROLE" : "Apartment_Renter",
      "SIRE_ENTITY_SUBTYPE" : "NONE",
      "SIRE_MENTION_TYPE" : "NONE",
      "SIRE_MENTION_CLASS" : "SPC"
    },
    "type" : "Apartment_Renter",
    "begin" : 204,
    "end" : 212,
    "inCoref" : false
  }, {
    "id" : "s1-m1",
    "properties" : {
      "SIRE_MENTION_ROLE" : "Apartment_Renter",
      "SIRE_ENTITY_SUBTYPE" : "NONE",
      "SIRE_MENTION_TYPE" : "NONE",
      "SIRE_MENTION_CLASS" : "SPC"
    },
    "type" : "Apartment_Renter",
    "begin" : 264,
    "end" : 286,
    "inCoref" : false
  }, {
    "id" : "s2-m1",
    "properties" : {
      "SIRE_MENTION_ROLE" : "Apartment_Renter",
      "SIRE_ENTITY_SUBTYPE" : "NONE",
      "SIRE_MENTION_TYPE" : "NONE",
      "SIRE_MENTION_CLASS" : "SPC"
    },
    "type" : "Apartment_Renter",
    "begin" : 351,
    "end" : 357,
    "inCoref" : false
  }, {
    "id" : "s3-m1",
    "properties" : {
      "SIRE_MENTION_ROLE" : "Apartment_Renter",
      "SIRE_ENTITY_SUBTYPE" : "NONE",
      "SIRE_MENTION_TYPE" : "NONE",
      "SIRE_MENTION_CLASS" : "SPC"
    },
    "type" : "Apartment_Renter",
    "begin" : 449,
    "end" : 457,
    "inCoref" : false
  } ],
  "relations" : [ ],
  "corefs" : [ ],
  "typeResolved" : true,
  "userResolved" : false
}