{
  "id" : "c318d3f0-9420-11ea-8a2d-81b8af140d06-70",
  "name" : "nyc-doc-30.txt",
  "createdDate" : 0,
  "version" : 3,
  "text" : "{\"text\":\"I got one month of severance does this disqualify me?\",\"author_fullname\":\"t2_3y2vg5w1\",\"title\":\"Worked in NYC but live in CT—where do I file for unemployment? (got laid off)\"}\n",
  "docLength" : 0,
  "language" : "EN",
  "status" : "IN_PROGRESS",
  "modifiedDate" : 1589341534329,
  "documentSet" : [ ],
  "preannotation" : [ "PRE_LW" ],
  "sentences" : [ {
    "id" : "s0",
    "begin" : 0,
    "end" : 62,
    "text" : "{\"text\":\"I got one month of severance does this disqualify me?",
    "tokens" : [ {
      "id" : "s0-t0",
      "begin" : 0,
      "end" : 1,
      "text" : "{",
      "whiteSpace" : false
    }, {
      "id" : "s0-t1",
      "begin" : 1,
      "end" : 2,
      "text" : "\"",
      "whiteSpace" : false
    }, {
      "id" : "s0-t2",
      "begin" : 2,
      "end" : 6,
      "text" : "text",
      "whiteSpace" : false
    }, {
      "id" : "s0-t3",
      "begin" : 6,
      "end" : 7,
      "text" : "\"",
      "whiteSpace" : false
    }, {
      "id" : "s0-t4",
      "begin" : 7,
      "end" : 8,
      "text" : ":",
      "whiteSpace" : false
    }, {
      "id" : "s0-t5",
      "begin" : 8,
      "end" : 9,
      "text" : "\"",
      "whiteSpace" : false
    }, {
      "id" : "s0-t6",
      "begin" : 9,
      "end" : 10,
      "text" : "I",
      "whiteSpace" : false
    }, {
      "id" : "s0-t7",
      "begin" : 11,
      "end" : 14,
      "text" : "got",
      "whiteSpace" : false
    }, {
      "id" : "s0-t8",
      "begin" : 15,
      "end" : 18,
      "text" : "one",
      "whiteSpace" : false
    }, {
      "id" : "s0-t9",
      "begin" : 19,
      "end" : 24,
      "text" : "month",
      "whiteSpace" : false
    }, {
      "id" : "s0-t10",
      "begin" : 25,
      "end" : 27,
      "text" : "of",
      "whiteSpace" : false
    }, {
      "id" : "s0-t11",
      "begin" : 28,
      "end" : 37,
      "text" : "severance",
      "whiteSpace" : false
    }, {
      "id" : "s0-t12",
      "begin" : 38,
      "end" : 42,
      "text" : "does",
      "whiteSpace" : false
    }, {
      "id" : "s0-t13",
      "begin" : 43,
      "end" : 47,
      "text" : "this",
      "whiteSpace" : false
    }, {
      "id" : "s0-t14",
      "begin" : 48,
      "end" : 58,
      "text" : "disqualify",
      "whiteSpace" : false
    }, {
      "id" : "s0-t15",
      "begin" : 59,
      "end" : 61,
      "text" : "me",
      "whiteSpace" : false
    }, {
      "id" : "s0-t16",
      "begin" : 61,
      "end" : 62,
      "text" : "?",
      "whiteSpace" : false
    } ]
  }, {
    "id" : "s1",
    "begin" : 62,
    "end" : 167,
    "text" : "\",\"author_fullname\":\"t2_3y2vg5w1\",\"title\":\"Worked in NYC but live in CT—where do I file for unemployment?",
    "tokens" : [ {
      "id" : "s1-t0",
      "begin" : 62,
      "end" : 63,
      "text" : "\"",
      "whiteSpace" : false
    }, {
      "id" : "s1-t1",
      "begin" : 63,
      "end" : 64,
      "text" : ",",
      "whiteSpace" : false
    }, {
      "id" : "s1-t2",
      "begin" : 64,
      "end" : 65,
      "text" : "\"",
      "whiteSpace" : false
    }, {
      "id" : "s1-t3",
      "begin" : 65,
      "end" : 80,
      "text" : "author_fullname",
      "whiteSpace" : false
    }, {
      "id" : "s1-t4",
      "begin" : 80,
      "end" : 81,
      "text" : "\"",
      "whiteSpace" : false
    }, {
      "id" : "s1-t5",
      "begin" : 81,
      "end" : 82,
      "text" : ":",
      "whiteSpace" : false
    }, {
      "id" : "s1-t6",
      "begin" : 82,
      "end" : 83,
      "text" : "\"",
      "whiteSpace" : false
    }, {
      "id" : "s1-t7",
      "begin" : 83,
      "end" : 94,
      "text" : "t2_3y2vg5w1",
      "whiteSpace" : false
    }, {
      "id" : "s1-t8",
      "begin" : 94,
      "end" : 95,
      "text" : "\"",
      "whiteSpace" : false
    }, {
      "id" : "s1-t9",
      "begin" : 95,
      "end" : 96,
      "text" : ",",
      "whiteSpace" : false
    }, {
      "id" : "s1-t10",
      "begin" : 96,
      "end" : 97,
      "text" : "\"",
      "whiteSpace" : false
    }, {
      "id" : "s1-t11",
      "begin" : 97,
      "end" : 102,
      "text" : "title",
      "whiteSpace" : false
    }, {
      "id" : "s1-t12",
      "begin" : 102,
      "end" : 103,
      "text" : "\"",
      "whiteSpace" : false
    }, {
      "id" : "s1-t13",
      "begin" : 103,
      "end" : 104,
      "text" : ":",
      "whiteSpace" : false
    }, {
      "id" : "s1-t14",
      "begin" : 104,
      "end" : 105,
      "text" : "\"",
      "whiteSpace" : false
    }, {
      "id" : "s1-t15",
      "begin" : 105,
      "end" : 111,
      "text" : "Worked",
      "whiteSpace" : false
    }, {
      "id" : "s1-t16",
      "begin" : 112,
      "end" : 114,
      "text" : "in",
      "whiteSpace" : false
    }, {
      "id" : "s1-t17",
      "begin" : 115,
      "end" : 118,
      "text" : "NYC",
      "whiteSpace" : false
    }, {
      "id" : "s1-t18",
      "begin" : 119,
      "end" : 122,
      "text" : "but",
      "whiteSpace" : false
    }, {
      "id" : "s1-t19",
      "begin" : 123,
      "end" : 127,
      "text" : "live",
      "whiteSpace" : false
    }, {
      "id" : "s1-t20",
      "begin" : 128,
      "end" : 130,
      "text" : "in",
      "whiteSpace" : false
    }, {
      "id" : "s1-t21",
      "begin" : 131,
      "end" : 133,
      "text" : "CT",
      "whiteSpace" : false
    }, {
      "id" : "s1-t22",
      "begin" : 133,
      "end" : 134,
      "text" : "—",
      "whiteSpace" : false
    }, {
      "id" : "s1-t23",
      "begin" : 134,
      "end" : 139,
      "text" : "where",
      "whiteSpace" : false
    }, {
      "id" : "s1-t24",
      "begin" : 140,
      "end" : 142,
      "text" : "do",
      "whiteSpace" : false
    }, {
      "id" : "s1-t25",
      "begin" : 143,
      "end" : 144,
      "text" : "I",
      "whiteSpace" : false
    }, {
      "id" : "s1-t26",
      "begin" : 145,
      "end" : 149,
      "text" : "file",
      "whiteSpace" : false
    }, {
      "id" : "s1-t27",
      "begin" : 150,
      "end" : 153,
      "text" : "for",
      "whiteSpace" : false
    }, {
      "id" : "s1-t28",
      "begin" : 154,
      "end" : 166,
      "text" : "unemployment",
      "whiteSpace" : false
    }, {
      "id" : "s1-t29",
      "begin" : 166,
      "end" : 167,
      "text" : "?",
      "whiteSpace" : false
    } ]
  }, {
    "id" : "s2",
    "begin" : 168,
    "end" : 184,
    "text" : "(got laid off)\"}",
    "tokens" : [ {
      "id" : "s2-t0",
      "begin" : 168,
      "end" : 169,
      "text" : "(",
      "whiteSpace" : false
    }, {
      "id" : "s2-t1",
      "begin" : 169,
      "end" : 172,
      "text" : "got",
      "whiteSpace" : false
    }, {
      "id" : "s2-t2",
      "begin" : 173,
      "end" : 177,
      "text" : "laid",
      "whiteSpace" : false
    }, {
      "id" : "s2-t3",
      "begin" : 178,
      "end" : 181,
      "text" : "off",
      "whiteSpace" : false
    }, {
      "id" : "s2-t4",
      "begin" : 181,
      "end" : 182,
      "text" : ")",
      "whiteSpace" : false
    }, {
      "id" : "s2-t5",
      "begin" : 182,
      "end" : 183,
      "text" : "\"",
      "whiteSpace" : false
    }, {
      "id" : "s2-t6",
      "begin" : 183,
      "end" : 184,
      "text" : "}",
      "whiteSpace" : false
    } ]
  } ],
  "mentions" : [ {
    "id" : "s0-m1",
    "properties" : {
      "SIRE_MENTION_ROLE" : "Unemployed",
      "SIRE_ENTITY_SUBTYPE" : "NONE",
      "SIRE_MENTION_TYPE" : "NONE",
      "SIRE_MENTION_CLASS" : "SPC"
    },
    "type" : "Unemployed",
    "begin" : 15,
    "end" : 37,
    "inCoref" : false
  }, {
    "id" : "m1",
    "properties" : {
      "SIRE_MENTION_TYPE" : "NONE",
      "SIRE_MENTION_ROLE" : "Unemployed",
      "SIRE_MENTION_CLASS" : "SPC",
      "SIRE_ENTITY_SUBTYPE" : "NONE"
    },
    "type" : "Unemployed",
    "begin" : 145,
    "end" : 166,
    "inCoref" : false
  }, {
    "id" : "m2",
    "properties" : {
      "SIRE_MENTION_TYPE" : "NONE",
      "SIRE_MENTION_ROLE" : "Unemployed",
      "SIRE_MENTION_CLASS" : "SPC",
      "SIRE_ENTITY_SUBTYPE" : "NONE"
    },
    "type" : "Unemployed",
    "begin" : 169,
    "end" : 181,
    "inCoref" : false
  } ],
  "relations" : [ ],
  "corefs" : [ ],
  "typeResolved" : true,
  "userResolved" : false
}