{
  "id" : "c318d3f0-9420-11ea-8a2d-81b8af140d06-29",
  "name" : "nyc-doc-72.txt",
  "createdDate" : 0,
  "version" : 3,
  "text" : "{\"text\":\"I just got the renewal offer from my landlord and they’re of course trying to raise my rent again, by over 4%. I’ll try to get them to back off the increase, but if they don’t, then what? My lease is up in July. I’m either going to lose my job or get a severe reduction in salary by then. \\n\\nThoughts?\",\"author_fullname\":\"t2_9ixx2\",\"title\":\"Raising rents\"}\n",
  "docLength" : 0,
  "language" : "EN",
  "status" : "IN_PROGRESS",
  "modifiedDate" : 1589336018780,
  "documentSet" : [ ],
  "preannotation" : [ "PRE_LW" ],
  "sentences" : [ {
    "id" : "s0",
    "begin" : 0,
    "end" : 119,
    "text" : "{\"text\":\"I just got the renewal offer from my landlord and they’re of course trying to raise my rent again, by over 4%.",
    "tokens" : [ {
      "id" : "s0-t0",
      "begin" : 0,
      "end" : 1,
      "text" : "{",
      "whiteSpace" : false
    }, {
      "id" : "s0-t1",
      "begin" : 1,
      "end" : 2,
      "text" : "\"",
      "whiteSpace" : false
    }, {
      "id" : "s0-t2",
      "begin" : 2,
      "end" : 6,
      "text" : "text",
      "whiteSpace" : false
    }, {
      "id" : "s0-t3",
      "begin" : 6,
      "end" : 7,
      "text" : "\"",
      "whiteSpace" : false
    }, {
      "id" : "s0-t4",
      "begin" : 7,
      "end" : 8,
      "text" : ":",
      "whiteSpace" : false
    }, {
      "id" : "s0-t5",
      "begin" : 8,
      "end" : 9,
      "text" : "\"",
      "whiteSpace" : false
    }, {
      "id" : "s0-t6",
      "begin" : 9,
      "end" : 10,
      "text" : "I",
      "whiteSpace" : false
    }, {
      "id" : "s0-t7",
      "begin" : 11,
      "end" : 15,
      "text" : "just",
      "whiteSpace" : false
    }, {
      "id" : "s0-t8",
      "begin" : 16,
      "end" : 19,
      "text" : "got",
      "whiteSpace" : false
    }, {
      "id" : "s0-t9",
      "begin" : 20,
      "end" : 23,
      "text" : "the",
      "whiteSpace" : false
    }, {
      "id" : "s0-t10",
      "begin" : 24,
      "end" : 31,
      "text" : "renewal",
      "whiteSpace" : false
    }, {
      "id" : "s0-t11",
      "begin" : 32,
      "end" : 37,
      "text" : "offer",
      "whiteSpace" : false
    }, {
      "id" : "s0-t12",
      "begin" : 38,
      "end" : 42,
      "text" : "from",
      "whiteSpace" : false
    }, {
      "id" : "s0-t13",
      "begin" : 43,
      "end" : 45,
      "text" : "my",
      "whiteSpace" : false
    }, {
      "id" : "s0-t14",
      "begin" : 46,
      "end" : 54,
      "text" : "landlord",
      "whiteSpace" : false
    }, {
      "id" : "s0-t15",
      "begin" : 55,
      "end" : 58,
      "text" : "and",
      "whiteSpace" : false
    }, {
      "id" : "s0-t16",
      "begin" : 59,
      "end" : 63,
      "text" : "they",
      "whiteSpace" : false
    }, {
      "id" : "s0-t17",
      "begin" : 63,
      "end" : 66,
      "text" : "’re",
      "whiteSpace" : false
    }, {
      "id" : "s0-t18",
      "begin" : 67,
      "end" : 69,
      "text" : "of",
      "whiteSpace" : false
    }, {
      "id" : "s0-t19",
      "begin" : 70,
      "end" : 76,
      "text" : "course",
      "whiteSpace" : false
    }, {
      "id" : "s0-t20",
      "begin" : 77,
      "end" : 83,
      "text" : "trying",
      "whiteSpace" : false
    }, {
      "id" : "s0-t21",
      "begin" : 84,
      "end" : 86,
      "text" : "to",
      "whiteSpace" : false
    }, {
      "id" : "s0-t22",
      "begin" : 87,
      "end" : 92,
      "text" : "raise",
      "whiteSpace" : false
    }, {
      "id" : "s0-t23",
      "begin" : 93,
      "end" : 95,
      "text" : "my",
      "whiteSpace" : false
    }, {
      "id" : "s0-t24",
      "begin" : 96,
      "end" : 100,
      "text" : "rent",
      "whiteSpace" : false
    }, {
      "id" : "s0-t25",
      "begin" : 101,
      "end" : 106,
      "text" : "again",
      "whiteSpace" : false
    }, {
      "id" : "s0-t26",
      "begin" : 106,
      "end" : 107,
      "text" : ",",
      "whiteSpace" : false
    }, {
      "id" : "s0-t27",
      "begin" : 108,
      "end" : 110,
      "text" : "by",
      "whiteSpace" : false
    }, {
      "id" : "s0-t28",
      "begin" : 111,
      "end" : 115,
      "text" : "over",
      "whiteSpace" : false
    }, {
      "id" : "s0-t29",
      "begin" : 116,
      "end" : 117,
      "text" : "4",
      "whiteSpace" : false
    }, {
      "id" : "s0-t30",
      "begin" : 117,
      "end" : 118,
      "text" : "%",
      "whiteSpace" : false
    }, {
      "id" : "s0-t31",
      "begin" : 118,
      "end" : 119,
      "text" : ".",
      "whiteSpace" : false
    } ]
  }, {
    "id" : "s1",
    "begin" : 120,
    "end" : 196,
    "text" : "I’ll try to get them to back off the increase, but if they don’t, then what?",
    "tokens" : [ {
      "id" : "s1-t0",
      "begin" : 120,
      "end" : 121,
      "text" : "I",
      "whiteSpace" : false
    }, {
      "id" : "s1-t1",
      "begin" : 121,
      "end" : 124,
      "text" : "’ll",
      "whiteSpace" : false
    }, {
      "id" : "s1-t2",
      "begin" : 125,
      "end" : 128,
      "text" : "try",
      "whiteSpace" : false
    }, {
      "id" : "s1-t3",
      "begin" : 129,
      "end" : 131,
      "text" : "to",
      "whiteSpace" : false
    }, {
      "id" : "s1-t4",
      "begin" : 132,
      "end" : 135,
      "text" : "get",
      "whiteSpace" : false
    }, {
      "id" : "s1-t5",
      "begin" : 136,
      "end" : 140,
      "text" : "them",
      "whiteSpace" : false
    }, {
      "id" : "s1-t6",
      "begin" : 141,
      "end" : 143,
      "text" : "to",
      "whiteSpace" : false
    }, {
      "id" : "s1-t7",
      "begin" : 144,
      "end" : 148,
      "text" : "back",
      "whiteSpace" : false
    }, {
      "id" : "s1-t8",
      "begin" : 149,
      "end" : 152,
      "text" : "off",
      "whiteSpace" : false
    }, {
      "id" : "s1-t9",
      "begin" : 153,
      "end" : 156,
      "text" : "the",
      "whiteSpace" : false
    }, {
      "id" : "s1-t10",
      "begin" : 157,
      "end" : 165,
      "text" : "increase",
      "whiteSpace" : false
    }, {
      "id" : "s1-t11",
      "begin" : 165,
      "end" : 166,
      "text" : ",",
      "whiteSpace" : false
    }, {
      "id" : "s1-t12",
      "begin" : 167,
      "end" : 170,
      "text" : "but",
      "whiteSpace" : false
    }, {
      "id" : "s1-t13",
      "begin" : 171,
      "end" : 173,
      "text" : "if",
      "whiteSpace" : false
    }, {
      "id" : "s1-t14",
      "begin" : 174,
      "end" : 178,
      "text" : "they",
      "whiteSpace" : false
    }, {
      "id" : "s1-t15",
      "begin" : 179,
      "end" : 181,
      "text" : "do",
      "whiteSpace" : false
    }, {
      "id" : "s1-t16",
      "begin" : 181,
      "end" : 184,
      "text" : "n’t",
      "whiteSpace" : false
    }, {
      "id" : "s1-t17",
      "begin" : 184,
      "end" : 185,
      "text" : ",",
      "whiteSpace" : false
    }, {
      "id" : "s1-t18",
      "begin" : 186,
      "end" : 190,
      "text" : "then",
      "whiteSpace" : false
    }, {
      "id" : "s1-t19",
      "begin" : 191,
      "end" : 195,
      "text" : "what",
      "whiteSpace" : false
    }, {
      "id" : "s1-t20",
      "begin" : 195,
      "end" : 196,
      "text" : "?",
      "whiteSpace" : false
    } ]
  }, {
    "id" : "s2",
    "begin" : 197,
    "end" : 220,
    "text" : "My lease is up in July.",
    "tokens" : [ {
      "id" : "s2-t0",
      "begin" : 197,
      "end" : 199,
      "text" : "My",
      "whiteSpace" : false
    }, {
      "id" : "s2-t1",
      "begin" : 200,
      "end" : 205,
      "text" : "lease",
      "whiteSpace" : false
    }, {
      "id" : "s2-t2",
      "begin" : 206,
      "end" : 208,
      "text" : "is",
      "whiteSpace" : false
    }, {
      "id" : "s2-t3",
      "begin" : 209,
      "end" : 211,
      "text" : "up",
      "whiteSpace" : false
    }, {
      "id" : "s2-t4",
      "begin" : 212,
      "end" : 214,
      "text" : "in",
      "whiteSpace" : false
    }, {
      "id" : "s2-t5",
      "begin" : 215,
      "end" : 219,
      "text" : "July",
      "whiteSpace" : false
    }, {
      "id" : "s2-t6",
      "begin" : 219,
      "end" : 220,
      "text" : ".",
      "whiteSpace" : false
    } ]
  }, {
    "id" : "s3",
    "begin" : 221,
    "end" : 297,
    "text" : "I’m either going to lose my job or get a severe reduction in salary by then.",
    "tokens" : [ {
      "id" : "s3-t0",
      "begin" : 221,
      "end" : 222,
      "text" : "I",
      "whiteSpace" : false
    }, {
      "id" : "s3-t1",
      "begin" : 222,
      "end" : 224,
      "text" : "’m",
      "whiteSpace" : false
    }, {
      "id" : "s3-t2",
      "begin" : 225,
      "end" : 231,
      "text" : "either",
      "whiteSpace" : false
    }, {
      "id" : "s3-t3",
      "begin" : 232,
      "end" : 237,
      "text" : "going",
      "whiteSpace" : false
    }, {
      "id" : "s3-t4",
      "begin" : 238,
      "end" : 240,
      "text" : "to",
      "whiteSpace" : false
    }, {
      "id" : "s3-t5",
      "begin" : 241,
      "end" : 245,
      "text" : "lose",
      "whiteSpace" : false
    }, {
      "id" : "s3-t6",
      "begin" : 246,
      "end" : 248,
      "text" : "my",
      "whiteSpace" : false
    }, {
      "id" : "s3-t7",
      "begin" : 249,
      "end" : 252,
      "text" : "job",
      "whiteSpace" : false
    }, {
      "id" : "s3-t8",
      "begin" : 253,
      "end" : 255,
      "text" : "or",
      "whiteSpace" : false
    }, {
      "id" : "s3-t9",
      "begin" : 256,
      "end" : 259,
      "text" : "get",
      "whiteSpace" : false
    }, {
      "id" : "s3-t10",
      "begin" : 260,
      "end" : 261,
      "text" : "a",
      "whiteSpace" : false
    }, {
      "id" : "s3-t11",
      "begin" : 262,
      "end" : 268,
      "text" : "severe",
      "whiteSpace" : false
    }, {
      "id" : "s3-t12",
      "begin" : 269,
      "end" : 278,
      "text" : "reduction",
      "whiteSpace" : false
    }, {
      "id" : "s3-t13",
      "begin" : 279,
      "end" : 281,
      "text" : "in",
      "whiteSpace" : false
    }, {
      "id" : "s3-t14",
      "begin" : 282,
      "end" : 288,
      "text" : "salary",
      "whiteSpace" : false
    }, {
      "id" : "s3-t15",
      "begin" : 289,
      "end" : 291,
      "text" : "by",
      "whiteSpace" : false
    }, {
      "id" : "s3-t16",
      "begin" : 292,
      "end" : 296,
      "text" : "then",
      "whiteSpace" : false
    }, {
      "id" : "s3-t17",
      "begin" : 296,
      "end" : 297,
      "text" : ".",
      "whiteSpace" : false
    } ]
  }, {
    "id" : "s4",
    "begin" : 298,
    "end" : 311,
    "text" : "\\n\\nThoughts?",
    "tokens" : [ {
      "id" : "s4-t0",
      "begin" : 298,
      "end" : 310,
      "text" : "\\n\\nThoughts",
      "whiteSpace" : false
    }, {
      "id" : "s4-t1",
      "begin" : 310,
      "end" : 311,
      "text" : "?",
      "whiteSpace" : false
    } ]
  }, {
    "id" : "s5",
    "begin" : 311,
    "end" : 366,
    "text" : "\",\"author_fullname\":\"t2_9ixx2\",\"title\":\"Raising rents\"}",
    "tokens" : [ {
      "id" : "s5-t0",
      "begin" : 311,
      "end" : 312,
      "text" : "\"",
      "whiteSpace" : false
    }, {
      "id" : "s5-t1",
      "begin" : 312,
      "end" : 313,
      "text" : ",",
      "whiteSpace" : false
    }, {
      "id" : "s5-t2",
      "begin" : 313,
      "end" : 329,
      "text" : "\"author_fullname",
      "whiteSpace" : false
    }, {
      "id" : "s5-t3",
      "begin" : 329,
      "end" : 330,
      "text" : "\"",
      "whiteSpace" : false
    }, {
      "id" : "s5-t4",
      "begin" : 330,
      "end" : 331,
      "text" : ":",
      "whiteSpace" : false
    }, {
      "id" : "s5-t5",
      "begin" : 331,
      "end" : 340,
      "text" : "\"t2_9ixx2",
      "whiteSpace" : false
    }, {
      "id" : "s5-t6",
      "begin" : 340,
      "end" : 341,
      "text" : "\"",
      "whiteSpace" : false
    }, {
      "id" : "s5-t7",
      "begin" : 341,
      "end" : 342,
      "text" : ",",
      "whiteSpace" : false
    }, {
      "id" : "s5-t8",
      "begin" : 342,
      "end" : 348,
      "text" : "\"title",
      "whiteSpace" : false
    }, {
      "id" : "s5-t9",
      "begin" : 348,
      "end" : 349,
      "text" : "\"",
      "whiteSpace" : false
    }, {
      "id" : "s5-t10",
      "begin" : 349,
      "end" : 350,
      "text" : ":",
      "whiteSpace" : false
    }, {
      "id" : "s5-t11",
      "begin" : 350,
      "end" : 351,
      "text" : "\"",
      "whiteSpace" : false
    }, {
      "id" : "s5-t12",
      "begin" : 351,
      "end" : 358,
      "text" : "Raising",
      "whiteSpace" : false
    }, {
      "id" : "s5-t13",
      "begin" : 359,
      "end" : 364,
      "text" : "rents",
      "whiteSpace" : false
    }, {
      "id" : "s5-t14",
      "begin" : 364,
      "end" : 365,
      "text" : "\"",
      "whiteSpace" : false
    }, {
      "id" : "s5-t15",
      "begin" : 365,
      "end" : 366,
      "text" : "}",
      "whiteSpace" : false
    } ]
  } ],
  "mentions" : [ {
    "id" : "s0-m1",
    "properties" : {
      "SIRE_MENTION_ROLE" : "Apartment_Renter",
      "SIRE_ENTITY_SUBTYPE" : "NONE",
      "SIRE_MENTION_TYPE" : "NONE",
      "SIRE_MENTION_CLASS" : "SPC"
    },
    "type" : "Apartment_Renter",
    "begin" : 46,
    "end" : 54,
    "inCoref" : false
  }, {
    "id" : "s0-m2",
    "properties" : {
      "SIRE_MENTION_ROLE" : "Apartment_Renter",
      "SIRE_ENTITY_SUBTYPE" : "NONE",
      "SIRE_MENTION_TYPE" : "NONE",
      "SIRE_MENTION_CLASS" : "SPC"
    },
    "type" : "Apartment_Renter",
    "begin" : 96,
    "end" : 100,
    "inCoref" : false
  }, {
    "id" : "m1",
    "properties" : {
      "SIRE_MENTION_TYPE" : "NONE",
      "SIRE_MENTION_ROLE" : "Apartment_Renter",
      "SIRE_MENTION_CLASS" : "SPC",
      "SIRE_ENTITY_SUBTYPE" : "NONE"
    },
    "type" : "Apartment_Renter",
    "begin" : 200,
    "end" : 205,
    "inCoref" : false
  }, {
    "id" : "s3-m1",
    "properties" : {
      "SIRE_MENTION_ROLE" : "Hourly_Wage_Employment",
      "SIRE_ENTITY_SUBTYPE" : "NONE",
      "SIRE_MENTION_TYPE" : "NONE",
      "SIRE_MENTION_CLASS" : "SPC"
    },
    "type" : "Hourly_Wage_Employment",
    "begin" : 262,
    "end" : 288,
    "inCoref" : false
  } ],
  "relations" : [ ],
  "corefs" : [ ],
  "typeResolved" : true,
  "userResolved" : false
}