{
  "id" : "c318d3f0-9420-11ea-8a2d-81b8af140d06-80",
  "name" : "nyc-doc-21.txt",
  "createdDate" : 0,
  "version" : 3,
  "text" : "{\"text\":\"Honest question, hear me out.\\n\\nI was born in the city and while my mom had to move us to Jersey because rent here was too high, my family was always here and I identified as a New Yorker all my life before anything else. This spring marks six years out of college, and about four working full-time, and I still can't make enough to reasonably move out of living at home while still saving some income. Been trying to find a new job but even with experience I've found it tough to get offers with decent salaries and the atmosphere in the city feels more and more oppressive every day.\\n\\nI guess I'd like to get some other people's perspectives in this. I have a decent social life here but my boyfriend lives out of state in suburbia and I've been contemplating moving in with him. The change would be daunting but reports are consistent that more and more people are leaving the city and not enough are coming in to replace them. So what's the real feel gang?\\n\\nEdit: This post got a lot bigger than I expected so I won't have the time/energy to respond to everyone, but thanks for sharing your thoughts. I didn't think I would be the only one but I'm surprised how many have had the same thoughts and feelings. Makes me feel less alone. Hope you have a good week!\",\"author_fullname\":\"t2_2wpw8ea\",\"title\":\"Have any natives ever considered leaving?\"}\n",
  "docLength" : 0,
  "language" : "EN",
  "status" : "IN_PROGRESS",
  "modifiedDate" : 1589309405886,
  "documentSet" : [ ],
  "preannotation" : [ "PRE_LW" ],
  "sentences" : [ {
    "id" : "s0",
    "begin" : 0,
    "end" : 38,
    "text" : "{\"text\":\"Honest question, hear me out.",
    "tokens" : [ {
      "id" : "s0-t0",
      "begin" : 0,
      "end" : 1,
      "text" : "{",
      "whiteSpace" : false
    }, {
      "id" : "s0-t1",
      "begin" : 1,
      "end" : 2,
      "text" : "\"",
      "whiteSpace" : false
    }, {
      "id" : "s0-t2",
      "begin" : 2,
      "end" : 6,
      "text" : "text",
      "whiteSpace" : false
    }, {
      "id" : "s0-t3",
      "begin" : 6,
      "end" : 7,
      "text" : "\"",
      "whiteSpace" : false
    }, {
      "id" : "s0-t4",
      "begin" : 7,
      "end" : 8,
      "text" : ":",
      "whiteSpace" : false
    }, {
      "id" : "s0-t5",
      "begin" : 8,
      "end" : 9,
      "text" : "\"",
      "whiteSpace" : false
    }, {
      "id" : "s0-t6",
      "begin" : 9,
      "end" : 15,
      "text" : "Honest",
      "whiteSpace" : false
    }, {
      "id" : "s0-t7",
      "begin" : 16,
      "end" : 24,
      "text" : "question",
      "whiteSpace" : false
    }, {
      "id" : "s0-t8",
      "begin" : 24,
      "end" : 25,
      "text" : ",",
      "whiteSpace" : false
    }, {
      "id" : "s0-t9",
      "begin" : 26,
      "end" : 30,
      "text" : "hear",
      "whiteSpace" : false
    }, {
      "id" : "s0-t10",
      "begin" : 31,
      "end" : 33,
      "text" : "me",
      "whiteSpace" : false
    }, {
      "id" : "s0-t11",
      "begin" : 34,
      "end" : 37,
      "text" : "out",
      "whiteSpace" : false
    }, {
      "id" : "s0-t12",
      "begin" : 37,
      "end" : 38,
      "text" : ".",
      "whiteSpace" : false
    } ]
  }, {
    "id" : "s1",
    "begin" : 38,
    "end" : 231,
    "text" : "\\n\\nI was born in the city and while my mom had to move us to Jersey because rent here was too high, my family was always here and I identified as a New Yorker all my life before anything else.",
    "tokens" : [ {
      "id" : "s1-t0",
      "begin" : 38,
      "end" : 40,
      "text" : "\\n",
      "whiteSpace" : false
    }, {
      "id" : "s1-t1",
      "begin" : 40,
      "end" : 43,
      "text" : "\\nI",
      "whiteSpace" : false
    }, {
      "id" : "s1-t2",
      "begin" : 44,
      "end" : 47,
      "text" : "was",
      "whiteSpace" : false
    }, {
      "id" : "s1-t3",
      "begin" : 48,
      "end" : 52,
      "text" : "born",
      "whiteSpace" : false
    }, {
      "id" : "s1-t4",
      "begin" : 53,
      "end" : 55,
      "text" : "in",
      "whiteSpace" : false
    }, {
      "id" : "s1-t5",
      "begin" : 56,
      "end" : 59,
      "text" : "the",
      "whiteSpace" : false
    }, {
      "id" : "s1-t6",
      "begin" : 60,
      "end" : 64,
      "text" : "city",
      "whiteSpace" : false
    }, {
      "id" : "s1-t7",
      "begin" : 65,
      "end" : 68,
      "text" : "and",
      "whiteSpace" : false
    }, {
      "id" : "s1-t8",
      "begin" : 69,
      "end" : 74,
      "text" : "while",
      "whiteSpace" : false
    }, {
      "id" : "s1-t9",
      "begin" : 75,
      "end" : 77,
      "text" : "my",
      "whiteSpace" : false
    }, {
      "id" : "s1-t10",
      "begin" : 78,
      "end" : 81,
      "text" : "mom",
      "whiteSpace" : false
    }, {
      "id" : "s1-t11",
      "begin" : 82,
      "end" : 85,
      "text" : "had",
      "whiteSpace" : false
    }, {
      "id" : "s1-t12",
      "begin" : 86,
      "end" : 88,
      "text" : "to",
      "whiteSpace" : false
    }, {
      "id" : "s1-t13",
      "begin" : 89,
      "end" : 93,
      "text" : "move",
      "whiteSpace" : false
    }, {
      "id" : "s1-t14",
      "begin" : 94,
      "end" : 96,
      "text" : "us",
      "whiteSpace" : false
    }, {
      "id" : "s1-t15",
      "begin" : 97,
      "end" : 99,
      "text" : "to",
      "whiteSpace" : false
    }, {
      "id" : "s1-t16",
      "begin" : 100,
      "end" : 106,
      "text" : "Jersey",
      "whiteSpace" : false
    }, {
      "id" : "s1-t17",
      "begin" : 107,
      "end" : 114,
      "text" : "because",
      "whiteSpace" : false
    }, {
      "id" : "s1-t18",
      "begin" : 115,
      "end" : 119,
      "text" : "rent",
      "whiteSpace" : false
    }, {
      "id" : "s1-t19",
      "begin" : 120,
      "end" : 124,
      "text" : "here",
      "whiteSpace" : false
    }, {
      "id" : "s1-t20",
      "begin" : 125,
      "end" : 128,
      "text" : "was",
      "whiteSpace" : false
    }, {
      "id" : "s1-t21",
      "begin" : 129,
      "end" : 132,
      "text" : "too",
      "whiteSpace" : false
    }, {
      "id" : "s1-t22",
      "begin" : 133,
      "end" : 137,
      "text" : "high",
      "whiteSpace" : false
    }, {
      "id" : "s1-t23",
      "begin" : 137,
      "end" : 138,
      "text" : ",",
      "whiteSpace" : false
    }, {
      "id" : "s1-t24",
      "begin" : 139,
      "end" : 141,
      "text" : "my",
      "whiteSpace" : false
    }, {
      "id" : "s1-t25",
      "begin" : 142,
      "end" : 148,
      "text" : "family",
      "whiteSpace" : false
    }, {
      "id" : "s1-t26",
      "begin" : 149,
      "end" : 152,
      "text" : "was",
      "whiteSpace" : false
    }, {
      "id" : "s1-t27",
      "begin" : 153,
      "end" : 159,
      "text" : "always",
      "whiteSpace" : false
    }, {
      "id" : "s1-t28",
      "begin" : 160,
      "end" : 164,
      "text" : "here",
      "whiteSpace" : false
    }, {
      "id" : "s1-t29",
      "begin" : 165,
      "end" : 168,
      "text" : "and",
      "whiteSpace" : false
    }, {
      "id" : "s1-t30",
      "begin" : 169,
      "end" : 170,
      "text" : "I",
      "whiteSpace" : false
    }, {
      "id" : "s1-t31",
      "begin" : 171,
      "end" : 181,
      "text" : "identified",
      "whiteSpace" : false
    }, {
      "id" : "s1-t32",
      "begin" : 182,
      "end" : 184,
      "text" : "as",
      "whiteSpace" : false
    }, {
      "id" : "s1-t33",
      "begin" : 185,
      "end" : 186,
      "text" : "a",
      "whiteSpace" : false
    }, {
      "id" : "s1-t34",
      "begin" : 187,
      "end" : 190,
      "text" : "New",
      "whiteSpace" : false
    }, {
      "id" : "s1-t35",
      "begin" : 191,
      "end" : 197,
      "text" : "Yorker",
      "whiteSpace" : false
    }, {
      "id" : "s1-t36",
      "begin" : 198,
      "end" : 201,
      "text" : "all",
      "whiteSpace" : false
    }, {
      "id" : "s1-t37",
      "begin" : 202,
      "end" : 204,
      "text" : "my",
      "whiteSpace" : false
    }, {
      "id" : "s1-t38",
      "begin" : 205,
      "end" : 209,
      "text" : "life",
      "whiteSpace" : false
    }, {
      "id" : "s1-t39",
      "begin" : 210,
      "end" : 216,
      "text" : "before",
      "whiteSpace" : false
    }, {
      "id" : "s1-t40",
      "begin" : 217,
      "end" : 225,
      "text" : "anything",
      "whiteSpace" : false
    }, {
      "id" : "s1-t41",
      "begin" : 226,
      "end" : 230,
      "text" : "else",
      "whiteSpace" : false
    }, {
      "id" : "s1-t42",
      "begin" : 230,
      "end" : 231,
      "text" : ".",
      "whiteSpace" : false
    } ]
  }, {
    "id" : "s2",
    "begin" : 232,
    "end" : 412,
    "text" : "This spring marks six years out of college, and about four working full-time, and I still can't make enough to reasonably move out of living at home while still saving some income.",
    "tokens" : [ {
      "id" : "s2-t0",
      "begin" : 232,
      "end" : 236,
      "text" : "This",
      "whiteSpace" : false
    }, {
      "id" : "s2-t1",
      "begin" : 237,
      "end" : 243,
      "text" : "spring",
      "whiteSpace" : false
    }, {
      "id" : "s2-t2",
      "begin" : 244,
      "end" : 249,
      "text" : "marks",
      "whiteSpace" : false
    }, {
      "id" : "s2-t3",
      "begin" : 250,
      "end" : 253,
      "text" : "six",
      "whiteSpace" : false
    }, {
      "id" : "s2-t4",
      "begin" : 254,
      "end" : 259,
      "text" : "years",
      "whiteSpace" : false
    }, {
      "id" : "s2-t5",
      "begin" : 260,
      "end" : 263,
      "text" : "out",
      "whiteSpace" : false
    }, {
      "id" : "s2-t6",
      "begin" : 264,
      "end" : 266,
      "text" : "of",
      "whiteSpace" : false
    }, {
      "id" : "s2-t7",
      "begin" : 267,
      "end" : 274,
      "text" : "college",
      "whiteSpace" : false
    }, {
      "id" : "s2-t8",
      "begin" : 274,
      "end" : 275,
      "text" : ",",
      "whiteSpace" : false
    }, {
      "id" : "s2-t9",
      "begin" : 276,
      "end" : 279,
      "text" : "and",
      "whiteSpace" : false
    }, {
      "id" : "s2-t10",
      "begin" : 280,
      "end" : 285,
      "text" : "about",
      "whiteSpace" : false
    }, {
      "id" : "s2-t11",
      "begin" : 286,
      "end" : 290,
      "text" : "four",
      "whiteSpace" : false
    }, {
      "id" : "s2-t12",
      "begin" : 291,
      "end" : 298,
      "text" : "working",
      "whiteSpace" : false
    }, {
      "id" : "s2-t13",
      "begin" : 299,
      "end" : 303,
      "text" : "full",
      "whiteSpace" : false
    }, {
      "id" : "s2-t14",
      "begin" : 303,
      "end" : 304,
      "text" : "-",
      "whiteSpace" : false
    }, {
      "id" : "s2-t15",
      "begin" : 304,
      "end" : 308,
      "text" : "time",
      "whiteSpace" : false
    }, {
      "id" : "s2-t16",
      "begin" : 308,
      "end" : 309,
      "text" : ",",
      "whiteSpace" : false
    }, {
      "id" : "s2-t17",
      "begin" : 310,
      "end" : 313,
      "text" : "and",
      "whiteSpace" : false
    }, {
      "id" : "s2-t18",
      "begin" : 314,
      "end" : 315,
      "text" : "I",
      "whiteSpace" : false
    }, {
      "id" : "s2-t19",
      "begin" : 316,
      "end" : 321,
      "text" : "still",
      "whiteSpace" : false
    }, {
      "id" : "s2-t20",
      "begin" : 322,
      "end" : 324,
      "text" : "ca",
      "whiteSpace" : false
    }, {
      "id" : "s2-t21",
      "begin" : 324,
      "end" : 327,
      "text" : "n't",
      "whiteSpace" : false
    }, {
      "id" : "s2-t22",
      "begin" : 328,
      "end" : 332,
      "text" : "make",
      "whiteSpace" : false
    }, {
      "id" : "s2-t23",
      "begin" : 333,
      "end" : 339,
      "text" : "enough",
      "whiteSpace" : false
    }, {
      "id" : "s2-t24",
      "begin" : 340,
      "end" : 342,
      "text" : "to",
      "whiteSpace" : false
    }, {
      "id" : "s2-t25",
      "begin" : 343,
      "end" : 353,
      "text" : "reasonably",
      "whiteSpace" : false
    }, {
      "id" : "s2-t26",
      "begin" : 354,
      "end" : 358,
      "text" : "move",
      "whiteSpace" : false
    }, {
      "id" : "s2-t27",
      "begin" : 359,
      "end" : 362,
      "text" : "out",
      "whiteSpace" : false
    }, {
      "id" : "s2-t28",
      "begin" : 363,
      "end" : 365,
      "text" : "of",
      "whiteSpace" : false
    }, {
      "id" : "s2-t29",
      "begin" : 366,
      "end" : 372,
      "text" : "living",
      "whiteSpace" : false
    }, {
      "id" : "s2-t30",
      "begin" : 373,
      "end" : 375,
      "text" : "at",
      "whiteSpace" : false
    }, {
      "id" : "s2-t31",
      "begin" : 376,
      "end" : 380,
      "text" : "home",
      "whiteSpace" : false
    }, {
      "id" : "s2-t32",
      "begin" : 381,
      "end" : 386,
      "text" : "while",
      "whiteSpace" : false
    }, {
      "id" : "s2-t33",
      "begin" : 387,
      "end" : 392,
      "text" : "still",
      "whiteSpace" : false
    }, {
      "id" : "s2-t34",
      "begin" : 393,
      "end" : 399,
      "text" : "saving",
      "whiteSpace" : false
    }, {
      "id" : "s2-t35",
      "begin" : 400,
      "end" : 404,
      "text" : "some",
      "whiteSpace" : false
    }, {
      "id" : "s2-t36",
      "begin" : 405,
      "end" : 411,
      "text" : "income",
      "whiteSpace" : false
    }, {
      "id" : "s2-t37",
      "begin" : 411,
      "end" : 412,
      "text" : ".",
      "whiteSpace" : false
    } ]
  }, {
    "id" : "s3",
    "begin" : 413,
    "end" : 595,
    "text" : "Been trying to find a new job but even with experience I've found it tough to get offers with decent salaries and the atmosphere in the city feels more and more oppressive every day.",
    "tokens" : [ {
      "id" : "s3-t0",
      "begin" : 413,
      "end" : 417,
      "text" : "Been",
      "whiteSpace" : false
    }, {
      "id" : "s3-t1",
      "begin" : 418,
      "end" : 424,
      "text" : "trying",
      "whiteSpace" : false
    }, {
      "id" : "s3-t2",
      "begin" : 425,
      "end" : 427,
      "text" : "to",
      "whiteSpace" : false
    }, {
      "id" : "s3-t3",
      "begin" : 428,
      "end" : 432,
      "text" : "find",
      "whiteSpace" : false
    }, {
      "id" : "s3-t4",
      "begin" : 433,
      "end" : 434,
      "text" : "a",
      "whiteSpace" : false
    }, {
      "id" : "s3-t5",
      "begin" : 435,
      "end" : 438,
      "text" : "new",
      "whiteSpace" : false
    }, {
      "id" : "s3-t6",
      "begin" : 439,
      "end" : 442,
      "text" : "job",
      "whiteSpace" : false
    }, {
      "id" : "s3-t7",
      "begin" : 443,
      "end" : 446,
      "text" : "but",
      "whiteSpace" : false
    }, {
      "id" : "s3-t8",
      "begin" : 447,
      "end" : 451,
      "text" : "even",
      "whiteSpace" : false
    }, {
      "id" : "s3-t9",
      "begin" : 452,
      "end" : 456,
      "text" : "with",
      "whiteSpace" : false
    }, {
      "id" : "s3-t10",
      "begin" : 457,
      "end" : 467,
      "text" : "experience",
      "whiteSpace" : false
    }, {
      "id" : "s3-t11",
      "begin" : 468,
      "end" : 469,
      "text" : "I",
      "whiteSpace" : false
    }, {
      "id" : "s3-t12",
      "begin" : 469,
      "end" : 472,
      "text" : "'ve",
      "whiteSpace" : false
    }, {
      "id" : "s3-t13",
      "begin" : 473,
      "end" : 478,
      "text" : "found",
      "whiteSpace" : false
    }, {
      "id" : "s3-t14",
      "begin" : 479,
      "end" : 481,
      "text" : "it",
      "whiteSpace" : false
    }, {
      "id" : "s3-t15",
      "begin" : 482,
      "end" : 487,
      "text" : "tough",
      "whiteSpace" : false
    }, {
      "id" : "s3-t16",
      "begin" : 488,
      "end" : 490,
      "text" : "to",
      "whiteSpace" : false
    }, {
      "id" : "s3-t17",
      "begin" : 491,
      "end" : 494,
      "text" : "get",
      "whiteSpace" : false
    }, {
      "id" : "s3-t18",
      "begin" : 495,
      "end" : 501,
      "text" : "offers",
      "whiteSpace" : false
    }, {
      "id" : "s3-t19",
      "begin" : 502,
      "end" : 506,
      "text" : "with",
      "whiteSpace" : false
    }, {
      "id" : "s3-t20",
      "begin" : 507,
      "end" : 513,
      "text" : "decent",
      "whiteSpace" : false
    }, {
      "id" : "s3-t21",
      "begin" : 514,
      "end" : 522,
      "text" : "salaries",
      "whiteSpace" : false
    }, {
      "id" : "s3-t22",
      "begin" : 523,
      "end" : 526,
      "text" : "and",
      "whiteSpace" : false
    }, {
      "id" : "s3-t23",
      "begin" : 527,
      "end" : 530,
      "text" : "the",
      "whiteSpace" : false
    }, {
      "id" : "s3-t24",
      "begin" : 531,
      "end" : 541,
      "text" : "atmosphere",
      "whiteSpace" : false
    }, {
      "id" : "s3-t25",
      "begin" : 542,
      "end" : 544,
      "text" : "in",
      "whiteSpace" : false
    }, {
      "id" : "s3-t26",
      "begin" : 545,
      "end" : 548,
      "text" : "the",
      "whiteSpace" : false
    }, {
      "id" : "s3-t27",
      "begin" : 549,
      "end" : 553,
      "text" : "city",
      "whiteSpace" : false
    }, {
      "id" : "s3-t28",
      "begin" : 554,
      "end" : 559,
      "text" : "feels",
      "whiteSpace" : false
    }, {
      "id" : "s3-t29",
      "begin" : 560,
      "end" : 564,
      "text" : "more",
      "whiteSpace" : false
    }, {
      "id" : "s3-t30",
      "begin" : 565,
      "end" : 568,
      "text" : "and",
      "whiteSpace" : false
    }, {
      "id" : "s3-t31",
      "begin" : 569,
      "end" : 573,
      "text" : "more",
      "whiteSpace" : false
    }, {
      "id" : "s3-t32",
      "begin" : 574,
      "end" : 584,
      "text" : "oppressive",
      "whiteSpace" : false
    }, {
      "id" : "s3-t33",
      "begin" : 585,
      "end" : 590,
      "text" : "every",
      "whiteSpace" : false
    }, {
      "id" : "s3-t34",
      "begin" : 591,
      "end" : 594,
      "text" : "day",
      "whiteSpace" : false
    }, {
      "id" : "s3-t35",
      "begin" : 594,
      "end" : 595,
      "text" : ".",
      "whiteSpace" : false
    } ]
  }, {
    "id" : "s4",
    "begin" : 595,
    "end" : 664,
    "text" : "\\n\\nI guess I'd like to get some other people's perspectives in this.",
    "tokens" : [ {
      "id" : "s4-t0",
      "begin" : 595,
      "end" : 597,
      "text" : "\\n",
      "whiteSpace" : false
    }, {
      "id" : "s4-t1",
      "begin" : 597,
      "end" : 600,
      "text" : "\\nI",
      "whiteSpace" : false
    }, {
      "id" : "s4-t2",
      "begin" : 601,
      "end" : 606,
      "text" : "guess",
      "whiteSpace" : false
    }, {
      "id" : "s4-t3",
      "begin" : 607,
      "end" : 608,
      "text" : "I",
      "whiteSpace" : false
    }, {
      "id" : "s4-t4",
      "begin" : 608,
      "end" : 610,
      "text" : "'d",
      "whiteSpace" : false
    }, {
      "id" : "s4-t5",
      "begin" : 611,
      "end" : 615,
      "text" : "like",
      "whiteSpace" : false
    }, {
      "id" : "s4-t6",
      "begin" : 616,
      "end" : 618,
      "text" : "to",
      "whiteSpace" : false
    }, {
      "id" : "s4-t7",
      "begin" : 619,
      "end" : 622,
      "text" : "get",
      "whiteSpace" : false
    }, {
      "id" : "s4-t8",
      "begin" : 623,
      "end" : 627,
      "text" : "some",
      "whiteSpace" : false
    }, {
      "id" : "s4-t9",
      "begin" : 628,
      "end" : 633,
      "text" : "other",
      "whiteSpace" : false
    }, {
      "id" : "s4-t10",
      "begin" : 634,
      "end" : 640,
      "text" : "people",
      "whiteSpace" : false
    }, {
      "id" : "s4-t11",
      "begin" : 640,
      "end" : 642,
      "text" : "'s",
      "whiteSpace" : false
    }, {
      "id" : "s4-t12",
      "begin" : 643,
      "end" : 655,
      "text" : "perspectives",
      "whiteSpace" : false
    }, {
      "id" : "s4-t13",
      "begin" : 656,
      "end" : 658,
      "text" : "in",
      "whiteSpace" : false
    }, {
      "id" : "s4-t14",
      "begin" : 659,
      "end" : 663,
      "text" : "this",
      "whiteSpace" : false
    }, {
      "id" : "s4-t15",
      "begin" : 663,
      "end" : 664,
      "text" : ".",
      "whiteSpace" : false
    } ]
  }, {
    "id" : "s5",
    "begin" : 665,
    "end" : 793,
    "text" : "I have a decent social life here but my boyfriend lives out of state in suburbia and I've been contemplating moving in with him.",
    "tokens" : [ {
      "id" : "s5-t0",
      "begin" : 665,
      "end" : 666,
      "text" : "I",
      "whiteSpace" : false
    }, {
      "id" : "s5-t1",
      "begin" : 667,
      "end" : 671,
      "text" : "have",
      "whiteSpace" : false
    }, {
      "id" : "s5-t2",
      "begin" : 672,
      "end" : 673,
      "text" : "a",
      "whiteSpace" : false
    }, {
      "id" : "s5-t3",
      "begin" : 674,
      "end" : 680,
      "text" : "decent",
      "whiteSpace" : false
    }, {
      "id" : "s5-t4",
      "begin" : 681,
      "end" : 687,
      "text" : "social",
      "whiteSpace" : false
    }, {
      "id" : "s5-t5",
      "begin" : 688,
      "end" : 692,
      "text" : "life",
      "whiteSpace" : false
    }, {
      "id" : "s5-t6",
      "begin" : 693,
      "end" : 697,
      "text" : "here",
      "whiteSpace" : false
    }, {
      "id" : "s5-t7",
      "begin" : 698,
      "end" : 701,
      "text" : "but",
      "whiteSpace" : false
    }, {
      "id" : "s5-t8",
      "begin" : 702,
      "end" : 704,
      "text" : "my",
      "whiteSpace" : false
    }, {
      "id" : "s5-t9",
      "begin" : 705,
      "end" : 714,
      "text" : "boyfriend",
      "whiteSpace" : false
    }, {
      "id" : "s5-t10",
      "begin" : 715,
      "end" : 720,
      "text" : "lives",
      "whiteSpace" : false
    }, {
      "id" : "s5-t11",
      "begin" : 721,
      "end" : 724,
      "text" : "out",
      "whiteSpace" : false
    }, {
      "id" : "s5-t12",
      "begin" : 725,
      "end" : 727,
      "text" : "of",
      "whiteSpace" : false
    }, {
      "id" : "s5-t13",
      "begin" : 728,
      "end" : 733,
      "text" : "state",
      "whiteSpace" : false
    }, {
      "id" : "s5-t14",
      "begin" : 734,
      "end" : 736,
      "text" : "in",
      "whiteSpace" : false
    }, {
      "id" : "s5-t15",
      "begin" : 737,
      "end" : 745,
      "text" : "suburbia",
      "whiteSpace" : false
    }, {
      "id" : "s5-t16",
      "begin" : 746,
      "end" : 749,
      "text" : "and",
      "whiteSpace" : false
    }, {
      "id" : "s5-t17",
      "begin" : 750,
      "end" : 751,
      "text" : "I",
      "whiteSpace" : false
    }, {
      "id" : "s5-t18",
      "begin" : 751,
      "end" : 754,
      "text" : "'ve",
      "whiteSpace" : false
    }, {
      "id" : "s5-t19",
      "begin" : 755,
      "end" : 759,
      "text" : "been",
      "whiteSpace" : false
    }, {
      "id" : "s5-t20",
      "begin" : 760,
      "end" : 773,
      "text" : "contemplating",
      "whiteSpace" : false
    }, {
      "id" : "s5-t21",
      "begin" : 774,
      "end" : 780,
      "text" : "moving",
      "whiteSpace" : false
    }, {
      "id" : "s5-t22",
      "begin" : 781,
      "end" : 783,
      "text" : "in",
      "whiteSpace" : false
    }, {
      "id" : "s5-t23",
      "begin" : 784,
      "end" : 788,
      "text" : "with",
      "whiteSpace" : false
    }, {
      "id" : "s5-t24",
      "begin" : 789,
      "end" : 792,
      "text" : "him",
      "whiteSpace" : false
    }, {
      "id" : "s5-t25",
      "begin" : 792,
      "end" : 793,
      "text" : ".",
      "whiteSpace" : false
    } ]
  }, {
    "id" : "s6",
    "begin" : 794,
    "end" : 942,
    "text" : "The change would be daunting but reports are consistent that more and more people are leaving the city and not enough are coming in to replace them.",
    "tokens" : [ {
      "id" : "s6-t0",
      "begin" : 794,
      "end" : 797,
      "text" : "The",
      "whiteSpace" : false
    }, {
      "id" : "s6-t1",
      "begin" : 798,
      "end" : 804,
      "text" : "change",
      "whiteSpace" : false
    }, {
      "id" : "s6-t2",
      "begin" : 805,
      "end" : 810,
      "text" : "would",
      "whiteSpace" : false
    }, {
      "id" : "s6-t3",
      "begin" : 811,
      "end" : 813,
      "text" : "be",
      "whiteSpace" : false
    }, {
      "id" : "s6-t4",
      "begin" : 814,
      "end" : 822,
      "text" : "daunting",
      "whiteSpace" : false
    }, {
      "id" : "s6-t5",
      "begin" : 823,
      "end" : 826,
      "text" : "but",
      "whiteSpace" : false
    }, {
      "id" : "s6-t6",
      "begin" : 827,
      "end" : 834,
      "text" : "reports",
      "whiteSpace" : false
    }, {
      "id" : "s6-t7",
      "begin" : 835,
      "end" : 838,
      "text" : "are",
      "whiteSpace" : false
    }, {
      "id" : "s6-t8",
      "begin" : 839,
      "end" : 849,
      "text" : "consistent",
      "whiteSpace" : false
    }, {
      "id" : "s6-t9",
      "begin" : 850,
      "end" : 854,
      "text" : "that",
      "whiteSpace" : false
    }, {
      "id" : "s6-t10",
      "begin" : 855,
      "end" : 859,
      "text" : "more",
      "whiteSpace" : false
    }, {
      "id" : "s6-t11",
      "begin" : 860,
      "end" : 863,
      "text" : "and",
      "whiteSpace" : false
    }, {
      "id" : "s6-t12",
      "begin" : 864,
      "end" : 868,
      "text" : "more",
      "whiteSpace" : false
    }, {
      "id" : "s6-t13",
      "begin" : 869,
      "end" : 875,
      "text" : "people",
      "whiteSpace" : false
    }, {
      "id" : "s6-t14",
      "begin" : 876,
      "end" : 879,
      "text" : "are",
      "whiteSpace" : false
    }, {
      "id" : "s6-t15",
      "begin" : 880,
      "end" : 887,
      "text" : "leaving",
      "whiteSpace" : false
    }, {
      "id" : "s6-t16",
      "begin" : 888,
      "end" : 891,
      "text" : "the",
      "whiteSpace" : false
    }, {
      "id" : "s6-t17",
      "begin" : 892,
      "end" : 896,
      "text" : "city",
      "whiteSpace" : false
    }, {
      "id" : "s6-t18",
      "begin" : 897,
      "end" : 900,
      "text" : "and",
      "whiteSpace" : false
    }, {
      "id" : "s6-t19",
      "begin" : 901,
      "end" : 904,
      "text" : "not",
      "whiteSpace" : false
    }, {
      "id" : "s6-t20",
      "begin" : 905,
      "end" : 911,
      "text" : "enough",
      "whiteSpace" : false
    }, {
      "id" : "s6-t21",
      "begin" : 912,
      "end" : 915,
      "text" : "are",
      "whiteSpace" : false
    }, {
      "id" : "s6-t22",
      "begin" : 916,
      "end" : 922,
      "text" : "coming",
      "whiteSpace" : false
    }, {
      "id" : "s6-t23",
      "begin" : 923,
      "end" : 925,
      "text" : "in",
      "whiteSpace" : false
    }, {
      "id" : "s6-t24",
      "begin" : 926,
      "end" : 928,
      "text" : "to",
      "whiteSpace" : false
    }, {
      "id" : "s6-t25",
      "begin" : 929,
      "end" : 936,
      "text" : "replace",
      "whiteSpace" : false
    }, {
      "id" : "s6-t26",
      "begin" : 937,
      "end" : 941,
      "text" : "them",
      "whiteSpace" : false
    }, {
      "id" : "s6-t27",
      "begin" : 941,
      "end" : 942,
      "text" : ".",
      "whiteSpace" : false
    } ]
  }, {
    "id" : "s7",
    "begin" : 943,
    "end" : 972,
    "text" : "So what's the real feel gang?",
    "tokens" : [ {
      "id" : "s7-t0",
      "begin" : 943,
      "end" : 945,
      "text" : "So",
      "whiteSpace" : false
    }, {
      "id" : "s7-t1",
      "begin" : 946,
      "end" : 950,
      "text" : "what",
      "whiteSpace" : false
    }, {
      "id" : "s7-t2",
      "begin" : 950,
      "end" : 952,
      "text" : "'s",
      "whiteSpace" : false
    }, {
      "id" : "s7-t3",
      "begin" : 953,
      "end" : 956,
      "text" : "the",
      "whiteSpace" : false
    }, {
      "id" : "s7-t4",
      "begin" : 957,
      "end" : 961,
      "text" : "real",
      "whiteSpace" : false
    }, {
      "id" : "s7-t5",
      "begin" : 962,
      "end" : 966,
      "text" : "feel",
      "whiteSpace" : false
    }, {
      "id" : "s7-t6",
      "begin" : 967,
      "end" : 971,
      "text" : "gang",
      "whiteSpace" : false
    }, {
      "id" : "s7-t7",
      "begin" : 971,
      "end" : 972,
      "text" : "?",
      "whiteSpace" : false
    } ]
  }, {
    "id" : "s8",
    "begin" : 972,
    "end" : 1118,
    "text" : "\\n\\nEdit: This post got a lot bigger than I expected so I won't have the time/energy to respond to everyone, but thanks for sharing your thoughts.",
    "tokens" : [ {
      "id" : "s8-t0",
      "begin" : 972,
      "end" : 974,
      "text" : "\\n",
      "whiteSpace" : false
    }, {
      "id" : "s8-t1",
      "begin" : 974,
      "end" : 980,
      "text" : "\\nEdit",
      "whiteSpace" : false
    }, {
      "id" : "s8-t2",
      "begin" : 980,
      "end" : 981,
      "text" : ":",
      "whiteSpace" : false
    }, {
      "id" : "s8-t3",
      "begin" : 982,
      "end" : 986,
      "text" : "This",
      "whiteSpace" : false
    }, {
      "id" : "s8-t4",
      "begin" : 987,
      "end" : 991,
      "text" : "post",
      "whiteSpace" : false
    }, {
      "id" : "s8-t5",
      "begin" : 992,
      "end" : 995,
      "text" : "got",
      "whiteSpace" : false
    }, {
      "id" : "s8-t6",
      "begin" : 996,
      "end" : 997,
      "text" : "a",
      "whiteSpace" : false
    }, {
      "id" : "s8-t7",
      "begin" : 998,
      "end" : 1001,
      "text" : "lot",
      "whiteSpace" : false
    }, {
      "id" : "s8-t8",
      "begin" : 1002,
      "end" : 1008,
      "text" : "bigger",
      "whiteSpace" : false
    }, {
      "id" : "s8-t9",
      "begin" : 1009,
      "end" : 1013,
      "text" : "than",
      "whiteSpace" : false
    }, {
      "id" : "s8-t10",
      "begin" : 1014,
      "end" : 1015,
      "text" : "I",
      "whiteSpace" : false
    }, {
      "id" : "s8-t11",
      "begin" : 1016,
      "end" : 1024,
      "text" : "expected",
      "whiteSpace" : false
    }, {
      "id" : "s8-t12",
      "begin" : 1025,
      "end" : 1027,
      "text" : "so",
      "whiteSpace" : false
    }, {
      "id" : "s8-t13",
      "begin" : 1028,
      "end" : 1029,
      "text" : "I",
      "whiteSpace" : false
    }, {
      "id" : "s8-t14",
      "begin" : 1030,
      "end" : 1032,
      "text" : "wo",
      "whiteSpace" : false
    }, {
      "id" : "s8-t15",
      "begin" : 1032,
      "end" : 1035,
      "text" : "n't",
      "whiteSpace" : false
    }, {
      "id" : "s8-t16",
      "begin" : 1036,
      "end" : 1040,
      "text" : "have",
      "whiteSpace" : false
    }, {
      "id" : "s8-t17",
      "begin" : 1041,
      "end" : 1044,
      "text" : "the",
      "whiteSpace" : false
    }, {
      "id" : "s8-t18",
      "begin" : 1045,
      "end" : 1049,
      "text" : "time",
      "whiteSpace" : false
    }, {
      "id" : "s8-t19",
      "begin" : 1049,
      "end" : 1050,
      "text" : "/",
      "whiteSpace" : false
    }, {
      "id" : "s8-t20",
      "begin" : 1050,
      "end" : 1056,
      "text" : "energy",
      "whiteSpace" : false
    }, {
      "id" : "s8-t21",
      "begin" : 1057,
      "end" : 1059,
      "text" : "to",
      "whiteSpace" : false
    }, {
      "id" : "s8-t22",
      "begin" : 1060,
      "end" : 1067,
      "text" : "respond",
      "whiteSpace" : false
    }, {
      "id" : "s8-t23",
      "begin" : 1068,
      "end" : 1070,
      "text" : "to",
      "whiteSpace" : false
    }, {
      "id" : "s8-t24",
      "begin" : 1071,
      "end" : 1079,
      "text" : "everyone",
      "whiteSpace" : false
    }, {
      "id" : "s8-t25",
      "begin" : 1079,
      "end" : 1080,
      "text" : ",",
      "whiteSpace" : false
    }, {
      "id" : "s8-t26",
      "begin" : 1081,
      "end" : 1084,
      "text" : "but",
      "whiteSpace" : false
    }, {
      "id" : "s8-t27",
      "begin" : 1085,
      "end" : 1091,
      "text" : "thanks",
      "whiteSpace" : false
    }, {
      "id" : "s8-t28",
      "begin" : 1092,
      "end" : 1095,
      "text" : "for",
      "whiteSpace" : false
    }, {
      "id" : "s8-t29",
      "begin" : 1096,
      "end" : 1103,
      "text" : "sharing",
      "whiteSpace" : false
    }, {
      "id" : "s8-t30",
      "begin" : 1104,
      "end" : 1108,
      "text" : "your",
      "whiteSpace" : false
    }, {
      "id" : "s8-t31",
      "begin" : 1109,
      "end" : 1117,
      "text" : "thoughts",
      "whiteSpace" : false
    }, {
      "id" : "s8-t32",
      "begin" : 1117,
      "end" : 1118,
      "text" : ".",
      "whiteSpace" : false
    } ]
  }, {
    "id" : "s9",
    "begin" : 1119,
    "end" : 1225,
    "text" : "I didn't think I would be the only one but I'm surprised how many have had the same thoughts and feelings.",
    "tokens" : [ {
      "id" : "s9-t0",
      "begin" : 1119,
      "end" : 1120,
      "text" : "I",
      "whiteSpace" : false
    }, {
      "id" : "s9-t1",
      "begin" : 1121,
      "end" : 1124,
      "text" : "did",
      "whiteSpace" : false
    }, {
      "id" : "s9-t2",
      "begin" : 1124,
      "end" : 1127,
      "text" : "n't",
      "whiteSpace" : false
    }, {
      "id" : "s9-t3",
      "begin" : 1128,
      "end" : 1133,
      "text" : "think",
      "whiteSpace" : false
    }, {
      "id" : "s9-t4",
      "begin" : 1134,
      "end" : 1135,
      "text" : "I",
      "whiteSpace" : false
    }, {
      "id" : "s9-t5",
      "begin" : 1136,
      "end" : 1141,
      "text" : "would",
      "whiteSpace" : false
    }, {
      "id" : "s9-t6",
      "begin" : 1142,
      "end" : 1144,
      "text" : "be",
      "whiteSpace" : false
    }, {
      "id" : "s9-t7",
      "begin" : 1145,
      "end" : 1148,
      "text" : "the",
      "whiteSpace" : false
    }, {
      "id" : "s9-t8",
      "begin" : 1149,
      "end" : 1153,
      "text" : "only",
      "whiteSpace" : false
    }, {
      "id" : "s9-t9",
      "begin" : 1154,
      "end" : 1157,
      "text" : "one",
      "whiteSpace" : false
    }, {
      "id" : "s9-t10",
      "begin" : 1158,
      "end" : 1161,
      "text" : "but",
      "whiteSpace" : false
    }, {
      "id" : "s9-t11",
      "begin" : 1162,
      "end" : 1163,
      "text" : "I",
      "whiteSpace" : false
    }, {
      "id" : "s9-t12",
      "begin" : 1163,
      "end" : 1165,
      "text" : "'m",
      "whiteSpace" : false
    }, {
      "id" : "s9-t13",
      "begin" : 1166,
      "end" : 1175,
      "text" : "surprised",
      "whiteSpace" : false
    }, {
      "id" : "s9-t14",
      "begin" : 1176,
      "end" : 1179,
      "text" : "how",
      "whiteSpace" : false
    }, {
      "id" : "s9-t15",
      "begin" : 1180,
      "end" : 1184,
      "text" : "many",
      "whiteSpace" : false
    }, {
      "id" : "s9-t16",
      "begin" : 1185,
      "end" : 1189,
      "text" : "have",
      "whiteSpace" : false
    }, {
      "id" : "s9-t17",
      "begin" : 1190,
      "end" : 1193,
      "text" : "had",
      "whiteSpace" : false
    }, {
      "id" : "s9-t18",
      "begin" : 1194,
      "end" : 1197,
      "text" : "the",
      "whiteSpace" : false
    }, {
      "id" : "s9-t19",
      "begin" : 1198,
      "end" : 1202,
      "text" : "same",
      "whiteSpace" : false
    }, {
      "id" : "s9-t20",
      "begin" : 1203,
      "end" : 1211,
      "text" : "thoughts",
      "whiteSpace" : false
    }, {
      "id" : "s9-t21",
      "begin" : 1212,
      "end" : 1215,
      "text" : "and",
      "whiteSpace" : false
    }, {
      "id" : "s9-t22",
      "begin" : 1216,
      "end" : 1224,
      "text" : "feelings",
      "whiteSpace" : false
    }, {
      "id" : "s9-t23",
      "begin" : 1224,
      "end" : 1225,
      "text" : ".",
      "whiteSpace" : false
    } ]
  }, {
    "id" : "s10",
    "begin" : 1226,
    "end" : 1251,
    "text" : "Makes me feel less alone.",
    "tokens" : [ {
      "id" : "s10-t0",
      "begin" : 1226,
      "end" : 1231,
      "text" : "Makes",
      "whiteSpace" : false
    }, {
      "id" : "s10-t1",
      "begin" : 1232,
      "end" : 1234,
      "text" : "me",
      "whiteSpace" : false
    }, {
      "id" : "s10-t2",
      "begin" : 1235,
      "end" : 1239,
      "text" : "feel",
      "whiteSpace" : false
    }, {
      "id" : "s10-t3",
      "begin" : 1240,
      "end" : 1244,
      "text" : "less",
      "whiteSpace" : false
    }, {
      "id" : "s10-t4",
      "begin" : 1245,
      "end" : 1250,
      "text" : "alone",
      "whiteSpace" : false
    }, {
      "id" : "s10-t5",
      "begin" : 1250,
      "end" : 1251,
      "text" : ".",
      "whiteSpace" : false
    } ]
  }, {
    "id" : "s11",
    "begin" : 1252,
    "end" : 1278,
    "text" : "Hope you have a good week!",
    "tokens" : [ {
      "id" : "s11-t0",
      "begin" : 1252,
      "end" : 1256,
      "text" : "Hope",
      "whiteSpace" : false
    }, {
      "id" : "s11-t1",
      "begin" : 1257,
      "end" : 1260,
      "text" : "you",
      "whiteSpace" : false
    }, {
      "id" : "s11-t2",
      "begin" : 1261,
      "end" : 1265,
      "text" : "have",
      "whiteSpace" : false
    }, {
      "id" : "s11-t3",
      "begin" : 1266,
      "end" : 1267,
      "text" : "a",
      "whiteSpace" : false
    }, {
      "id" : "s11-t4",
      "begin" : 1268,
      "end" : 1272,
      "text" : "good",
      "whiteSpace" : false
    }, {
      "id" : "s11-t5",
      "begin" : 1273,
      "end" : 1277,
      "text" : "week",
      "whiteSpace" : false
    }, {
      "id" : "s11-t6",
      "begin" : 1277,
      "end" : 1278,
      "text" : "!",
      "whiteSpace" : false
    } ]
  }, {
    "id" : "s12",
    "begin" : 1278,
    "end" : 1361,
    "text" : "\",\"author_fullname\":\"t2_2wpw8ea\",\"title\":\"Have any natives ever considered leaving?",
    "tokens" : [ {
      "id" : "s12-t0",
      "begin" : 1278,
      "end" : 1279,
      "text" : "\"",
      "whiteSpace" : false
    }, {
      "id" : "s12-t1",
      "begin" : 1279,
      "end" : 1280,
      "text" : ",",
      "whiteSpace" : false
    }, {
      "id" : "s12-t2",
      "begin" : 1280,
      "end" : 1281,
      "text" : "\"",
      "whiteSpace" : false
    }, {
      "id" : "s12-t3",
      "begin" : 1281,
      "end" : 1296,
      "text" : "author_fullname",
      "whiteSpace" : false
    }, {
      "id" : "s12-t4",
      "begin" : 1296,
      "end" : 1297,
      "text" : "\"",
      "whiteSpace" : false
    }, {
      "id" : "s12-t5",
      "begin" : 1297,
      "end" : 1298,
      "text" : ":",
      "whiteSpace" : false
    }, {
      "id" : "s12-t6",
      "begin" : 1298,
      "end" : 1299,
      "text" : "\"",
      "whiteSpace" : false
    }, {
      "id" : "s12-t7",
      "begin" : 1299,
      "end" : 1309,
      "text" : "t2_2wpw8ea",
      "whiteSpace" : false
    }, {
      "id" : "s12-t8",
      "begin" : 1309,
      "end" : 1310,
      "text" : "\"",
      "whiteSpace" : false
    }, {
      "id" : "s12-t9",
      "begin" : 1310,
      "end" : 1311,
      "text" : ",",
      "whiteSpace" : false
    }, {
      "id" : "s12-t10",
      "begin" : 1311,
      "end" : 1312,
      "text" : "\"",
      "whiteSpace" : false
    }, {
      "id" : "s12-t11",
      "begin" : 1312,
      "end" : 1317,
      "text" : "title",
      "whiteSpace" : false
    }, {
      "id" : "s12-t12",
      "begin" : 1317,
      "end" : 1318,
      "text" : "\"",
      "whiteSpace" : false
    }, {
      "id" : "s12-t13",
      "begin" : 1318,
      "end" : 1319,
      "text" : ":",
      "whiteSpace" : false
    }, {
      "id" : "s12-t14",
      "begin" : 1319,
      "end" : 1320,
      "text" : "\"",
      "whiteSpace" : false
    }, {
      "id" : "s12-t15",
      "begin" : 1320,
      "end" : 1324,
      "text" : "Have",
      "whiteSpace" : false
    }, {
      "id" : "s12-t16",
      "begin" : 1325,
      "end" : 1328,
      "text" : "any",
      "whiteSpace" : false
    }, {
      "id" : "s12-t17",
      "begin" : 1329,
      "end" : 1336,
      "text" : "natives",
      "whiteSpace" : false
    }, {
      "id" : "s12-t18",
      "begin" : 1337,
      "end" : 1341,
      "text" : "ever",
      "whiteSpace" : false
    }, {
      "id" : "s12-t19",
      "begin" : 1342,
      "end" : 1352,
      "text" : "considered",
      "whiteSpace" : false
    }, {
      "id" : "s12-t20",
      "begin" : 1353,
      "end" : 1360,
      "text" : "leaving",
      "whiteSpace" : false
    }, {
      "id" : "s12-t21",
      "begin" : 1360,
      "end" : 1361,
      "text" : "?",
      "whiteSpace" : false
    } ]
  }, {
    "id" : "s13",
    "begin" : 1361,
    "end" : 1363,
    "text" : "\"}",
    "tokens" : [ {
      "id" : "s13-t0",
      "begin" : 1361,
      "end" : 1362,
      "text" : "\"",
      "whiteSpace" : false
    }, {
      "id" : "s13-t1",
      "begin" : 1362,
      "end" : 1363,
      "text" : "}",
      "whiteSpace" : false
    } ]
  } ],
  "mentions" : [ {
    "id" : "s1-m1",
    "properties" : {
      "SIRE_MENTION_ROLE" : "Apartment_Renter",
      "SIRE_ENTITY_SUBTYPE" : "NONE",
      "SIRE_MENTION_TYPE" : "NONE",
      "SIRE_MENTION_CLASS" : "SPC"
    },
    "type" : "Apartment_Renter",
    "begin" : 115,
    "end" : 119,
    "inCoref" : false
  }, {
    "id" : "s2-m1",
    "properties" : {
      "SIRE_MENTION_ROLE" : "Full_Time_Employment",
      "SIRE_ENTITY_SUBTYPE" : "NONE",
      "SIRE_MENTION_TYPE" : "NONE",
      "SIRE_MENTION_CLASS" : "SPC"
    },
    "type" : "Full_Time_Employment",
    "begin" : 291,
    "end" : 308,
    "inCoref" : false
  } ],
  "relations" : [ ],
  "corefs" : [ ],
  "typeResolved" : true,
  "userResolved" : false
}