{
  "id" : "c318d3f0-9420-11ea-8a2d-81b8af140d06-89",
  "name" : "nyc-doc-10.txt",
  "createdDate" : 0,
  "version" : 3,
  "text" : "{\"text\":\"Hey all,\\n\\nMy salary was recently cut by a fifth because of COVID-19. Am I able to file for partial unemployment or any other type of aid? It seems like there's so much misinformation out there, and I'm kind of feeling overwhelmed.\",\"author_fullname\":\"t2_1nybjk7e\",\"title\":\"My salary was cut by 20% because of COVID-19–Any aid?\"}\n",
  "docLength" : 0,
  "language" : "EN",
  "status" : "IN_PROGRESS",
  "modifiedDate" : 1589341848886,
  "documentSet" : [ ],
  "preannotation" : [ "PRE_LW" ],
  "sentences" : [ {
    "id" : "s0",
    "begin" : 0,
    "end" : 79,
    "text" : "{\"text\":\"Hey all,\\n\\nMy salary was recently cut by a fifth because of COVID-19.",
    "tokens" : [ {
      "id" : "s0-t0",
      "begin" : 0,
      "end" : 1,
      "text" : "{",
      "whiteSpace" : false
    }, {
      "id" : "s0-t1",
      "begin" : 1,
      "end" : 2,
      "text" : "\"",
      "whiteSpace" : false
    }, {
      "id" : "s0-t2",
      "begin" : 2,
      "end" : 6,
      "text" : "text",
      "whiteSpace" : false
    }, {
      "id" : "s0-t3",
      "begin" : 6,
      "end" : 7,
      "text" : "\"",
      "whiteSpace" : false
    }, {
      "id" : "s0-t4",
      "begin" : 7,
      "end" : 8,
      "text" : ":",
      "whiteSpace" : false
    }, {
      "id" : "s0-t5",
      "begin" : 8,
      "end" : 9,
      "text" : "\"",
      "whiteSpace" : false
    }, {
      "id" : "s0-t6",
      "begin" : 9,
      "end" : 12,
      "text" : "Hey",
      "whiteSpace" : false
    }, {
      "id" : "s0-t7",
      "begin" : 13,
      "end" : 16,
      "text" : "all",
      "whiteSpace" : false
    }, {
      "id" : "s0-t8",
      "begin" : 16,
      "end" : 17,
      "text" : ",",
      "whiteSpace" : false
    }, {
      "id" : "s0-t9",
      "begin" : 17,
      "end" : 19,
      "text" : "\\n",
      "whiteSpace" : false
    }, {
      "id" : "s0-t10",
      "begin" : 19,
      "end" : 23,
      "text" : "\\nMy",
      "whiteSpace" : false
    }, {
      "id" : "s0-t11",
      "begin" : 24,
      "end" : 30,
      "text" : "salary",
      "whiteSpace" : false
    }, {
      "id" : "s0-t12",
      "begin" : 31,
      "end" : 34,
      "text" : "was",
      "whiteSpace" : false
    }, {
      "id" : "s0-t13",
      "begin" : 35,
      "end" : 43,
      "text" : "recently",
      "whiteSpace" : false
    }, {
      "id" : "s0-t14",
      "begin" : 44,
      "end" : 47,
      "text" : "cut",
      "whiteSpace" : false
    }, {
      "id" : "s0-t15",
      "begin" : 48,
      "end" : 50,
      "text" : "by",
      "whiteSpace" : false
    }, {
      "id" : "s0-t16",
      "begin" : 51,
      "end" : 52,
      "text" : "a",
      "whiteSpace" : false
    }, {
      "id" : "s0-t17",
      "begin" : 53,
      "end" : 58,
      "text" : "fifth",
      "whiteSpace" : false
    }, {
      "id" : "s0-t18",
      "begin" : 59,
      "end" : 66,
      "text" : "because",
      "whiteSpace" : false
    }, {
      "id" : "s0-t19",
      "begin" : 67,
      "end" : 69,
      "text" : "of",
      "whiteSpace" : false
    }, {
      "id" : "s0-t20",
      "begin" : 70,
      "end" : 78,
      "text" : "COVID-19",
      "whiteSpace" : false
    }, {
      "id" : "s0-t21",
      "begin" : 78,
      "end" : 79,
      "text" : ".",
      "whiteSpace" : false
    } ]
  }, {
    "id" : "s1",
    "begin" : 80,
    "end" : 148,
    "text" : "Am I able to file for partial unemployment or any other type of aid?",
    "tokens" : [ {
      "id" : "s1-t0",
      "begin" : 80,
      "end" : 82,
      "text" : "Am",
      "whiteSpace" : false
    }, {
      "id" : "s1-t1",
      "begin" : 83,
      "end" : 84,
      "text" : "I",
      "whiteSpace" : false
    }, {
      "id" : "s1-t2",
      "begin" : 85,
      "end" : 89,
      "text" : "able",
      "whiteSpace" : false
    }, {
      "id" : "s1-t3",
      "begin" : 90,
      "end" : 92,
      "text" : "to",
      "whiteSpace" : false
    }, {
      "id" : "s1-t4",
      "begin" : 93,
      "end" : 97,
      "text" : "file",
      "whiteSpace" : false
    }, {
      "id" : "s1-t5",
      "begin" : 98,
      "end" : 101,
      "text" : "for",
      "whiteSpace" : false
    }, {
      "id" : "s1-t6",
      "begin" : 102,
      "end" : 109,
      "text" : "partial",
      "whiteSpace" : false
    }, {
      "id" : "s1-t7",
      "begin" : 110,
      "end" : 122,
      "text" : "unemployment",
      "whiteSpace" : false
    }, {
      "id" : "s1-t8",
      "begin" : 123,
      "end" : 125,
      "text" : "or",
      "whiteSpace" : false
    }, {
      "id" : "s1-t9",
      "begin" : 126,
      "end" : 129,
      "text" : "any",
      "whiteSpace" : false
    }, {
      "id" : "s1-t10",
      "begin" : 130,
      "end" : 135,
      "text" : "other",
      "whiteSpace" : false
    }, {
      "id" : "s1-t11",
      "begin" : 136,
      "end" : 140,
      "text" : "type",
      "whiteSpace" : false
    }, {
      "id" : "s1-t12",
      "begin" : 141,
      "end" : 143,
      "text" : "of",
      "whiteSpace" : false
    }, {
      "id" : "s1-t13",
      "begin" : 144,
      "end" : 147,
      "text" : "aid",
      "whiteSpace" : false
    }, {
      "id" : "s1-t14",
      "begin" : 147,
      "end" : 148,
      "text" : "?",
      "whiteSpace" : false
    } ]
  }, {
    "id" : "s2",
    "begin" : 149,
    "end" : 241,
    "text" : "It seems like there's so much misinformation out there, and I'm kind of feeling overwhelmed.",
    "tokens" : [ {
      "id" : "s2-t0",
      "begin" : 149,
      "end" : 151,
      "text" : "It",
      "whiteSpace" : false
    }, {
      "id" : "s2-t1",
      "begin" : 152,
      "end" : 157,
      "text" : "seems",
      "whiteSpace" : false
    }, {
      "id" : "s2-t2",
      "begin" : 158,
      "end" : 162,
      "text" : "like",
      "whiteSpace" : false
    }, {
      "id" : "s2-t3",
      "begin" : 163,
      "end" : 168,
      "text" : "there",
      "whiteSpace" : false
    }, {
      "id" : "s2-t4",
      "begin" : 168,
      "end" : 170,
      "text" : "'s",
      "whiteSpace" : false
    }, {
      "id" : "s2-t5",
      "begin" : 171,
      "end" : 173,
      "text" : "so",
      "whiteSpace" : false
    }, {
      "id" : "s2-t6",
      "begin" : 174,
      "end" : 178,
      "text" : "much",
      "whiteSpace" : false
    }, {
      "id" : "s2-t7",
      "begin" : 179,
      "end" : 193,
      "text" : "misinformation",
      "whiteSpace" : false
    }, {
      "id" : "s2-t8",
      "begin" : 194,
      "end" : 197,
      "text" : "out",
      "whiteSpace" : false
    }, {
      "id" : "s2-t9",
      "begin" : 198,
      "end" : 203,
      "text" : "there",
      "whiteSpace" : false
    }, {
      "id" : "s2-t10",
      "begin" : 203,
      "end" : 204,
      "text" : ",",
      "whiteSpace" : false
    }, {
      "id" : "s2-t11",
      "begin" : 205,
      "end" : 208,
      "text" : "and",
      "whiteSpace" : false
    }, {
      "id" : "s2-t12",
      "begin" : 209,
      "end" : 210,
      "text" : "I",
      "whiteSpace" : false
    }, {
      "id" : "s2-t13",
      "begin" : 210,
      "end" : 212,
      "text" : "'m",
      "whiteSpace" : false
    }, {
      "id" : "s2-t14",
      "begin" : 213,
      "end" : 217,
      "text" : "kind",
      "whiteSpace" : false
    }, {
      "id" : "s2-t15",
      "begin" : 218,
      "end" : 220,
      "text" : "of",
      "whiteSpace" : false
    }, {
      "id" : "s2-t16",
      "begin" : 221,
      "end" : 228,
      "text" : "feeling",
      "whiteSpace" : false
    }, {
      "id" : "s2-t17",
      "begin" : 229,
      "end" : 240,
      "text" : "overwhelmed",
      "whiteSpace" : false
    }, {
      "id" : "s2-t18",
      "begin" : 240,
      "end" : 241,
      "text" : ".",
      "whiteSpace" : false
    } ]
  }, {
    "id" : "s3",
    "begin" : 241,
    "end" : 337,
    "text" : "\",\"author_fullname\":\"t2_1nybjk7e\",\"title\":\"My salary was cut by 20% because of COVID-19–Any aid?",
    "tokens" : [ {
      "id" : "s3-t0",
      "begin" : 241,
      "end" : 242,
      "text" : "\"",
      "whiteSpace" : false
    }, {
      "id" : "s3-t1",
      "begin" : 242,
      "end" : 243,
      "text" : ",",
      "whiteSpace" : false
    }, {
      "id" : "s3-t2",
      "begin" : 243,
      "end" : 244,
      "text" : "\"",
      "whiteSpace" : false
    }, {
      "id" : "s3-t3",
      "begin" : 244,
      "end" : 259,
      "text" : "author_fullname",
      "whiteSpace" : false
    }, {
      "id" : "s3-t4",
      "begin" : 259,
      "end" : 260,
      "text" : "\"",
      "whiteSpace" : false
    }, {
      "id" : "s3-t5",
      "begin" : 260,
      "end" : 261,
      "text" : ":",
      "whiteSpace" : false
    }, {
      "id" : "s3-t6",
      "begin" : 261,
      "end" : 262,
      "text" : "\"",
      "whiteSpace" : false
    }, {
      "id" : "s3-t7",
      "begin" : 262,
      "end" : 273,
      "text" : "t2_1nybjk7e",
      "whiteSpace" : false
    }, {
      "id" : "s3-t8",
      "begin" : 273,
      "end" : 274,
      "text" : "\"",
      "whiteSpace" : false
    }, {
      "id" : "s3-t9",
      "begin" : 274,
      "end" : 275,
      "text" : ",",
      "whiteSpace" : false
    }, {
      "id" : "s3-t10",
      "begin" : 275,
      "end" : 276,
      "text" : "\"",
      "whiteSpace" : false
    }, {
      "id" : "s3-t11",
      "begin" : 276,
      "end" : 281,
      "text" : "title",
      "whiteSpace" : false
    }, {
      "id" : "s3-t12",
      "begin" : 281,
      "end" : 282,
      "text" : "\"",
      "whiteSpace" : false
    }, {
      "id" : "s3-t13",
      "begin" : 282,
      "end" : 283,
      "text" : ":",
      "whiteSpace" : false
    }, {
      "id" : "s3-t14",
      "begin" : 283,
      "end" : 284,
      "text" : "\"",
      "whiteSpace" : false
    }, {
      "id" : "s3-t15",
      "begin" : 284,
      "end" : 286,
      "text" : "My",
      "whiteSpace" : false
    }, {
      "id" : "s3-t16",
      "begin" : 287,
      "end" : 293,
      "text" : "salary",
      "whiteSpace" : false
    }, {
      "id" : "s3-t17",
      "begin" : 294,
      "end" : 297,
      "text" : "was",
      "whiteSpace" : false
    }, {
      "id" : "s3-t18",
      "begin" : 298,
      "end" : 301,
      "text" : "cut",
      "whiteSpace" : false
    }, {
      "id" : "s3-t19",
      "begin" : 302,
      "end" : 304,
      "text" : "by",
      "whiteSpace" : false
    }, {
      "id" : "s3-t20",
      "begin" : 305,
      "end" : 307,
      "text" : "20",
      "whiteSpace" : false
    }, {
      "id" : "s3-t21",
      "begin" : 307,
      "end" : 308,
      "text" : "%",
      "whiteSpace" : false
    }, {
      "id" : "s3-t22",
      "begin" : 309,
      "end" : 316,
      "text" : "because",
      "whiteSpace" : false
    }, {
      "id" : "s3-t23",
      "begin" : 317,
      "end" : 319,
      "text" : "of",
      "whiteSpace" : false
    }, {
      "id" : "s3-t24",
      "begin" : 320,
      "end" : 328,
      "text" : "COVID-19",
      "whiteSpace" : false
    }, {
      "id" : "s3-t25",
      "begin" : 328,
      "end" : 329,
      "text" : "–",
      "whiteSpace" : false
    }, {
      "id" : "s3-t26",
      "begin" : 329,
      "end" : 332,
      "text" : "Any",
      "whiteSpace" : false
    }, {
      "id" : "s3-t27",
      "begin" : 333,
      "end" : 336,
      "text" : "aid",
      "whiteSpace" : false
    }, {
      "id" : "s3-t28",
      "begin" : 336,
      "end" : 337,
      "text" : "?",
      "whiteSpace" : false
    } ]
  }, {
    "id" : "s4",
    "begin" : 337,
    "end" : 339,
    "text" : "\"}",
    "tokens" : [ {
      "id" : "s4-t0",
      "begin" : 337,
      "end" : 338,
      "text" : "\"",
      "whiteSpace" : false
    }, {
      "id" : "s4-t1",
      "begin" : 338,
      "end" : 339,
      "text" : "}",
      "whiteSpace" : false
    } ]
  } ],
  "mentions" : [ {
    "id" : "s0-m1",
    "properties" : {
      "SIRE_MENTION_ROLE" : "Full_Time_Employment",
      "SIRE_ENTITY_SUBTYPE" : "NONE",
      "SIRE_MENTION_TYPE" : "NONE",
      "SIRE_MENTION_CLASS" : "SPC"
    },
    "type" : "Full_Time_Employment",
    "begin" : 19,
    "end" : 58,
    "inCoref" : false
  }, {
    "id" : "s3-m1",
    "properties" : {
      "SIRE_MENTION_ROLE" : "Full_Time_Employment",
      "SIRE_ENTITY_SUBTYPE" : "NONE",
      "SIRE_MENTION_TYPE" : "NONE",
      "SIRE_MENTION_CLASS" : "SPC"
    },
    "type" : "Full_Time_Employment",
    "begin" : 284,
    "end" : 308,
    "inCoref" : false
  } ],
  "relations" : [ ],
  "corefs" : [ ],
  "typeResolved" : true,
  "userResolved" : false
}