{
  "id" : "c318d3f0-9420-11ea-8a2d-81b8af140d06-65",
  "name" : "nyc-doc-38.txt",
  "createdDate" : 0,
  "version" : 3,
  "text" : "{\"text\":\"So In 2017 I was on unemployment in NY. I had a Key2Benefits debit card.\\n\\nThis card expired in 2019.\\n\\nI just filed a claim a. few days ago. My payment history says payment released today April 21st 2020\\n\\nSeeing as how my card expired in 2019\\n\\nWill they be sending me a new debit card?\\n\\nShould I assume the card is already on it's way to me seeing as how the payment was released already?\\n\\nedit: IM not sure if I need to request one with Key Bank or if they will just send me one. The wait is 4 hours to speak to a representative.\\n\\nTHANKS for any help\",\"author_fullname\":\"t2_4it0xybi\",\"title\":\"NYS Unemployment. will I be receiving a new card?\"}\n",
  "docLength" : 0,
  "language" : "EN",
  "status" : "IN_PROGRESS",
  "modifiedDate" : 1589337671876,
  "documentSet" : [ ],
  "preannotation" : [ "PRE_LW" ],
  "sentences" : [ {
    "id" : "s0",
    "begin" : 0,
    "end" : 48,
    "text" : "{\"text\":\"So In 2017 I was on unemployment in NY.",
    "tokens" : [ {
      "id" : "s0-t0",
      "begin" : 0,
      "end" : 1,
      "text" : "{",
      "whiteSpace" : false
    }, {
      "id" : "s0-t1",
      "begin" : 1,
      "end" : 2,
      "text" : "\"",
      "whiteSpace" : false
    }, {
      "id" : "s0-t2",
      "begin" : 2,
      "end" : 6,
      "text" : "text",
      "whiteSpace" : false
    }, {
      "id" : "s0-t3",
      "begin" : 6,
      "end" : 7,
      "text" : "\"",
      "whiteSpace" : false
    }, {
      "id" : "s0-t4",
      "begin" : 7,
      "end" : 8,
      "text" : ":",
      "whiteSpace" : false
    }, {
      "id" : "s0-t5",
      "begin" : 8,
      "end" : 9,
      "text" : "\"",
      "whiteSpace" : false
    }, {
      "id" : "s0-t6",
      "begin" : 9,
      "end" : 11,
      "text" : "So",
      "whiteSpace" : false
    }, {
      "id" : "s0-t7",
      "begin" : 12,
      "end" : 14,
      "text" : "In",
      "whiteSpace" : false
    }, {
      "id" : "s0-t8",
      "begin" : 15,
      "end" : 19,
      "text" : "2017",
      "whiteSpace" : false
    }, {
      "id" : "s0-t9",
      "begin" : 20,
      "end" : 21,
      "text" : "I",
      "whiteSpace" : false
    }, {
      "id" : "s0-t10",
      "begin" : 22,
      "end" : 25,
      "text" : "was",
      "whiteSpace" : false
    }, {
      "id" : "s0-t11",
      "begin" : 26,
      "end" : 28,
      "text" : "on",
      "whiteSpace" : false
    }, {
      "id" : "s0-t12",
      "begin" : 29,
      "end" : 41,
      "text" : "unemployment",
      "whiteSpace" : false
    }, {
      "id" : "s0-t13",
      "begin" : 42,
      "end" : 44,
      "text" : "in",
      "whiteSpace" : false
    }, {
      "id" : "s0-t14",
      "begin" : 45,
      "end" : 47,
      "text" : "NY",
      "whiteSpace" : false
    }, {
      "id" : "s0-t15",
      "begin" : 47,
      "end" : 48,
      "text" : ".",
      "whiteSpace" : false
    } ]
  }, {
    "id" : "s1",
    "begin" : 49,
    "end" : 81,
    "text" : "I had a Key2Benefits debit card.",
    "tokens" : [ {
      "id" : "s1-t0",
      "begin" : 49,
      "end" : 50,
      "text" : "I",
      "whiteSpace" : false
    }, {
      "id" : "s1-t1",
      "begin" : 51,
      "end" : 54,
      "text" : "had",
      "whiteSpace" : false
    }, {
      "id" : "s1-t2",
      "begin" : 55,
      "end" : 56,
      "text" : "a",
      "whiteSpace" : false
    }, {
      "id" : "s1-t3",
      "begin" : 57,
      "end" : 69,
      "text" : "Key2Benefits",
      "whiteSpace" : false
    }, {
      "id" : "s1-t4",
      "begin" : 70,
      "end" : 75,
      "text" : "debit",
      "whiteSpace" : false
    }, {
      "id" : "s1-t5",
      "begin" : 76,
      "end" : 80,
      "text" : "card",
      "whiteSpace" : false
    }, {
      "id" : "s1-t6",
      "begin" : 80,
      "end" : 81,
      "text" : ".",
      "whiteSpace" : false
    } ]
  }, {
    "id" : "s2",
    "begin" : 81,
    "end" : 111,
    "text" : "\\n\\nThis card expired in 2019.",
    "tokens" : [ {
      "id" : "s2-t0",
      "begin" : 81,
      "end" : 83,
      "text" : "\\n",
      "whiteSpace" : false
    }, {
      "id" : "s2-t1",
      "begin" : 83,
      "end" : 89,
      "text" : "\\nThis",
      "whiteSpace" : false
    }, {
      "id" : "s2-t2",
      "begin" : 90,
      "end" : 94,
      "text" : "card",
      "whiteSpace" : false
    }, {
      "id" : "s2-t3",
      "begin" : 95,
      "end" : 102,
      "text" : "expired",
      "whiteSpace" : false
    }, {
      "id" : "s2-t4",
      "begin" : 103,
      "end" : 105,
      "text" : "in",
      "whiteSpace" : false
    }, {
      "id" : "s2-t5",
      "begin" : 106,
      "end" : 110,
      "text" : "2019",
      "whiteSpace" : false
    }, {
      "id" : "s2-t6",
      "begin" : 110,
      "end" : 111,
      "text" : ".",
      "whiteSpace" : false
    } ]
  }, {
    "id" : "s3",
    "begin" : 111,
    "end" : 138,
    "text" : "\\n\\nI just filed a claim a.",
    "tokens" : [ {
      "id" : "s3-t0",
      "begin" : 111,
      "end" : 113,
      "text" : "\\n",
      "whiteSpace" : false
    }, {
      "id" : "s3-t1",
      "begin" : 113,
      "end" : 116,
      "text" : "\\nI",
      "whiteSpace" : false
    }, {
      "id" : "s3-t2",
      "begin" : 117,
      "end" : 121,
      "text" : "just",
      "whiteSpace" : false
    }, {
      "id" : "s3-t3",
      "begin" : 122,
      "end" : 127,
      "text" : "filed",
      "whiteSpace" : false
    }, {
      "id" : "s3-t4",
      "begin" : 128,
      "end" : 129,
      "text" : "a",
      "whiteSpace" : false
    }, {
      "id" : "s3-t5",
      "begin" : 130,
      "end" : 135,
      "text" : "claim",
      "whiteSpace" : false
    }, {
      "id" : "s3-t6",
      "begin" : 136,
      "end" : 137,
      "text" : "a",
      "whiteSpace" : false
    }, {
      "id" : "s3-t7",
      "begin" : 137,
      "end" : 138,
      "text" : ".",
      "whiteSpace" : false
    } ]
  }, {
    "id" : "s4",
    "begin" : 139,
    "end" : 152,
    "text" : "few days ago.",
    "tokens" : [ {
      "id" : "s4-t0",
      "begin" : 139,
      "end" : 142,
      "text" : "few",
      "whiteSpace" : false
    }, {
      "id" : "s4-t1",
      "begin" : 143,
      "end" : 147,
      "text" : "days",
      "whiteSpace" : false
    }, {
      "id" : "s4-t2",
      "begin" : 148,
      "end" : 151,
      "text" : "ago",
      "whiteSpace" : false
    }, {
      "id" : "s4-t3",
      "begin" : 151,
      "end" : 152,
      "text" : ".",
      "whiteSpace" : false
    } ]
  }, {
    "id" : "s5",
    "begin" : 153,
    "end" : 301,
    "text" : "My payment history says payment released today April 21st 2020\\n\\nSeeing as how my card expired in 2019\\n\\nWill they be sending me a new debit card?",
    "tokens" : [ {
      "id" : "s5-t0",
      "begin" : 153,
      "end" : 155,
      "text" : "My",
      "whiteSpace" : false
    }, {
      "id" : "s5-t1",
      "begin" : 156,
      "end" : 163,
      "text" : "payment",
      "whiteSpace" : false
    }, {
      "id" : "s5-t2",
      "begin" : 164,
      "end" : 171,
      "text" : "history",
      "whiteSpace" : false
    }, {
      "id" : "s5-t3",
      "begin" : 172,
      "end" : 176,
      "text" : "says",
      "whiteSpace" : false
    }, {
      "id" : "s5-t4",
      "begin" : 177,
      "end" : 184,
      "text" : "payment",
      "whiteSpace" : false
    }, {
      "id" : "s5-t5",
      "begin" : 185,
      "end" : 193,
      "text" : "released",
      "whiteSpace" : false
    }, {
      "id" : "s5-t6",
      "begin" : 194,
      "end" : 199,
      "text" : "today",
      "whiteSpace" : false
    }, {
      "id" : "s5-t7",
      "begin" : 200,
      "end" : 205,
      "text" : "April",
      "whiteSpace" : false
    }, {
      "id" : "s5-t8",
      "begin" : 206,
      "end" : 210,
      "text" : "21st",
      "whiteSpace" : false
    }, {
      "id" : "s5-t9",
      "begin" : 211,
      "end" : 215,
      "text" : "2020",
      "whiteSpace" : false
    }, {
      "id" : "s5-t10",
      "begin" : 215,
      "end" : 217,
      "text" : "\\n",
      "whiteSpace" : false
    }, {
      "id" : "s5-t11",
      "begin" : 217,
      "end" : 225,
      "text" : "\\nSeeing",
      "whiteSpace" : false
    }, {
      "id" : "s5-t12",
      "begin" : 226,
      "end" : 228,
      "text" : "as",
      "whiteSpace" : false
    }, {
      "id" : "s5-t13",
      "begin" : 229,
      "end" : 232,
      "text" : "how",
      "whiteSpace" : false
    }, {
      "id" : "s5-t14",
      "begin" : 233,
      "end" : 235,
      "text" : "my",
      "whiteSpace" : false
    }, {
      "id" : "s5-t15",
      "begin" : 236,
      "end" : 240,
      "text" : "card",
      "whiteSpace" : false
    }, {
      "id" : "s5-t16",
      "begin" : 241,
      "end" : 248,
      "text" : "expired",
      "whiteSpace" : false
    }, {
      "id" : "s5-t17",
      "begin" : 249,
      "end" : 251,
      "text" : "in",
      "whiteSpace" : false
    }, {
      "id" : "s5-t18",
      "begin" : 252,
      "end" : 256,
      "text" : "2019",
      "whiteSpace" : false
    }, {
      "id" : "s5-t19",
      "begin" : 256,
      "end" : 258,
      "text" : "\\n",
      "whiteSpace" : false
    }, {
      "id" : "s5-t20",
      "begin" : 258,
      "end" : 264,
      "text" : "\\nWill",
      "whiteSpace" : false
    }, {
      "id" : "s5-t21",
      "begin" : 265,
      "end" : 269,
      "text" : "they",
      "whiteSpace" : false
    }, {
      "id" : "s5-t22",
      "begin" : 270,
      "end" : 272,
      "text" : "be",
      "whiteSpace" : false
    }, {
      "id" : "s5-t23",
      "begin" : 273,
      "end" : 280,
      "text" : "sending",
      "whiteSpace" : false
    }, {
      "id" : "s5-t24",
      "begin" : 281,
      "end" : 283,
      "text" : "me",
      "whiteSpace" : false
    }, {
      "id" : "s5-t25",
      "begin" : 284,
      "end" : 285,
      "text" : "a",
      "whiteSpace" : false
    }, {
      "id" : "s5-t26",
      "begin" : 286,
      "end" : 289,
      "text" : "new",
      "whiteSpace" : false
    }, {
      "id" : "s5-t27",
      "begin" : 290,
      "end" : 295,
      "text" : "debit",
      "whiteSpace" : false
    }, {
      "id" : "s5-t28",
      "begin" : 296,
      "end" : 300,
      "text" : "card",
      "whiteSpace" : false
    }, {
      "id" : "s5-t29",
      "begin" : 300,
      "end" : 301,
      "text" : "?",
      "whiteSpace" : false
    } ]
  }, {
    "id" : "s6",
    "begin" : 301,
    "end" : 406,
    "text" : "\\n\\nShould I assume the card is already on it's way to me seeing as how the payment was released already?",
    "tokens" : [ {
      "id" : "s6-t0",
      "begin" : 301,
      "end" : 303,
      "text" : "\\n",
      "whiteSpace" : false
    }, {
      "id" : "s6-t1",
      "begin" : 303,
      "end" : 311,
      "text" : "\\nShould",
      "whiteSpace" : false
    }, {
      "id" : "s6-t2",
      "begin" : 312,
      "end" : 313,
      "text" : "I",
      "whiteSpace" : false
    }, {
      "id" : "s6-t3",
      "begin" : 314,
      "end" : 320,
      "text" : "assume",
      "whiteSpace" : false
    }, {
      "id" : "s6-t4",
      "begin" : 321,
      "end" : 324,
      "text" : "the",
      "whiteSpace" : false
    }, {
      "id" : "s6-t5",
      "begin" : 325,
      "end" : 329,
      "text" : "card",
      "whiteSpace" : false
    }, {
      "id" : "s6-t6",
      "begin" : 330,
      "end" : 332,
      "text" : "is",
      "whiteSpace" : false
    }, {
      "id" : "s6-t7",
      "begin" : 333,
      "end" : 340,
      "text" : "already",
      "whiteSpace" : false
    }, {
      "id" : "s6-t8",
      "begin" : 341,
      "end" : 343,
      "text" : "on",
      "whiteSpace" : false
    }, {
      "id" : "s6-t9",
      "begin" : 344,
      "end" : 346,
      "text" : "it",
      "whiteSpace" : false
    }, {
      "id" : "s6-t10",
      "begin" : 346,
      "end" : 348,
      "text" : "'s",
      "whiteSpace" : false
    }, {
      "id" : "s6-t11",
      "begin" : 349,
      "end" : 352,
      "text" : "way",
      "whiteSpace" : false
    }, {
      "id" : "s6-t12",
      "begin" : 353,
      "end" : 355,
      "text" : "to",
      "whiteSpace" : false
    }, {
      "id" : "s6-t13",
      "begin" : 356,
      "end" : 358,
      "text" : "me",
      "whiteSpace" : false
    }, {
      "id" : "s6-t14",
      "begin" : 359,
      "end" : 365,
      "text" : "seeing",
      "whiteSpace" : false
    }, {
      "id" : "s6-t15",
      "begin" : 366,
      "end" : 368,
      "text" : "as",
      "whiteSpace" : false
    }, {
      "id" : "s6-t16",
      "begin" : 369,
      "end" : 372,
      "text" : "how",
      "whiteSpace" : false
    }, {
      "id" : "s6-t17",
      "begin" : 373,
      "end" : 376,
      "text" : "the",
      "whiteSpace" : false
    }, {
      "id" : "s6-t18",
      "begin" : 377,
      "end" : 384,
      "text" : "payment",
      "whiteSpace" : false
    }, {
      "id" : "s6-t19",
      "begin" : 385,
      "end" : 388,
      "text" : "was",
      "whiteSpace" : false
    }, {
      "id" : "s6-t20",
      "begin" : 389,
      "end" : 397,
      "text" : "released",
      "whiteSpace" : false
    }, {
      "id" : "s6-t21",
      "begin" : 398,
      "end" : 405,
      "text" : "already",
      "whiteSpace" : false
    }, {
      "id" : "s6-t22",
      "begin" : 405,
      "end" : 406,
      "text" : "?",
      "whiteSpace" : false
    } ]
  }, {
    "id" : "s7",
    "begin" : 406,
    "end" : 500,
    "text" : "\\n\\nedit: IM not sure if I need to request one with Key Bank or if they will just send me one.",
    "tokens" : [ {
      "id" : "s7-t0",
      "begin" : 406,
      "end" : 408,
      "text" : "\\n",
      "whiteSpace" : false
    }, {
      "id" : "s7-t1",
      "begin" : 408,
      "end" : 414,
      "text" : "\\nedit",
      "whiteSpace" : false
    }, {
      "id" : "s7-t2",
      "begin" : 414,
      "end" : 415,
      "text" : ":",
      "whiteSpace" : false
    }, {
      "id" : "s7-t3",
      "begin" : 416,
      "end" : 418,
      "text" : "IM",
      "whiteSpace" : false
    }, {
      "id" : "s7-t4",
      "begin" : 419,
      "end" : 422,
      "text" : "not",
      "whiteSpace" : false
    }, {
      "id" : "s7-t5",
      "begin" : 423,
      "end" : 427,
      "text" : "sure",
      "whiteSpace" : false
    }, {
      "id" : "s7-t6",
      "begin" : 428,
      "end" : 430,
      "text" : "if",
      "whiteSpace" : false
    }, {
      "id" : "s7-t7",
      "begin" : 431,
      "end" : 432,
      "text" : "I",
      "whiteSpace" : false
    }, {
      "id" : "s7-t8",
      "begin" : 433,
      "end" : 437,
      "text" : "need",
      "whiteSpace" : false
    }, {
      "id" : "s7-t9",
      "begin" : 438,
      "end" : 440,
      "text" : "to",
      "whiteSpace" : false
    }, {
      "id" : "s7-t10",
      "begin" : 441,
      "end" : 448,
      "text" : "request",
      "whiteSpace" : false
    }, {
      "id" : "s7-t11",
      "begin" : 449,
      "end" : 452,
      "text" : "one",
      "whiteSpace" : false
    }, {
      "id" : "s7-t12",
      "begin" : 453,
      "end" : 457,
      "text" : "with",
      "whiteSpace" : false
    }, {
      "id" : "s7-t13",
      "begin" : 458,
      "end" : 461,
      "text" : "Key",
      "whiteSpace" : false
    }, {
      "id" : "s7-t14",
      "begin" : 462,
      "end" : 466,
      "text" : "Bank",
      "whiteSpace" : false
    }, {
      "id" : "s7-t15",
      "begin" : 467,
      "end" : 469,
      "text" : "or",
      "whiteSpace" : false
    }, {
      "id" : "s7-t16",
      "begin" : 470,
      "end" : 472,
      "text" : "if",
      "whiteSpace" : false
    }, {
      "id" : "s7-t17",
      "begin" : 473,
      "end" : 477,
      "text" : "they",
      "whiteSpace" : false
    }, {
      "id" : "s7-t18",
      "begin" : 478,
      "end" : 482,
      "text" : "will",
      "whiteSpace" : false
    }, {
      "id" : "s7-t19",
      "begin" : 483,
      "end" : 487,
      "text" : "just",
      "whiteSpace" : false
    }, {
      "id" : "s7-t20",
      "begin" : 488,
      "end" : 492,
      "text" : "send",
      "whiteSpace" : false
    }, {
      "id" : "s7-t21",
      "begin" : 493,
      "end" : 495,
      "text" : "me",
      "whiteSpace" : false
    }, {
      "id" : "s7-t22",
      "begin" : 496,
      "end" : 499,
      "text" : "one",
      "whiteSpace" : false
    }, {
      "id" : "s7-t23",
      "begin" : 499,
      "end" : 500,
      "text" : ".",
      "whiteSpace" : false
    } ]
  }, {
    "id" : "s8",
    "begin" : 501,
    "end" : 550,
    "text" : "The wait is 4 hours to speak to a representative.",
    "tokens" : [ {
      "id" : "s8-t0",
      "begin" : 501,
      "end" : 504,
      "text" : "The",
      "whiteSpace" : false
    }, {
      "id" : "s8-t1",
      "begin" : 505,
      "end" : 509,
      "text" : "wait",
      "whiteSpace" : false
    }, {
      "id" : "s8-t2",
      "begin" : 510,
      "end" : 512,
      "text" : "is",
      "whiteSpace" : false
    }, {
      "id" : "s8-t3",
      "begin" : 513,
      "end" : 514,
      "text" : "4",
      "whiteSpace" : false
    }, {
      "id" : "s8-t4",
      "begin" : 515,
      "end" : 520,
      "text" : "hours",
      "whiteSpace" : false
    }, {
      "id" : "s8-t5",
      "begin" : 521,
      "end" : 523,
      "text" : "to",
      "whiteSpace" : false
    }, {
      "id" : "s8-t6",
      "begin" : 524,
      "end" : 529,
      "text" : "speak",
      "whiteSpace" : false
    }, {
      "id" : "s8-t7",
      "begin" : 530,
      "end" : 532,
      "text" : "to",
      "whiteSpace" : false
    }, {
      "id" : "s8-t8",
      "begin" : 533,
      "end" : 534,
      "text" : "a",
      "whiteSpace" : false
    }, {
      "id" : "s8-t9",
      "begin" : 535,
      "end" : 549,
      "text" : "representative",
      "whiteSpace" : false
    }, {
      "id" : "s8-t10",
      "begin" : 549,
      "end" : 550,
      "text" : ".",
      "whiteSpace" : false
    } ]
  }, {
    "id" : "s9",
    "begin" : 550,
    "end" : 633,
    "text" : "\\n\\nTHANKS for any help\",\"author_fullname\":\"t2_4it0xybi\",\"title\":\"NYS Unemployment.",
    "tokens" : [ {
      "id" : "s9-t0",
      "begin" : 550,
      "end" : 552,
      "text" : "\\n",
      "whiteSpace" : false
    }, {
      "id" : "s9-t1",
      "begin" : 552,
      "end" : 560,
      "text" : "\\nTHANKS",
      "whiteSpace" : false
    }, {
      "id" : "s9-t2",
      "begin" : 561,
      "end" : 564,
      "text" : "for",
      "whiteSpace" : false
    }, {
      "id" : "s9-t3",
      "begin" : 565,
      "end" : 568,
      "text" : "any",
      "whiteSpace" : false
    }, {
      "id" : "s9-t4",
      "begin" : 569,
      "end" : 573,
      "text" : "help",
      "whiteSpace" : false
    }, {
      "id" : "s9-t5",
      "begin" : 573,
      "end" : 574,
      "text" : "\"",
      "whiteSpace" : false
    }, {
      "id" : "s9-t6",
      "begin" : 574,
      "end" : 575,
      "text" : ",",
      "whiteSpace" : false
    }, {
      "id" : "s9-t7",
      "begin" : 575,
      "end" : 576,
      "text" : "\"",
      "whiteSpace" : false
    }, {
      "id" : "s9-t8",
      "begin" : 576,
      "end" : 591,
      "text" : "author_fullname",
      "whiteSpace" : false
    }, {
      "id" : "s9-t9",
      "begin" : 591,
      "end" : 592,
      "text" : "\"",
      "whiteSpace" : false
    }, {
      "id" : "s9-t10",
      "begin" : 592,
      "end" : 593,
      "text" : ":",
      "whiteSpace" : false
    }, {
      "id" : "s9-t11",
      "begin" : 593,
      "end" : 594,
      "text" : "\"",
      "whiteSpace" : false
    }, {
      "id" : "s9-t12",
      "begin" : 594,
      "end" : 605,
      "text" : "t2_4it0xybi",
      "whiteSpace" : false
    }, {
      "id" : "s9-t13",
      "begin" : 605,
      "end" : 606,
      "text" : "\"",
      "whiteSpace" : false
    }, {
      "id" : "s9-t14",
      "begin" : 606,
      "end" : 607,
      "text" : ",",
      "whiteSpace" : false
    }, {
      "id" : "s9-t15",
      "begin" : 607,
      "end" : 608,
      "text" : "\"",
      "whiteSpace" : false
    }, {
      "id" : "s9-t16",
      "begin" : 608,
      "end" : 613,
      "text" : "title",
      "whiteSpace" : false
    }, {
      "id" : "s9-t17",
      "begin" : 613,
      "end" : 614,
      "text" : "\"",
      "whiteSpace" : false
    }, {
      "id" : "s9-t18",
      "begin" : 614,
      "end" : 615,
      "text" : ":",
      "whiteSpace" : false
    }, {
      "id" : "s9-t19",
      "begin" : 615,
      "end" : 616,
      "text" : "\"",
      "whiteSpace" : false
    }, {
      "id" : "s9-t20",
      "begin" : 616,
      "end" : 619,
      "text" : "NYS",
      "whiteSpace" : false
    }, {
      "id" : "s9-t21",
      "begin" : 620,
      "end" : 632,
      "text" : "Unemployment",
      "whiteSpace" : false
    }, {
      "id" : "s9-t22",
      "begin" : 632,
      "end" : 633,
      "text" : ".",
      "whiteSpace" : false
    } ]
  }, {
    "id" : "s10",
    "begin" : 634,
    "end" : 665,
    "text" : "will I be receiving a new card?",
    "tokens" : [ {
      "id" : "s10-t0",
      "begin" : 634,
      "end" : 638,
      "text" : "will",
      "whiteSpace" : false
    }, {
      "id" : "s10-t1",
      "begin" : 639,
      "end" : 640,
      "text" : "I",
      "whiteSpace" : false
    }, {
      "id" : "s10-t2",
      "begin" : 641,
      "end" : 643,
      "text" : "be",
      "whiteSpace" : false
    }, {
      "id" : "s10-t3",
      "begin" : 644,
      "end" : 653,
      "text" : "receiving",
      "whiteSpace" : false
    }, {
      "id" : "s10-t4",
      "begin" : 654,
      "end" : 655,
      "text" : "a",
      "whiteSpace" : false
    }, {
      "id" : "s10-t5",
      "begin" : 656,
      "end" : 659,
      "text" : "new",
      "whiteSpace" : false
    }, {
      "id" : "s10-t6",
      "begin" : 660,
      "end" : 664,
      "text" : "card",
      "whiteSpace" : false
    }, {
      "id" : "s10-t7",
      "begin" : 664,
      "end" : 665,
      "text" : "?",
      "whiteSpace" : false
    } ]
  }, {
    "id" : "s11",
    "begin" : 665,
    "end" : 667,
    "text" : "\"}",
    "tokens" : [ {
      "id" : "s11-t0",
      "begin" : 665,
      "end" : 666,
      "text" : "\"",
      "whiteSpace" : false
    }, {
      "id" : "s11-t1",
      "begin" : 666,
      "end" : 667,
      "text" : "}",
      "whiteSpace" : false
    } ]
  } ],
  "mentions" : [ {
    "id" : "m1",
    "properties" : {
      "SIRE_MENTION_TYPE" : "NONE",
      "SIRE_MENTION_ROLE" : "Unemployed",
      "SIRE_MENTION_CLASS" : "SPC",
      "SIRE_ENTITY_SUBTYPE" : "NONE"
    },
    "type" : "Unemployed",
    "begin" : 29,
    "end" : 41,
    "inCoref" : false
  }, {
    "id" : "s3-m1",
    "properties" : {
      "SIRE_MENTION_ROLE" : "Unemployed",
      "SIRE_ENTITY_SUBTYPE" : "NONE",
      "SIRE_MENTION_TYPE" : "NONE",
      "SIRE_MENTION_CLASS" : "SPC"
    },
    "type" : "Unemployed",
    "begin" : 113,
    "end" : 135,
    "inCoref" : false
  }, {
    "id" : "m2",
    "properties" : {
      "SIRE_MENTION_TYPE" : "NONE",
      "SIRE_MENTION_ROLE" : "Unemployed",
      "SIRE_MENTION_CLASS" : "SPC",
      "SIRE_ENTITY_SUBTYPE" : "NONE"
    },
    "type" : "Unemployed",
    "begin" : 620,
    "end" : 632,
    "inCoref" : false
  } ],
  "relations" : [ ],
  "corefs" : [ ],
  "typeResolved" : true,
  "userResolved" : false
}