{
  "id" : "c318d3f0-9420-11ea-8a2d-81b8af140d06-51",
  "name" : "nyc-doc-50.txt",
  "createdDate" : 0,
  "version" : 3,
  "text" : "{\"text\":\"Hey everyone. 19 year old nyc college student here. So back when COVID-19 ramped up and began shutting workplaces down, I was furloughed from my sales associate job and told to file for unemployment. So I did. A little bit before the pandemic started, I started a another part time job (extremely part time). Though I got furloughed from my main part time job, the latter part time job allows me to work from home during this time. I only work once or twice a week with this job from home. I recently got a warning from unemployment about not reporting income. I did not report it due to the payment processing at this job being delayed due to the virus, but reported it when I got the warning. Am I still eligible to receive unemployment benefits as someone who was furloughed from one job but still working from home at another (as long as I report income and days worked)? I would think that since I was initially eligible for it I would still be, but the warning made me uneasy about claiming benefits. Unemployment and all the terms attached to it can get a little confusing and the last thing I want to do is make a mistake and get charged by the state for overpayment or mistakenly get charged with fraud.\",\"author_fullname\":\"t2_5ax9b89y\",\"title\":\"unemployment question\"}\n",
  "docLength" : 0,
  "language" : "EN",
  "status" : "IN_PROGRESS",
  "modifiedDate" : 1589336862223,
  "documentSet" : [ ],
  "preannotation" : [ "PRE_LW" ],
  "sentences" : [ {
    "id" : "s0",
    "begin" : 0,
    "end" : 22,
    "text" : "{\"text\":\"Hey everyone.",
    "tokens" : [ {
      "id" : "s0-t0",
      "begin" : 0,
      "end" : 1,
      "text" : "{",
      "whiteSpace" : false
    }, {
      "id" : "s0-t1",
      "begin" : 1,
      "end" : 2,
      "text" : "\"",
      "whiteSpace" : false
    }, {
      "id" : "s0-t2",
      "begin" : 2,
      "end" : 6,
      "text" : "text",
      "whiteSpace" : false
    }, {
      "id" : "s0-t3",
      "begin" : 6,
      "end" : 7,
      "text" : "\"",
      "whiteSpace" : false
    }, {
      "id" : "s0-t4",
      "begin" : 7,
      "end" : 8,
      "text" : ":",
      "whiteSpace" : false
    }, {
      "id" : "s0-t5",
      "begin" : 8,
      "end" : 9,
      "text" : "\"",
      "whiteSpace" : false
    }, {
      "id" : "s0-t6",
      "begin" : 9,
      "end" : 12,
      "text" : "Hey",
      "whiteSpace" : false
    }, {
      "id" : "s0-t7",
      "begin" : 13,
      "end" : 21,
      "text" : "everyone",
      "whiteSpace" : false
    }, {
      "id" : "s0-t8",
      "begin" : 21,
      "end" : 22,
      "text" : ".",
      "whiteSpace" : false
    } ]
  }, {
    "id" : "s1",
    "begin" : 23,
    "end" : 60,
    "text" : "19 year old nyc college student here.",
    "tokens" : [ {
      "id" : "s1-t0",
      "begin" : 23,
      "end" : 25,
      "text" : "19",
      "whiteSpace" : false
    }, {
      "id" : "s1-t1",
      "begin" : 26,
      "end" : 30,
      "text" : "year",
      "whiteSpace" : false
    }, {
      "id" : "s1-t2",
      "begin" : 31,
      "end" : 34,
      "text" : "old",
      "whiteSpace" : false
    }, {
      "id" : "s1-t3",
      "begin" : 35,
      "end" : 38,
      "text" : "nyc",
      "whiteSpace" : false
    }, {
      "id" : "s1-t4",
      "begin" : 39,
      "end" : 46,
      "text" : "college",
      "whiteSpace" : false
    }, {
      "id" : "s1-t5",
      "begin" : 47,
      "end" : 54,
      "text" : "student",
      "whiteSpace" : false
    }, {
      "id" : "s1-t6",
      "begin" : 55,
      "end" : 59,
      "text" : "here",
      "whiteSpace" : false
    }, {
      "id" : "s1-t7",
      "begin" : 59,
      "end" : 60,
      "text" : ".",
      "whiteSpace" : false
    } ]
  }, {
    "id" : "s2",
    "begin" : 61,
    "end" : 208,
    "text" : "So back when COVID-19 ramped up and began shutting workplaces down, I was furloughed from my sales associate job and told to file for unemployment.",
    "tokens" : [ {
      "id" : "s2-t0",
      "begin" : 61,
      "end" : 63,
      "text" : "So",
      "whiteSpace" : false
    }, {
      "id" : "s2-t1",
      "begin" : 64,
      "end" : 68,
      "text" : "back",
      "whiteSpace" : false
    }, {
      "id" : "s2-t2",
      "begin" : 69,
      "end" : 73,
      "text" : "when",
      "whiteSpace" : false
    }, {
      "id" : "s2-t3",
      "begin" : 74,
      "end" : 82,
      "text" : "COVID-19",
      "whiteSpace" : false
    }, {
      "id" : "s2-t4",
      "begin" : 83,
      "end" : 89,
      "text" : "ramped",
      "whiteSpace" : false
    }, {
      "id" : "s2-t5",
      "begin" : 90,
      "end" : 92,
      "text" : "up",
      "whiteSpace" : false
    }, {
      "id" : "s2-t6",
      "begin" : 93,
      "end" : 96,
      "text" : "and",
      "whiteSpace" : false
    }, {
      "id" : "s2-t7",
      "begin" : 97,
      "end" : 102,
      "text" : "began",
      "whiteSpace" : false
    }, {
      "id" : "s2-t8",
      "begin" : 103,
      "end" : 111,
      "text" : "shutting",
      "whiteSpace" : false
    }, {
      "id" : "s2-t9",
      "begin" : 112,
      "end" : 122,
      "text" : "workplaces",
      "whiteSpace" : false
    }, {
      "id" : "s2-t10",
      "begin" : 123,
      "end" : 127,
      "text" : "down",
      "whiteSpace" : false
    }, {
      "id" : "s2-t11",
      "begin" : 127,
      "end" : 128,
      "text" : ",",
      "whiteSpace" : false
    }, {
      "id" : "s2-t12",
      "begin" : 129,
      "end" : 130,
      "text" : "I",
      "whiteSpace" : false
    }, {
      "id" : "s2-t13",
      "begin" : 131,
      "end" : 134,
      "text" : "was",
      "whiteSpace" : false
    }, {
      "id" : "s2-t14",
      "begin" : 135,
      "end" : 145,
      "text" : "furloughed",
      "whiteSpace" : false
    }, {
      "id" : "s2-t15",
      "begin" : 146,
      "end" : 150,
      "text" : "from",
      "whiteSpace" : false
    }, {
      "id" : "s2-t16",
      "begin" : 151,
      "end" : 153,
      "text" : "my",
      "whiteSpace" : false
    }, {
      "id" : "s2-t17",
      "begin" : 154,
      "end" : 159,
      "text" : "sales",
      "whiteSpace" : false
    }, {
      "id" : "s2-t18",
      "begin" : 160,
      "end" : 169,
      "text" : "associate",
      "whiteSpace" : false
    }, {
      "id" : "s2-t19",
      "begin" : 170,
      "end" : 173,
      "text" : "job",
      "whiteSpace" : false
    }, {
      "id" : "s2-t20",
      "begin" : 174,
      "end" : 177,
      "text" : "and",
      "whiteSpace" : false
    }, {
      "id" : "s2-t21",
      "begin" : 178,
      "end" : 182,
      "text" : "told",
      "whiteSpace" : false
    }, {
      "id" : "s2-t22",
      "begin" : 183,
      "end" : 185,
      "text" : "to",
      "whiteSpace" : false
    }, {
      "id" : "s2-t23",
      "begin" : 186,
      "end" : 190,
      "text" : "file",
      "whiteSpace" : false
    }, {
      "id" : "s2-t24",
      "begin" : 191,
      "end" : 194,
      "text" : "for",
      "whiteSpace" : false
    }, {
      "id" : "s2-t25",
      "begin" : 195,
      "end" : 207,
      "text" : "unemployment",
      "whiteSpace" : false
    }, {
      "id" : "s2-t26",
      "begin" : 207,
      "end" : 208,
      "text" : ".",
      "whiteSpace" : false
    } ]
  }, {
    "id" : "s3",
    "begin" : 209,
    "end" : 218,
    "text" : "So I did.",
    "tokens" : [ {
      "id" : "s3-t0",
      "begin" : 209,
      "end" : 211,
      "text" : "So",
      "whiteSpace" : false
    }, {
      "id" : "s3-t1",
      "begin" : 212,
      "end" : 213,
      "text" : "I",
      "whiteSpace" : false
    }, {
      "id" : "s3-t2",
      "begin" : 214,
      "end" : 217,
      "text" : "did",
      "whiteSpace" : false
    }, {
      "id" : "s3-t3",
      "begin" : 217,
      "end" : 218,
      "text" : ".",
      "whiteSpace" : false
    } ]
  }, {
    "id" : "s4",
    "begin" : 219,
    "end" : 317,
    "text" : "A little bit before the pandemic started, I started a another part time job (extremely part time).",
    "tokens" : [ {
      "id" : "s4-t0",
      "begin" : 219,
      "end" : 220,
      "text" : "A",
      "whiteSpace" : false
    }, {
      "id" : "s4-t1",
      "begin" : 221,
      "end" : 227,
      "text" : "little",
      "whiteSpace" : false
    }, {
      "id" : "s4-t2",
      "begin" : 228,
      "end" : 231,
      "text" : "bit",
      "whiteSpace" : false
    }, {
      "id" : "s4-t3",
      "begin" : 232,
      "end" : 238,
      "text" : "before",
      "whiteSpace" : false
    }, {
      "id" : "s4-t4",
      "begin" : 239,
      "end" : 242,
      "text" : "the",
      "whiteSpace" : false
    }, {
      "id" : "s4-t5",
      "begin" : 243,
      "end" : 251,
      "text" : "pandemic",
      "whiteSpace" : false
    }, {
      "id" : "s4-t6",
      "begin" : 252,
      "end" : 259,
      "text" : "started",
      "whiteSpace" : false
    }, {
      "id" : "s4-t7",
      "begin" : 259,
      "end" : 260,
      "text" : ",",
      "whiteSpace" : false
    }, {
      "id" : "s4-t8",
      "begin" : 261,
      "end" : 262,
      "text" : "I",
      "whiteSpace" : false
    }, {
      "id" : "s4-t9",
      "begin" : 263,
      "end" : 270,
      "text" : "started",
      "whiteSpace" : false
    }, {
      "id" : "s4-t10",
      "begin" : 271,
      "end" : 272,
      "text" : "a",
      "whiteSpace" : false
    }, {
      "id" : "s4-t11",
      "begin" : 273,
      "end" : 280,
      "text" : "another",
      "whiteSpace" : false
    }, {
      "id" : "s4-t12",
      "begin" : 281,
      "end" : 285,
      "text" : "part",
      "whiteSpace" : false
    }, {
      "id" : "s4-t13",
      "begin" : 286,
      "end" : 290,
      "text" : "time",
      "whiteSpace" : false
    }, {
      "id" : "s4-t14",
      "begin" : 291,
      "end" : 294,
      "text" : "job",
      "whiteSpace" : false
    }, {
      "id" : "s4-t15",
      "begin" : 295,
      "end" : 296,
      "text" : "(",
      "whiteSpace" : false
    }, {
      "id" : "s4-t16",
      "begin" : 296,
      "end" : 305,
      "text" : "extremely",
      "whiteSpace" : false
    }, {
      "id" : "s4-t17",
      "begin" : 306,
      "end" : 310,
      "text" : "part",
      "whiteSpace" : false
    }, {
      "id" : "s4-t18",
      "begin" : 311,
      "end" : 315,
      "text" : "time",
      "whiteSpace" : false
    }, {
      "id" : "s4-t19",
      "begin" : 315,
      "end" : 316,
      "text" : ")",
      "whiteSpace" : false
    }, {
      "id" : "s4-t20",
      "begin" : 316,
      "end" : 317,
      "text" : ".",
      "whiteSpace" : false
    } ]
  }, {
    "id" : "s5",
    "begin" : 318,
    "end" : 440,
    "text" : "Though I got furloughed from my main part time job, the latter part time job allows me to work from home during this time.",
    "tokens" : [ {
      "id" : "s5-t0",
      "begin" : 318,
      "end" : 324,
      "text" : "Though",
      "whiteSpace" : false
    }, {
      "id" : "s5-t1",
      "begin" : 325,
      "end" : 326,
      "text" : "I",
      "whiteSpace" : false
    }, {
      "id" : "s5-t2",
      "begin" : 327,
      "end" : 330,
      "text" : "got",
      "whiteSpace" : false
    }, {
      "id" : "s5-t3",
      "begin" : 331,
      "end" : 341,
      "text" : "furloughed",
      "whiteSpace" : false
    }, {
      "id" : "s5-t4",
      "begin" : 342,
      "end" : 346,
      "text" : "from",
      "whiteSpace" : false
    }, {
      "id" : "s5-t5",
      "begin" : 347,
      "end" : 349,
      "text" : "my",
      "whiteSpace" : false
    }, {
      "id" : "s5-t6",
      "begin" : 350,
      "end" : 354,
      "text" : "main",
      "whiteSpace" : false
    }, {
      "id" : "s5-t7",
      "begin" : 355,
      "end" : 359,
      "text" : "part",
      "whiteSpace" : false
    }, {
      "id" : "s5-t8",
      "begin" : 360,
      "end" : 364,
      "text" : "time",
      "whiteSpace" : false
    }, {
      "id" : "s5-t9",
      "begin" : 365,
      "end" : 368,
      "text" : "job",
      "whiteSpace" : false
    }, {
      "id" : "s5-t10",
      "begin" : 368,
      "end" : 369,
      "text" : ",",
      "whiteSpace" : false
    }, {
      "id" : "s5-t11",
      "begin" : 370,
      "end" : 373,
      "text" : "the",
      "whiteSpace" : false
    }, {
      "id" : "s5-t12",
      "begin" : 374,
      "end" : 380,
      "text" : "latter",
      "whiteSpace" : false
    }, {
      "id" : "s5-t13",
      "begin" : 381,
      "end" : 385,
      "text" : "part",
      "whiteSpace" : false
    }, {
      "id" : "s5-t14",
      "begin" : 386,
      "end" : 390,
      "text" : "time",
      "whiteSpace" : false
    }, {
      "id" : "s5-t15",
      "begin" : 391,
      "end" : 394,
      "text" : "job",
      "whiteSpace" : false
    }, {
      "id" : "s5-t16",
      "begin" : 395,
      "end" : 401,
      "text" : "allows",
      "whiteSpace" : false
    }, {
      "id" : "s5-t17",
      "begin" : 402,
      "end" : 404,
      "text" : "me",
      "whiteSpace" : false
    }, {
      "id" : "s5-t18",
      "begin" : 405,
      "end" : 407,
      "text" : "to",
      "whiteSpace" : false
    }, {
      "id" : "s5-t19",
      "begin" : 408,
      "end" : 412,
      "text" : "work",
      "whiteSpace" : false
    }, {
      "id" : "s5-t20",
      "begin" : 413,
      "end" : 417,
      "text" : "from",
      "whiteSpace" : false
    }, {
      "id" : "s5-t21",
      "begin" : 418,
      "end" : 422,
      "text" : "home",
      "whiteSpace" : false
    }, {
      "id" : "s5-t22",
      "begin" : 423,
      "end" : 429,
      "text" : "during",
      "whiteSpace" : false
    }, {
      "id" : "s5-t23",
      "begin" : 430,
      "end" : 434,
      "text" : "this",
      "whiteSpace" : false
    }, {
      "id" : "s5-t24",
      "begin" : 435,
      "end" : 439,
      "text" : "time",
      "whiteSpace" : false
    }, {
      "id" : "s5-t25",
      "begin" : 439,
      "end" : 440,
      "text" : ".",
      "whiteSpace" : false
    } ]
  }, {
    "id" : "s6",
    "begin" : 441,
    "end" : 498,
    "text" : "I only work once or twice a week with this job from home.",
    "tokens" : [ {
      "id" : "s6-t0",
      "begin" : 441,
      "end" : 442,
      "text" : "I",
      "whiteSpace" : false
    }, {
      "id" : "s6-t1",
      "begin" : 443,
      "end" : 447,
      "text" : "only",
      "whiteSpace" : false
    }, {
      "id" : "s6-t2",
      "begin" : 448,
      "end" : 452,
      "text" : "work",
      "whiteSpace" : false
    }, {
      "id" : "s6-t3",
      "begin" : 453,
      "end" : 457,
      "text" : "once",
      "whiteSpace" : false
    }, {
      "id" : "s6-t4",
      "begin" : 458,
      "end" : 460,
      "text" : "or",
      "whiteSpace" : false
    }, {
      "id" : "s6-t5",
      "begin" : 461,
      "end" : 466,
      "text" : "twice",
      "whiteSpace" : false
    }, {
      "id" : "s6-t6",
      "begin" : 467,
      "end" : 468,
      "text" : "a",
      "whiteSpace" : false
    }, {
      "id" : "s6-t7",
      "begin" : 469,
      "end" : 473,
      "text" : "week",
      "whiteSpace" : false
    }, {
      "id" : "s6-t8",
      "begin" : 474,
      "end" : 478,
      "text" : "with",
      "whiteSpace" : false
    }, {
      "id" : "s6-t9",
      "begin" : 479,
      "end" : 483,
      "text" : "this",
      "whiteSpace" : false
    }, {
      "id" : "s6-t10",
      "begin" : 484,
      "end" : 487,
      "text" : "job",
      "whiteSpace" : false
    }, {
      "id" : "s6-t11",
      "begin" : 488,
      "end" : 492,
      "text" : "from",
      "whiteSpace" : false
    }, {
      "id" : "s6-t12",
      "begin" : 493,
      "end" : 497,
      "text" : "home",
      "whiteSpace" : false
    }, {
      "id" : "s6-t13",
      "begin" : 497,
      "end" : 498,
      "text" : ".",
      "whiteSpace" : false
    } ]
  }, {
    "id" : "s7",
    "begin" : 499,
    "end" : 569,
    "text" : "I recently got a warning from unemployment about not reporting income.",
    "tokens" : [ {
      "id" : "s7-t0",
      "begin" : 499,
      "end" : 500,
      "text" : "I",
      "whiteSpace" : false
    }, {
      "id" : "s7-t1",
      "begin" : 501,
      "end" : 509,
      "text" : "recently",
      "whiteSpace" : false
    }, {
      "id" : "s7-t2",
      "begin" : 510,
      "end" : 513,
      "text" : "got",
      "whiteSpace" : false
    }, {
      "id" : "s7-t3",
      "begin" : 514,
      "end" : 515,
      "text" : "a",
      "whiteSpace" : false
    }, {
      "id" : "s7-t4",
      "begin" : 516,
      "end" : 523,
      "text" : "warning",
      "whiteSpace" : false
    }, {
      "id" : "s7-t5",
      "begin" : 524,
      "end" : 528,
      "text" : "from",
      "whiteSpace" : false
    }, {
      "id" : "s7-t6",
      "begin" : 529,
      "end" : 541,
      "text" : "unemployment",
      "whiteSpace" : false
    }, {
      "id" : "s7-t7",
      "begin" : 542,
      "end" : 547,
      "text" : "about",
      "whiteSpace" : false
    }, {
      "id" : "s7-t8",
      "begin" : 548,
      "end" : 551,
      "text" : "not",
      "whiteSpace" : false
    }, {
      "id" : "s7-t9",
      "begin" : 552,
      "end" : 561,
      "text" : "reporting",
      "whiteSpace" : false
    }, {
      "id" : "s7-t10",
      "begin" : 562,
      "end" : 568,
      "text" : "income",
      "whiteSpace" : false
    }, {
      "id" : "s7-t11",
      "begin" : 568,
      "end" : 569,
      "text" : ".",
      "whiteSpace" : false
    } ]
  }, {
    "id" : "s8",
    "begin" : 570,
    "end" : 703,
    "text" : "I did not report it due to the payment processing at this job being delayed due to the virus, but reported it when I got the warning.",
    "tokens" : [ {
      "id" : "s8-t0",
      "begin" : 570,
      "end" : 571,
      "text" : "I",
      "whiteSpace" : false
    }, {
      "id" : "s8-t1",
      "begin" : 572,
      "end" : 575,
      "text" : "did",
      "whiteSpace" : false
    }, {
      "id" : "s8-t2",
      "begin" : 576,
      "end" : 579,
      "text" : "not",
      "whiteSpace" : false
    }, {
      "id" : "s8-t3",
      "begin" : 580,
      "end" : 586,
      "text" : "report",
      "whiteSpace" : false
    }, {
      "id" : "s8-t4",
      "begin" : 587,
      "end" : 589,
      "text" : "it",
      "whiteSpace" : false
    }, {
      "id" : "s8-t5",
      "begin" : 590,
      "end" : 593,
      "text" : "due",
      "whiteSpace" : false
    }, {
      "id" : "s8-t6",
      "begin" : 594,
      "end" : 596,
      "text" : "to",
      "whiteSpace" : false
    }, {
      "id" : "s8-t7",
      "begin" : 597,
      "end" : 600,
      "text" : "the",
      "whiteSpace" : false
    }, {
      "id" : "s8-t8",
      "begin" : 601,
      "end" : 608,
      "text" : "payment",
      "whiteSpace" : false
    }, {
      "id" : "s8-t9",
      "begin" : 609,
      "end" : 619,
      "text" : "processing",
      "whiteSpace" : false
    }, {
      "id" : "s8-t10",
      "begin" : 620,
      "end" : 622,
      "text" : "at",
      "whiteSpace" : false
    }, {
      "id" : "s8-t11",
      "begin" : 623,
      "end" : 627,
      "text" : "this",
      "whiteSpace" : false
    }, {
      "id" : "s8-t12",
      "begin" : 628,
      "end" : 631,
      "text" : "job",
      "whiteSpace" : false
    }, {
      "id" : "s8-t13",
      "begin" : 632,
      "end" : 637,
      "text" : "being",
      "whiteSpace" : false
    }, {
      "id" : "s8-t14",
      "begin" : 638,
      "end" : 645,
      "text" : "delayed",
      "whiteSpace" : false
    }, {
      "id" : "s8-t15",
      "begin" : 646,
      "end" : 649,
      "text" : "due",
      "whiteSpace" : false
    }, {
      "id" : "s8-t16",
      "begin" : 650,
      "end" : 652,
      "text" : "to",
      "whiteSpace" : false
    }, {
      "id" : "s8-t17",
      "begin" : 653,
      "end" : 656,
      "text" : "the",
      "whiteSpace" : false
    }, {
      "id" : "s8-t18",
      "begin" : 657,
      "end" : 662,
      "text" : "virus",
      "whiteSpace" : false
    }, {
      "id" : "s8-t19",
      "begin" : 662,
      "end" : 663,
      "text" : ",",
      "whiteSpace" : false
    }, {
      "id" : "s8-t20",
      "begin" : 664,
      "end" : 667,
      "text" : "but",
      "whiteSpace" : false
    }, {
      "id" : "s8-t21",
      "begin" : 668,
      "end" : 676,
      "text" : "reported",
      "whiteSpace" : false
    }, {
      "id" : "s8-t22",
      "begin" : 677,
      "end" : 679,
      "text" : "it",
      "whiteSpace" : false
    }, {
      "id" : "s8-t23",
      "begin" : 680,
      "end" : 684,
      "text" : "when",
      "whiteSpace" : false
    }, {
      "id" : "s8-t24",
      "begin" : 685,
      "end" : 686,
      "text" : "I",
      "whiteSpace" : false
    }, {
      "id" : "s8-t25",
      "begin" : 687,
      "end" : 690,
      "text" : "got",
      "whiteSpace" : false
    }, {
      "id" : "s8-t26",
      "begin" : 691,
      "end" : 694,
      "text" : "the",
      "whiteSpace" : false
    }, {
      "id" : "s8-t27",
      "begin" : 695,
      "end" : 702,
      "text" : "warning",
      "whiteSpace" : false
    }, {
      "id" : "s8-t28",
      "begin" : 702,
      "end" : 703,
      "text" : ".",
      "whiteSpace" : false
    } ]
  }, {
    "id" : "s9",
    "begin" : 704,
    "end" : 884,
    "text" : "Am I still eligible to receive unemployment benefits as someone who was furloughed from one job but still working from home at another (as long as I report income and days worked)?",
    "tokens" : [ {
      "id" : "s9-t0",
      "begin" : 704,
      "end" : 706,
      "text" : "Am",
      "whiteSpace" : false
    }, {
      "id" : "s9-t1",
      "begin" : 707,
      "end" : 708,
      "text" : "I",
      "whiteSpace" : false
    }, {
      "id" : "s9-t2",
      "begin" : 709,
      "end" : 714,
      "text" : "still",
      "whiteSpace" : false
    }, {
      "id" : "s9-t3",
      "begin" : 715,
      "end" : 723,
      "text" : "eligible",
      "whiteSpace" : false
    }, {
      "id" : "s9-t4",
      "begin" : 724,
      "end" : 726,
      "text" : "to",
      "whiteSpace" : false
    }, {
      "id" : "s9-t5",
      "begin" : 727,
      "end" : 734,
      "text" : "receive",
      "whiteSpace" : false
    }, {
      "id" : "s9-t6",
      "begin" : 735,
      "end" : 747,
      "text" : "unemployment",
      "whiteSpace" : false
    }, {
      "id" : "s9-t7",
      "begin" : 748,
      "end" : 756,
      "text" : "benefits",
      "whiteSpace" : false
    }, {
      "id" : "s9-t8",
      "begin" : 757,
      "end" : 759,
      "text" : "as",
      "whiteSpace" : false
    }, {
      "id" : "s9-t9",
      "begin" : 760,
      "end" : 767,
      "text" : "someone",
      "whiteSpace" : false
    }, {
      "id" : "s9-t10",
      "begin" : 768,
      "end" : 771,
      "text" : "who",
      "whiteSpace" : false
    }, {
      "id" : "s9-t11",
      "begin" : 772,
      "end" : 775,
      "text" : "was",
      "whiteSpace" : false
    }, {
      "id" : "s9-t12",
      "begin" : 776,
      "end" : 786,
      "text" : "furloughed",
      "whiteSpace" : false
    }, {
      "id" : "s9-t13",
      "begin" : 787,
      "end" : 791,
      "text" : "from",
      "whiteSpace" : false
    }, {
      "id" : "s9-t14",
      "begin" : 792,
      "end" : 795,
      "text" : "one",
      "whiteSpace" : false
    }, {
      "id" : "s9-t15",
      "begin" : 796,
      "end" : 799,
      "text" : "job",
      "whiteSpace" : false
    }, {
      "id" : "s9-t16",
      "begin" : 800,
      "end" : 803,
      "text" : "but",
      "whiteSpace" : false
    }, {
      "id" : "s9-t17",
      "begin" : 804,
      "end" : 809,
      "text" : "still",
      "whiteSpace" : false
    }, {
      "id" : "s9-t18",
      "begin" : 810,
      "end" : 817,
      "text" : "working",
      "whiteSpace" : false
    }, {
      "id" : "s9-t19",
      "begin" : 818,
      "end" : 822,
      "text" : "from",
      "whiteSpace" : false
    }, {
      "id" : "s9-t20",
      "begin" : 823,
      "end" : 827,
      "text" : "home",
      "whiteSpace" : false
    }, {
      "id" : "s9-t21",
      "begin" : 828,
      "end" : 830,
      "text" : "at",
      "whiteSpace" : false
    }, {
      "id" : "s9-t22",
      "begin" : 831,
      "end" : 838,
      "text" : "another",
      "whiteSpace" : false
    }, {
      "id" : "s9-t23",
      "begin" : 839,
      "end" : 840,
      "text" : "(",
      "whiteSpace" : false
    }, {
      "id" : "s9-t24",
      "begin" : 840,
      "end" : 842,
      "text" : "as",
      "whiteSpace" : false
    }, {
      "id" : "s9-t25",
      "begin" : 843,
      "end" : 847,
      "text" : "long",
      "whiteSpace" : false
    }, {
      "id" : "s9-t26",
      "begin" : 848,
      "end" : 850,
      "text" : "as",
      "whiteSpace" : false
    }, {
      "id" : "s9-t27",
      "begin" : 851,
      "end" : 852,
      "text" : "I",
      "whiteSpace" : false
    }, {
      "id" : "s9-t28",
      "begin" : 853,
      "end" : 859,
      "text" : "report",
      "whiteSpace" : false
    }, {
      "id" : "s9-t29",
      "begin" : 860,
      "end" : 866,
      "text" : "income",
      "whiteSpace" : false
    }, {
      "id" : "s9-t30",
      "begin" : 867,
      "end" : 870,
      "text" : "and",
      "whiteSpace" : false
    }, {
      "id" : "s9-t31",
      "begin" : 871,
      "end" : 875,
      "text" : "days",
      "whiteSpace" : false
    }, {
      "id" : "s9-t32",
      "begin" : 876,
      "end" : 882,
      "text" : "worked",
      "whiteSpace" : false
    }, {
      "id" : "s9-t33",
      "begin" : 882,
      "end" : 883,
      "text" : ")",
      "whiteSpace" : false
    }, {
      "id" : "s9-t34",
      "begin" : 883,
      "end" : 884,
      "text" : "?",
      "whiteSpace" : false
    } ]
  }, {
    "id" : "s10",
    "begin" : 885,
    "end" : 1015,
    "text" : "I would think that since I was initially eligible for it I would still be, but the warning made me uneasy about claiming benefits.",
    "tokens" : [ {
      "id" : "s10-t0",
      "begin" : 885,
      "end" : 886,
      "text" : "I",
      "whiteSpace" : false
    }, {
      "id" : "s10-t1",
      "begin" : 887,
      "end" : 892,
      "text" : "would",
      "whiteSpace" : false
    }, {
      "id" : "s10-t2",
      "begin" : 893,
      "end" : 898,
      "text" : "think",
      "whiteSpace" : false
    }, {
      "id" : "s10-t3",
      "begin" : 899,
      "end" : 903,
      "text" : "that",
      "whiteSpace" : false
    }, {
      "id" : "s10-t4",
      "begin" : 904,
      "end" : 909,
      "text" : "since",
      "whiteSpace" : false
    }, {
      "id" : "s10-t5",
      "begin" : 910,
      "end" : 911,
      "text" : "I",
      "whiteSpace" : false
    }, {
      "id" : "s10-t6",
      "begin" : 912,
      "end" : 915,
      "text" : "was",
      "whiteSpace" : false
    }, {
      "id" : "s10-t7",
      "begin" : 916,
      "end" : 925,
      "text" : "initially",
      "whiteSpace" : false
    }, {
      "id" : "s10-t8",
      "begin" : 926,
      "end" : 934,
      "text" : "eligible",
      "whiteSpace" : false
    }, {
      "id" : "s10-t9",
      "begin" : 935,
      "end" : 938,
      "text" : "for",
      "whiteSpace" : false
    }, {
      "id" : "s10-t10",
      "begin" : 939,
      "end" : 941,
      "text" : "it",
      "whiteSpace" : false
    }, {
      "id" : "s10-t11",
      "begin" : 942,
      "end" : 943,
      "text" : "I",
      "whiteSpace" : false
    }, {
      "id" : "s10-t12",
      "begin" : 944,
      "end" : 949,
      "text" : "would",
      "whiteSpace" : false
    }, {
      "id" : "s10-t13",
      "begin" : 950,
      "end" : 955,
      "text" : "still",
      "whiteSpace" : false
    }, {
      "id" : "s10-t14",
      "begin" : 956,
      "end" : 958,
      "text" : "be",
      "whiteSpace" : false
    }, {
      "id" : "s10-t15",
      "begin" : 958,
      "end" : 959,
      "text" : ",",
      "whiteSpace" : false
    }, {
      "id" : "s10-t16",
      "begin" : 960,
      "end" : 963,
      "text" : "but",
      "whiteSpace" : false
    }, {
      "id" : "s10-t17",
      "begin" : 964,
      "end" : 967,
      "text" : "the",
      "whiteSpace" : false
    }, {
      "id" : "s10-t18",
      "begin" : 968,
      "end" : 975,
      "text" : "warning",
      "whiteSpace" : false
    }, {
      "id" : "s10-t19",
      "begin" : 976,
      "end" : 980,
      "text" : "made",
      "whiteSpace" : false
    }, {
      "id" : "s10-t20",
      "begin" : 981,
      "end" : 983,
      "text" : "me",
      "whiteSpace" : false
    }, {
      "id" : "s10-t21",
      "begin" : 984,
      "end" : 990,
      "text" : "uneasy",
      "whiteSpace" : false
    }, {
      "id" : "s10-t22",
      "begin" : 991,
      "end" : 996,
      "text" : "about",
      "whiteSpace" : false
    }, {
      "id" : "s10-t23",
      "begin" : 997,
      "end" : 1005,
      "text" : "claiming",
      "whiteSpace" : false
    }, {
      "id" : "s10-t24",
      "begin" : 1006,
      "end" : 1014,
      "text" : "benefits",
      "whiteSpace" : false
    }, {
      "id" : "s10-t25",
      "begin" : 1014,
      "end" : 1015,
      "text" : ".",
      "whiteSpace" : false
    } ]
  }, {
    "id" : "s11",
    "begin" : 1016,
    "end" : 1221,
    "text" : "Unemployment and all the terms attached to it can get a little confusing and the last thing I want to do is make a mistake and get charged by the state for overpayment or mistakenly get charged with fraud.",
    "tokens" : [ {
      "id" : "s11-t0",
      "begin" : 1016,
      "end" : 1028,
      "text" : "Unemployment",
      "whiteSpace" : false
    }, {
      "id" : "s11-t1",
      "begin" : 1029,
      "end" : 1032,
      "text" : "and",
      "whiteSpace" : false
    }, {
      "id" : "s11-t2",
      "begin" : 1033,
      "end" : 1036,
      "text" : "all",
      "whiteSpace" : false
    }, {
      "id" : "s11-t3",
      "begin" : 1037,
      "end" : 1040,
      "text" : "the",
      "whiteSpace" : false
    }, {
      "id" : "s11-t4",
      "begin" : 1041,
      "end" : 1046,
      "text" : "terms",
      "whiteSpace" : false
    }, {
      "id" : "s11-t5",
      "begin" : 1047,
      "end" : 1055,
      "text" : "attached",
      "whiteSpace" : false
    }, {
      "id" : "s11-t6",
      "begin" : 1056,
      "end" : 1058,
      "text" : "to",
      "whiteSpace" : false
    }, {
      "id" : "s11-t7",
      "begin" : 1059,
      "end" : 1061,
      "text" : "it",
      "whiteSpace" : false
    }, {
      "id" : "s11-t8",
      "begin" : 1062,
      "end" : 1065,
      "text" : "can",
      "whiteSpace" : false
    }, {
      "id" : "s11-t9",
      "begin" : 1066,
      "end" : 1069,
      "text" : "get",
      "whiteSpace" : false
    }, {
      "id" : "s11-t10",
      "begin" : 1070,
      "end" : 1071,
      "text" : "a",
      "whiteSpace" : false
    }, {
      "id" : "s11-t11",
      "begin" : 1072,
      "end" : 1078,
      "text" : "little",
      "whiteSpace" : false
    }, {
      "id" : "s11-t12",
      "begin" : 1079,
      "end" : 1088,
      "text" : "confusing",
      "whiteSpace" : false
    }, {
      "id" : "s11-t13",
      "begin" : 1089,
      "end" : 1092,
      "text" : "and",
      "whiteSpace" : false
    }, {
      "id" : "s11-t14",
      "begin" : 1093,
      "end" : 1096,
      "text" : "the",
      "whiteSpace" : false
    }, {
      "id" : "s11-t15",
      "begin" : 1097,
      "end" : 1101,
      "text" : "last",
      "whiteSpace" : false
    }, {
      "id" : "s11-t16",
      "begin" : 1102,
      "end" : 1107,
      "text" : "thing",
      "whiteSpace" : false
    }, {
      "id" : "s11-t17",
      "begin" : 1108,
      "end" : 1109,
      "text" : "I",
      "whiteSpace" : false
    }, {
      "id" : "s11-t18",
      "begin" : 1110,
      "end" : 1114,
      "text" : "want",
      "whiteSpace" : false
    }, {
      "id" : "s11-t19",
      "begin" : 1115,
      "end" : 1117,
      "text" : "to",
      "whiteSpace" : false
    }, {
      "id" : "s11-t20",
      "begin" : 1118,
      "end" : 1120,
      "text" : "do",
      "whiteSpace" : false
    }, {
      "id" : "s11-t21",
      "begin" : 1121,
      "end" : 1123,
      "text" : "is",
      "whiteSpace" : false
    }, {
      "id" : "s11-t22",
      "begin" : 1124,
      "end" : 1128,
      "text" : "make",
      "whiteSpace" : false
    }, {
      "id" : "s11-t23",
      "begin" : 1129,
      "end" : 1130,
      "text" : "a",
      "whiteSpace" : false
    }, {
      "id" : "s11-t24",
      "begin" : 1131,
      "end" : 1138,
      "text" : "mistake",
      "whiteSpace" : false
    }, {
      "id" : "s11-t25",
      "begin" : 1139,
      "end" : 1142,
      "text" : "and",
      "whiteSpace" : false
    }, {
      "id" : "s11-t26",
      "begin" : 1143,
      "end" : 1146,
      "text" : "get",
      "whiteSpace" : false
    }, {
      "id" : "s11-t27",
      "begin" : 1147,
      "end" : 1154,
      "text" : "charged",
      "whiteSpace" : false
    }, {
      "id" : "s11-t28",
      "begin" : 1155,
      "end" : 1157,
      "text" : "by",
      "whiteSpace" : false
    }, {
      "id" : "s11-t29",
      "begin" : 1158,
      "end" : 1161,
      "text" : "the",
      "whiteSpace" : false
    }, {
      "id" : "s11-t30",
      "begin" : 1162,
      "end" : 1167,
      "text" : "state",
      "whiteSpace" : false
    }, {
      "id" : "s11-t31",
      "begin" : 1168,
      "end" : 1171,
      "text" : "for",
      "whiteSpace" : false
    }, {
      "id" : "s11-t32",
      "begin" : 1172,
      "end" : 1183,
      "text" : "overpayment",
      "whiteSpace" : false
    }, {
      "id" : "s11-t33",
      "begin" : 1184,
      "end" : 1186,
      "text" : "or",
      "whiteSpace" : false
    }, {
      "id" : "s11-t34",
      "begin" : 1187,
      "end" : 1197,
      "text" : "mistakenly",
      "whiteSpace" : false
    }, {
      "id" : "s11-t35",
      "begin" : 1198,
      "end" : 1201,
      "text" : "get",
      "whiteSpace" : false
    }, {
      "id" : "s11-t36",
      "begin" : 1202,
      "end" : 1209,
      "text" : "charged",
      "whiteSpace" : false
    }, {
      "id" : "s11-t37",
      "begin" : 1210,
      "end" : 1214,
      "text" : "with",
      "whiteSpace" : false
    }, {
      "id" : "s11-t38",
      "begin" : 1215,
      "end" : 1220,
      "text" : "fraud",
      "whiteSpace" : false
    }, {
      "id" : "s11-t39",
      "begin" : 1220,
      "end" : 1221,
      "text" : ".",
      "whiteSpace" : false
    } ]
  }, {
    "id" : "s12",
    "begin" : 1221,
    "end" : 1287,
    "text" : "\",\"author_fullname\":\"t2_5ax9b89y\",\"title\":\"unemployment question\"}",
    "tokens" : [ {
      "id" : "s12-t0",
      "begin" : 1221,
      "end" : 1222,
      "text" : "\"",
      "whiteSpace" : false
    }, {
      "id" : "s12-t1",
      "begin" : 1222,
      "end" : 1223,
      "text" : ",",
      "whiteSpace" : false
    }, {
      "id" : "s12-t2",
      "begin" : 1223,
      "end" : 1224,
      "text" : "\"",
      "whiteSpace" : false
    }, {
      "id" : "s12-t3",
      "begin" : 1224,
      "end" : 1239,
      "text" : "author_fullname",
      "whiteSpace" : false
    }, {
      "id" : "s12-t4",
      "begin" : 1239,
      "end" : 1240,
      "text" : "\"",
      "whiteSpace" : false
    }, {
      "id" : "s12-t5",
      "begin" : 1240,
      "end" : 1241,
      "text" : ":",
      "whiteSpace" : false
    }, {
      "id" : "s12-t6",
      "begin" : 1241,
      "end" : 1242,
      "text" : "\"",
      "whiteSpace" : false
    }, {
      "id" : "s12-t7",
      "begin" : 1242,
      "end" : 1253,
      "text" : "t2_5ax9b89y",
      "whiteSpace" : false
    }, {
      "id" : "s12-t8",
      "begin" : 1253,
      "end" : 1254,
      "text" : "\"",
      "whiteSpace" : false
    }, {
      "id" : "s12-t9",
      "begin" : 1254,
      "end" : 1255,
      "text" : ",",
      "whiteSpace" : false
    }, {
      "id" : "s12-t10",
      "begin" : 1255,
      "end" : 1256,
      "text" : "\"",
      "whiteSpace" : false
    }, {
      "id" : "s12-t11",
      "begin" : 1256,
      "end" : 1261,
      "text" : "title",
      "whiteSpace" : false
    }, {
      "id" : "s12-t12",
      "begin" : 1261,
      "end" : 1262,
      "text" : "\"",
      "whiteSpace" : false
    }, {
      "id" : "s12-t13",
      "begin" : 1262,
      "end" : 1263,
      "text" : ":",
      "whiteSpace" : false
    }, {
      "id" : "s12-t14",
      "begin" : 1263,
      "end" : 1264,
      "text" : "\"",
      "whiteSpace" : false
    }, {
      "id" : "s12-t15",
      "begin" : 1264,
      "end" : 1276,
      "text" : "unemployment",
      "whiteSpace" : false
    }, {
      "id" : "s12-t16",
      "begin" : 1277,
      "end" : 1285,
      "text" : "question",
      "whiteSpace" : false
    }, {
      "id" : "s12-t17",
      "begin" : 1285,
      "end" : 1286,
      "text" : "\"",
      "whiteSpace" : false
    }, {
      "id" : "s12-t18",
      "begin" : 1286,
      "end" : 1287,
      "text" : "}",
      "whiteSpace" : false
    } ]
  } ],
  "mentions" : [ {
    "id" : "m1",
    "properties" : {
      "SIRE_MENTION_TYPE" : "NONE",
      "SIRE_MENTION_ROLE" : "University_Student",
      "SIRE_MENTION_CLASS" : "SPC",
      "SIRE_ENTITY_SUBTYPE" : "NONE"
    },
    "type" : "University_Student",
    "begin" : 39,
    "end" : 54,
    "inCoref" : false
  }, {
    "id" : "s5-m2",
    "properties" : {
      "SIRE_MENTION_ROLE" : "Hourly_Wage_Employment",
      "SIRE_ENTITY_SUBTYPE" : "NONE",
      "SIRE_MENTION_TYPE" : "NONE",
      "SIRE_MENTION_CLASS" : "SPC"
    },
    "type" : "Hourly_Wage_Employment",
    "begin" : 374,
    "end" : 394,
    "inCoref" : false
  }, {
    "id" : "m3",
    "properties" : {
      "SIRE_MENTION_ROLE" : "Hourly_Wage_Employment",
      "SIRE_ENTITY_SUBTYPE" : "NONE",
      "SIRE_MENTION_TYPE" : "NONE",
      "SIRE_MENTION_CLASS" : "SPC"
    },
    "type" : "Hourly_Wage_Employment",
    "begin" : 408,
    "end" : 422,
    "inCoref" : false
  }, {
    "id" : "s6-m1",
    "properties" : {
      "SIRE_MENTION_ROLE" : "Hourly_Wage_Employment",
      "SIRE_ENTITY_SUBTYPE" : "NONE",
      "SIRE_MENTION_TYPE" : "NONE",
      "SIRE_MENTION_CLASS" : "SPC"
    },
    "type" : "Hourly_Wage_Employment",
    "begin" : 441,
    "end" : 473,
    "inCoref" : false
  } ],
  "relations" : [ ],
  "corefs" : [ ],
  "typeResolved" : true,
  "userResolved" : false
}