{
  "id" : "c318d3f0-9420-11ea-8a2d-81b8af140d06-73",
  "name" : "nyc-doc-28.txt",
  "createdDate" : 0,
  "version" : 3,
  "text" : "{\"text\":\"I've filed 3 times trying to get unemployment insurance. I first filed thru the original website a month ago, tried to call, no answer. filed again 2 weeks with the next system and they called me to confirm info, still no results. 3rd time was today, another updated system, submission confirmed, waiting for a call.\\n\\nI find there are 2 different websites. \\nhttps://applications.labor.ny.gov/Individual/\\nhttps://unemployment.labor.ny.gov\\n\\nWhats going on?\",\"author_fullname\":\"t2_3k1rd\",\"title\":\"Double Unemployment websites.\"}\n",
  "docLength" : 0,
  "language" : "EN",
  "status" : "IN_PROGRESS",
  "modifiedDate" : 1589337944697,
  "documentSet" : [ ],
  "preannotation" : [ "PRE_LW" ],
  "sentences" : [ {
    "id" : "s0",
    "begin" : 0,
    "end" : 65,
    "text" : "{\"text\":\"I've filed 3 times trying to get unemployment insurance.",
    "tokens" : [ {
      "id" : "s0-t0",
      "begin" : 0,
      "end" : 1,
      "text" : "{",
      "whiteSpace" : false
    }, {
      "id" : "s0-t1",
      "begin" : 1,
      "end" : 2,
      "text" : "\"",
      "whiteSpace" : false
    }, {
      "id" : "s0-t2",
      "begin" : 2,
      "end" : 6,
      "text" : "text",
      "whiteSpace" : false
    }, {
      "id" : "s0-t3",
      "begin" : 6,
      "end" : 7,
      "text" : "\"",
      "whiteSpace" : false
    }, {
      "id" : "s0-t4",
      "begin" : 7,
      "end" : 8,
      "text" : ":",
      "whiteSpace" : false
    }, {
      "id" : "s0-t5",
      "begin" : 8,
      "end" : 9,
      "text" : "\"",
      "whiteSpace" : false
    }, {
      "id" : "s0-t6",
      "begin" : 9,
      "end" : 10,
      "text" : "I",
      "whiteSpace" : false
    }, {
      "id" : "s0-t7",
      "begin" : 10,
      "end" : 13,
      "text" : "'ve",
      "whiteSpace" : false
    }, {
      "id" : "s0-t8",
      "begin" : 14,
      "end" : 19,
      "text" : "filed",
      "whiteSpace" : false
    }, {
      "id" : "s0-t9",
      "begin" : 20,
      "end" : 21,
      "text" : "3",
      "whiteSpace" : false
    }, {
      "id" : "s0-t10",
      "begin" : 22,
      "end" : 27,
      "text" : "times",
      "whiteSpace" : false
    }, {
      "id" : "s0-t11",
      "begin" : 28,
      "end" : 34,
      "text" : "trying",
      "whiteSpace" : false
    }, {
      "id" : "s0-t12",
      "begin" : 35,
      "end" : 37,
      "text" : "to",
      "whiteSpace" : false
    }, {
      "id" : "s0-t13",
      "begin" : 38,
      "end" : 41,
      "text" : "get",
      "whiteSpace" : false
    }, {
      "id" : "s0-t14",
      "begin" : 42,
      "end" : 54,
      "text" : "unemployment",
      "whiteSpace" : false
    }, {
      "id" : "s0-t15",
      "begin" : 55,
      "end" : 64,
      "text" : "insurance",
      "whiteSpace" : false
    }, {
      "id" : "s0-t16",
      "begin" : 64,
      "end" : 65,
      "text" : ".",
      "whiteSpace" : false
    } ]
  }, {
    "id" : "s1",
    "begin" : 66,
    "end" : 144,
    "text" : "I first filed thru the original website a month ago, tried to call, no answer.",
    "tokens" : [ {
      "id" : "s1-t0",
      "begin" : 66,
      "end" : 67,
      "text" : "I",
      "whiteSpace" : false
    }, {
      "id" : "s1-t1",
      "begin" : 68,
      "end" : 73,
      "text" : "first",
      "whiteSpace" : false
    }, {
      "id" : "s1-t2",
      "begin" : 74,
      "end" : 79,
      "text" : "filed",
      "whiteSpace" : false
    }, {
      "id" : "s1-t3",
      "begin" : 80,
      "end" : 84,
      "text" : "thru",
      "whiteSpace" : false
    }, {
      "id" : "s1-t4",
      "begin" : 85,
      "end" : 88,
      "text" : "the",
      "whiteSpace" : false
    }, {
      "id" : "s1-t5",
      "begin" : 89,
      "end" : 97,
      "text" : "original",
      "whiteSpace" : false
    }, {
      "id" : "s1-t6",
      "begin" : 98,
      "end" : 105,
      "text" : "website",
      "whiteSpace" : false
    }, {
      "id" : "s1-t7",
      "begin" : 106,
      "end" : 107,
      "text" : "a",
      "whiteSpace" : false
    }, {
      "id" : "s1-t8",
      "begin" : 108,
      "end" : 113,
      "text" : "month",
      "whiteSpace" : false
    }, {
      "id" : "s1-t9",
      "begin" : 114,
      "end" : 117,
      "text" : "ago",
      "whiteSpace" : false
    }, {
      "id" : "s1-t10",
      "begin" : 117,
      "end" : 118,
      "text" : ",",
      "whiteSpace" : false
    }, {
      "id" : "s1-t11",
      "begin" : 119,
      "end" : 124,
      "text" : "tried",
      "whiteSpace" : false
    }, {
      "id" : "s1-t12",
      "begin" : 125,
      "end" : 127,
      "text" : "to",
      "whiteSpace" : false
    }, {
      "id" : "s1-t13",
      "begin" : 128,
      "end" : 132,
      "text" : "call",
      "whiteSpace" : false
    }, {
      "id" : "s1-t14",
      "begin" : 132,
      "end" : 133,
      "text" : ",",
      "whiteSpace" : false
    }, {
      "id" : "s1-t15",
      "begin" : 134,
      "end" : 136,
      "text" : "no",
      "whiteSpace" : false
    }, {
      "id" : "s1-t16",
      "begin" : 137,
      "end" : 143,
      "text" : "answer",
      "whiteSpace" : false
    }, {
      "id" : "s1-t17",
      "begin" : 143,
      "end" : 144,
      "text" : ".",
      "whiteSpace" : false
    } ]
  }, {
    "id" : "s2",
    "begin" : 145,
    "end" : 239,
    "text" : "filed again 2 weeks with the next system and they called me to confirm info, still no results.",
    "tokens" : [ {
      "id" : "s2-t0",
      "begin" : 145,
      "end" : 150,
      "text" : "filed",
      "whiteSpace" : false
    }, {
      "id" : "s2-t1",
      "begin" : 151,
      "end" : 156,
      "text" : "again",
      "whiteSpace" : false
    }, {
      "id" : "s2-t2",
      "begin" : 157,
      "end" : 158,
      "text" : "2",
      "whiteSpace" : false
    }, {
      "id" : "s2-t3",
      "begin" : 159,
      "end" : 164,
      "text" : "weeks",
      "whiteSpace" : false
    }, {
      "id" : "s2-t4",
      "begin" : 165,
      "end" : 169,
      "text" : "with",
      "whiteSpace" : false
    }, {
      "id" : "s2-t5",
      "begin" : 170,
      "end" : 173,
      "text" : "the",
      "whiteSpace" : false
    }, {
      "id" : "s2-t6",
      "begin" : 174,
      "end" : 178,
      "text" : "next",
      "whiteSpace" : false
    }, {
      "id" : "s2-t7",
      "begin" : 179,
      "end" : 185,
      "text" : "system",
      "whiteSpace" : false
    }, {
      "id" : "s2-t8",
      "begin" : 186,
      "end" : 189,
      "text" : "and",
      "whiteSpace" : false
    }, {
      "id" : "s2-t9",
      "begin" : 190,
      "end" : 194,
      "text" : "they",
      "whiteSpace" : false
    }, {
      "id" : "s2-t10",
      "begin" : 195,
      "end" : 201,
      "text" : "called",
      "whiteSpace" : false
    }, {
      "id" : "s2-t11",
      "begin" : 202,
      "end" : 204,
      "text" : "me",
      "whiteSpace" : false
    }, {
      "id" : "s2-t12",
      "begin" : 205,
      "end" : 207,
      "text" : "to",
      "whiteSpace" : false
    }, {
      "id" : "s2-t13",
      "begin" : 208,
      "end" : 215,
      "text" : "confirm",
      "whiteSpace" : false
    }, {
      "id" : "s2-t14",
      "begin" : 216,
      "end" : 220,
      "text" : "info",
      "whiteSpace" : false
    }, {
      "id" : "s2-t15",
      "begin" : 220,
      "end" : 221,
      "text" : ",",
      "whiteSpace" : false
    }, {
      "id" : "s2-t16",
      "begin" : 222,
      "end" : 227,
      "text" : "still",
      "whiteSpace" : false
    }, {
      "id" : "s2-t17",
      "begin" : 228,
      "end" : 230,
      "text" : "no",
      "whiteSpace" : false
    }, {
      "id" : "s2-t18",
      "begin" : 231,
      "end" : 238,
      "text" : "results",
      "whiteSpace" : false
    }, {
      "id" : "s2-t19",
      "begin" : 238,
      "end" : 239,
      "text" : ".",
      "whiteSpace" : false
    } ]
  }, {
    "id" : "s3",
    "begin" : 240,
    "end" : 325,
    "text" : "3rd time was today, another updated system, submission confirmed, waiting for a call.",
    "tokens" : [ {
      "id" : "s3-t0",
      "begin" : 240,
      "end" : 243,
      "text" : "3rd",
      "whiteSpace" : false
    }, {
      "id" : "s3-t1",
      "begin" : 244,
      "end" : 248,
      "text" : "time",
      "whiteSpace" : false
    }, {
      "id" : "s3-t2",
      "begin" : 249,
      "end" : 252,
      "text" : "was",
      "whiteSpace" : false
    }, {
      "id" : "s3-t3",
      "begin" : 253,
      "end" : 258,
      "text" : "today",
      "whiteSpace" : false
    }, {
      "id" : "s3-t4",
      "begin" : 258,
      "end" : 259,
      "text" : ",",
      "whiteSpace" : false
    }, {
      "id" : "s3-t5",
      "begin" : 260,
      "end" : 267,
      "text" : "another",
      "whiteSpace" : false
    }, {
      "id" : "s3-t6",
      "begin" : 268,
      "end" : 275,
      "text" : "updated",
      "whiteSpace" : false
    }, {
      "id" : "s3-t7",
      "begin" : 276,
      "end" : 282,
      "text" : "system",
      "whiteSpace" : false
    }, {
      "id" : "s3-t8",
      "begin" : 282,
      "end" : 283,
      "text" : ",",
      "whiteSpace" : false
    }, {
      "id" : "s3-t9",
      "begin" : 284,
      "end" : 294,
      "text" : "submission",
      "whiteSpace" : false
    }, {
      "id" : "s3-t10",
      "begin" : 295,
      "end" : 304,
      "text" : "confirmed",
      "whiteSpace" : false
    }, {
      "id" : "s3-t11",
      "begin" : 304,
      "end" : 305,
      "text" : ",",
      "whiteSpace" : false
    }, {
      "id" : "s3-t12",
      "begin" : 306,
      "end" : 313,
      "text" : "waiting",
      "whiteSpace" : false
    }, {
      "id" : "s3-t13",
      "begin" : 314,
      "end" : 317,
      "text" : "for",
      "whiteSpace" : false
    }, {
      "id" : "s3-t14",
      "begin" : 318,
      "end" : 319,
      "text" : "a",
      "whiteSpace" : false
    }, {
      "id" : "s3-t15",
      "begin" : 320,
      "end" : 324,
      "text" : "call",
      "whiteSpace" : false
    }, {
      "id" : "s3-t16",
      "begin" : 324,
      "end" : 325,
      "text" : ".",
      "whiteSpace" : false
    } ]
  }, {
    "id" : "s4",
    "begin" : 325,
    "end" : 367,
    "text" : "\\n\\nI find there are 2 different websites.",
    "tokens" : [ {
      "id" : "s4-t0",
      "begin" : 325,
      "end" : 327,
      "text" : "\\n",
      "whiteSpace" : false
    }, {
      "id" : "s4-t1",
      "begin" : 327,
      "end" : 330,
      "text" : "\\nI",
      "whiteSpace" : false
    }, {
      "id" : "s4-t2",
      "begin" : 331,
      "end" : 335,
      "text" : "find",
      "whiteSpace" : false
    }, {
      "id" : "s4-t3",
      "begin" : 336,
      "end" : 341,
      "text" : "there",
      "whiteSpace" : false
    }, {
      "id" : "s4-t4",
      "begin" : 342,
      "end" : 345,
      "text" : "are",
      "whiteSpace" : false
    }, {
      "id" : "s4-t5",
      "begin" : 346,
      "end" : 347,
      "text" : "2",
      "whiteSpace" : false
    }, {
      "id" : "s4-t6",
      "begin" : 348,
      "end" : 357,
      "text" : "different",
      "whiteSpace" : false
    }, {
      "id" : "s4-t7",
      "begin" : 358,
      "end" : 366,
      "text" : "websites",
      "whiteSpace" : false
    }, {
      "id" : "s4-t8",
      "begin" : 366,
      "end" : 367,
      "text" : ".",
      "whiteSpace" : false
    } ]
  }, {
    "id" : "s5",
    "begin" : 368,
    "end" : 469,
    "text" : "\\nhttps://applications.labor.ny.gov/Individual/\\nhttps://unemployment.labor.ny.gov\\n\\nWhats going on?",
    "tokens" : [ {
      "id" : "s5-t0",
      "begin" : 368,
      "end" : 415,
      "text" : "\\nhttps://applications.labor.ny.gov/Individual/",
      "whiteSpace" : false
    }, {
      "id" : "s5-t1",
      "begin" : 415,
      "end" : 459,
      "text" : "\\nhttps://unemployment.labor.ny.gov\\n\\nWhats",
      "whiteSpace" : false
    }, {
      "id" : "s5-t2",
      "begin" : 460,
      "end" : 465,
      "text" : "going",
      "whiteSpace" : false
    }, {
      "id" : "s5-t3",
      "begin" : 466,
      "end" : 468,
      "text" : "on",
      "whiteSpace" : false
    }, {
      "id" : "s5-t4",
      "begin" : 468,
      "end" : 469,
      "text" : "?",
      "whiteSpace" : false
    } ]
  }, {
    "id" : "s6",
    "begin" : 469,
    "end" : 538,
    "text" : "\",\"author_fullname\":\"t2_3k1rd\",\"title\":\"Double Unemployment websites.",
    "tokens" : [ {
      "id" : "s6-t0",
      "begin" : 469,
      "end" : 470,
      "text" : "\"",
      "whiteSpace" : false
    }, {
      "id" : "s6-t1",
      "begin" : 470,
      "end" : 471,
      "text" : ",",
      "whiteSpace" : false
    }, {
      "id" : "s6-t2",
      "begin" : 471,
      "end" : 472,
      "text" : "\"",
      "whiteSpace" : false
    }, {
      "id" : "s6-t3",
      "begin" : 472,
      "end" : 487,
      "text" : "author_fullname",
      "whiteSpace" : false
    }, {
      "id" : "s6-t4",
      "begin" : 487,
      "end" : 488,
      "text" : "\"",
      "whiteSpace" : false
    }, {
      "id" : "s6-t5",
      "begin" : 488,
      "end" : 489,
      "text" : ":",
      "whiteSpace" : false
    }, {
      "id" : "s6-t6",
      "begin" : 489,
      "end" : 490,
      "text" : "\"",
      "whiteSpace" : false
    }, {
      "id" : "s6-t7",
      "begin" : 490,
      "end" : 498,
      "text" : "t2_3k1rd",
      "whiteSpace" : false
    }, {
      "id" : "s6-t8",
      "begin" : 498,
      "end" : 499,
      "text" : "\"",
      "whiteSpace" : false
    }, {
      "id" : "s6-t9",
      "begin" : 499,
      "end" : 500,
      "text" : ",",
      "whiteSpace" : false
    }, {
      "id" : "s6-t10",
      "begin" : 500,
      "end" : 501,
      "text" : "\"",
      "whiteSpace" : false
    }, {
      "id" : "s6-t11",
      "begin" : 501,
      "end" : 506,
      "text" : "title",
      "whiteSpace" : false
    }, {
      "id" : "s6-t12",
      "begin" : 506,
      "end" : 507,
      "text" : "\"",
      "whiteSpace" : false
    }, {
      "id" : "s6-t13",
      "begin" : 507,
      "end" : 508,
      "text" : ":",
      "whiteSpace" : false
    }, {
      "id" : "s6-t14",
      "begin" : 508,
      "end" : 509,
      "text" : "\"",
      "whiteSpace" : false
    }, {
      "id" : "s6-t15",
      "begin" : 509,
      "end" : 515,
      "text" : "Double",
      "whiteSpace" : false
    }, {
      "id" : "s6-t16",
      "begin" : 516,
      "end" : 528,
      "text" : "Unemployment",
      "whiteSpace" : false
    }, {
      "id" : "s6-t17",
      "begin" : 529,
      "end" : 537,
      "text" : "websites",
      "whiteSpace" : false
    }, {
      "id" : "s6-t18",
      "begin" : 537,
      "end" : 538,
      "text" : ".",
      "whiteSpace" : false
    } ]
  }, {
    "id" : "s7",
    "begin" : 538,
    "end" : 540,
    "text" : "\"}",
    "tokens" : [ {
      "id" : "s7-t0",
      "begin" : 538,
      "end" : 539,
      "text" : "\"",
      "whiteSpace" : false
    }, {
      "id" : "s7-t1",
      "begin" : 539,
      "end" : 540,
      "text" : "}",
      "whiteSpace" : false
    } ]
  } ],
  "mentions" : [ {
    "id" : "s0-m2",
    "properties" : {
      "SIRE_MENTION_ROLE" : "Unemployed",
      "SIRE_ENTITY_SUBTYPE" : "NONE",
      "SIRE_MENTION_TYPE" : "NONE",
      "SIRE_MENTION_CLASS" : "SPC"
    },
    "type" : "Unemployed",
    "begin" : 42,
    "end" : 64,
    "inCoref" : false
  }, {
    "id" : "m1",
    "properties" : {
      "SIRE_MENTION_TYPE" : "NONE",
      "SIRE_MENTION_ROLE" : "Unemployed",
      "SIRE_MENTION_CLASS" : "SPC",
      "SIRE_ENTITY_SUBTYPE" : "NONE"
    },
    "type" : "Unemployed",
    "begin" : 42,
    "end" : 54,
    "inCoref" : false
  }, {
    "id" : "m2",
    "properties" : {
      "SIRE_MENTION_TYPE" : "NONE",
      "SIRE_MENTION_ROLE" : "Unemployed",
      "SIRE_MENTION_CLASS" : "SPC",
      "SIRE_ENTITY_SUBTYPE" : "NONE"
    },
    "type" : "Unemployed",
    "begin" : 425,
    "end" : 437,
    "inCoref" : false
  }, {
    "id" : "m3",
    "properties" : {
      "SIRE_MENTION_TYPE" : "NONE",
      "SIRE_MENTION_ROLE" : "Unemployed",
      "SIRE_MENTION_CLASS" : "SPC",
      "SIRE_ENTITY_SUBTYPE" : "NONE"
    },
    "type" : "Unemployed",
    "begin" : 516,
    "end" : 528,
    "inCoref" : false
  } ],
  "relations" : [ ],
  "corefs" : [ ],
  "typeResolved" : true,
  "userResolved" : false
}