{
  "id" : "c318d3f0-9420-11ea-8a2d-81b8af140d06-60",
  "name" : "nyc-doc-43.txt",
  "createdDate" : 0,
  "version" : 3,
  "text" : "{\"text\":\"After you received your robotic call and after they eventually called you, how long did it take for them to update the page where it said you only completed half of your claim etc, to completed and ready to go?  \\nIts been two days already for me after the call but I was told it should of been ready already for me , when she told me before hanging up.  \\nHow long it take you to get your page updated to completed? Its still telling me to call.\",\"author_fullname\":\"t2_4vwe5269\",\"title\":\"For those who received a call from the unemployment\"}\n",
  "docLength" : 0,
  "language" : "EN",
  "status" : "IN_PROGRESS",
  "modifiedDate" : 1589337478331,
  "documentSet" : [ ],
  "preannotation" : [ "PRE_LW" ],
  "sentences" : [ {
    "id" : "s0",
    "begin" : 0,
    "end" : 219,
    "text" : "{\"text\":\"After you received your robotic call and after they eventually called you, how long did it take for them to update the page where it said you only completed half of your claim etc, to completed and ready to go?",
    "tokens" : [ {
      "id" : "s0-t0",
      "begin" : 0,
      "end" : 1,
      "text" : "{",
      "whiteSpace" : false
    }, {
      "id" : "s0-t1",
      "begin" : 1,
      "end" : 2,
      "text" : "\"",
      "whiteSpace" : false
    }, {
      "id" : "s0-t2",
      "begin" : 2,
      "end" : 6,
      "text" : "text",
      "whiteSpace" : false
    }, {
      "id" : "s0-t3",
      "begin" : 6,
      "end" : 7,
      "text" : "\"",
      "whiteSpace" : false
    }, {
      "id" : "s0-t4",
      "begin" : 7,
      "end" : 8,
      "text" : ":",
      "whiteSpace" : false
    }, {
      "id" : "s0-t5",
      "begin" : 8,
      "end" : 9,
      "text" : "\"",
      "whiteSpace" : false
    }, {
      "id" : "s0-t6",
      "begin" : 9,
      "end" : 14,
      "text" : "After",
      "whiteSpace" : false
    }, {
      "id" : "s0-t7",
      "begin" : 15,
      "end" : 18,
      "text" : "you",
      "whiteSpace" : false
    }, {
      "id" : "s0-t8",
      "begin" : 19,
      "end" : 27,
      "text" : "received",
      "whiteSpace" : false
    }, {
      "id" : "s0-t9",
      "begin" : 28,
      "end" : 32,
      "text" : "your",
      "whiteSpace" : false
    }, {
      "id" : "s0-t10",
      "begin" : 33,
      "end" : 40,
      "text" : "robotic",
      "whiteSpace" : false
    }, {
      "id" : "s0-t11",
      "begin" : 41,
      "end" : 45,
      "text" : "call",
      "whiteSpace" : false
    }, {
      "id" : "s0-t12",
      "begin" : 46,
      "end" : 49,
      "text" : "and",
      "whiteSpace" : false
    }, {
      "id" : "s0-t13",
      "begin" : 50,
      "end" : 55,
      "text" : "after",
      "whiteSpace" : false
    }, {
      "id" : "s0-t14",
      "begin" : 56,
      "end" : 60,
      "text" : "they",
      "whiteSpace" : false
    }, {
      "id" : "s0-t15",
      "begin" : 61,
      "end" : 71,
      "text" : "eventually",
      "whiteSpace" : false
    }, {
      "id" : "s0-t16",
      "begin" : 72,
      "end" : 78,
      "text" : "called",
      "whiteSpace" : false
    }, {
      "id" : "s0-t17",
      "begin" : 79,
      "end" : 82,
      "text" : "you",
      "whiteSpace" : false
    }, {
      "id" : "s0-t18",
      "begin" : 82,
      "end" : 83,
      "text" : ",",
      "whiteSpace" : false
    }, {
      "id" : "s0-t19",
      "begin" : 84,
      "end" : 87,
      "text" : "how",
      "whiteSpace" : false
    }, {
      "id" : "s0-t20",
      "begin" : 88,
      "end" : 92,
      "text" : "long",
      "whiteSpace" : false
    }, {
      "id" : "s0-t21",
      "begin" : 93,
      "end" : 96,
      "text" : "did",
      "whiteSpace" : false
    }, {
      "id" : "s0-t22",
      "begin" : 97,
      "end" : 99,
      "text" : "it",
      "whiteSpace" : false
    }, {
      "id" : "s0-t23",
      "begin" : 100,
      "end" : 104,
      "text" : "take",
      "whiteSpace" : false
    }, {
      "id" : "s0-t24",
      "begin" : 105,
      "end" : 108,
      "text" : "for",
      "whiteSpace" : false
    }, {
      "id" : "s0-t25",
      "begin" : 109,
      "end" : 113,
      "text" : "them",
      "whiteSpace" : false
    }, {
      "id" : "s0-t26",
      "begin" : 114,
      "end" : 116,
      "text" : "to",
      "whiteSpace" : false
    }, {
      "id" : "s0-t27",
      "begin" : 117,
      "end" : 123,
      "text" : "update",
      "whiteSpace" : false
    }, {
      "id" : "s0-t28",
      "begin" : 124,
      "end" : 127,
      "text" : "the",
      "whiteSpace" : false
    }, {
      "id" : "s0-t29",
      "begin" : 128,
      "end" : 132,
      "text" : "page",
      "whiteSpace" : false
    }, {
      "id" : "s0-t30",
      "begin" : 133,
      "end" : 138,
      "text" : "where",
      "whiteSpace" : false
    }, {
      "id" : "s0-t31",
      "begin" : 139,
      "end" : 141,
      "text" : "it",
      "whiteSpace" : false
    }, {
      "id" : "s0-t32",
      "begin" : 142,
      "end" : 146,
      "text" : "said",
      "whiteSpace" : false
    }, {
      "id" : "s0-t33",
      "begin" : 147,
      "end" : 150,
      "text" : "you",
      "whiteSpace" : false
    }, {
      "id" : "s0-t34",
      "begin" : 151,
      "end" : 155,
      "text" : "only",
      "whiteSpace" : false
    }, {
      "id" : "s0-t35",
      "begin" : 156,
      "end" : 165,
      "text" : "completed",
      "whiteSpace" : false
    }, {
      "id" : "s0-t36",
      "begin" : 166,
      "end" : 170,
      "text" : "half",
      "whiteSpace" : false
    }, {
      "id" : "s0-t37",
      "begin" : 171,
      "end" : 173,
      "text" : "of",
      "whiteSpace" : false
    }, {
      "id" : "s0-t38",
      "begin" : 174,
      "end" : 178,
      "text" : "your",
      "whiteSpace" : false
    }, {
      "id" : "s0-t39",
      "begin" : 179,
      "end" : 184,
      "text" : "claim",
      "whiteSpace" : false
    }, {
      "id" : "s0-t40",
      "begin" : 185,
      "end" : 188,
      "text" : "etc",
      "whiteSpace" : false
    }, {
      "id" : "s0-t41",
      "begin" : 188,
      "end" : 189,
      "text" : ",",
      "whiteSpace" : false
    }, {
      "id" : "s0-t42",
      "begin" : 190,
      "end" : 192,
      "text" : "to",
      "whiteSpace" : false
    }, {
      "id" : "s0-t43",
      "begin" : 193,
      "end" : 202,
      "text" : "completed",
      "whiteSpace" : false
    }, {
      "id" : "s0-t44",
      "begin" : 203,
      "end" : 206,
      "text" : "and",
      "whiteSpace" : false
    }, {
      "id" : "s0-t45",
      "begin" : 207,
      "end" : 212,
      "text" : "ready",
      "whiteSpace" : false
    }, {
      "id" : "s0-t46",
      "begin" : 213,
      "end" : 215,
      "text" : "to",
      "whiteSpace" : false
    }, {
      "id" : "s0-t47",
      "begin" : 216,
      "end" : 218,
      "text" : "go",
      "whiteSpace" : false
    }, {
      "id" : "s0-t48",
      "begin" : 218,
      "end" : 219,
      "text" : "?",
      "whiteSpace" : false
    } ]
  }, {
    "id" : "s1",
    "begin" : 221,
    "end" : 362,
    "text" : "\\nIts been two days already for me after the call but I was told it should of been ready already for me , when she told me before hanging up.",
    "tokens" : [ {
      "id" : "s1-t0",
      "begin" : 221,
      "end" : 226,
      "text" : "\\nIts",
      "whiteSpace" : false
    }, {
      "id" : "s1-t1",
      "begin" : 227,
      "end" : 231,
      "text" : "been",
      "whiteSpace" : false
    }, {
      "id" : "s1-t2",
      "begin" : 232,
      "end" : 235,
      "text" : "two",
      "whiteSpace" : false
    }, {
      "id" : "s1-t3",
      "begin" : 236,
      "end" : 240,
      "text" : "days",
      "whiteSpace" : false
    }, {
      "id" : "s1-t4",
      "begin" : 241,
      "end" : 248,
      "text" : "already",
      "whiteSpace" : false
    }, {
      "id" : "s1-t5",
      "begin" : 249,
      "end" : 252,
      "text" : "for",
      "whiteSpace" : false
    }, {
      "id" : "s1-t6",
      "begin" : 253,
      "end" : 255,
      "text" : "me",
      "whiteSpace" : false
    }, {
      "id" : "s1-t7",
      "begin" : 256,
      "end" : 261,
      "text" : "after",
      "whiteSpace" : false
    }, {
      "id" : "s1-t8",
      "begin" : 262,
      "end" : 265,
      "text" : "the",
      "whiteSpace" : false
    }, {
      "id" : "s1-t9",
      "begin" : 266,
      "end" : 270,
      "text" : "call",
      "whiteSpace" : false
    }, {
      "id" : "s1-t10",
      "begin" : 271,
      "end" : 274,
      "text" : "but",
      "whiteSpace" : false
    }, {
      "id" : "s1-t11",
      "begin" : 275,
      "end" : 276,
      "text" : "I",
      "whiteSpace" : false
    }, {
      "id" : "s1-t12",
      "begin" : 277,
      "end" : 280,
      "text" : "was",
      "whiteSpace" : false
    }, {
      "id" : "s1-t13",
      "begin" : 281,
      "end" : 285,
      "text" : "told",
      "whiteSpace" : false
    }, {
      "id" : "s1-t14",
      "begin" : 286,
      "end" : 288,
      "text" : "it",
      "whiteSpace" : false
    }, {
      "id" : "s1-t15",
      "begin" : 289,
      "end" : 295,
      "text" : "should",
      "whiteSpace" : false
    }, {
      "id" : "s1-t16",
      "begin" : 296,
      "end" : 298,
      "text" : "of",
      "whiteSpace" : false
    }, {
      "id" : "s1-t17",
      "begin" : 299,
      "end" : 303,
      "text" : "been",
      "whiteSpace" : false
    }, {
      "id" : "s1-t18",
      "begin" : 304,
      "end" : 309,
      "text" : "ready",
      "whiteSpace" : false
    }, {
      "id" : "s1-t19",
      "begin" : 310,
      "end" : 317,
      "text" : "already",
      "whiteSpace" : false
    }, {
      "id" : "s1-t20",
      "begin" : 318,
      "end" : 321,
      "text" : "for",
      "whiteSpace" : false
    }, {
      "id" : "s1-t21",
      "begin" : 322,
      "end" : 324,
      "text" : "me",
      "whiteSpace" : false
    }, {
      "id" : "s1-t22",
      "begin" : 325,
      "end" : 326,
      "text" : ",",
      "whiteSpace" : false
    }, {
      "id" : "s1-t23",
      "begin" : 327,
      "end" : 331,
      "text" : "when",
      "whiteSpace" : false
    }, {
      "id" : "s1-t24",
      "begin" : 332,
      "end" : 335,
      "text" : "she",
      "whiteSpace" : false
    }, {
      "id" : "s1-t25",
      "begin" : 336,
      "end" : 340,
      "text" : "told",
      "whiteSpace" : false
    }, {
      "id" : "s1-t26",
      "begin" : 341,
      "end" : 343,
      "text" : "me",
      "whiteSpace" : false
    }, {
      "id" : "s1-t27",
      "begin" : 344,
      "end" : 350,
      "text" : "before",
      "whiteSpace" : false
    }, {
      "id" : "s1-t28",
      "begin" : 351,
      "end" : 358,
      "text" : "hanging",
      "whiteSpace" : false
    }, {
      "id" : "s1-t29",
      "begin" : 359,
      "end" : 361,
      "text" : "up",
      "whiteSpace" : false
    }, {
      "id" : "s1-t30",
      "begin" : 361,
      "end" : 362,
      "text" : ".",
      "whiteSpace" : false
    } ]
  }, {
    "id" : "s2",
    "begin" : 364,
    "end" : 425,
    "text" : "\\nHow long it take you to get your page updated to completed?",
    "tokens" : [ {
      "id" : "s2-t0",
      "begin" : 364,
      "end" : 369,
      "text" : "\\nHow",
      "whiteSpace" : false
    }, {
      "id" : "s2-t1",
      "begin" : 370,
      "end" : 374,
      "text" : "long",
      "whiteSpace" : false
    }, {
      "id" : "s2-t2",
      "begin" : 375,
      "end" : 377,
      "text" : "it",
      "whiteSpace" : false
    }, {
      "id" : "s2-t3",
      "begin" : 378,
      "end" : 382,
      "text" : "take",
      "whiteSpace" : false
    }, {
      "id" : "s2-t4",
      "begin" : 383,
      "end" : 386,
      "text" : "you",
      "whiteSpace" : false
    }, {
      "id" : "s2-t5",
      "begin" : 387,
      "end" : 389,
      "text" : "to",
      "whiteSpace" : false
    }, {
      "id" : "s2-t6",
      "begin" : 390,
      "end" : 393,
      "text" : "get",
      "whiteSpace" : false
    }, {
      "id" : "s2-t7",
      "begin" : 394,
      "end" : 398,
      "text" : "your",
      "whiteSpace" : false
    }, {
      "id" : "s2-t8",
      "begin" : 399,
      "end" : 403,
      "text" : "page",
      "whiteSpace" : false
    }, {
      "id" : "s2-t9",
      "begin" : 404,
      "end" : 411,
      "text" : "updated",
      "whiteSpace" : false
    }, {
      "id" : "s2-t10",
      "begin" : 412,
      "end" : 414,
      "text" : "to",
      "whiteSpace" : false
    }, {
      "id" : "s2-t11",
      "begin" : 415,
      "end" : 424,
      "text" : "completed",
      "whiteSpace" : false
    }, {
      "id" : "s2-t12",
      "begin" : 424,
      "end" : 425,
      "text" : "?",
      "whiteSpace" : false
    } ]
  }, {
    "id" : "s3",
    "begin" : 426,
    "end" : 455,
    "text" : "Its still telling me to call.",
    "tokens" : [ {
      "id" : "s3-t0",
      "begin" : 426,
      "end" : 429,
      "text" : "Its",
      "whiteSpace" : false
    }, {
      "id" : "s3-t1",
      "begin" : 430,
      "end" : 435,
      "text" : "still",
      "whiteSpace" : false
    }, {
      "id" : "s3-t2",
      "begin" : 436,
      "end" : 443,
      "text" : "telling",
      "whiteSpace" : false
    }, {
      "id" : "s3-t3",
      "begin" : 444,
      "end" : 446,
      "text" : "me",
      "whiteSpace" : false
    }, {
      "id" : "s3-t4",
      "begin" : 447,
      "end" : 449,
      "text" : "to",
      "whiteSpace" : false
    }, {
      "id" : "s3-t5",
      "begin" : 450,
      "end" : 454,
      "text" : "call",
      "whiteSpace" : false
    }, {
      "id" : "s3-t6",
      "begin" : 454,
      "end" : 455,
      "text" : ".",
      "whiteSpace" : false
    } ]
  }, {
    "id" : "s4",
    "begin" : 455,
    "end" : 551,
    "text" : "\",\"author_fullname\":\"t2_4vwe5269\",\"title\":\"For those who received a call from the unemployment\"}",
    "tokens" : [ {
      "id" : "s4-t0",
      "begin" : 455,
      "end" : 456,
      "text" : "\"",
      "whiteSpace" : false
    }, {
      "id" : "s4-t1",
      "begin" : 456,
      "end" : 457,
      "text" : ",",
      "whiteSpace" : false
    }, {
      "id" : "s4-t2",
      "begin" : 457,
      "end" : 458,
      "text" : "\"",
      "whiteSpace" : false
    }, {
      "id" : "s4-t3",
      "begin" : 458,
      "end" : 473,
      "text" : "author_fullname",
      "whiteSpace" : false
    }, {
      "id" : "s4-t4",
      "begin" : 473,
      "end" : 474,
      "text" : "\"",
      "whiteSpace" : false
    }, {
      "id" : "s4-t5",
      "begin" : 474,
      "end" : 475,
      "text" : ":",
      "whiteSpace" : false
    }, {
      "id" : "s4-t6",
      "begin" : 475,
      "end" : 476,
      "text" : "\"",
      "whiteSpace" : false
    }, {
      "id" : "s4-t7",
      "begin" : 476,
      "end" : 487,
      "text" : "t2_4vwe5269",
      "whiteSpace" : false
    }, {
      "id" : "s4-t8",
      "begin" : 487,
      "end" : 488,
      "text" : "\"",
      "whiteSpace" : false
    }, {
      "id" : "s4-t9",
      "begin" : 488,
      "end" : 489,
      "text" : ",",
      "whiteSpace" : false
    }, {
      "id" : "s4-t10",
      "begin" : 489,
      "end" : 490,
      "text" : "\"",
      "whiteSpace" : false
    }, {
      "id" : "s4-t11",
      "begin" : 490,
      "end" : 495,
      "text" : "title",
      "whiteSpace" : false
    }, {
      "id" : "s4-t12",
      "begin" : 495,
      "end" : 496,
      "text" : "\"",
      "whiteSpace" : false
    }, {
      "id" : "s4-t13",
      "begin" : 496,
      "end" : 497,
      "text" : ":",
      "whiteSpace" : false
    }, {
      "id" : "s4-t14",
      "begin" : 497,
      "end" : 498,
      "text" : "\"",
      "whiteSpace" : false
    }, {
      "id" : "s4-t15",
      "begin" : 498,
      "end" : 501,
      "text" : "For",
      "whiteSpace" : false
    }, {
      "id" : "s4-t16",
      "begin" : 502,
      "end" : 507,
      "text" : "those",
      "whiteSpace" : false
    }, {
      "id" : "s4-t17",
      "begin" : 508,
      "end" : 511,
      "text" : "who",
      "whiteSpace" : false
    }, {
      "id" : "s4-t18",
      "begin" : 512,
      "end" : 520,
      "text" : "received",
      "whiteSpace" : false
    }, {
      "id" : "s4-t19",
      "begin" : 521,
      "end" : 522,
      "text" : "a",
      "whiteSpace" : false
    }, {
      "id" : "s4-t20",
      "begin" : 523,
      "end" : 527,
      "text" : "call",
      "whiteSpace" : false
    }, {
      "id" : "s4-t21",
      "begin" : 528,
      "end" : 532,
      "text" : "from",
      "whiteSpace" : false
    }, {
      "id" : "s4-t22",
      "begin" : 533,
      "end" : 536,
      "text" : "the",
      "whiteSpace" : false
    }, {
      "id" : "s4-t23",
      "begin" : 537,
      "end" : 549,
      "text" : "unemployment",
      "whiteSpace" : false
    }, {
      "id" : "s4-t24",
      "begin" : 549,
      "end" : 550,
      "text" : "\"",
      "whiteSpace" : false
    }, {
      "id" : "s4-t25",
      "begin" : 550,
      "end" : 551,
      "text" : "}",
      "whiteSpace" : false
    } ]
  } ],
  "mentions" : [ {
    "id" : "s0-m1",
    "properties" : {
      "SIRE_MENTION_ROLE" : "Unemployed",
      "SIRE_ENTITY_SUBTYPE" : "NONE",
      "SIRE_MENTION_TYPE" : "NONE",
      "SIRE_MENTION_CLASS" : "SPC"
    },
    "type" : "Unemployed",
    "begin" : 174,
    "end" : 184,
    "inCoref" : false
  }, {
    "id" : "m1",
    "properties" : {
      "SIRE_MENTION_TYPE" : "NONE",
      "SIRE_MENTION_ROLE" : "Unemployed",
      "SIRE_MENTION_CLASS" : "SPC",
      "SIRE_ENTITY_SUBTYPE" : "NONE"
    },
    "type" : "Unemployed",
    "begin" : 537,
    "end" : 549,
    "inCoref" : false
  } ],
  "relations" : [ ],
  "corefs" : [ ],
  "typeResolved" : true,
  "userResolved" : false
}