{
  "id" : "c318d3f0-9420-11ea-8a2d-81b8af140d06-35",
  "name" : "nyc-doc-64.txt",
  "createdDate" : 0,
  "version" : 3,
  "text" : "{\"text\":\"Like everyone else, I call THOUSANDS of times a day and get NOWHERE. What the fuck kind of system is this? Our useless governer would rather facetime with his jock cunt of a brother than address the real issues that are facing New Yorkers. This is such absolute bullshit and it is unconscionable that in the state of NY in the country of the US that we would have such fumbling idiots as our leaders who can't staff a call center.\",\"author_fullname\":\"t2_63jggnb0\",\"title\":\"Unemployment is IMPOSSIBLE\"}\n",
  "docLength" : 0,
  "language" : "EN",
  "status" : "READY",
  "modifiedDate" : 1589308493575,
  "documentSet" : [ ],
  "preannotation" : [ "PRE_LW" ],
  "sentences" : [ {
    "id" : "s0",
    "begin" : 0,
    "end" : 77,
    "text" : "{\"text\":\"Like everyone else, I call THOUSANDS of times a day and get NOWHERE.",
    "tokens" : [ {
      "id" : "s0-t0",
      "begin" : 0,
      "end" : 1,
      "text" : "{",
      "whiteSpace" : false
    }, {
      "id" : "s0-t1",
      "begin" : 1,
      "end" : 2,
      "text" : "\"",
      "whiteSpace" : false
    }, {
      "id" : "s0-t2",
      "begin" : 2,
      "end" : 6,
      "text" : "text",
      "whiteSpace" : false
    }, {
      "id" : "s0-t3",
      "begin" : 6,
      "end" : 7,
      "text" : "\"",
      "whiteSpace" : false
    }, {
      "id" : "s0-t4",
      "begin" : 7,
      "end" : 8,
      "text" : ":",
      "whiteSpace" : false
    }, {
      "id" : "s0-t5",
      "begin" : 8,
      "end" : 9,
      "text" : "\"",
      "whiteSpace" : false
    }, {
      "id" : "s0-t6",
      "begin" : 9,
      "end" : 13,
      "text" : "Like",
      "whiteSpace" : false
    }, {
      "id" : "s0-t7",
      "begin" : 14,
      "end" : 22,
      "text" : "everyone",
      "whiteSpace" : false
    }, {
      "id" : "s0-t8",
      "begin" : 23,
      "end" : 27,
      "text" : "else",
      "whiteSpace" : false
    }, {
      "id" : "s0-t9",
      "begin" : 27,
      "end" : 28,
      "text" : ",",
      "whiteSpace" : false
    }, {
      "id" : "s0-t10",
      "begin" : 29,
      "end" : 30,
      "text" : "I",
      "whiteSpace" : false
    }, {
      "id" : "s0-t11",
      "begin" : 31,
      "end" : 35,
      "text" : "call",
      "whiteSpace" : false
    }, {
      "id" : "s0-t12",
      "begin" : 36,
      "end" : 45,
      "text" : "THOUSANDS",
      "whiteSpace" : false
    }, {
      "id" : "s0-t13",
      "begin" : 46,
      "end" : 48,
      "text" : "of",
      "whiteSpace" : false
    }, {
      "id" : "s0-t14",
      "begin" : 49,
      "end" : 54,
      "text" : "times",
      "whiteSpace" : false
    }, {
      "id" : "s0-t15",
      "begin" : 55,
      "end" : 56,
      "text" : "a",
      "whiteSpace" : false
    }, {
      "id" : "s0-t16",
      "begin" : 57,
      "end" : 60,
      "text" : "day",
      "whiteSpace" : false
    }, {
      "id" : "s0-t17",
      "begin" : 61,
      "end" : 64,
      "text" : "and",
      "whiteSpace" : false
    }, {
      "id" : "s0-t18",
      "begin" : 65,
      "end" : 68,
      "text" : "get",
      "whiteSpace" : false
    }, {
      "id" : "s0-t19",
      "begin" : 69,
      "end" : 76,
      "text" : "NOWHERE",
      "whiteSpace" : false
    }, {
      "id" : "s0-t20",
      "begin" : 76,
      "end" : 77,
      "text" : ".",
      "whiteSpace" : false
    } ]
  }, {
    "id" : "s1",
    "begin" : 78,
    "end" : 115,
    "text" : "What the fuck kind of system is this?",
    "tokens" : [ {
      "id" : "s1-t0",
      "begin" : 78,
      "end" : 82,
      "text" : "What",
      "whiteSpace" : false
    }, {
      "id" : "s1-t1",
      "begin" : 83,
      "end" : 86,
      "text" : "the",
      "whiteSpace" : false
    }, {
      "id" : "s1-t2",
      "begin" : 87,
      "end" : 91,
      "text" : "fuck",
      "whiteSpace" : false
    }, {
      "id" : "s1-t3",
      "begin" : 92,
      "end" : 96,
      "text" : "kind",
      "whiteSpace" : false
    }, {
      "id" : "s1-t4",
      "begin" : 97,
      "end" : 99,
      "text" : "of",
      "whiteSpace" : false
    }, {
      "id" : "s1-t5",
      "begin" : 100,
      "end" : 106,
      "text" : "system",
      "whiteSpace" : false
    }, {
      "id" : "s1-t6",
      "begin" : 107,
      "end" : 109,
      "text" : "is",
      "whiteSpace" : false
    }, {
      "id" : "s1-t7",
      "begin" : 110,
      "end" : 114,
      "text" : "this",
      "whiteSpace" : false
    }, {
      "id" : "s1-t8",
      "begin" : 114,
      "end" : 115,
      "text" : "?",
      "whiteSpace" : false
    } ]
  }, {
    "id" : "s2",
    "begin" : 116,
    "end" : 248,
    "text" : "Our useless governer would rather facetime with his jock cunt of a brother than address the real issues that are facing New Yorkers.",
    "tokens" : [ {
      "id" : "s2-t0",
      "begin" : 116,
      "end" : 119,
      "text" : "Our",
      "whiteSpace" : false
    }, {
      "id" : "s2-t1",
      "begin" : 120,
      "end" : 127,
      "text" : "useless",
      "whiteSpace" : false
    }, {
      "id" : "s2-t2",
      "begin" : 128,
      "end" : 136,
      "text" : "governer",
      "whiteSpace" : false
    }, {
      "id" : "s2-t3",
      "begin" : 137,
      "end" : 142,
      "text" : "would",
      "whiteSpace" : false
    }, {
      "id" : "s2-t4",
      "begin" : 143,
      "end" : 149,
      "text" : "rather",
      "whiteSpace" : false
    }, {
      "id" : "s2-t5",
      "begin" : 150,
      "end" : 158,
      "text" : "facetime",
      "whiteSpace" : false
    }, {
      "id" : "s2-t6",
      "begin" : 159,
      "end" : 163,
      "text" : "with",
      "whiteSpace" : false
    }, {
      "id" : "s2-t7",
      "begin" : 164,
      "end" : 167,
      "text" : "his",
      "whiteSpace" : false
    }, {
      "id" : "s2-t8",
      "begin" : 168,
      "end" : 172,
      "text" : "jock",
      "whiteSpace" : false
    }, {
      "id" : "s2-t9",
      "begin" : 173,
      "end" : 177,
      "text" : "cunt",
      "whiteSpace" : false
    }, {
      "id" : "s2-t10",
      "begin" : 178,
      "end" : 180,
      "text" : "of",
      "whiteSpace" : false
    }, {
      "id" : "s2-t11",
      "begin" : 181,
      "end" : 182,
      "text" : "a",
      "whiteSpace" : false
    }, {
      "id" : "s2-t12",
      "begin" : 183,
      "end" : 190,
      "text" : "brother",
      "whiteSpace" : false
    }, {
      "id" : "s2-t13",
      "begin" : 191,
      "end" : 195,
      "text" : "than",
      "whiteSpace" : false
    }, {
      "id" : "s2-t14",
      "begin" : 196,
      "end" : 203,
      "text" : "address",
      "whiteSpace" : false
    }, {
      "id" : "s2-t15",
      "begin" : 204,
      "end" : 207,
      "text" : "the",
      "whiteSpace" : false
    }, {
      "id" : "s2-t16",
      "begin" : 208,
      "end" : 212,
      "text" : "real",
      "whiteSpace" : false
    }, {
      "id" : "s2-t17",
      "begin" : 213,
      "end" : 219,
      "text" : "issues",
      "whiteSpace" : false
    }, {
      "id" : "s2-t18",
      "begin" : 220,
      "end" : 224,
      "text" : "that",
      "whiteSpace" : false
    }, {
      "id" : "s2-t19",
      "begin" : 225,
      "end" : 228,
      "text" : "are",
      "whiteSpace" : false
    }, {
      "id" : "s2-t20",
      "begin" : 229,
      "end" : 235,
      "text" : "facing",
      "whiteSpace" : false
    }, {
      "id" : "s2-t21",
      "begin" : 236,
      "end" : 239,
      "text" : "New",
      "whiteSpace" : false
    }, {
      "id" : "s2-t22",
      "begin" : 240,
      "end" : 247,
      "text" : "Yorkers",
      "whiteSpace" : false
    }, {
      "id" : "s2-t23",
      "begin" : 247,
      "end" : 248,
      "text" : ".",
      "whiteSpace" : false
    } ]
  }, {
    "id" : "s3",
    "begin" : 249,
    "end" : 439,
    "text" : "This is such absolute bullshit and it is unconscionable that in the state of NY in the country of the US that we would have such fumbling idiots as our leaders who can't staff a call center.",
    "tokens" : [ {
      "id" : "s3-t0",
      "begin" : 249,
      "end" : 253,
      "text" : "This",
      "whiteSpace" : false
    }, {
      "id" : "s3-t1",
      "begin" : 254,
      "end" : 256,
      "text" : "is",
      "whiteSpace" : false
    }, {
      "id" : "s3-t2",
      "begin" : 257,
      "end" : 261,
      "text" : "such",
      "whiteSpace" : false
    }, {
      "id" : "s3-t3",
      "begin" : 262,
      "end" : 270,
      "text" : "absolute",
      "whiteSpace" : false
    }, {
      "id" : "s3-t4",
      "begin" : 271,
      "end" : 279,
      "text" : "bullshit",
      "whiteSpace" : false
    }, {
      "id" : "s3-t5",
      "begin" : 280,
      "end" : 283,
      "text" : "and",
      "whiteSpace" : false
    }, {
      "id" : "s3-t6",
      "begin" : 284,
      "end" : 286,
      "text" : "it",
      "whiteSpace" : false
    }, {
      "id" : "s3-t7",
      "begin" : 287,
      "end" : 289,
      "text" : "is",
      "whiteSpace" : false
    }, {
      "id" : "s3-t8",
      "begin" : 290,
      "end" : 304,
      "text" : "unconscionable",
      "whiteSpace" : false
    }, {
      "id" : "s3-t9",
      "begin" : 305,
      "end" : 309,
      "text" : "that",
      "whiteSpace" : false
    }, {
      "id" : "s3-t10",
      "begin" : 310,
      "end" : 312,
      "text" : "in",
      "whiteSpace" : false
    }, {
      "id" : "s3-t11",
      "begin" : 313,
      "end" : 316,
      "text" : "the",
      "whiteSpace" : false
    }, {
      "id" : "s3-t12",
      "begin" : 317,
      "end" : 322,
      "text" : "state",
      "whiteSpace" : false
    }, {
      "id" : "s3-t13",
      "begin" : 323,
      "end" : 325,
      "text" : "of",
      "whiteSpace" : false
    }, {
      "id" : "s3-t14",
      "begin" : 326,
      "end" : 328,
      "text" : "NY",
      "whiteSpace" : false
    }, {
      "id" : "s3-t15",
      "begin" : 329,
      "end" : 331,
      "text" : "in",
      "whiteSpace" : false
    }, {
      "id" : "s3-t16",
      "begin" : 332,
      "end" : 335,
      "text" : "the",
      "whiteSpace" : false
    }, {
      "id" : "s3-t17",
      "begin" : 336,
      "end" : 343,
      "text" : "country",
      "whiteSpace" : false
    }, {
      "id" : "s3-t18",
      "begin" : 344,
      "end" : 346,
      "text" : "of",
      "whiteSpace" : false
    }, {
      "id" : "s3-t19",
      "begin" : 347,
      "end" : 350,
      "text" : "the",
      "whiteSpace" : false
    }, {
      "id" : "s3-t20",
      "begin" : 351,
      "end" : 353,
      "text" : "US",
      "whiteSpace" : false
    }, {
      "id" : "s3-t21",
      "begin" : 354,
      "end" : 358,
      "text" : "that",
      "whiteSpace" : false
    }, {
      "id" : "s3-t22",
      "begin" : 359,
      "end" : 361,
      "text" : "we",
      "whiteSpace" : false
    }, {
      "id" : "s3-t23",
      "begin" : 362,
      "end" : 367,
      "text" : "would",
      "whiteSpace" : false
    }, {
      "id" : "s3-t24",
      "begin" : 368,
      "end" : 372,
      "text" : "have",
      "whiteSpace" : false
    }, {
      "id" : "s3-t25",
      "begin" : 373,
      "end" : 377,
      "text" : "such",
      "whiteSpace" : false
    }, {
      "id" : "s3-t26",
      "begin" : 378,
      "end" : 386,
      "text" : "fumbling",
      "whiteSpace" : false
    }, {
      "id" : "s3-t27",
      "begin" : 387,
      "end" : 393,
      "text" : "idiots",
      "whiteSpace" : false
    }, {
      "id" : "s3-t28",
      "begin" : 394,
      "end" : 396,
      "text" : "as",
      "whiteSpace" : false
    }, {
      "id" : "s3-t29",
      "begin" : 397,
      "end" : 400,
      "text" : "our",
      "whiteSpace" : false
    }, {
      "id" : "s3-t30",
      "begin" : 401,
      "end" : 408,
      "text" : "leaders",
      "whiteSpace" : false
    }, {
      "id" : "s3-t31",
      "begin" : 409,
      "end" : 412,
      "text" : "who",
      "whiteSpace" : false
    }, {
      "id" : "s3-t32",
      "begin" : 413,
      "end" : 415,
      "text" : "ca",
      "whiteSpace" : false
    }, {
      "id" : "s3-t33",
      "begin" : 415,
      "end" : 418,
      "text" : "n't",
      "whiteSpace" : false
    }, {
      "id" : "s3-t34",
      "begin" : 419,
      "end" : 424,
      "text" : "staff",
      "whiteSpace" : false
    }, {
      "id" : "s3-t35",
      "begin" : 425,
      "end" : 426,
      "text" : "a",
      "whiteSpace" : false
    }, {
      "id" : "s3-t36",
      "begin" : 427,
      "end" : 431,
      "text" : "call",
      "whiteSpace" : false
    }, {
      "id" : "s3-t37",
      "begin" : 432,
      "end" : 438,
      "text" : "center",
      "whiteSpace" : false
    }, {
      "id" : "s3-t38",
      "begin" : 438,
      "end" : 439,
      "text" : ".",
      "whiteSpace" : false
    } ]
  }, {
    "id" : "s4",
    "begin" : 439,
    "end" : 510,
    "text" : "\",\"author_fullname\":\"t2_63jggnb0\",\"title\":\"Unemployment is IMPOSSIBLE\"}",
    "tokens" : [ {
      "id" : "s4-t0",
      "begin" : 439,
      "end" : 440,
      "text" : "\"",
      "whiteSpace" : false
    }, {
      "id" : "s4-t1",
      "begin" : 440,
      "end" : 441,
      "text" : ",",
      "whiteSpace" : false
    }, {
      "id" : "s4-t2",
      "begin" : 441,
      "end" : 442,
      "text" : "\"",
      "whiteSpace" : false
    }, {
      "id" : "s4-t3",
      "begin" : 442,
      "end" : 457,
      "text" : "author_fullname",
      "whiteSpace" : false
    }, {
      "id" : "s4-t4",
      "begin" : 457,
      "end" : 458,
      "text" : "\"",
      "whiteSpace" : false
    }, {
      "id" : "s4-t5",
      "begin" : 458,
      "end" : 459,
      "text" : ":",
      "whiteSpace" : false
    }, {
      "id" : "s4-t6",
      "begin" : 459,
      "end" : 460,
      "text" : "\"",
      "whiteSpace" : false
    }, {
      "id" : "s4-t7",
      "begin" : 460,
      "end" : 471,
      "text" : "t2_63jggnb0",
      "whiteSpace" : false
    }, {
      "id" : "s4-t8",
      "begin" : 471,
      "end" : 472,
      "text" : "\"",
      "whiteSpace" : false
    }, {
      "id" : "s4-t9",
      "begin" : 472,
      "end" : 473,
      "text" : ",",
      "whiteSpace" : false
    }, {
      "id" : "s4-t10",
      "begin" : 473,
      "end" : 474,
      "text" : "\"",
      "whiteSpace" : false
    }, {
      "id" : "s4-t11",
      "begin" : 474,
      "end" : 479,
      "text" : "title",
      "whiteSpace" : false
    }, {
      "id" : "s4-t12",
      "begin" : 479,
      "end" : 480,
      "text" : "\"",
      "whiteSpace" : false
    }, {
      "id" : "s4-t13",
      "begin" : 480,
      "end" : 481,
      "text" : ":",
      "whiteSpace" : false
    }, {
      "id" : "s4-t14",
      "begin" : 481,
      "end" : 482,
      "text" : "\"",
      "whiteSpace" : false
    }, {
      "id" : "s4-t15",
      "begin" : 482,
      "end" : 494,
      "text" : "Unemployment",
      "whiteSpace" : false
    }, {
      "id" : "s4-t16",
      "begin" : 495,
      "end" : 497,
      "text" : "is",
      "whiteSpace" : false
    }, {
      "id" : "s4-t17",
      "begin" : 498,
      "end" : 508,
      "text" : "IMPOSSIBLE",
      "whiteSpace" : false
    }, {
      "id" : "s4-t18",
      "begin" : 508,
      "end" : 509,
      "text" : "\"",
      "whiteSpace" : false
    }, {
      "id" : "s4-t19",
      "begin" : 509,
      "end" : 510,
      "text" : "}",
      "whiteSpace" : false
    } ]
  } ],
  "mentions" : [ {
    "id" : "m1",
    "source" : "PREANNOTATION",
    "properties" : {
      "SIRE_MENTION_TYPE" : "NONE",
      "SIRE_MENTION_ROLE" : "Unemployed",
      "SIRE_MENTION_CLASS" : "SPC",
      "SIRE_ENTITY_SUBTYPE" : "NONE"
    },
    "type" : "Unemployed",
    "begin" : 482,
    "end" : 494,
    "inCoref" : false
  } ],
  "relations" : [ ],
  "corefs" : [ ],
  "typeResolved" : true,
  "userResolved" : false
}